{
"type": "FeatureCollection",
"name": "all_routes",
"crs": { "type": "name", "properties": { "name": "urn:ogc:def:crs:OGC:1.3:CRS84" } },
"features": [
{ "type": "Feature", "properties": { }, "geometry": { "type": "MultiPolygon", "coordinates": [ [ [ [ 9.337632657660787, 54.504084727788189 ], [ 9.336396215172377, 54.509749322985826 ], [ 9.336574458135104, 54.510132756167287 ], [ 9.338141504668267, 54.511152553740132 ], [ 9.338081115359516, 54.511243617995852 ], [ 9.337639555842506, 54.51137166798101 ], [ 9.337658573347117, 54.511464341233001 ], [ 9.338123676241951, 54.511353152298405 ], [ 9.338246752244908, 54.511250994068675 ], [ 9.338222023535922, 54.511051105659519 ], [ 9.336675341874901, 54.510054709937904 ], [ 9.336531770774638, 54.509853570525053 ], [ 9.337301921716094, 54.506043085208603 ], [ 9.343551578921067, 54.505392569566766 ], [ 9.34422727772238, 54.505591576304759 ], [ 9.347093945550402, 54.507107544840615 ], [ 9.352359153348811, 54.509658228146712 ], [ 9.355922982696141, 54.510060094549907 ], [ 9.357811535730791, 54.510053960601333 ], [ 9.35996938771774, 54.5097826959434 ], [ 9.363075329586282, 54.50991875215125 ], [ 9.363511213306118, 54.510093470794004 ], [ 9.363860764008555, 54.510811955888997 ], [ 9.364426465043367, 54.511701650923229 ], [ 9.365790012648123, 54.514769166000654 ], [ 9.365770652785519, 54.51572154664732 ], [ 9.365494534934834, 54.516319958256524 ], [ 9.364824437759319, 54.517122531664548 ], [ 9.364817932335885, 54.517271910001625 ], [ 9.364947964780848, 54.517480075239092 ], [ 9.365334825260824, 54.517681510662413 ], [ 9.365927555719582, 54.517940815949792 ], [ 9.366703980664605, 54.518123590886411 ], [ 9.366593445815242, 54.518656379415908 ], [ 9.366509692058969, 54.518755197315954 ], [ 9.365478371917066, 54.51914777217462 ], [ 9.365105793896531, 54.519421969536388 ], [ 9.36495462497613, 54.520756679168009 ], [ 9.36523048645727, 54.520863571386009 ], [ 9.368794879103922, 54.521057481801364 ], [ 9.368844210793149, 54.521101041149379 ], [ 9.368389376175317, 54.522598228374349 ], [ 9.368475881748124, 54.522748359019367 ], [ 9.371340571440767, 54.523412939591431 ], [ 9.371647699149088, 54.523649565900712 ], [ 9.37193239996814, 54.525709788284672 ], [ 9.37191301989194, 54.526124037413467 ], [ 9.369101433156738, 54.530932809022183 ], [ 9.369108062062123, 54.531162138491069 ], [ 9.369376995744387, 54.531311507861076 ], [ 9.377798142767837, 54.534083824386983 ], [ 9.377845663748598, 54.534184332605605 ], [ 9.376895839113914, 54.536026556761762 ], [ 9.376772627485366, 54.536418983395784 ], [ 9.376840469377438, 54.536632001144511 ], [ 9.379397627679097, 54.539817790734681 ], [ 9.37889797708576, 54.541211199263095 ], [ 9.379002971975414, 54.541303481763372 ], [ 9.379818337351747, 54.54150532747007 ], [ 9.381540875265031, 54.543033498761304 ], [ 9.382358135558812, 54.543475794774857 ], [ 9.38467041567967, 54.544376676777375 ], [ 9.387015401121811, 54.54500668963032 ], [ 9.381870087309366, 54.550258211960859 ], [ 9.381699097987896, 54.551315074621485 ], [ 9.381321614293565, 54.555203434861667 ], [ 9.3814050095213, 54.555388201562401 ], [ 9.372493569878058, 54.554106364199768 ], [ 9.370824491500223, 54.554079370952827 ], [ 9.370035569811513, 54.554148610551962 ], [ 9.368695880648565, 54.554438137783286 ], [ 9.366432039248474, 54.555314988832976 ], [ 9.365531433891737, 54.555574508815695 ], [ 9.357252438961577, 54.556579368693534 ], [ 9.355496458896258, 54.556559875753315 ], [ 9.343206761869952, 54.555760787790234 ], [ 9.338307754872496, 54.556809929103352 ], [ 9.338015877444967, 54.557153237140724 ], [ 9.337919076705822, 54.557971060624673 ], [ 9.337940696147625, 54.558472312848224 ], [ 9.338531524124662, 54.561990514019321 ], [ 9.338549201567114, 54.563702061288538 ], [ 9.338816646499533, 54.564402533343788 ], [ 9.338885321378674, 54.564819166400802 ], [ 9.338534091407874, 54.565891681525812 ], [ 9.335787798237822, 54.566573853340934 ], [ 9.329397248053633, 54.569131150961191 ], [ 9.328774567574628, 54.569305555721328 ], [ 9.328109350257675, 54.569339991418616 ], [ 9.3277853034809, 54.56953713691729 ], [ 9.327349697825133, 54.570041264777394 ], [ 9.325908055718612, 54.569834171245745 ], [ 9.325719590264512, 54.569897195632436 ], [ 9.32535971434273, 54.570300421357231 ], [ 9.325183702334757, 54.570357384819943 ], [ 9.323693443479403, 54.570276474027743 ], [ 9.321142093434878, 54.570596694227241 ], [ 9.321002838640236, 54.570709405340807 ], [ 9.320902620299405, 54.571224199063437 ], [ 9.320871004892384, 54.572067843831057 ], [ 9.320389147526715, 54.57281615190157 ], [ 9.320429162588889, 54.573263471020937 ], [ 9.320557786584942, 54.573469716840656 ], [ 9.321476687537093, 54.574098120440546 ], [ 9.322550628246688, 54.574451819340894 ], [ 9.323155118178699, 54.574875062016687 ], [ 9.325048828054856, 54.576309482777248 ], [ 9.327310130397896, 54.578235145226614 ], [ 9.332439275669433, 54.582281903695424 ], [ 9.335883093810885, 54.586529298600539 ], [ 9.338144294511471, 54.59008088770252 ], [ 9.338619031526498, 54.592489078629406 ], [ 9.339132281813757, 54.593231771912947 ], [ 9.339130956432681, 54.594027505543949 ], [ 9.33934518658139, 54.594138263307364 ], [ 9.340832302161802, 54.594115009409578 ], [ 9.34101286697771, 54.594220358170602 ], [ 9.340930169986095, 54.595827560218652 ], [ 9.340150942697131, 54.598556568609759 ], [ 9.340034327749514, 54.599217220149519 ], [ 9.339642576215022, 54.607432622052919 ], [ 9.339123858217638, 54.60756375511761 ], [ 9.338947476376449, 54.607700783955018 ], [ 9.338240750903269, 54.616063287964138 ], [ 9.338136611282732, 54.616656038081359 ], [ 9.337474870578562, 54.618166699777852 ], [ 9.337301180392316, 54.618819297541251 ], [ 9.33731518844691, 54.619493614911853 ], [ 9.33803311365733, 54.624484818065199 ], [ 9.338678429473719, 54.628040069319255 ], [ 9.338418119067821, 54.629194760296564 ], [ 9.338205425175072, 54.631488995753024 ], [ 9.337168104764562, 54.633720678369016 ], [ 9.336996299397953, 54.634325189091804 ], [ 9.337085935122838, 54.637611544695964 ], [ 9.337461817059637, 54.63883004448855 ], [ 9.337336936217332, 54.640320196601003 ], [ 9.33740244788105, 54.640766481011575 ], [ 9.337594727690522, 54.641114506327114 ], [ 9.337999792462304, 54.641514840914539 ], [ 9.33856200349485, 54.641851045251251 ], [ 9.339134344720154, 54.642051069307115 ], [ 9.340107833417644, 54.642225124868332 ], [ 9.349492984295413, 54.643098713472789 ], [ 9.375268221509165, 54.644987667051403 ], [ 9.375418586911529, 54.644791595377875 ], [ 9.376207275997881, 54.640212888027889 ], [ 9.37693655200944, 54.637131841196044 ], [ 9.379758370997495, 54.633527845281108 ], [ 9.380265738038867, 54.633337426877269 ], [ 9.380592199026719, 54.63348209493941 ], [ 9.380653599830238, 54.633441067624553 ], [ 9.380469662387787, 54.633028355150763 ], [ 9.379463245503203, 54.631755791474653 ], [ 9.379214963094421, 54.631187911497122 ], [ 9.378213404148513, 54.627627580232165 ], [ 9.378151104601724, 54.626827476028168 ], [ 9.378224198951592, 54.625458004158489 ], [ 9.381306018505397, 54.625762894238825 ], [ 9.382024756812076, 54.626131921275622 ], [ 9.382750610423541, 54.626063551353248 ], [ 9.384012845587822, 54.626384780046472 ], [ 9.38372878905532, 54.627231479808245 ], [ 9.383620229388809, 54.6285798577211 ], [ 9.383691751458237, 54.62868242856851 ], [ 9.383915708463803, 54.628738502210489 ], [ 9.384821654372072, 54.628819373122504 ], [ 9.38528579380084, 54.628956931026494 ], [ 9.385765105317004, 54.630647238237309 ], [ 9.387860835132143, 54.630533752147947 ], [ 9.387933315548663, 54.630839711253373 ], [ 9.388175842489227, 54.630906664374677 ], [ 9.388559033806398, 54.630852955172081 ], [ 9.38901325899349, 54.630647967830477 ], [ 9.39094383583531, 54.630510981268806 ], [ 9.391706737533621, 54.630565060870104 ], [ 9.391813869930044, 54.630694393614633 ], [ 9.392173056100166, 54.631812493538888 ], [ 9.392566353884314, 54.632557379917628 ], [ 9.393955144222561, 54.634001320478959 ], [ 9.397055235840115, 54.637697210992606 ], [ 9.397044729924641, 54.637757894924341 ], [ 9.394756517958163, 54.638155933339974 ], [ 9.393292467216869, 54.638307209810627 ], [ 9.390041002671058, 54.638834354934815 ], [ 9.386784082893968, 54.6391907181794 ], [ 9.386666962401968, 54.639268137854735 ], [ 9.386824484951848, 54.639611529342766 ], [ 9.387861022282204, 54.640806957745468 ], [ 9.389353231513702, 54.642246806773912 ], [ 9.39104141156915, 54.644047605099772 ], [ 9.39152892554392, 54.644881258340668 ], [ 9.391696599344323, 54.645405507410203 ], [ 9.392281048233166, 54.649242312358012 ], [ 9.393022774132067, 54.655684836037409 ], [ 9.393665100078293, 54.656572616604741 ], [ 9.393852817344085, 54.656721888096627 ], [ 9.395414686918139, 54.656421851196299 ], [ 9.396892593480629, 54.656348548838409 ], [ 9.398135968324475, 54.656151583409923 ], [ 9.399132765460545, 54.656154231630751 ], [ 9.399309889443467, 54.656247952647298 ], [ 9.399805976041771, 54.656770785123079 ], [ 9.401555874240342, 54.658750826165942 ], [ 9.401812032369124, 54.658624042396738 ], [ 9.402091273636756, 54.658299818014498 ], [ 9.402159783447036, 54.65813386824447 ], [ 9.402097294168202, 54.657945896665133 ], [ 9.40228209661875, 54.657962534508933 ], [ 9.402547710797919, 54.657323071916146 ], [ 9.402285392528279, 54.656907359581986 ], [ 9.401688806718672, 54.656450318537715 ], [ 9.40151352734167, 54.656336374907845 ], [ 9.401009125936408, 54.656219594690612 ], [ 9.401025488483807, 54.656132523657909 ], [ 9.401639260547656, 54.655599565651457 ], [ 9.40340279458853, 54.655229447364768 ], [ 9.404024827852869, 54.655413686371453 ], [ 9.404975163991145, 54.655133096945079 ], [ 9.405174289098847, 54.65515289063142 ], [ 9.405409088997821, 54.655326495577228 ], [ 9.407375677761143, 54.655490988428724 ], [ 9.408643074473179, 54.655493247238688 ], [ 9.409519777871882, 54.654316568467678 ], [ 9.409824258371923, 54.653709670417449 ], [ 9.411210269618877, 54.651489538413877 ], [ 9.41250751915323, 54.649921447591602 ], [ 9.413261357776532, 54.649221419433474 ], [ 9.413376304187853, 54.64886607692614 ], [ 9.414248106060521, 54.649037438299544 ], [ 9.414420536289652, 54.649010315059556 ], [ 9.414893558324854, 54.648539702544973 ], [ 9.415129536585818, 54.64808606742934 ], [ 9.415395054743575, 54.647410567605441 ], [ 9.41585036406101, 54.645790833492775 ], [ 9.416325845157786, 54.643736429820564 ], [ 9.416394355122923, 54.639102055435323 ], [ 9.417810506215647, 54.639385067061092 ], [ 9.421605204979647, 54.639242345228546 ], [ 9.423663463664873, 54.639124189586909 ], [ 9.429439583241292, 54.638262338712366 ], [ 9.431261629045011, 54.638061424399552 ], [ 9.432998816664375, 54.637983041030949 ], [ 9.437824127094137, 54.638066100554482 ], [ 9.441324693371957, 54.637820269208341 ], [ 9.441377243989072, 54.63787074509488 ], [ 9.441321799557578, 54.638155235666375 ], [ 9.440349419383661, 54.640488722666717 ], [ 9.439768498086725, 54.642478654673496 ], [ 9.439788763530707, 54.642678905167315 ], [ 9.439916409220155, 54.642847607072525 ], [ 9.440552447372569, 54.643151472383444 ], [ 9.443655573951929, 54.644004265798436 ], [ 9.447139677854643, 54.645315142556122 ], [ 9.451031848900353, 54.646328954518182 ], [ 9.451180660638402, 54.646476523325575 ], [ 9.45036781896609, 54.649018568468158 ], [ 9.450431166267062, 54.649204729216237 ], [ 9.450785144143602, 54.64923699278323 ], [ 9.451503128481088, 54.649142795312116 ], [ 9.453251679266929, 54.648805419356556 ], [ 9.455863819127732, 54.648584909795716 ], [ 9.456312893301575, 54.648906349978525 ], [ 9.456748684420985, 54.649532669211318 ], [ 9.456835916372281, 54.650210289691927 ], [ 9.456488572718358, 54.651027234418869 ], [ 9.45645555745109, 54.651670555617663 ], [ 9.456643356241544, 54.651836524721176 ], [ 9.457393832680481, 54.651843909999243 ], [ 9.457663399233905, 54.652206247106115 ], [ 9.45753010041394, 54.652553316498931 ], [ 9.456947001142442, 54.652951732383201 ], [ 9.456820297567909, 54.653128082442855 ], [ 9.456500969131787, 54.654385010694376 ], [ 9.456459511266374, 54.655557091983965 ], [ 9.456514533224603, 54.655964311138447 ], [ 9.45674401956569, 54.65721708396206 ], [ 9.457064603628146, 54.657916334003929 ], [ 9.455059647425996, 54.658213009677787 ], [ 9.454577809350555, 54.658556388873798 ], [ 9.454143985401952, 54.659016205219928 ], [ 9.453858132691028, 54.660635663740365 ], [ 9.453344099060839, 54.662145718605785 ], [ 9.453055067034438, 54.663484230370393 ], [ 9.453104913965747, 54.663647854021413 ], [ 9.453317252613612, 54.663852253082709 ], [ 9.454394032604981, 54.664648768922362 ], [ 9.454466070434263, 54.66489340057079 ], [ 9.453093824131281, 54.668538491555395 ], [ 9.45280303204275, 54.668742612723548 ], [ 9.451819071166634, 54.669155898121232 ], [ 9.451571623512411, 54.669406538232387 ], [ 9.451592143532423, 54.669976339461627 ], [ 9.451998092304557, 54.671967666746852 ], [ 9.45194988622786, 54.67208165004827 ], [ 9.451408200261403, 54.672780570789818 ], [ 9.451041783582385, 54.67307442910068 ], [ 9.44953436966177, 54.673432296991287 ], [ 9.449380336386257, 54.673529114762133 ], [ 9.449899064787077, 54.675771991244311 ], [ 9.450157797459113, 54.676577797636519 ], [ 9.449997144631055, 54.676729686819876 ], [ 9.448898837115493, 54.676895446725197 ], [ 9.44867958456336, 54.677026880656896 ], [ 9.448778615091125, 54.678086105650706 ], [ 9.448770682059079, 54.67949269331087 ], [ 9.448355057086236, 54.681179253641091 ], [ 9.448415917901434, 54.681313617022795 ], [ 9.448686901261928, 54.681388126929491 ], [ 9.448864572793385, 54.681587784983243 ], [ 9.448621455311091, 54.682015460489019 ], [ 9.448566297312146, 54.682830959985345 ], [ 9.44839848384723, 54.683124671491406 ], [ 9.448429471064163, 54.68343567545206 ], [ 9.449560446102142, 54.684455855266904 ], [ 9.450772415633297, 54.685299223787887 ], [ 9.451366895092072, 54.685983394141104 ], [ 9.451785153974159, 54.686261478341009 ], [ 9.451710862381502, 54.686485459160217 ], [ 9.452122321685904, 54.687037310280061 ], [ 9.452481600081182, 54.687262580595046 ], [ 9.453843228934323, 54.687572505680443 ], [ 9.454798816751719, 54.687661886551034 ], [ 9.455100394297373, 54.687833487523605 ], [ 9.4553315511519, 54.688134050737396 ], [ 9.456376965824207, 54.688320283955889 ], [ 9.456648677858377, 54.688579791135304 ], [ 9.456648220657282, 54.689229201957943 ], [ 9.456381180475848, 54.689686326448324 ], [ 9.456180507339527, 54.689850250422936 ], [ 9.456149093863777, 54.689957977872147 ], [ 9.456288968252904, 54.690259846866844 ], [ 9.456102357223699, 54.690732044146635 ], [ 9.455860497050564, 54.691050407081484 ], [ 9.455899616422768, 54.691186959424769 ], [ 9.45617469096906, 54.691412905759954 ], [ 9.456034062028012, 54.691918244331596 ], [ 9.456075705910221, 54.692042309019698 ], [ 9.456412079894388, 54.692163193935613 ], [ 9.456535057115325, 54.692347075784149 ], [ 9.456469544979678, 54.693026845760144 ], [ 9.456114404831158, 54.693749207328459 ], [ 9.45567479642019, 54.694024315704638 ], [ 9.453649757998926, 54.694648713813706 ], [ 9.453049452569786, 54.694717403855968 ], [ 9.452633637287763, 54.694534311837117 ], [ 9.452231996697654, 54.69465331600054 ], [ 9.451822112544583, 54.694671836090059 ], [ 9.451260366018953, 54.69494985658114 ], [ 9.450744412157798, 54.694988990490032 ], [ 9.450188219601818, 54.695298024139021 ], [ 9.448659017420729, 54.695791970794083 ], [ 9.446928874245904, 54.696653868483288 ], [ 9.444624540428491, 54.698024411921573 ], [ 9.442096771909165, 54.699367403913946 ], [ 9.435666533779855, 54.699997711103791 ], [ 9.43555969813645, 54.700141365189218 ], [ 9.436313543506365, 54.701517842736202 ], [ 9.435226601239313, 54.701654320113882 ], [ 9.434203965601496, 54.701962754026788 ], [ 9.434029772125639, 54.702060726124998 ], [ 9.433925235338975, 54.70247038509298 ], [ 9.433740750473918, 54.70258663107488 ], [ 9.432921710609975, 54.702279152781479 ], [ 9.432468582857139, 54.70170677808408 ], [ 9.431989274475864, 54.701377411432439 ], [ 9.430433597740445, 54.70099766630868 ], [ 9.430015623237317, 54.700707736531534 ], [ 9.429743074137374, 54.700359686471039 ], [ 9.429096227953314, 54.698989004409732 ], [ 9.429348016944477, 54.698963438930306 ], [ 9.429400301603378, 54.699248450368223 ], [ 9.429313331276761, 54.699113116225924 ], [ 9.429243675373847, 54.699170735854608 ], [ 9.429431248346317, 54.699488427233483 ], [ 9.429455241724343, 54.699725391893658 ], [ 9.429548463035458, 54.699777103127367 ], [ 9.429617904479315, 54.699689299450817 ], [ 9.429448621082004, 54.698954651989801 ], [ 9.430291133203468, 54.698874788767945 ], [ 9.430409635486832, 54.698800892606435 ], [ 9.430410827389291, 54.698652450539647 ], [ 9.430265453453503, 54.698589100060474 ], [ 9.429856174091373, 54.698781769631616 ], [ 9.429096809792737, 54.698887156544785 ], [ 9.428928028146379, 54.698836330651147 ], [ 9.428707757691702, 54.698388050781126 ], [ 9.429358908714411, 54.698439834435085 ], [ 9.429404598092148, 54.698373774582315 ], [ 9.42863329595002, 54.698235238209108 ], [ 9.42786922556167, 54.696579028225344 ], [ 9.427766265532689, 54.695770384045318 ], [ 9.427551065094933, 54.695097523004328 ], [ 9.427969856966083, 54.694870596474786 ], [ 9.428256535512142, 54.694236559934581 ], [ 9.428987542930782, 54.693614415248341 ], [ 9.429207466527608, 54.693557339980487 ], [ 9.430123867871638, 54.693642444765423 ], [ 9.431254819573585, 54.692908336940128 ], [ 9.431067286953235, 54.692376123007783 ], [ 9.430789523880428, 54.692156582113995 ], [ 9.430911882837762, 54.691969512847294 ], [ 9.431274216570108, 54.691857935319646 ], [ 9.43164442382689, 54.691092439179918 ], [ 9.433518050844992, 54.684060547931651 ], [ 9.434111081154104, 54.682642960333062 ], [ 9.434967104085654, 54.681054731528505 ], [ 9.434879447634218, 54.680952430809022 ], [ 9.434717828370374, 54.680936777566906 ], [ 9.432390484180495, 54.68091816573984 ], [ 9.431819900349064, 54.680999958318985 ], [ 9.43021433082369, 54.682109110160582 ], [ 9.427230844703322, 54.683717430064625 ], [ 9.426941890273479, 54.684796773455091 ], [ 9.427173941160952, 54.685752231877785 ], [ 9.427377871798448, 54.686204014604193 ], [ 9.427363090537344, 54.686947947383139 ], [ 9.427595761577104, 54.68771505322789 ], [ 9.428373151738629, 54.688314482160209 ], [ 9.430169547193316, 54.68930440654723 ], [ 9.430965476989345, 54.690345662193536 ], [ 9.430933957549909, 54.690887629036389 ], [ 9.430588134250229, 54.692112567964536 ], [ 9.427737328446481, 54.69173805721681 ], [ 9.426766050461659, 54.691703866402044 ], [ 9.426561845419089, 54.691867682421076 ], [ 9.426563741265667, 54.692381819943762 ], [ 9.426382984820119, 54.693041568481007 ], [ 9.426477375451867, 54.69357309786885 ], [ 9.42755674511794, 54.695437488275914 ], [ 9.427707402482353, 54.6965366908764 ], [ 9.428730228577416, 54.698691221452108 ], [ 9.428947745300736, 54.698964708321355 ], [ 9.429580555465241, 54.700300920432724 ], [ 9.430089746748601, 54.70102218076422 ], [ 9.429835971457026, 54.701218081736918 ], [ 9.429960365900122, 54.700896022411754 ], [ 9.42967400999691, 54.700585622792765 ], [ 9.429285775837039, 54.699700088282356 ], [ 9.429001564889036, 54.699318128537385 ], [ 9.429504992629459, 54.700491500964915 ], [ 9.429868998322904, 54.700940891268225 ], [ 9.429733214549694, 54.701215293106983 ], [ 9.429848710280526, 54.701319552946977 ], [ 9.429568784459976, 54.701823933657785 ], [ 9.429246314922105, 54.701944273018839 ], [ 9.423699369381625, 54.702495740731429 ], [ 9.417474484129645, 54.706430793356262 ], [ 9.416388968849185, 54.707194228274211 ], [ 9.41513102469926, 54.708812200044747 ], [ 9.417968498995812, 54.709682968322248 ], [ 9.417506697305678, 54.710038987305872 ], [ 9.417332831927443, 54.710515601730464 ], [ 9.416993701120184, 54.71072303857391 ], [ 9.415956684989471, 54.711079457083251 ], [ 9.415451140611236, 54.71146949019758 ], [ 9.415368366793972, 54.711703755919658 ], [ 9.415613215379574, 54.711959626615091 ], [ 9.415907546929564, 54.712022853453114 ], [ 9.416644196948232, 54.711600348056834 ], [ 9.418328596587179, 54.711564126050909 ], [ 9.41937688612507, 54.711958756932319 ], [ 9.420761674677797, 54.712664310712228 ], [ 9.422507074779743, 54.712721534517293 ], [ 9.422809036432804, 54.712628448895686 ], [ 9.423464446287177, 54.712684567486797 ], [ 9.424725457441987, 54.713187247707602 ], [ 9.425675897519795, 54.71396259201294 ], [ 9.42613645486469, 54.714222628185091 ], [ 9.42639238887322, 54.714329734198238 ], [ 9.428048823200392, 54.714628875230936 ], [ 9.428629234357963, 54.715203224394493 ], [ 9.429580283260364, 54.715569973863168 ], [ 9.430233725429561, 54.715708121659198 ], [ 9.430741525709667, 54.715742004402145 ], [ 9.430995375054545, 54.715838624018787 ], [ 9.432253370780138, 54.715910416352223 ], [ 9.432828401771234, 54.715777485309943 ], [ 9.433389344741986, 54.71553823449657 ], [ 9.43445349048158, 54.715702577069464 ], [ 9.43520186656602, 54.715704198968368 ], [ 9.435897721661139, 54.716004533514003 ], [ 9.436620854500203, 54.716594441527391 ], [ 9.436272986357599, 54.716944757923777 ], [ 9.436263315489912, 54.717144616048337 ], [ 9.436681725050484, 54.717642296035109 ], [ 9.437045014652492, 54.718284822644868 ], [ 9.437497737566378, 54.718690546528705 ], [ 9.438089975220285, 54.719044878838254 ], [ 9.43826203576821, 54.719307970138573 ], [ 9.43862492227357, 54.719536178855918 ], [ 9.439069838014122, 54.720069458158065 ], [ 9.439436262303346, 54.720192990356274 ], [ 9.439792436046222, 54.720068239118433 ], [ 9.44005884354352, 54.720088220531878 ], [ 9.440235104145289, 54.720242040878411 ], [ 9.441079271282501, 54.720146405855637 ], [ 9.441643740659289, 54.720245321230543 ], [ 9.442032430392658, 54.720108594286373 ], [ 9.442505610259296, 54.719775049660953 ], [ 9.443589210851984, 54.719775392715682 ], [ 9.444131238340487, 54.719609163331889 ], [ 9.444203554280108, 54.719539756363339 ], [ 9.444223517532123, 54.719250959740968 ], [ 9.44420086372455, 54.717577569701994 ], [ 9.444633096975434, 54.717591533950909 ], [ 9.444955347558921, 54.717711616899066 ], [ 9.449971077483232, 54.720118294859844 ], [ 9.450022403445521, 54.720176825816445 ], [ 9.449976540046904, 54.720606900832649 ], [ 9.450109138244056, 54.720732908358343 ], [ 9.45337783017477, 54.722357799268224 ], [ 9.453878351725203, 54.723074840048604 ], [ 9.454073750405897, 54.723619773268638 ], [ 9.453951424967261, 54.723982234438274 ], [ 9.454307039170637, 54.72446955317217 ], [ 9.454579354366745, 54.7260451194052 ], [ 9.454423572856435, 54.727058013190288 ], [ 9.454460030085052, 54.727939855110051 ], [ 9.454550577286016, 54.728190078038672 ], [ 9.454789309118004, 54.728312287334575 ], [ 9.472937027772661, 54.730707390244845 ], [ 9.473454023345178, 54.730852388107152 ], [ 9.474042635860496, 54.731151772888879 ], [ 9.478326128649867, 54.732486708547817 ], [ 9.48046684689352, 54.732592893550468 ], [ 9.483512753846952, 54.733523514391798 ], [ 9.485474272090796, 54.732143288930615 ], [ 9.48866804753396, 54.729672473727298 ], [ 9.489656892578362, 54.729214105826891 ], [ 9.491988719125068, 54.728566411232158 ], [ 9.492543298670945, 54.728324664244859 ], [ 9.494057666953463, 54.727284766030117 ], [ 9.495546859018436, 54.726655596197588 ], [ 9.498144027876933, 54.725374725949315 ], [ 9.499626467437377, 54.724268148971248 ], [ 9.500988027485224, 54.723416093127277 ], [ 9.501619623871118, 54.722887453124777 ], [ 9.50217545145828, 54.722222593151052 ], [ 9.50235214084751, 54.72072923792372 ], [ 9.502567049681209, 54.720166339016302 ], [ 9.503236175166332, 54.719342250574044 ], [ 9.504480226957176, 54.718692558378713 ], [ 9.505179580204102, 54.718141534197343 ], [ 9.506019971331144, 54.716876581812045 ], [ 9.507069183114369, 54.71484908481375 ], [ 9.507351166867442, 54.713902661302349 ], [ 9.507416833305149, 54.712415936452381 ], [ 9.507315610718056, 54.711928069703717 ], [ 9.506628969522984, 54.710122133361963 ], [ 9.506617624711831, 54.709495422254918 ], [ 9.506717881860505, 54.709136725546848 ], [ 9.506957444236956, 54.709079901111856 ], [ 9.508617525253833, 54.70913499925782 ], [ 9.51063075848988, 54.709055683016757 ], [ 9.511442393575271, 54.709096624049472 ], [ 9.515342943775657, 54.709592746271113 ], [ 9.517753817082307, 54.709450385788877 ], [ 9.519802564793865, 54.709544694266313 ], [ 9.52039965640847, 54.709451828962713 ], [ 9.522018679263899, 54.708813486053444 ], [ 9.525924651054376, 54.707561551106643 ], [ 9.527184033783852, 54.707322341829659 ], [ 9.529703964999294, 54.707131480639362 ], [ 9.530596055042112, 54.706700182227436 ], [ 9.530774610465555, 54.706519792010795 ], [ 9.530809655354343, 54.706348575241179 ], [ 9.531287895997854, 54.706087233168297 ], [ 9.531478004765503, 54.705815353006301 ], [ 9.53253489523839, 54.703312326684674 ], [ 9.532879486448314, 54.702995908836151 ], [ 9.535568926490662, 54.702575096401652 ], [ 9.538990551484114, 54.702308408834575 ], [ 9.539360121367373, 54.702141657274879 ], [ 9.540480535775005, 54.701208817753404 ], [ 9.541883813563913, 54.700197686498754 ], [ 9.544342453618357, 54.698819256570502 ], [ 9.54680547198449, 54.69817713221267 ], [ 9.550436574949968, 54.697365491041928 ], [ 9.552283620844156, 54.697200502014496 ], [ 9.552374922597942, 54.697107879455302 ], [ 9.553581182037375, 54.693386460747369 ], [ 9.553547415971874, 54.69307430750623 ], [ 9.553138041842807, 54.692594898861827 ], [ 9.552881283243481, 54.692050986451612 ], [ 9.552298720173845, 54.691525545911865 ], [ 9.552324539381269, 54.690907802501918 ], [ 9.552667115594234, 54.690602657733869 ], [ 9.554066118483661, 54.690401350986768 ], [ 9.555014060164407, 54.690071435938442 ], [ 9.555385747023873, 54.689897165366979 ], [ 9.555812825322445, 54.689554154423234 ], [ 9.556146622660073, 54.688567841823357 ], [ 9.557430323659823, 54.686313556144441 ], [ 9.557627548239049, 54.686277176286964 ], [ 9.558778326102793, 54.686440590113442 ], [ 9.559477948836022, 54.686689559334717 ], [ 9.560533844150642, 54.68678138713782 ], [ 9.561088179975211, 54.686955227892803 ], [ 9.561358209792989, 54.686898450703978 ], [ 9.563409798570248, 54.68746951077518 ], [ 9.564367093913503, 54.687586882798172 ], [ 9.564842322616082, 54.687509191945793 ], [ 9.566256703484806, 54.686772697546836 ], [ 9.566394062697817, 54.686765744522589 ], [ 9.566773439689239, 54.686949778134888 ], [ 9.567363631943087, 54.687620367691437 ], [ 9.56828221699598, 54.687918451723441 ], [ 9.569446315924266, 54.688177793620554 ], [ 9.570194628549229, 54.688564576652674 ], [ 9.571305671304444, 54.687966023591478 ], [ 9.571903685172803, 54.687738219132633 ], [ 9.573717305119093, 54.686422119393619 ], [ 9.574179426975485, 54.686313040566404 ], [ 9.574829697559565, 54.686289476153412 ], [ 9.5750533847242, 54.686188786052249 ], [ 9.575714711132507, 54.685351658002688 ], [ 9.57774311553265, 54.68373385846278 ], [ 9.578996350476428, 54.682477012231843 ], [ 9.578992356124356, 54.68233240180836 ], [ 9.578455070814618, 54.681642660691516 ], [ 9.588341867812685, 54.680870400605166 ], [ 9.588532772175537, 54.680787391471611 ], [ 9.588638313340997, 54.680590949306364 ], [ 9.588732378262721, 54.679805317219788 ], [ 9.588909311185438, 54.67970890907538 ], [ 9.595887699757892, 54.679550668466305 ], [ 9.596760306568402, 54.679627610222234 ], [ 9.598168888414188, 54.679947677026348 ], [ 9.598295198565536, 54.679864235667033 ], [ 9.598285334928029, 54.679660499207998 ], [ 9.598359331384497, 54.679609720752538 ], [ 9.601334964161683, 54.679271586344846 ], [ 9.602622506751517, 54.67929994991627 ], [ 9.602885361268887, 54.679435814705748 ], [ 9.603578193025792, 54.680205661179961 ], [ 9.604981773159002, 54.682312683807652 ], [ 9.605427461961209, 54.682507382730329 ], [ 9.60630619990825, 54.682643635205849 ], [ 9.606758698065397, 54.682624809232806 ], [ 9.60963574669197, 54.681897966077123 ], [ 9.611184396455817, 54.681760940492694 ], [ 9.612180951463046, 54.681572786020347 ], [ 9.613632787315662, 54.681158828595969 ], [ 9.613857291168088, 54.680926470351139 ], [ 9.614973555953519, 54.678820124709425 ], [ 9.615112356687019, 54.677870785577085 ], [ 9.615399600468454, 54.67709462194923 ], [ 9.615532282055346, 54.67721265645902 ], [ 9.615776456521631, 54.677182969112366 ], [ 9.620778218176028, 54.675852675189823 ], [ 9.622183556375434, 54.675579666569462 ], [ 9.625184145320425, 54.675515346802143 ], [ 9.625580138836987, 54.675445441011504 ], [ 9.626441926358057, 54.674835671354174 ], [ 9.626964281262033, 54.673897631200411 ], [ 9.627747767215869, 54.673596780793055 ], [ 9.628343112894655, 54.673162361037008 ], [ 9.628246402430824, 54.673004456023044 ], [ 9.627414000283412, 54.672694541706505 ], [ 9.626511850284736, 54.67208638987983 ], [ 9.624422174724394, 54.670957764641365 ], [ 9.623681498564443, 54.670463483089073 ], [ 9.62318502862853, 54.670234800296733 ], [ 9.622272286924257, 54.670035902886006 ], [ 9.622135733907355, 54.669847576839317 ], [ 9.621963252357986, 54.66912857307959 ], [ 9.621187891926812, 54.668315213539159 ], [ 9.621146913457951, 54.668019042527234 ], [ 9.621291734716118, 54.667629523408493 ], [ 9.621202931482356, 54.66726338734513 ], [ 9.619929936342384, 54.666623392353713 ], [ 9.620640429586384, 54.666689178058057 ], [ 9.621179270253847, 54.666526930102783 ], [ 9.621919600696041, 54.666101095088926 ], [ 9.622206513380307, 54.665644653851537 ], [ 9.623230758209287, 54.664990716074705 ], [ 9.623335986362616, 54.66483895048674 ], [ 9.623294620351501, 54.664755006256186 ], [ 9.620222761971807, 54.663615051485429 ], [ 9.617451742162912, 54.662735558508317 ], [ 9.615356527956704, 54.662346027263922 ], [ 9.613056814121316, 54.662091239265038 ], [ 9.612730232890376, 54.661991702916225 ], [ 9.612546708594975, 54.661855212960859 ], [ 9.612397001728189, 54.661589160124905 ], [ 9.612048411949603, 54.659665912753752 ], [ 9.611874869520404, 54.65945993240426 ], [ 9.605177711265215, 54.659580268802117 ], [ 9.601851880900663, 54.659791286416883 ], [ 9.601905022390319, 54.658742179318409 ], [ 9.601849423113103, 54.658505886160704 ], [ 9.601453449519665, 54.657903745308161 ], [ 9.600506982227355, 54.656892752935626 ], [ 9.600008791963734, 54.656572057710591 ], [ 9.596791681205639, 54.655127276756112 ], [ 9.596206475542257, 54.654753331600496 ], [ 9.595429567253831, 54.654025190216274 ], [ 9.594084764843918, 54.653063397990586 ], [ 9.593770441874895, 54.652607357787488 ], [ 9.593683910777299, 54.652037881828406 ], [ 9.593507219025849, 54.651658036951147 ], [ 9.592126116476399, 54.65046790549701 ], [ 9.591517987425823, 54.650357459926319 ], [ 9.588856584838132, 54.650218916426724 ], [ 9.587484383654179, 54.650297346267067 ], [ 9.586077586893104, 54.649955076258649 ], [ 9.583672208720529, 54.649711935503205 ], [ 9.580962235220923, 54.648993826589731 ], [ 9.58007669628279, 54.648410757769014 ], [ 9.578649282372576, 54.648086098692438 ], [ 9.577949543520084, 54.647831865358015 ], [ 9.577486669320463, 54.647226658096315 ], [ 9.577134914830838, 54.646976218069888 ], [ 9.574463231286426, 54.646217635045772 ], [ 9.573805589370233, 54.646190447466978 ], [ 9.573241924960003, 54.645454621881015 ], [ 9.572844795822943, 54.64509613831067 ], [ 9.570795321401008, 54.643866401579096 ], [ 9.570403077388338, 54.643469208115164 ], [ 9.570084851852744, 54.642931868419005 ], [ 9.569820301674426, 54.641873476291963 ], [ 9.569949231152654, 54.641229484254744 ], [ 9.570648147474948, 54.639494776401612 ], [ 9.571164725702024, 54.638675764413676 ], [ 9.572647621088992, 54.637212101667188 ], [ 9.573291320856793, 54.636379554942167 ], [ 9.573913579353368, 54.634762163846375 ], [ 9.574323237600634, 54.632887707646098 ], [ 9.574640158763334, 54.632402521692981 ], [ 9.575086784438451, 54.631986686372045 ], [ 9.576129886601677, 54.631281992465297 ], [ 9.577039510999743, 54.630885129099411 ], [ 9.578311024061954, 54.630540028845132 ], [ 9.578467354811171, 54.630216785507912 ], [ 9.579019570145958, 54.629670514921649 ], [ 9.578953493489516, 54.629146433036809 ], [ 9.579094451214287, 54.628586430526703 ], [ 9.578235013570525, 54.628201850879123 ], [ 9.575503434150171, 54.627455361120766 ], [ 9.572016201372154, 54.626293612616386 ], [ 9.570706508810847, 54.626033965220884 ], [ 9.569265886205239, 54.625498772404093 ], [ 9.56708570256559, 54.624813407859634 ], [ 9.565700718670673, 54.624472920180558 ], [ 9.564658492833585, 54.624075021476052 ], [ 9.564077907765483, 54.623987581308342 ], [ 9.562243706336861, 54.623342242445858 ], [ 9.562943018381153, 54.621665264628959 ], [ 9.563394280235352, 54.620809138762318 ], [ 9.563479966966074, 54.619686990050887 ], [ 9.564066806100461, 54.617819992643724 ], [ 9.564361472098609, 54.615872414947916 ], [ 9.564342618566265, 54.615733925783886 ], [ 9.564200176742986, 54.615644451485004 ], [ 9.563157997820225, 54.615401349296661 ], [ 9.563133848773415, 54.614119709661409 ], [ 9.563385102588933, 54.613412588856832 ], [ 9.563363556407879, 54.613259576384195 ], [ 9.563074893242497, 54.613127444700012 ], [ 9.560115759013513, 54.614279229482314 ], [ 9.557230343755146, 54.615592744832888 ], [ 9.556278640490389, 54.61640920628917 ], [ 9.556165760748321, 54.616416049423677 ], [ 9.554529447006072, 54.613972416678052 ], [ 9.554402398999915, 54.613727273440041 ], [ 9.554228224250847, 54.612844584506192 ], [ 9.554094596802587, 54.612638153903625 ], [ 9.553904812738468, 54.612530004661245 ], [ 9.550840590916017, 54.611875653116471 ], [ 9.550814013688512, 54.611781905028444 ], [ 9.551961754453499, 54.61062088455374 ], [ 9.552093876953959, 54.610216546701487 ], [ 9.550310261172912, 54.608693086371424 ], [ 9.549997751134574, 54.607742069788834 ], [ 9.549136966661393, 54.606569142545503 ], [ 9.547722773124518, 54.605368775406099 ], [ 9.546087736854671, 54.60470700967673 ], [ 9.545595525845275, 54.604349974489949 ], [ 9.545050233388446, 54.603774191516628 ], [ 9.544767064792616, 54.603344259271005 ], [ 9.544395663261374, 54.602190424885656 ], [ 9.544121793549822, 54.601652590861214 ], [ 9.542854006555816, 54.599570164516891 ], [ 9.542243447151455, 54.598892133960078 ], [ 9.541989826690614, 54.598481332460729 ], [ 9.53975437618916, 54.598394973789425 ], [ 9.53933212405806, 54.598272338683024 ], [ 9.538905537551505, 54.598032458435142 ], [ 9.538619650796425, 54.597679272957201 ], [ 9.538392271051176, 54.596253107779923 ], [ 9.538012665704608, 54.594990696769152 ], [ 9.536645871355189, 54.592599554147419 ], [ 9.536190465225021, 54.591962298679434 ], [ 9.535897020959142, 54.591655199580906 ], [ 9.535062710235142, 54.591114990016642 ], [ 9.533579283469482, 54.590598146687064 ], [ 9.533622255871377, 54.590197896831981 ], [ 9.53354109060759, 54.589990681507459 ], [ 9.53258936692254, 54.589102198342033 ], [ 9.531416110339842, 54.588261986204849 ], [ 9.530279775906086, 54.587069912909193 ], [ 9.530038855244634, 54.586902398232311 ], [ 9.529534708471623, 54.585348790024888 ], [ 9.528991052666274, 54.584672175755522 ], [ 9.528683471255251, 54.583989211505909 ], [ 9.529359351444832, 54.583179783858881 ], [ 9.529528209489472, 54.582760624362685 ], [ 9.529555119875226, 54.582380768714188 ], [ 9.529460605726495, 54.581839492175114 ], [ 9.52894672143778, 54.5803017907417 ], [ 9.529037319067008, 54.578695507944055 ], [ 9.529001067183399, 54.578411248281988 ], [ 9.528898774804318, 54.578299718348475 ], [ 9.527826482740981, 54.578102368551761 ], [ 9.526945371815204, 54.577732340131547 ], [ 9.52551153460386, 54.576892999595678 ], [ 9.52517960932253, 54.57657020837614 ], [ 9.524943174382079, 54.576140965459061 ], [ 9.524771824746873, 54.576073769286552 ], [ 9.524240703120123, 54.576250635402175 ], [ 9.523361078354313, 54.576956018964722 ], [ 9.522022929721011, 54.577555375722461 ], [ 9.519586951505588, 54.577805430298611 ], [ 9.519074377981193, 54.578033767038839 ], [ 9.518117523301992, 54.578691618894879 ], [ 9.517697939687915, 54.578726326100778 ], [ 9.514286633689634, 54.578330904493605 ], [ 9.514561008049975, 54.576622897984819 ], [ 9.513925161300602, 54.574672927855552 ], [ 9.513897840640507, 54.574376710103387 ], [ 9.514312874325341, 54.571896093405144 ], [ 9.514501184274787, 54.571336915300606 ], [ 9.51411823430402, 54.570964150743158 ], [ 9.513748148113104, 54.570403057403986 ], [ 9.51348459196994, 54.570290472594316 ], [ 9.512209523634871, 54.570323064267789 ], [ 9.511826726166699, 54.570421611744223 ], [ 9.510794655917056, 54.571160765123537 ], [ 9.509595961235506, 54.571465182014727 ], [ 9.509076148367312, 54.572114117615612 ], [ 9.508757158543411, 54.572281200611805 ], [ 9.503661886087473, 54.572318937405129 ], [ 9.503065544325063, 54.572263382553842 ], [ 9.500546712071209, 54.572411293503613 ], [ 9.497511704676596, 54.572345278546457 ], [ 9.494413899537701, 54.572444236567243 ], [ 9.494157869166106, 54.572396760515275 ], [ 9.49350262515229, 54.567944327303799 ], [ 9.493603590108755, 54.565472923949009 ], [ 9.493941174983627, 54.564982641501132 ], [ 9.495172429975142, 54.563817787393397 ], [ 9.495526647006807, 54.563241285421689 ], [ 9.495874752573165, 54.562379150383535 ], [ 9.495897532049577, 54.562039807091175 ], [ 9.49558011875475, 54.561317980248702 ], [ 9.495647871277708, 54.56076726684303 ], [ 9.497617074427394, 54.557484903035373 ], [ 9.497704717080179, 54.557080974623048 ], [ 9.497448807227112, 54.557006566827809 ], [ 9.493102328455821, 54.55743716232432 ], [ 9.491090013245746, 54.557372644200321 ], [ 9.490196917640128, 54.557261158809332 ], [ 9.490146749811432, 54.557163663331856 ], [ 9.490301523585225, 54.555217579560185 ], [ 9.490184787839585, 54.555043723588433 ], [ 9.488822468764816, 54.553945908056853 ], [ 9.488551779041725, 54.551223354641991 ], [ 9.488604372324058, 54.550973382148314 ], [ 9.488947444151094, 54.550690413251651 ], [ 9.490879996832193, 54.549264057450053 ], [ 9.491626735374771, 54.548833940516559 ], [ 9.491570601201611, 54.548694328217898 ], [ 9.491114548708067, 54.548416593615826 ], [ 9.490630493631508, 54.54788938942459 ], [ 9.489920232507195, 54.547907765727537 ], [ 9.489100320483441, 54.548073985568145 ], [ 9.48641618849971, 54.548979181757616 ], [ 9.485349248093861, 54.549227032770077 ], [ 9.484413844650625, 54.549307176884113 ], [ 9.476751612832855, 54.549192456778933 ], [ 9.47518644809532, 54.549314928879078 ], [ 9.474175850297382, 54.549578200387295 ], [ 9.473455442644667, 54.549985720886752 ], [ 9.472978172947432, 54.550588195851866 ], [ 9.472655791708926, 54.551281008244871 ], [ 9.472316089211988, 54.55260992426944 ], [ 9.472027486597078, 54.553157662082697 ], [ 9.471362842680154, 54.553714874625186 ], [ 9.470560541785305, 54.554019815038707 ], [ 9.469116463463354, 54.554149588334568 ], [ 9.466086238949973, 54.553939646640295 ], [ 9.46470299099107, 54.553929740181466 ], [ 9.459682561471793, 54.554479072035157 ], [ 9.456052230517209, 54.554092649689551 ], [ 9.454510722408369, 54.554096219510576 ], [ 9.453143648776464, 54.554419565368839 ], [ 9.452400345039507, 54.554724057994257 ], [ 9.450326771637108, 54.556114410545696 ], [ 9.449827234258814, 54.556571227724163 ], [ 9.449169190956319, 54.556886658742307 ], [ 9.447653420524173, 54.557005874768016 ], [ 9.445815280631416, 54.556786190939178 ], [ 9.445010512577339, 54.556763602661498 ], [ 9.44432164461576, 54.556865876894591 ], [ 9.442044764698576, 54.557451888449151 ], [ 9.441365003604599, 54.552833827923614 ], [ 9.441296682694215, 54.548783118001253 ], [ 9.441180016826895, 54.546222648343615 ], [ 9.441092598672423, 54.546010249832868 ], [ 9.440730830497651, 54.545886786280334 ], [ 9.440352487623986, 54.545874183123267 ], [ 9.435497108668649, 54.546286431500057 ], [ 9.434623510043963, 54.546216672960298 ], [ 9.432336534524, 54.546285176128229 ], [ 9.431418487800469, 54.546077356933438 ], [ 9.430587291992703, 54.544964437381715 ], [ 9.430430708534006, 54.544874510471367 ], [ 9.427204978535883, 54.544290350347595 ], [ 9.423626154435095, 54.542899576559513 ], [ 9.423305468124468, 54.542843094126525 ], [ 9.423449698681752, 54.542575905140431 ], [ 9.425491848202983, 54.540141642192808 ], [ 9.427101748536527, 54.539465527784998 ], [ 9.429599507501292, 54.53729034354479 ], [ 9.430310340581824, 54.537042889541894 ], [ 9.431345269083307, 54.537013526368305 ], [ 9.431543391056135, 54.536854422415857 ], [ 9.43182099093433, 54.533609945899386 ], [ 9.431805717520131, 54.531497770095875 ], [ 9.431086936906194, 54.521527706029133 ], [ 9.431223652701105, 54.520867139215298 ], [ 9.432576778769429, 54.516323610963781 ], [ 9.432566178683494, 54.516171366313067 ], [ 9.434559212230139, 54.511787864999548 ], [ 9.43679044401812, 54.507570190303191 ], [ 9.437250364350732, 54.505388308909858 ], [ 9.437500276557625, 54.505334173093971 ], [ 9.439646550247225, 54.505534754230155 ], [ 9.441366253946271, 54.505881193183512 ], [ 9.442089665047369, 54.505942834054132 ], [ 9.443188654480771, 54.505811851757464 ], [ 9.443355395788545, 54.505709889729765 ], [ 9.443174771968241, 54.502379601580344 ], [ 9.443300208590159, 54.501721716226392 ], [ 9.442923823277585, 54.500141799593308 ], [ 9.442882379841434, 54.497952079569878 ], [ 9.442798010554984, 54.497504324383655 ], [ 9.442119748101801, 54.496495610453529 ], [ 9.441186305617311, 54.495653600822664 ], [ 9.436809063898464, 54.494545190592561 ], [ 9.443361659107913, 54.488261680992323 ], [ 9.443685370100141, 54.487321402048451 ], [ 9.443649119889539, 54.487224069147771 ], [ 9.437756008243928, 54.485309066459308 ], [ 9.437392139927756, 54.485386141196827 ], [ 9.436204668436581, 54.486407410068303 ], [ 9.436029651906923, 54.486475429592929 ], [ 9.429551698071881, 54.485815297894462 ], [ 9.429392605277842, 54.485674671473284 ], [ 9.429095452723804, 54.482696835249833 ], [ 9.429050124033981, 54.482550089307033 ], [ 9.428889223855638, 54.482465865484784 ], [ 9.42442816055901, 54.482834367746705 ], [ 9.422189301881659, 54.483332375044355 ], [ 9.419009809005184, 54.483320690453702 ], [ 9.415404790962134, 54.483560969388414 ], [ 9.411100469219397, 54.483568465978394 ], [ 9.410452833841763, 54.483645728380147 ], [ 9.40970246937456, 54.483043908397605 ], [ 9.409474847096881, 54.482428775692284 ], [ 9.409716845085299, 54.478151427283208 ], [ 9.409598369344188, 54.477670769191363 ], [ 9.410051702375954, 54.476662946151045 ], [ 9.410511190308398, 54.474823922453403 ], [ 9.411006387066262, 54.474353300345122 ], [ 9.411248908692928, 54.474009469459041 ], [ 9.411225521842356, 54.473743691005986 ], [ 9.410853683944625, 54.47269304928178 ], [ 9.410892418049066, 54.472308936079408 ], [ 9.411517560263816, 54.470387167883722 ], [ 9.411525157689914, 54.470147715720586 ], [ 9.411829956293117, 54.469536813592271 ], [ 9.41280346735557, 54.466887645948674 ], [ 9.412592846720422, 54.465072674756172 ], [ 9.412594286257971, 54.464140464834749 ], [ 9.411853692883156, 54.46181169663226 ], [ 9.411828263015126, 54.461360309654005 ], [ 9.41398025218052, 54.451124635499205 ], [ 9.413716694600248, 54.449935673791167 ], [ 9.41288181443862, 54.448712951857786 ], [ 9.411921090781329, 54.446996303671405 ], [ 9.411291656409832, 54.446886634149934 ], [ 9.402851332101774, 54.447625998371088 ], [ 9.399406895230985, 54.447275729385389 ], [ 9.391051307722078, 54.446745084171638 ], [ 9.389520118811705, 54.446425098324873 ], [ 9.387689986981011, 54.445773885219062 ], [ 9.385962690514953, 54.44501015997718 ], [ 9.382459318184821, 54.444012211952554 ], [ 9.379206621890152, 54.443509161422341 ], [ 9.375618629458447, 54.442791855550439 ], [ 9.372467619829166, 54.442342229313383 ], [ 9.371538281540667, 54.442269978537524 ], [ 9.369215272261011, 54.442344846249156 ], [ 9.368079964091384, 54.442203703441365 ], [ 9.367193860353019, 54.442035685278924 ], [ 9.364965055830192, 54.441319460487577 ], [ 9.360982326634625, 54.440510036973414 ], [ 9.360918473952365, 54.440444782949456 ], [ 9.361673213480294, 54.437722287553271 ], [ 9.3621993309972, 54.435023995059936 ], [ 9.362680006556717, 54.433905641528504 ], [ 9.362655928717961, 54.433629523578489 ], [ 9.362424702468514, 54.433080156901759 ], [ 9.362506333978414, 54.432370314500403 ], [ 9.362477635131516, 54.431790672021577 ], [ 9.36228780879137, 54.431460522970767 ], [ 9.361626062914105, 54.430765477860419 ], [ 9.361601584762566, 54.430392261099563 ], [ 9.361889495183403, 54.429846855649501 ], [ 9.361368168466836, 54.428500445919589 ], [ 9.360247513294503, 54.426766512369888 ], [ 9.359562320729244, 54.424705350380187 ], [ 9.359053733399424, 54.423486908372126 ], [ 9.358644526897372, 54.42291490302096 ], [ 9.358219747499287, 54.422554734330951 ], [ 9.358077292189744, 54.420692137692754 ], [ 9.35767158887969, 54.4202423180867 ], [ 9.35406369317047, 54.418281026526742 ], [ 9.353250403103896, 54.417740894927597 ], [ 9.352162279881398, 54.416762741270865 ], [ 9.351499336180222, 54.415817875771545 ], [ 9.350616997401849, 54.414938601052505 ], [ 9.349121785135146, 54.414561732305543 ], [ 9.348842500270433, 54.414344665065535 ], [ 9.348651829801032, 54.414046023886421 ], [ 9.348666737078172, 54.413949461238168 ], [ 9.349405727199057, 54.413189814123811 ], [ 9.352164270174239, 54.409822429260629 ], [ 9.352280469510145, 54.409658448234872 ], [ 9.352235620875186, 54.409538173837923 ], [ 9.348906744448998, 54.408601390395141 ], [ 9.347931580912856, 54.407980006183088 ], [ 9.345461611793636, 54.40729696615734 ], [ 9.339656438598119, 54.405458290923747 ], [ 9.338701743487462, 54.404900982366804 ], [ 9.32835538227701, 54.40252557853389 ], [ 9.326330414091812, 54.402413578173757 ], [ 9.326377961978224, 54.401939501392754 ], [ 9.326757349250633, 54.400772422195175 ], [ 9.328100461389335, 54.397922636634476 ], [ 9.327959483426163, 54.397781349499617 ], [ 9.325452967292383, 54.397379586864041 ], [ 9.317319871053753, 54.396477358085455 ], [ 9.317092482547157, 54.396545432503487 ], [ 9.316899256446233, 54.397023536682582 ], [ 9.316270263002105, 54.397411320285983 ], [ 9.314810021463501, 54.39765441064494 ], [ 9.314721841534114, 54.397581455257168 ], [ 9.314049355607958, 54.39490328506681 ], [ 9.313923651808832, 54.394798595253867 ], [ 9.309326939423224, 54.395045556678191 ], [ 9.305414595973181, 54.395368481200883 ], [ 9.30303694342232, 54.395896769435339 ], [ 9.300545856632125, 54.396288751450633 ], [ 9.300509734148585, 54.39582269258765 ], [ 9.300654443569266, 54.394213347808957 ], [ 9.300805133484589, 54.393588185010479 ], [ 9.301209950340164, 54.392858577592897 ], [ 9.302359103971197, 54.391766985134822 ], [ 9.302545892216571, 54.391395557971606 ], [ 9.302322142806222, 54.389067249176087 ], [ 9.302589247686317, 54.388463056075302 ], [ 9.302966839256692, 54.387964429890616 ], [ 9.303938863963877, 54.387293263756796 ], [ 9.308918646278585, 54.38584980848163 ], [ 9.309330110926355, 54.385658499676737 ], [ 9.31065389454746, 54.384503381976437 ], [ 9.311026353603602, 54.384084486852274 ], [ 9.311274922721763, 54.383614845054268 ], [ 9.31120203904525, 54.38298409007519 ], [ 9.311451258940703, 54.38268522174716 ], [ 9.311870387539175, 54.382485542703748 ], [ 9.313158408464764, 54.382130138639923 ], [ 9.314702490010527, 54.38127065563237 ], [ 9.315022508928802, 54.380947560804785 ], [ 9.315190745662477, 54.380616619010219 ], [ 9.315009387513003, 54.379848458117657 ], [ 9.31503178108116, 54.379388757138244 ], [ 9.315293680615019, 54.378960879048513 ], [ 9.315741374339865, 54.377889289058665 ], [ 9.316339326509919, 54.377202208237357 ], [ 9.3163116126209, 54.376500526340152 ], [ 9.316222983237578, 54.376315566377428 ], [ 9.315907332377085, 54.376211391097023 ], [ 9.313767773250595, 54.376408692950029 ], [ 9.308584723365936, 54.376473876945617 ], [ 9.307181427971672, 54.37659795886885 ], [ 9.304962731425727, 54.376980303343863 ], [ 9.300275868601931, 54.378147048759942 ], [ 9.296443717371533, 54.378469157097904 ], [ 9.293272342277085, 54.379194016094267 ], [ 9.290340126995225, 54.379720426645143 ], [ 9.290188881453281, 54.379634654922512 ], [ 9.28903296344976, 54.377953240129969 ], [ 9.288681851374497, 54.377640195892639 ], [ 9.287873518543739, 54.377209124680611 ], [ 9.286549909640621, 54.377037765577491 ], [ 9.286066706508475, 54.376845765271959 ], [ 9.285783881980377, 54.376687213366999 ], [ 9.285265415364139, 54.376087864367058 ], [ 9.284379150151519, 54.375698892178526 ], [ 9.283841701775504, 54.375227986350275 ], [ 9.281632789914692, 54.374654289712062 ], [ 9.279110120066278, 54.374254479155034 ], [ 9.277268068627764, 54.374056521911449 ], [ 9.276484566506776, 54.37424300602067 ], [ 9.275830515194773, 54.373343607276922 ], [ 9.275492016010782, 54.373015026412006 ], [ 9.274921679461077, 54.371352787211698 ], [ 9.274287682818288, 54.369087885190901 ], [ 9.273736739558727, 54.36788557225799 ], [ 9.273396053730947, 54.367377926494434 ], [ 9.271124033223741, 54.365313452996311 ], [ 9.270023457816484, 54.364889469306391 ], [ 9.267241348945381, 54.364145679242462 ], [ 9.266456187739328, 54.36367618963471 ], [ 9.267131003148062, 54.362506855561975 ], [ 9.26877222136914, 54.36063031353244 ], [ 9.268693116533576, 54.360507824264793 ], [ 9.266527430578702, 54.35995307962007 ], [ 9.267290338526308, 54.358999427428785 ], [ 9.267495385132543, 54.35890180087614 ], [ 9.26777142144663, 54.358897998941252 ], [ 9.269671115178671, 54.359343496645344 ], [ 9.269946503453864, 54.359341112958901 ], [ 9.277448272312952, 54.354212273527843 ], [ 9.280649807426112, 54.353506513243921 ], [ 9.288564217683049, 54.347907824214339 ], [ 9.288661450425137, 54.347770201591345 ], [ 9.288648404725668, 54.347260600360237 ], [ 9.286088767929812, 54.345843825044618 ], [ 9.284201854321429, 54.345312837111742 ], [ 9.279534688150015, 54.344473089481269 ], [ 9.275636098611857, 54.344063369351225 ], [ 9.27015060887379, 54.342949271097751 ], [ 9.270098558189273, 54.342929042202329 ], [ 9.270173902163723, 54.342821207693511 ], [ 9.271238476067154, 54.342310198051464 ], [ 9.271345654924113, 54.342154936637073 ], [ 9.270160672829345, 54.341775348343972 ], [ 9.265905132005599, 54.344415401179425 ], [ 9.263480380877265, 54.345438964857181 ], [ 9.260909675184941, 54.346137407168271 ], [ 9.237972141067209, 54.350979356130146 ], [ 9.236784583553275, 54.351326118603673 ], [ 9.23377270377051, 54.352399668579423 ], [ 9.23089113639152, 54.35413541207307 ], [ 9.230152681618156, 54.35471176440327 ], [ 9.229934329577082, 54.354930107465592 ], [ 9.229943009323145, 54.355026383675124 ], [ 9.23385523813384, 54.357422608321187 ], [ 9.235362621843944, 54.358247182935251 ], [ 9.239129851180104, 54.360104876234814 ], [ 9.2394774317713, 54.360365186134707 ], [ 9.24085189851588, 54.360817678183032 ], [ 9.242057084780845, 54.361071359759165 ], [ 9.241416218142419, 54.362016424002597 ], [ 9.241259001111551, 54.362443629511034 ], [ 9.240931828086683, 54.362582270974208 ], [ 9.239436300258935, 54.362913502027197 ], [ 9.239153296470281, 54.363058935648695 ], [ 9.238977305849318, 54.363351766563554 ], [ 9.241164530390648, 54.369474156848042 ], [ 9.241800244673264, 54.371660876243091 ], [ 9.241765627562037, 54.372361226547156 ], [ 9.24182974749926, 54.372472351432087 ], [ 9.245778749308567, 54.372329154671554 ], [ 9.250472637756014, 54.371964698380459 ], [ 9.252552480179295, 54.371986768255383 ], [ 9.253834912418592, 54.3721288363082 ], [ 9.254931546140817, 54.37240188757513 ], [ 9.25610711082823, 54.372952867524781 ], [ 9.256687463920903, 54.373442790660441 ], [ 9.257037302225351, 54.373587479339896 ], [ 9.256773248859281, 54.373730234359968 ], [ 9.254141966244623, 54.374466247358122 ], [ 9.253456703628038, 54.374741712110058 ], [ 9.252886361355777, 54.375092868383753 ], [ 9.252481347498058, 54.375472713628334 ], [ 9.252210282624461, 54.375888435978162 ], [ 9.251764706617079, 54.378129049702835 ], [ 9.251476951944287, 54.378534016716252 ], [ 9.251012733732718, 54.378904620049873 ], [ 9.250443529285221, 54.379174342997338 ], [ 9.249670763919568, 54.379373241462915 ], [ 9.244559440657257, 54.380009309966383 ], [ 9.243651426015774, 54.380219609166843 ], [ 9.24318246165142, 54.380436827437698 ], [ 9.242709438417963, 54.380848498859827 ], [ 9.242527830706294, 54.381155813537156 ], [ 9.242315017750686, 54.381847107679164 ], [ 9.242410463602393, 54.382047295934129 ], [ 9.243133410445893, 54.382379180980777 ], [ 9.243730011956021, 54.382757458769142 ], [ 9.244558367228821, 54.383520853514298 ], [ 9.24579210134198, 54.384319490103245 ], [ 9.246181674150797, 54.384695766268642 ], [ 9.247840057470103, 54.387820845846178 ], [ 9.248030793430486, 54.388778394939081 ], [ 9.248152120238366, 54.389046093493185 ], [ 9.248707361290071, 54.389781886906974 ], [ 9.249025060385957, 54.390479779307071 ], [ 9.249138938992532, 54.391091293156293 ], [ 9.249016320629671, 54.391929054218195 ], [ 9.248886741644958, 54.392197936204084 ], [ 9.248459596691873, 54.392695076488948 ], [ 9.248359468346358, 54.393017415509384 ], [ 9.248495644595085, 54.3932923211255 ], [ 9.249297929323332, 54.393644803784042 ], [ 9.249524984784982, 54.393995590866233 ], [ 9.249676135514024, 54.394421366407606 ], [ 9.250240991689742, 54.397148377754746 ], [ 9.250282264158654, 54.398084442760094 ], [ 9.250146410868449, 54.399162962193351 ], [ 9.249913682991439, 54.400082460392113 ], [ 9.249684640169633, 54.400439801603568 ], [ 9.249293153152742, 54.400852374337305 ], [ 9.248325294767554, 54.401504264943711 ], [ 9.247622680769023, 54.401839463195238 ], [ 9.2465224636108, 54.402161385720213 ], [ 9.245690839836282, 54.402256359342253 ], [ 9.244981303577227, 54.402219828804576 ], [ 9.243383340924076, 54.401887519450057 ], [ 9.242072780586762, 54.401740939799822 ], [ 9.24038697007704, 54.401874086048927 ], [ 9.239303473482837, 54.402098954865515 ], [ 9.238953336254648, 54.402331060154587 ], [ 9.237476811180619, 54.404196758249569 ], [ 9.236138845788208, 54.405386889958713 ], [ 9.235416462799051, 54.405761594047966 ], [ 9.234381936837785, 54.406013608013247 ], [ 9.234242860031383, 54.406143718510634 ], [ 9.234846010160298, 54.406907095885806 ], [ 9.236887746827737, 54.40854187953876 ], [ 9.240045693708316, 54.410634569839821 ], [ 9.249166451152231, 54.415595802527719 ], [ 9.249413912892468, 54.415957132947362 ], [ 9.250844120353836, 54.419851929483315 ], [ 9.250886148510689, 54.420210050947965 ], [ 9.251464952660518, 54.428128378228735 ], [ 9.250520994099798, 54.428386204069803 ], [ 9.249767243613233, 54.429035621913847 ], [ 9.247376813482534, 54.429980485698167 ], [ 9.244931276891881, 54.430451706474557 ], [ 9.244782963076656, 54.430567173483368 ], [ 9.24538544421935, 54.433003107823602 ], [ 9.245425714748862, 54.434628868873084 ], [ 9.245306729555388, 54.435079863785731 ], [ 9.24443060515739, 54.437050201644141 ], [ 9.244078916086563, 54.438865479931366 ], [ 9.242623665407228, 54.443363474071546 ], [ 9.242776764510726, 54.443620984731915 ], [ 9.242960152087912, 54.443728583875512 ], [ 9.243773913441611, 54.443876878443028 ], [ 9.242816823355657, 54.448095827207446 ], [ 9.243795615385881, 54.451424666331569 ], [ 9.24398545793362, 54.451807617960263 ], [ 9.244563425159372, 54.452358984673907 ], [ 9.244639362081095, 54.452611982599841 ], [ 9.243285246230766, 54.456714745178878 ], [ 9.242073604430121, 54.459069321127132 ], [ 9.242114225202434, 54.460647819539503 ], [ 9.241187060933257, 54.460664000921462 ], [ 9.241012033615954, 54.460775711392792 ], [ 9.241553113930319, 54.461735334154113 ], [ 9.241511004828579, 54.461945179665278 ], [ 9.241227024329891, 54.461988924826443 ], [ 9.241043242918074, 54.46214162249089 ], [ 9.241214546844466, 54.462771777866955 ], [ 9.241906742155583, 54.463013325544878 ], [ 9.24115475705557, 54.463667052258614 ], [ 9.239876454674473, 54.465027674658785 ], [ 9.239802883285208, 54.465212625530214 ], [ 9.239824292877657, 54.465776405975411 ], [ 9.239503402880985, 54.466382922274654 ], [ 9.238789978691495, 54.466435703489353 ], [ 9.238622092734643, 54.466514068564763 ], [ 9.238599820072123, 54.466869929786171 ], [ 9.238351024199611, 54.467761897219233 ], [ 9.238372086091188, 54.467978176922891 ], [ 9.238657772875976, 54.468563612748447 ], [ 9.238740411726328, 54.469007552556739 ], [ 9.238634361285321, 54.469582186770644 ], [ 9.238650399495931, 54.469967948336091 ], [ 9.238899622780769, 54.470320326431555 ], [ 9.23999850730721, 54.471053657676869 ], [ 9.24033750003737, 54.471589725360523 ], [ 9.240288976800194, 54.472692797898709 ], [ 9.240380817640423, 54.474526907183609 ], [ 9.241184165454081, 54.476554692163369 ], [ 9.241263122626394, 54.47691105608336 ], [ 9.241209890162644, 54.47739666830951 ], [ 9.241422565618198, 54.477966457817246 ], [ 9.242168808377029, 54.478610222489067 ], [ 9.243299079657485, 54.479310335866302 ], [ 9.245528243877871, 54.480910596065577 ], [ 9.247553286413194, 54.481882373383201 ], [ 9.252653993615327, 54.484659483970901 ], [ 9.258967086625644, 54.488387904772658 ], [ 9.259059340356243, 54.488511327138006 ], [ 9.259338731215156, 54.490659174568989 ], [ 9.259477030276683, 54.491105162605088 ], [ 9.259676235432373, 54.491139754501681 ], [ 9.264181734044175, 54.490705835232703 ], [ 9.270515369443293, 54.490022674130778 ], [ 9.271297007872464, 54.490189865952281 ], [ 9.272349648187323, 54.490173136542815 ], [ 9.272802125054028, 54.490303709646106 ], [ 9.272974597961719, 54.49047540536499 ], [ 9.273232712108392, 54.492574614601807 ], [ 9.273392165074229, 54.492672426109877 ], [ 9.277378152163157, 54.492447510642023 ], [ 9.278456252712626, 54.492298230108098 ], [ 9.280092586827656, 54.491810334345303 ], [ 9.28585240210271, 54.489402449586215 ], [ 9.287918329700366, 54.488331028437386 ], [ 9.294352795137108, 54.4856075174145 ], [ 9.295815407320241, 54.485134520780036 ], [ 9.297483261848331, 54.484959414844319 ], [ 9.298454677317705, 54.485020458738013 ], [ 9.301536740452951, 54.485609870162286 ], [ 9.303018524573121, 54.485650108583435 ], [ 9.303803448445864, 54.485532760864679 ], [ 9.307127427056482, 54.484551065310065 ], [ 9.3084530664173, 54.484406001963457 ], [ 9.311203672337484, 54.484367612704048 ], [ 9.311599748193517, 54.484428826057645 ], [ 9.312412572643932, 54.484866007234615 ], [ 9.314793811473351, 54.48650227634883 ], [ 9.315191208526171, 54.486871652871173 ], [ 9.315819046692258, 54.487844002080678 ], [ 9.31694401334547, 54.489094532339955 ], [ 9.318428942112634, 54.489898004543647 ], [ 9.319476341598701, 54.490637353366353 ], [ 9.321139607651723, 54.492563411788176 ], [ 9.321333199855077, 54.492876565327158 ], [ 9.321342800665045, 54.493136234926517 ], [ 9.321408883118393, 54.493197734401214 ], [ 9.322487826877806, 54.493604177981972 ], [ 9.323725290648946, 54.494348014134744 ], [ 9.325034155951696, 54.495318865524567 ], [ 9.325656449175597, 54.495357372112494 ], [ 9.327650142942735, 54.495694074671349 ], [ 9.327433794795795, 54.496065360995431 ], [ 9.327515280339009, 54.49621983806621 ], [ 9.329897546438108, 54.496585351587903 ], [ 9.329383610538461, 54.497932505880868 ], [ 9.32901533399502, 54.498484828106804 ], [ 9.329081125864851, 54.498629905424302 ], [ 9.331496005155087, 54.499543355770648 ], [ 9.331945458117891, 54.499558152815375 ], [ 9.333378029551731, 54.499349365287713 ], [ 9.333919036319621, 54.499537861699537 ], [ 9.33470794048378, 54.49997876269947 ], [ 9.335765598820171, 54.501237818516699 ], [ 9.337611862848412, 54.503793443987604 ], [ 9.337632657660787, 54.504084727788189 ] ], [ [ 9.441386881327558, 54.637741464242751 ], [ 9.444123551938921, 54.637180222742806 ], [ 9.444717522559779, 54.637133812313387 ], [ 9.445598066169829, 54.637201243430866 ], [ 9.449305627821298, 54.637687752231791 ], [ 9.452346168079913, 54.638460168950608 ], [ 9.454026389467348, 54.63843648268827 ], [ 9.454676600145339, 54.638510177662887 ], [ 9.460157614135175, 54.639523928694054 ], [ 9.460812611149159, 54.639248092833974 ], [ 9.461890647078475, 54.638530019094333 ], [ 9.461955697991513, 54.638410308569057 ], [ 9.461389838177862, 54.638103424825324 ], [ 9.461254883025962, 54.63792602426745 ], [ 9.460103394317112, 54.633912692090014 ], [ 9.459839975971155, 54.631966469929388 ], [ 9.461882158948622, 54.626775567162923 ], [ 9.461801537473875, 54.626534680214313 ], [ 9.453460560331662, 54.622683626249717 ], [ 9.44911568916956, 54.622185287105381 ], [ 9.446960251813147, 54.621447362482229 ], [ 9.446732997894856, 54.621243871989456 ], [ 9.44679049990078, 54.619629827778475 ], [ 9.447047608490504, 54.619149542048227 ], [ 9.447495795698027, 54.618517151993657 ], [ 9.449354426467748, 54.617049517015957 ], [ 9.449620524501745, 54.616737936604409 ], [ 9.449541506822765, 54.616571238865987 ], [ 9.448048996167905, 54.615420367124045 ], [ 9.449022706712896, 54.614991739262585 ], [ 9.45072487296334, 54.614461368864262 ], [ 9.451815271675956, 54.613696557625147 ], [ 9.452692619804166, 54.61235119157945 ], [ 9.453710366277695, 54.611746482246517 ], [ 9.454046152559677, 54.611327489045337 ], [ 9.454655696683421, 54.610803078696804 ], [ 9.455023854995321, 54.610004405287626 ], [ 9.455078580762864, 54.608987147666632 ], [ 9.455481719528203, 54.608387102491847 ], [ 9.455656460889792, 54.607878638351096 ], [ 9.455517230920957, 54.607371815728399 ], [ 9.455390483418258, 54.606294528940694 ], [ 9.454822085529575, 54.605968545815635 ], [ 9.453318182915009, 54.605974020130979 ], [ 9.452911498501747, 54.605866847018433 ], [ 9.452569068060168, 54.605674834360549 ], [ 9.452412717196667, 54.605472359820055 ], [ 9.452212081571025, 54.604074154669846 ], [ 9.452077546094417, 54.60378739601051 ], [ 9.451683959983088, 54.603446315369247 ], [ 9.450553276155663, 54.60283074459042 ], [ 9.450272933399653, 54.602585597793585 ], [ 9.450128032912595, 54.602334235061534 ], [ 9.450114667801573, 54.602030504693396 ], [ 9.450265007649817, 54.601716021849576 ], [ 9.451415543737701, 54.600467342034953 ], [ 9.451589702933436, 54.600243310156159 ], [ 9.451712100627306, 54.599871048846602 ], [ 9.451688118852845, 54.599050845486175 ], [ 9.451379054074488, 54.597233274611384 ], [ 9.450782428935934, 54.594951466712097 ], [ 9.448448216424936, 54.592652370217088 ], [ 9.447666750818055, 54.592170095914234 ], [ 9.447824324014423, 54.591536584559044 ], [ 9.447841758797239, 54.591115973279614 ], [ 9.447069827859726, 54.590636493067471 ], [ 9.448031939650651, 54.59004956928171 ], [ 9.448047370896459, 54.589911460776534 ], [ 9.447957693237889, 54.58982212505304 ], [ 9.447447232884112, 54.589546980728045 ], [ 9.446732025390247, 54.589309366116375 ], [ 9.446359631199222, 54.588996957865554 ], [ 9.445942408544862, 54.588833784433561 ], [ 9.445461984579453, 54.588769616441944 ], [ 9.444495562174671, 54.588936986113815 ], [ 9.4434560137473, 54.588958526001171 ], [ 9.442923083537949, 54.588718183166627 ], [ 9.442385437204999, 54.588350412992725 ], [ 9.441374989052928, 54.587999755498231 ], [ 9.440759710920714, 54.587870897186576 ], [ 9.439659038158887, 54.587820498977599 ], [ 9.440749324987772, 54.583455627315665 ], [ 9.440904293205575, 54.582358573492229 ], [ 9.44078078084377, 54.582215850128648 ], [ 9.438800033682888, 54.582016664577488 ], [ 9.431128688016134, 54.581499854977487 ], [ 9.42832825152778, 54.581213459164566 ], [ 9.427457253610704, 54.581209073371703 ], [ 9.425151523118974, 54.5807834444024 ], [ 9.425901064001332, 54.578854369405349 ], [ 9.426610288358852, 54.577329686939656 ], [ 9.426504672566292, 54.577158347421559 ], [ 9.419245703480948, 54.575514164313283 ], [ 9.418098160817847, 54.574834025105254 ], [ 9.416158505460064, 54.574214354545624 ], [ 9.416095088671986, 54.574122642204351 ], [ 9.416235135451135, 54.573657376967532 ], [ 9.416172773572672, 54.573501642033889 ], [ 9.415981791710704, 54.573406859211239 ], [ 9.411795875854882, 54.573169168845126 ], [ 9.406270345748275, 54.572983216990728 ], [ 9.40602624296589, 54.572137212386423 ], [ 9.405247359564784, 54.570486801425567 ], [ 9.405919194112387, 54.569438313598916 ], [ 9.406847504092834, 54.568525644642612 ], [ 9.407532062663538, 54.567601342403954 ], [ 9.408771061678246, 54.566789475384439 ], [ 9.410646513833447, 54.565168763261909 ], [ 9.411880178879731, 54.565632261894365 ], [ 9.413496024984058, 54.566107734445652 ], [ 9.419445072701993, 54.567450569275856 ], [ 9.421118718965545, 54.567700842172542 ], [ 9.422855661787944, 54.567709954218721 ], [ 9.423237844183374, 54.567628538139346 ], [ 9.423385695525967, 54.567368575428496 ], [ 9.423694653722286, 54.564115898879365 ], [ 9.423023272408759, 54.559557887782852 ], [ 9.422919405873154, 54.558367091874167 ], [ 9.423041273068819, 54.558149130063057 ], [ 9.428887044778577, 54.557971648291236 ], [ 9.429938138187246, 54.558071098607115 ], [ 9.430506353133286, 54.557946778970823 ], [ 9.434335870517689, 54.557898737545564 ], [ 9.435101638658173, 54.557906828995414 ], [ 9.436592562591391, 54.558088699210792 ], [ 9.439742256717064, 54.557916262255809 ], [ 9.440852077886527, 54.557783044413497 ], [ 9.445019392448776, 54.556863226649831 ], [ 9.445803693723239, 54.556885548801738 ], [ 9.447394355061787, 54.557097225265714 ], [ 9.448806399468634, 54.55705439714567 ], [ 9.449201183649189, 54.556981454237352 ], [ 9.449737304689634, 54.556746660147653 ], [ 9.450180676036709, 54.556444626300205 ], [ 9.450384417026285, 54.556196135624887 ], [ 9.45244571483015, 54.554813181566487 ], [ 9.453170440712105, 54.554515926756338 ], [ 9.454522680686621, 54.554195511460719 ], [ 9.456045822621817, 54.554192455057752 ], [ 9.459683193513646, 54.554579073206362 ], [ 9.464706255323682, 54.554029692844409 ], [ 9.466081888731823, 54.554039557253766 ], [ 9.468813769342905, 54.554240763248892 ], [ 9.469975486074864, 54.554220053583961 ], [ 9.471168900099501, 54.553922292092075 ], [ 9.47205932793308, 54.55327607093357 ], [ 9.47240989779449, 54.552644627714656 ], [ 9.472750345846, 54.551314465448826 ], [ 9.473064037932641, 54.550639606616237 ], [ 9.473519944771168, 54.550062348748675 ], [ 9.474207204167884, 54.549673214027564 ], [ 9.475201639748729, 54.549413770739065 ], [ 9.476754573263444, 54.549292415612975 ], [ 9.484415432127976, 54.549407191242082 ], [ 9.485361187762699, 54.549326376165759 ], [ 9.486445509030835, 54.54907478708062 ], [ 9.4891261165517, 54.548170621128229 ], [ 9.49054747033421, 54.547955257087168 ], [ 9.491050575703259, 54.548493488525843 ], [ 9.491519553040586, 54.548798074341477 ], [ 9.490823911834189, 54.549181241863266 ], [ 9.488594267520662, 54.550841313175148 ], [ 9.488477945148157, 54.550989916309064 ], [ 9.488451561670505, 54.551222153608535 ], [ 9.488730198540384, 54.553984553167261 ], [ 9.490202687274516, 54.555245257355303 ], [ 9.490046681503486, 54.557160982151764 ], [ 9.490123577641, 54.557330471296488 ], [ 9.491081517534068, 54.557472307537104 ], [ 9.493105269600896, 54.557537130774428 ], [ 9.495340960506576, 54.557276566974913 ], [ 9.497604415266482, 54.557126071301099 ], [ 9.497529472178154, 54.557436402470884 ], [ 9.495553143142237, 54.560734263216169 ], [ 9.495482200032999, 54.561339205504432 ], [ 9.49579716953718, 54.562042662068798 ], [ 9.495778205178654, 54.562352147650792 ], [ 9.495436856988928, 54.563197240178567 ], [ 9.495094758269932, 54.563754552856409 ], [ 9.493869165516506, 54.564913236141543 ], [ 9.493507318392181, 54.56544524689695 ], [ 9.493402923305114, 54.567952278248725 ], [ 9.494081157266217, 54.572465069298381 ], [ 9.494413555550876, 54.572544255974819 ], [ 9.497511367313596, 54.572445285310849 ], [ 9.50054776417112, 54.57251131726786 ], [ 9.503064851496191, 54.57236359692029 ], [ 9.503659584195569, 54.572419107818568 ], [ 9.508769003014137, 54.572380569517627 ], [ 9.509145179120175, 54.572187262596117 ], [ 9.509650633844208, 54.571549231303671 ], [ 9.510834599706472, 54.57125280999611 ], [ 9.511865841701319, 54.570513691681093 ], [ 9.512219822580693, 54.570422571717359 ], [ 9.513471268612385, 54.57038992848134 ], [ 9.513676368298018, 54.570474244250832 ], [ 9.514040567701459, 54.571027297425267 ], [ 9.514400154965905, 54.571351231598101 ], [ 9.51421507603208, 54.57187511725617 ], [ 9.5137976818753, 54.574377802853363 ], [ 9.513828012672107, 54.574697182218458 ], [ 9.514460984686595, 54.576631168219699 ], [ 9.514169308893381, 54.578227997492853 ], [ 9.514235104454205, 54.578422550207669 ], [ 9.517689462764007, 54.578826008252058 ], [ 9.518144421551137, 54.578788192455754 ], [ 9.519125015349156, 54.578120019937472 ], [ 9.51961462704744, 54.577901701330617 ], [ 9.522058543182144, 54.577649408937432 ], [ 9.523411024293305, 54.577042768937467 ], [ 9.524291701467401, 54.576336714025182 ], [ 9.524768986153793, 54.576174024063256 ], [ 9.524870132951774, 54.576212418278935 ], [ 9.525098272042376, 54.576629263313322 ], [ 9.525449822060192, 54.576972062867938 ], [ 9.526898076799522, 54.577820450264248 ], [ 9.527800432381342, 54.578199069014467 ], [ 9.528847609131068, 54.578386158687096 ], [ 9.528938731188243, 54.578798122584161 ], [ 9.528847857035005, 54.580316844661105 ], [ 9.529363933138738, 54.581865878259656 ], [ 9.529454934023679, 54.582379934702658 ], [ 9.529429625910742, 54.582741873163954 ], [ 9.529271271975324, 54.583132318122921 ], [ 9.528582442920888, 54.584004945762977 ], [ 9.528907835568035, 54.584728018820044 ], [ 9.529444088769845, 54.585391952904239 ], [ 9.52994900115956, 54.586948757786672 ], [ 9.531350304632811, 54.588337372875934 ], [ 9.532526889814593, 54.589180291336532 ], [ 9.533462345515277, 54.590054264140889 ], [ 9.533511390991579, 54.590677819709441 ], [ 9.535014533342499, 54.591202649653155 ], [ 9.535837216198276, 54.591735395863694 ], [ 9.536112158767473, 54.592024500956576 ], [ 9.536558727820992, 54.592648694074065 ], [ 9.537920989651667, 54.595030656853552 ], [ 9.538294495240418, 54.596274257372812 ], [ 9.53852506479979, 54.597712328299913 ], [ 9.538835309625691, 54.598103821042777 ], [ 9.539293057817501, 54.598364409531101 ], [ 9.539741198699147, 54.598494147182151 ], [ 9.541930172874952, 54.598568142882478 ], [ 9.542162559197472, 54.598951352892669 ], [ 9.542772225352905, 54.59962781358427 ], [ 9.544034672619047, 54.601701708175597 ], [ 9.544302114373505, 54.602225872511376 ], [ 9.544675631979176, 54.603385063901314 ], [ 9.544975678878806, 54.603840875569418 ], [ 9.545528730128787, 54.604424454195872 ], [ 9.545956397551693, 54.604744461231604 ], [ 9.547496930541874, 54.605346100967971 ], [ 9.549060242076902, 54.606633359698918 ], [ 9.549909030293401, 54.607788647953008 ], [ 9.550230234733055, 54.608753990375916 ], [ 9.551996567711436, 54.610243424029541 ], [ 9.551879032093497, 54.610563542111358 ], [ 9.550702012448218, 54.61176518773464 ], [ 9.550779188471223, 54.61195581533633 ], [ 9.553874901855565, 54.612625715869953 ], [ 9.554030972274621, 54.612715896788373 ], [ 9.55444135145526, 54.614019760292543 ], [ 9.556013078775157, 54.616422815414545 ], [ 9.556143476333315, 54.616516575925729 ], [ 9.556327285944736, 54.61649892120419 ], [ 9.557278543366772, 54.615680413137028 ], [ 9.560156698693955, 54.614370469956455 ], [ 9.56310450779571, 54.613223511723163 ], [ 9.563280501517388, 54.613317100325304 ], [ 9.563034631238503, 54.6141046870449 ], [ 9.563065535298296, 54.615441846015216 ], [ 9.563309641678956, 54.615583602639646 ], [ 9.564165040178176, 54.615739051338721 ], [ 9.564261100319451, 54.615863203963514 ], [ 9.563968515422543, 54.617800852366905 ], [ 9.563381447813473, 54.619669701793761 ], [ 9.563297965379601, 54.620781648263772 ], [ 9.562250700276323, 54.622969928476586 ], [ 9.562140223507244, 54.623246506829226 ], [ 9.562177551017131, 54.623417923666601 ], [ 9.564044037297458, 54.624082693748569 ], [ 9.564626943464759, 54.624170804183223 ], [ 9.565669883562217, 54.624568179861122 ], [ 9.567058775032615, 54.624909765791116 ], [ 9.569234930850865, 54.625593922984692 ], [ 9.570675761314856, 54.626129175750201 ], [ 9.571989671945657, 54.626390058629838 ], [ 9.575472862860698, 54.62755058286244 ], [ 9.578207500396262, 54.628298180942132 ], [ 9.579008110634739, 54.62863958977703 ], [ 9.578853078728869, 54.629140537140813 ], [ 9.578925088174749, 54.629628884177286 ], [ 9.578388057613886, 54.630155686144903 ], [ 9.578236923267358, 54.630471081024211 ], [ 9.577007014295972, 54.630790550483866 ], [ 9.576084459812023, 54.631192879337085 ], [ 9.575025539130543, 54.631907577439456 ], [ 9.574562351540957, 54.632339528554809 ], [ 9.574228932929683, 54.632853926093972 ], [ 9.573817674485268, 54.634733812529952 ], [ 9.573203902023423, 54.63633088956562 ], [ 9.572574450807235, 54.637143921898399 ], [ 9.571088599308984, 54.638610881524528 ], [ 9.570559563758842, 54.639448321216662 ], [ 9.569855017876234, 54.641195937021088 ], [ 9.569720012491006, 54.641877275065525 ], [ 9.56999347240165, 54.642972714670925 ], [ 9.570325594604133, 54.643532761975223 ], [ 9.570730428026179, 54.643942735988887 ], [ 9.572784816423832, 54.645176422974195 ], [ 9.573168357106633, 54.645522655533888 ], [ 9.573769661431189, 54.646285686942974 ], [ 9.574440845701799, 54.646315148168021 ], [ 9.577094662570138, 54.64706792687678 ], [ 9.577413790679493, 54.647295276222785 ], [ 9.577896402912291, 54.64791696554596 ], [ 9.578624691572788, 54.648183056031783 ], [ 9.580039647846858, 54.648503697347884 ], [ 9.58093082008193, 54.649088788965422 ], [ 9.583653384846514, 54.649810194320324 ], [ 9.58606149967803, 54.65005378183065 ], [ 9.587473370808961, 54.650396768633435 ], [ 9.588854028005475, 54.650318914818513 ], [ 9.591509471781386, 54.650457129134033 ], [ 9.592080285976461, 54.650558617036161 ], [ 9.593428067164878, 54.651720015033249 ], [ 9.593586658375086, 54.652061524059043 ], [ 9.593677052975325, 54.652643262386718 ], [ 9.594013269987478, 54.653133731768463 ], [ 9.595365583886748, 54.65410209792968 ], [ 9.596142706196638, 54.654830457480259 ], [ 9.596747592869988, 54.655217035555914 ], [ 9.599965286173159, 54.656662136900977 ], [ 9.600437249382827, 54.656964474825081 ], [ 9.601376744610185, 54.657967973200023 ], [ 9.601757019170227, 54.658544519789316 ], [ 9.601798941388935, 54.659124537238171 ], [ 9.601715042171008, 54.659768898213031 ], [ 9.601811728619889, 54.659887391393596 ], [ 9.605181753194975, 54.659680226957107 ], [ 9.611844653276004, 54.659557287987489 ], [ 9.611951975944022, 54.659694018337682 ], [ 9.612303172373528, 54.661624515831178 ], [ 9.612470859627303, 54.661920462549347 ], [ 9.612689876537281, 54.662083714206098 ], [ 9.613048011277538, 54.662191963968738 ], [ 9.615340527008708, 54.6624447949889 ], [ 9.617428536682285, 54.662832881991143 ], [ 9.620191119644421, 54.663709983699356 ], [ 9.62322249926229, 54.664831131555133 ], [ 9.622142751691541, 54.665567311664802 ], [ 9.621854649877896, 54.666024242536785 ], [ 9.621130566913056, 54.666439290119989 ], [ 9.620636708345657, 54.666589000591628 ], [ 9.619873363640197, 54.666521739374161 ], [ 9.619844936958682, 54.666679976945737 ], [ 9.621125263337415, 54.667327259530325 ], [ 9.621191785902967, 54.667618640708959 ], [ 9.621048110652021, 54.66800319438596 ], [ 9.621097156813581, 54.668358348104576 ], [ 9.62187787827486, 54.669180727016119 ], [ 9.622041827444569, 54.669882798550148 ], [ 9.622209613454679, 54.67011439383031 ], [ 9.623370999918587, 54.67041895397454 ], [ 9.626460037804494, 54.672171938798321 ], [ 9.627366595811974, 54.672782621110173 ], [ 9.628246474326115, 54.67312290752335 ], [ 9.627701206811093, 54.673508166506764 ], [ 9.626902315280358, 54.673818977092999 ], [ 9.626366745263164, 54.67476968942109 ], [ 9.625548188828503, 54.675350449978986 ], [ 9.625180966170726, 54.675415390098529 ], [ 9.622512020342821, 54.675441850271483 ], [ 9.621563592492988, 54.675584807520217 ], [ 9.6155665275495, 54.677117307647151 ], [ 9.615485990667617, 54.677040124687274 ], [ 9.615882936686477, 54.676513382718085 ], [ 9.615807927229852, 54.676441304735896 ], [ 9.615285856820194, 54.677095826852018 ], [ 9.615014811445267, 54.677847407064007 ], [ 9.614881227572084, 54.678780115469159 ], [ 9.613771322309553, 54.680875261626525 ], [ 9.613576542893792, 54.681075857467725 ], [ 9.612157865687658, 54.681475477621802 ], [ 9.61116855504963, 54.681662166550019 ], [ 9.609615170089196, 54.681800092091819 ], [ 9.606741440923329, 54.682526287415882 ], [ 9.606314550436569, 54.682543960136108 ], [ 9.605447049755254, 54.682409259783363 ], [ 9.605042950042488, 54.68223304042327 ], [ 9.603656797087085, 54.680143784673064 ], [ 9.602955494513937, 54.679363910851649 ], [ 9.602640624853297, 54.679201572125137 ], [ 9.601327316057036, 54.679171877347599 ], [ 9.598342834455066, 54.679511044504501 ], [ 9.59821834490633, 54.679572385027306 ], [ 9.598167162698372, 54.679846806148092 ], [ 9.596777179838094, 54.679529031766087 ], [ 9.595891077688279, 54.679450714810123 ], [ 9.588900798308025, 54.679609255986598 ], [ 9.588681014629056, 54.679671264433452 ], [ 9.588545338089965, 54.680553050167141 ], [ 9.588462548137871, 54.680713372391004 ], [ 9.588321440764602, 54.680772452591484 ], [ 9.578389867036936, 54.681556151319441 ], [ 9.57834343031851, 54.681651527171525 ], [ 9.578903880180333, 54.682428735262185 ], [ 9.577679095367447, 54.683656974638936 ], [ 9.57564570036271, 54.685279246204075 ], [ 9.574987794533941, 54.686111565905811 ], [ 9.573669993586975, 54.686333589679045 ], [ 9.571849142945062, 54.68765432385166 ], [ 9.571263051604495, 54.687875492000195 ], [ 9.570182370694102, 54.688464896394272 ], [ 9.569479481724112, 54.68808314134661 ], [ 9.567409975896748, 54.687531492356193 ], [ 9.566839391617968, 54.68687438595726 ], [ 9.566404859311996, 54.686665887896623 ], [ 9.566222688057779, 54.686677523442832 ], [ 9.564802796775997, 54.687417289741099 ], [ 9.564368758061178, 54.687486643378492 ], [ 9.563437014399502, 54.687372984807553 ], [ 9.561373302856795, 54.686797071574141 ], [ 9.561098931073609, 54.686854443597554 ], [ 9.560556174813454, 54.686683191294264 ], [ 9.559502895290027, 54.686591926330898 ], [ 9.558798316641647, 54.686342456309063 ], [ 9.557632794830909, 54.686176933065738 ], [ 9.557381209386238, 54.686225577474808 ], [ 9.55605900845379, 54.68851823756836 ], [ 9.555743761507754, 54.689481269632957 ], [ 9.555334093374301, 54.689811284414915 ], [ 9.554043664774454, 54.69030381658407 ], [ 9.552628539117647, 54.690509841067112 ], [ 9.552365153539872, 54.690677088236562 ], [ 9.552232005097023, 54.690869408660724 ], [ 9.552210801161186, 54.691575174635275 ], [ 9.552799491723576, 54.692110215526533 ], [ 9.553055923484619, 54.692652055421959 ], [ 9.553459004429095, 54.693122165523384 ], [ 9.553480999467851, 54.693383005073187 ], [ 9.552242708373749, 54.697108165269803 ], [ 9.550417648538064, 54.697267285314176 ], [ 9.54678302265644, 54.698079679437335 ], [ 9.54430417262602, 54.698726810919517 ], [ 9.541828479732363, 54.700114370817694 ], [ 9.540419548228046, 54.701129564637029 ], [ 9.539303067454274, 54.702059411666987 ], [ 9.538962863996151, 54.702212267755684 ], [ 9.535557059272197, 54.702475799769644 ], [ 9.532840721270512, 54.702903205981258 ], [ 9.532447108878289, 54.703264154098903 ], [ 9.531388626617264, 54.705770238825785 ], [ 9.531210442447268, 54.706023532740893 ], [ 9.530735189340877, 54.706280867651614 ], [ 9.530684010941513, 54.706473875316377 ], [ 9.530541871305873, 54.706616111087293 ], [ 9.529676450601739, 54.707035170219463 ], [ 9.527174016523249, 54.707222820232147 ], [ 9.52590004354211, 54.707464618297834 ], [ 9.521984714470221, 54.70871941336285 ], [ 9.520370977242262, 54.70935598772158 ], [ 9.519794620498711, 54.709444933631026 ], [ 9.517751773518125, 54.709350378494769 ], [ 9.515350243602956, 54.709492979983089 ], [ 9.511452981545414, 54.708997168827715 ], [ 9.510633608770425, 54.708955720980939 ], [ 9.508618103505226, 54.70903498606242 ], [ 9.506952692873375, 54.70897998204962 ], [ 9.506650313760407, 54.709059774252147 ], [ 9.506523119957389, 54.709436871456901 ], [ 9.506530884524453, 54.710141783672469 ], [ 9.507220592359408, 54.711959317750093 ], [ 9.507316997191424, 54.712421984932469 ], [ 9.507252445176439, 54.71388659560504 ], [ 9.506975240110497, 54.71481466100412 ], [ 9.505934341170548, 54.716824880035411 ], [ 9.50510233182978, 54.718077975085933 ], [ 9.504429673798587, 54.718606237132249 ], [ 9.503173845168396, 54.719263962369908 ], [ 9.502483923974493, 54.720110730727349 ], [ 9.50225414170386, 54.720709274179477 ], [ 9.502081273735707, 54.72218763639259 ], [ 9.501548203627742, 54.722817434733848 ], [ 9.500930252400652, 54.723334464768783 ], [ 9.499571207480686, 54.724184772052396 ], [ 9.498091625081413, 54.725289545924696 ], [ 9.495505074838437, 54.726564741958455 ], [ 9.494010770100743, 54.727196415493793 ], [ 9.492495401434832, 54.728236832149399 ], [ 9.491958346222191, 54.728471073461073 ], [ 9.489623902597099, 54.729119693947872 ], [ 9.488618759079346, 54.729585446248045 ], [ 9.485414128899997, 54.732063393485817 ], [ 9.483494105818849, 54.733421481622997 ], [ 9.480486806902642, 54.732494837428476 ], [ 9.478351814292399, 54.732390046203435 ], [ 9.474075187206038, 54.731057184721692 ], [ 9.473489491895281, 54.730758838058726 ], [ 9.472953170398021, 54.73060868158926 ], [ 9.454816362229222, 54.728215640609186 ], [ 9.454621579460634, 54.728119079769883 ], [ 9.45455928390623, 54.727926567535931 ], [ 9.454523886545179, 54.727061316155307 ], [ 9.45467976975729, 54.726044906842127 ], [ 9.454404197763248, 54.724445655040427 ], [ 9.454047042123355, 54.723948518738005 ], [ 9.454173772895793, 54.723611659596841 ], [ 9.45397001969045, 54.723034716766435 ], [ 9.453449290295881, 54.722287469968052 ], [ 9.450165837440327, 54.720650243369974 ], [ 9.450078309022263, 54.720576635450513 ], [ 9.450121801524448, 54.720155905737407 ], [ 9.450021244037117, 54.7200309007969 ], [ 9.44499523143929, 54.717619901462264 ], [ 9.444452066790971, 54.7174622926605 ], [ 9.444113974479114, 54.717522780171258 ], [ 9.444091380585709, 54.71951451325954 ], [ 9.443580142890095, 54.719675192856435 ], [ 9.442479783574168, 54.719677982688232 ], [ 9.441984307241741, 54.720020835250743 ], [ 9.441636028820554, 54.720144427545236 ], [ 9.441080662894723, 54.720045975447775 ], [ 9.440253157965831, 54.720141425060227 ], [ 9.440098813166315, 54.719991267620301 ], [ 9.439794091092264, 54.719968227503806 ], [ 9.439443301625468, 54.720088096451533 ], [ 9.439136844609944, 54.719993763192846 ], [ 9.4386919538419, 54.719460936276676 ], [ 9.438331363374809, 54.719230477156188 ], [ 9.438156308101007, 54.718970020264017 ], [ 9.43755593084949, 54.718609131886112 ], [ 9.437123306680833, 54.718221752587155 ], [ 9.436765584187924, 54.717585208658889 ], [ 9.436360516429186, 54.717115541324794 ], [ 9.436359257064838, 54.71699970735505 ], [ 9.436612530759575, 54.716775466444332 ], [ 9.43674127475423, 54.716528443158246 ], [ 9.435950311658893, 54.715919429090121 ], [ 9.435231964629605, 54.715608465422925 ], [ 9.434463158144903, 54.715602859309257 ], [ 9.433388787194929, 54.715437790968444 ], [ 9.432252456643328, 54.715810367265576 ], [ 9.431009553364898, 54.715738875876497 ], [ 9.430761828776321, 54.715643928345592 ], [ 9.430250172678125, 54.715609318520762 ], [ 9.429609532766685, 54.715473924321316 ], [ 9.428677046944577, 54.715115168191332 ], [ 9.428089958312984, 54.714537299508464 ], [ 9.426178391428449, 54.714131826103291 ], [ 9.425734164457431, 54.713881289827469 ], [ 9.424772128372835, 54.713098540043966 ], [ 9.42348993649834, 54.712587363319592 ], [ 9.422802451719237, 54.712527832256761 ], [ 9.422499704234857, 54.71262149810687 ], [ 9.420783511012848, 54.712566163670012 ], [ 9.419414964795562, 54.711866142237042 ], [ 9.418339023419602, 54.711464646277463 ], [ 9.416625137553938, 54.711501494302532 ], [ 9.415825786489707, 54.711935477411721 ], [ 9.415466072368197, 54.711679619288084 ], [ 9.415522358725577, 54.711539941278232 ], [ 9.416003550106586, 54.711168003440754 ], [ 9.417032505943698, 54.710815275572237 ], [ 9.417393426448463, 54.710595331828728 ], [ 9.417588119709942, 54.710098599963096 ], [ 9.418008165584178, 54.70983821989055 ], [ 9.418066220243398, 54.709704485383362 ], [ 9.41802190734438, 54.709549662070337 ], [ 9.415241248990263, 54.708763323770803 ], [ 9.416452995993433, 54.707271299054277 ], [ 9.417528085038265, 54.706515217818186 ], [ 9.423735671929855, 54.702589081266403 ], [ 9.429367949104847, 54.702022729976576 ], [ 9.429641558589136, 54.701895317712072 ], [ 9.42998019512418, 54.701292439503462 ], [ 9.430212609447334, 54.701152220300351 ], [ 9.430727513806474, 54.701322729899715 ], [ 9.431679779959387, 54.701489793514938 ], [ 9.432074573677214, 54.70168827096839 ], [ 9.432543768279107, 54.702339168635277 ], [ 9.433525748820706, 54.702817962237816 ], [ 9.433961234611413, 54.703282718156615 ], [ 9.434861049958785, 54.703803868688787 ], [ 9.435600111625021, 54.704698503901014 ], [ 9.435797424004129, 54.704743680754092 ], [ 9.436994054545522, 54.705530254017596 ], [ 9.437323676860665, 54.705639038806837 ], [ 9.437581242972325, 54.705596785425726 ], [ 9.437758498432077, 54.705512099299455 ], [ 9.437775310863699, 54.70533210024098 ], [ 9.438007890588686, 54.705113652058735 ], [ 9.437646720604969, 54.70402880181976 ], [ 9.436669942880123, 54.702103013603825 ], [ 9.436296085538624, 54.701655523759705 ], [ 9.436424708314869, 54.701510344496526 ], [ 9.435666048089626, 54.70011355247432 ], [ 9.442126157674302, 54.699463106491443 ], [ 9.44467326205141, 54.698111742734284 ], [ 9.446975594476653, 54.696742300644431 ], [ 9.448694371962935, 54.695885994575846 ], [ 9.450223115995513, 54.695391761038621 ], [ 9.450777140261428, 54.695084049764532 ], [ 9.451281587286555, 54.6950485097274 ], [ 9.451846731216568, 54.694770060050011 ], [ 9.452630086783026, 54.694637488273671 ], [ 9.453036303743115, 54.694817165691681 ], [ 9.453669685711686, 54.694746900549283 ], [ 9.455704665733883, 54.694120384415179 ], [ 9.456157886453441, 54.693853960410642 ], [ 9.456473582126918, 54.69332411394948 ], [ 9.456633962720723, 54.692314746563689 ], [ 9.456477652413836, 54.692086510228606 ], [ 9.456158767892422, 54.691981291760776 ], [ 9.456276885182444, 54.691401958360593 ], [ 9.455959810911326, 54.691067389969582 ], [ 9.456187235417094, 54.690785679770215 ], [ 9.45639166606499, 54.690277386782235 ], [ 9.45626267165551, 54.689915308782027 ], [ 9.456461781614244, 54.68974559507366 ], [ 9.456745356630975, 54.689255766663301 ], [ 9.456738616728485, 54.688533319970702 ], [ 9.456412069245784, 54.688226026944754 ], [ 9.455385388960904, 54.688044739457311 ], [ 9.4551627661238, 54.687754799819963 ], [ 9.454828524729498, 54.687565115191845 ], [ 9.45374941977882, 54.687453953965189 ], [ 9.452508635518157, 54.687165978256537 ], [ 9.452185947412842, 54.686959940355329 ], [ 9.451827948834879, 54.686467877402386 ], [ 9.451892707600409, 54.686350118706066 ], [ 9.451849727738908, 54.686184169763877 ], [ 9.451433027735458, 54.685908144034393 ], [ 9.450839131871859, 54.685224564664999 ], [ 9.449627204170744, 54.68438111598303 ], [ 9.448509892946834, 54.683373214268691 ], [ 9.448498076348285, 54.683144880202597 ], [ 9.44866490109448, 54.682854706294869 ], [ 9.44871725485619, 54.682046808068741 ], [ 9.44896623322998, 54.681584424141626 ], [ 9.448746862812834, 54.681306529985775 ], [ 9.448508013814765, 54.681250241923827 ], [ 9.448455885703593, 54.681169730242345 ], [ 9.448871855748743, 54.679495840586426 ], [ 9.448878511023713, 54.678081471358119 ], [ 9.448773773873107, 54.677067128580916 ], [ 9.45002624990201, 54.676825413907423 ], [ 9.450207318433669, 54.676731488415953 ], [ 9.450260116203028, 54.676583393739676 ], [ 9.449472430511896, 54.673575616909226 ], [ 9.451088512316725, 54.673162987571132 ], [ 9.451482891000063, 54.672847096164467 ], [ 9.4520741730529, 54.672060012952372 ], [ 9.451690578887328, 54.669958543886395 ], [ 9.451665489574571, 54.669443366444895 ], [ 9.451870021102676, 54.66924225661959 ], [ 9.452845801972048, 54.668833033430978 ], [ 9.453176559219456, 54.66859566027626 ], [ 9.454565616189912, 54.664907733643581 ], [ 9.454468026258738, 54.664580495129428 ], [ 9.4533846356489, 54.663778326933716 ], [ 9.453155647278084, 54.663475156671183 ], [ 9.453440688883115, 54.662171689199816 ], [ 9.453955501221143, 54.660658659456182 ], [ 9.454237803116078, 54.659054973700236 ], [ 9.454646224220816, 54.658629669796291 ], [ 9.455097737107373, 54.658305611886583 ], [ 9.457067958111073, 54.65802469562859 ], [ 9.457159928412421, 54.657950622871084 ], [ 9.456840935258558, 54.65719179224206 ], [ 9.456613320993073, 54.655948631016685 ], [ 9.456559486480309, 54.655553183028914 ], [ 9.456600727171521, 54.654392579145245 ], [ 9.456910936266334, 54.653170642009322 ], [ 9.457603828814285, 54.652620970600168 ], [ 9.457763305459999, 54.652188645689314 ], [ 9.457438807571178, 54.651752328823171 ], [ 9.456662925383862, 54.651737825721298 ], [ 9.456551369504812, 54.651639705400981 ], [ 9.45658651966099, 54.65104798510184 ], [ 9.456956003017785, 54.650043937717008 ], [ 9.456842840058751, 54.649497892780502 ], [ 9.456649198686041, 54.649141830939861 ], [ 9.456055207403367, 54.64854374543873 ], [ 9.455863623571744, 54.648484731795605 ], [ 9.453612918507382, 54.648667269689007 ], [ 9.451489103678544, 54.649043776795992 ], [ 9.450479859958136, 54.649115553453449 ], [ 9.451278857246844, 54.646497307170357 ], [ 9.451273966820628, 54.646401687037141 ], [ 9.451088642216506, 54.646246243136723 ], [ 9.450534465371202, 54.646048615128151 ], [ 9.447168005734715, 54.645219209473083 ], [ 9.443688757778087, 54.643909925192112 ], [ 9.440582169402358, 54.643055989056826 ], [ 9.439981023761607, 54.642771028562656 ], [ 9.439856083573169, 54.642545696266552 ], [ 9.440267783215386, 54.641068105837853 ], [ 9.441416578951042, 54.638187709916203 ], [ 9.441478186911558, 54.637859847807832 ], [ 9.441386881327558, 54.637741464242751 ] ], [ [ 9.436283915553464, 54.557979250200063 ], [ 9.436350278556347, 54.55798682485819 ], [ 9.436420304678839, 54.557988074125042 ], [ 9.436340534018569, 54.557987757784026 ], [ 9.436283915553464, 54.557979250200063 ] ], [ [ 9.380074701750802, 54.555356016012958 ], [ 9.383139440610849, 54.555667839277938 ], [ 9.383483435395203, 54.55580814093922 ], [ 9.38427246318826, 54.555943224399151 ], [ 9.383865158513322, 54.556715502765393 ], [ 9.383858157761434, 54.55688272201126 ], [ 9.384070365944693, 54.557031763060706 ], [ 9.384868776190849, 54.557199206630045 ], [ 9.383983635329582, 54.558693636426007 ], [ 9.383917244388641, 54.558850822627385 ], [ 9.383977687060497, 54.558944346601052 ], [ 9.386509402049128, 54.559400202013407 ], [ 9.388769431944729, 54.559582730717864 ], [ 9.388375832615475, 54.560371012846069 ], [ 9.38757012274691, 54.563028097117929 ], [ 9.387166847536653, 54.563802406285305 ], [ 9.38723588447793, 54.563906507946882 ], [ 9.388222303821712, 54.564445892597639 ], [ 9.388341458625163, 54.564850182296304 ], [ 9.388475429959495, 54.564961537836901 ], [ 9.395216429686027, 54.566936863226573 ], [ 9.395631192112937, 54.567193482861953 ], [ 9.39618940116404, 54.567719366009655 ], [ 9.396644962384924, 54.567979503594159 ], [ 9.39907984776395, 54.568397023819536 ], [ 9.399373338803953, 54.568510394218904 ], [ 9.400089928951557, 54.569042290067451 ], [ 9.401414393261746, 54.570442621388885 ], [ 9.402413274017576, 54.571014078803387 ], [ 9.403489128728637, 54.571256801277137 ], [ 9.405195861799612, 54.570653615284584 ], [ 9.405935680085888, 54.572355369287415 ], [ 9.406348327635319, 54.573756332764425 ], [ 9.406557142270954, 54.574989543614834 ], [ 9.406448803923357, 54.57630153355263 ], [ 9.406589033088657, 54.576816007442631 ], [ 9.407841127965337, 54.578582080430444 ], [ 9.408428787235994, 54.580169556669986 ], [ 9.408789288173011, 54.581812986428183 ], [ 9.40885112563682, 54.582602002700817 ], [ 9.408811185348481, 54.583870614122183 ], [ 9.408326759933008, 54.586092631889727 ], [ 9.408553263420105, 54.587047683866643 ], [ 9.409675383561703, 54.589833314769272 ], [ 9.409640170823288, 54.590801975279646 ], [ 9.410009275354994, 54.591090693428477 ], [ 9.411015593979162, 54.591520767279732 ], [ 9.411100403848407, 54.591857730252052 ], [ 9.410888366717959, 54.592603448070228 ], [ 9.41101482480803, 54.592765097033237 ], [ 9.412306868328809, 54.592947025645991 ], [ 9.413683322021463, 54.592968250699052 ], [ 9.413630583638255, 54.59363960895756 ], [ 9.413880655190924, 54.592944769839335 ], [ 9.420854905983644, 54.593309021020474 ], [ 9.42090674267091, 54.593435851519814 ], [ 9.42043905014463, 54.602300475407063 ], [ 9.420536610928055, 54.602446207431228 ], [ 9.420815239748269, 54.602578587488956 ], [ 9.424250400390665, 54.603523666241706 ], [ 9.423956660040719, 54.603773157603058 ], [ 9.422698443997421, 54.604120886457444 ], [ 9.422150273261563, 54.604329227974155 ], [ 9.421832044419288, 54.604569030113993 ], [ 9.421288873566169, 54.60572240103096 ], [ 9.420038559623537, 54.606857199501718 ], [ 9.417710792681945, 54.609227970373837 ], [ 9.411891480566885, 54.61543923868863 ], [ 9.402772069195088, 54.622772043441373 ], [ 9.395808440037674, 54.627158937542163 ], [ 9.395650545073702, 54.627082444212228 ], [ 9.387867345367386, 54.618500598357635 ], [ 9.385614964525894, 54.616910855121567 ], [ 9.385261348091758, 54.616908646524166 ], [ 9.384177060612917, 54.617393677840319 ], [ 9.382970738504264, 54.618463425371218 ], [ 9.382101843477818, 54.61888467423843 ], [ 9.381798350919295, 54.619117869143807 ], [ 9.38034492443705, 54.620463138531285 ], [ 9.380208336933864, 54.620226240173842 ], [ 9.379651030032814, 54.62014562217616 ], [ 9.366623830031148, 54.61923199618456 ], [ 9.366180607346251, 54.619142834310409 ], [ 9.364331258003954, 54.618524935846793 ], [ 9.363950673798808, 54.61829417873254 ], [ 9.362916538780395, 54.616727456221078 ], [ 9.361572555161755, 54.615378244623848 ], [ 9.360436444645723, 54.612691308584566 ], [ 9.360140634397773, 54.61236246230709 ], [ 9.35965405706192, 54.612046830834664 ], [ 9.356326265552811, 54.611142609738586 ], [ 9.341873112110621, 54.607675458832858 ], [ 9.340950791237391, 54.607484853981397 ], [ 9.339816093753853, 54.607439506224701 ], [ 9.34021041758138, 54.59912949078754 ], [ 9.340812160202066, 54.596698528138461 ], [ 9.342574442668761, 54.596803509621679 ], [ 9.343260162624281, 54.597046018071502 ], [ 9.345386235493317, 54.596850343908535 ], [ 9.345875894129158, 54.596973193832902 ], [ 9.346692743070331, 54.596481969811002 ], [ 9.347098461252799, 54.596082512593235 ], [ 9.346990975575771, 54.595808572866979 ], [ 9.346648245859486, 54.595660876738094 ], [ 9.346393654368008, 54.59543747340355 ], [ 9.346448729900082, 54.595365885662616 ], [ 9.34684350274172, 54.59512342199654 ], [ 9.347677427832609, 54.594911811053187 ], [ 9.34850831189612, 54.595381106048549 ], [ 9.349618222460824, 54.595822143489897 ], [ 9.351086954398381, 54.596258889968993 ], [ 9.352257732703562, 54.59699878273014 ], [ 9.3528854865912, 54.597256220817982 ], [ 9.355398679578316, 54.599071684981176 ], [ 9.3592700209834, 54.600279239836354 ], [ 9.359897202673752, 54.600333441954739 ], [ 9.36012493873424, 54.600168559694687 ], [ 9.361196360293654, 54.597978237054065 ], [ 9.361938319306107, 54.597424126819909 ], [ 9.361937637012737, 54.597280196434724 ], [ 9.360636542597753, 54.596470974234869 ], [ 9.35979880780768, 54.595786591365439 ], [ 9.35823856836967, 54.594290396251274 ], [ 9.356955014115814, 54.593198663163456 ], [ 9.356011952033626, 54.591846837437231 ], [ 9.35836641398727, 54.591546295499668 ], [ 9.358762033130324, 54.591563483806141 ], [ 9.360030388643002, 54.59134874069273 ], [ 9.360580598543809, 54.591338459869256 ], [ 9.363401361535878, 54.590906973659209 ], [ 9.365698673818512, 54.589108897051375 ], [ 9.366613383246726, 54.588490318840698 ], [ 9.367248681366959, 54.586720599107757 ], [ 9.367437129665307, 54.586633405586362 ], [ 9.370083208141407, 54.586826762602016 ], [ 9.370504359860497, 54.586714829855943 ], [ 9.370748711511402, 54.586553030273684 ], [ 9.372414176273724, 54.584435194798623 ], [ 9.372415696022678, 54.584248146578766 ], [ 9.372062974703221, 54.584166349157798 ], [ 9.369555393135618, 54.584032295468347 ], [ 9.368071109122516, 54.583467976045291 ], [ 9.366048213496663, 54.582430688389564 ], [ 9.365789462945159, 54.582198478307312 ], [ 9.365915907495189, 54.581891522470947 ], [ 9.36585628244449, 54.581671044920441 ], [ 9.364561862358814, 54.580286757851589 ], [ 9.364600112194314, 54.580091263044707 ], [ 9.365286301507767, 54.578968164296853 ], [ 9.36552366206416, 54.578806508094623 ], [ 9.367711943989971, 54.577996143452879 ], [ 9.367953133135689, 54.577718310044254 ], [ 9.368146570803983, 54.576997435057386 ], [ 9.368331082427298, 54.576695345262912 ], [ 9.368699882774852, 54.576448705993165 ], [ 9.369413705397765, 54.576156390494234 ], [ 9.369551562307416, 54.576020804003939 ], [ 9.369309027582617, 54.575732667372584 ], [ 9.367703755078203, 54.574485937470278 ], [ 9.366475621726302, 54.573670849499067 ], [ 9.365164921190166, 54.572946600139836 ], [ 9.366298540130135, 54.571050055750021 ], [ 9.366469711040672, 54.567944484323178 ], [ 9.366600723780749, 54.567860895465579 ], [ 9.367490264996107, 54.567823954898039 ], [ 9.367640327351692, 54.567709395684197 ], [ 9.367843536344635, 54.564937761572082 ], [ 9.369145954873394, 54.564382075800204 ], [ 9.36939452241854, 54.564185165485171 ], [ 9.369446933728005, 54.564046381384941 ], [ 9.369013807454552, 54.562042576696562 ], [ 9.369344451501805, 54.561305990836033 ], [ 9.368078790076547, 54.558371774271244 ], [ 9.36779645210861, 54.557882032099272 ], [ 9.366560773725434, 54.556640010091805 ], [ 9.366022711306629, 54.556174664466113 ], [ 9.365257338473473, 54.555875728273776 ], [ 9.365324326466135, 54.555742771547848 ], [ 9.366405739097532, 54.555457619257318 ], [ 9.368749539899431, 54.554548796670836 ], [ 9.369850639122477, 54.554317616648589 ], [ 9.370976119878302, 54.554227759437843 ], [ 9.372402213735967, 54.554260012198156 ], [ 9.373377567959526, 54.554372009394399 ], [ 9.377664970702227, 54.554986122470318 ], [ 9.378583310562119, 54.555045002947615 ], [ 9.380074701750802, 54.555356016012958 ] ], [ [ 9.392454912494797, 54.566024395843797 ], [ 9.393386464795629, 54.565380277615773 ], [ 9.396905306206264, 54.563489566644748 ], [ 9.398144655875837, 54.563108610663569 ], [ 9.399085945020417, 54.562514960472647 ], [ 9.401390026359671, 54.561320809139708 ], [ 9.402487408581178, 54.560653910272798 ], [ 9.407104482284307, 54.558280622020646 ], [ 9.408046231459174, 54.558509471888556 ], [ 9.408978292077929, 54.558619071795512 ], [ 9.415620465795788, 54.558376899266257 ], [ 9.416880622003069, 54.558506797704879 ], [ 9.414412648402106, 54.561696661538086 ], [ 9.408710599050046, 54.566709799853356 ], [ 9.407462723785327, 54.567528278736923 ], [ 9.406772191082739, 54.568459839499333 ], [ 9.405841034173987, 54.569374875754264 ], [ 9.405155330814173, 54.570529778710764 ], [ 9.403526244881906, 54.571138152539859 ], [ 9.403298178239613, 54.571145965678106 ], [ 9.402387300151462, 54.570884959568076 ], [ 9.401650399860447, 54.570460741326734 ], [ 9.40125579149081, 54.570142775185438 ], [ 9.400210217392329, 54.568942756157895 ], [ 9.399453726654508, 54.568369912374507 ], [ 9.396679965722656, 54.567850440030973 ], [ 9.39638050996343, 54.567685600499573 ], [ 9.395442536076919, 54.566877029086967 ], [ 9.392454912494797, 54.566024395843797 ] ], [ [ 9.416691986873623, 54.558385263294461 ], [ 9.416425850376042, 54.558355746473154 ], [ 9.416596483288265, 54.558350967742612 ], [ 9.416691986873623, 54.558385263294461 ] ], [ [ 9.387147242574713, 54.556261352822382 ], [ 9.387127292731721, 54.556175446740355 ], [ 9.386564329388777, 54.556077152533369 ], [ 9.386667425517498, 54.555777770407666 ], [ 9.386828466361289, 54.555596295751947 ], [ 9.387354992178579, 54.555433498065305 ], [ 9.387780448438436, 54.555125074239477 ], [ 9.388322264535409, 54.555035172659423 ], [ 9.389303388918341, 54.554203667649695 ], [ 9.389372590518258, 54.554091995974176 ], [ 9.389337106167327, 54.553954718211045 ], [ 9.388253712229929, 54.553541003762277 ], [ 9.388193226836044, 54.553493809737127 ], [ 9.388361315381967, 54.553323835932709 ], [ 9.388243604034871, 54.553250319284579 ], [ 9.387060254891873, 54.554436456923618 ], [ 9.386261942315466, 54.555006798808883 ], [ 9.386030952349834, 54.555030658270887 ], [ 9.385712338698374, 54.554874957785671 ], [ 9.393039973138261, 54.547898436187644 ], [ 9.393743317303899, 54.54741057660587 ], [ 9.394479551222433, 54.546533690095472 ], [ 9.395103043359711, 54.546105370215926 ], [ 9.395854846930078, 54.545372561050215 ], [ 9.396185165390104, 54.544941340819562 ], [ 9.397664245056628, 54.543904441741617 ], [ 9.399180988989473, 54.54299796347113 ], [ 9.399257066035156, 54.542628976139113 ], [ 9.399813416416626, 54.541629340563013 ], [ 9.406863564286375, 54.543161680487941 ], [ 9.41333748546975, 54.544254105126612 ], [ 9.411813841768423, 54.547230593223006 ], [ 9.410351050598218, 54.549813765573049 ], [ 9.408372836396188, 54.549914170659562 ], [ 9.406869249761112, 54.550099774528178 ], [ 9.406393127023144, 54.550282210879217 ], [ 9.405892117659807, 54.550600293714112 ], [ 9.405466870909931, 54.551286889425867 ], [ 9.405233678132474, 54.551434909285661 ], [ 9.404085347352002, 54.551428919309402 ], [ 9.403068307913465, 54.551318483896118 ], [ 9.402820329342038, 54.551373048902072 ], [ 9.401775995422664, 54.552093211221312 ], [ 9.400661647053857, 54.553628709291011 ], [ 9.400601956525632, 54.55384796403213 ], [ 9.398017700721683, 54.553765699562945 ], [ 9.397679287511128, 54.553857509498044 ], [ 9.39632955132884, 54.555985716743464 ], [ 9.395968954101587, 54.556689360011816 ], [ 9.388985910766703, 54.556287748974526 ], [ 9.387147242574713, 54.556261352822382 ] ], [ [ 9.387282283375917, 54.555332970617805 ], [ 9.386773303299261, 54.555426728231467 ], [ 9.386162976416259, 54.556045622217447 ], [ 9.384873476562092, 54.555862139213779 ], [ 9.384776979526793, 54.555789427465882 ], [ 9.384815864722956, 54.555671953182141 ], [ 9.385622688681458, 54.554944697754003 ], [ 9.386169331339268, 54.555140269263163 ], [ 9.386707508941482, 54.554834286699624 ], [ 9.38811083484792, 54.553554120966993 ], [ 9.389257662652941, 54.55401921658369 ], [ 9.389259420075753, 54.554100540520757 ], [ 9.389040012091417, 54.554309261820677 ], [ 9.388186604504602, 54.554952147974511 ], [ 9.387678451073013, 54.555031009196199 ], [ 9.387282283375917, 54.555332970617805 ] ], [ [ 9.387270952561305, 54.556380001654873 ], [ 9.390149723855219, 54.556550826072439 ], [ 9.390340709872435, 54.55667870058921 ], [ 9.388833379898685, 54.559501690241234 ], [ 9.386524304654969, 54.559301294254439 ], [ 9.384021356260591, 54.558849398341259 ], [ 9.384971143389217, 54.557198713559771 ], [ 9.384867509477363, 54.557057488325164 ], [ 9.384098086634159, 54.556935639259422 ], [ 9.383949379666731, 54.556840430255313 ], [ 9.384330428495343, 54.556024868733722 ], [ 9.387270952561305, 54.556380001654873 ] ], [ [ 9.390563339987322, 54.556587319819499 ], [ 9.400530872120045, 54.557117004448131 ], [ 9.400924506112988, 54.557268884071135 ], [ 9.401800865180636, 54.557206648017093 ], [ 9.403308363855817, 54.55727317671748 ], [ 9.403892782491672, 54.557370210551113 ], [ 9.406958372662041, 54.558233982036242 ], [ 9.402440398516351, 54.560565633443595 ], [ 9.401340492588723, 54.561233730120385 ], [ 9.399035053476505, 54.562428817234562 ], [ 9.398098176388729, 54.563019993576553 ], [ 9.396859802375255, 54.563400396089392 ], [ 9.393336265331724, 54.56529376356027 ], [ 9.392290128707391, 54.565974108513977 ], [ 9.388602028757397, 54.564866740203072 ], [ 9.38844613748344, 54.564733626665074 ], [ 9.388453283823253, 54.564502348398825 ], [ 9.388353162076182, 54.564349613477894 ], [ 9.387339645419253, 54.563773591934051 ], [ 9.387743850113097, 54.56310205791636 ], [ 9.38847584864593, 54.560577148947253 ], [ 9.390563339987322, 54.556587319819499 ] ], [ [ 9.390350244210941, 54.556564739126649 ], [ 9.390439013728582, 54.556605567382988 ], [ 9.390432398726977, 54.556619745609282 ], [ 9.390350244210941, 54.556564739126649 ] ], [ [ 9.386523234012458, 54.555866496524466 ], [ 9.386459906025525, 54.556075998109321 ], [ 9.386409064407269, 54.556069714888942 ], [ 9.386523234012458, 54.555866496524466 ] ], [ [ 9.411463858845782, 54.548029521500986 ], [ 9.415402141325275, 54.540604217426747 ], [ 9.416503515270049, 54.538931516737854 ], [ 9.417002576467066, 54.53848255677503 ], [ 9.418096775521343, 54.537732319275584 ], [ 9.419488604032194, 54.537099891558427 ], [ 9.421162355933205, 54.536167478088046 ], [ 9.421305778066833, 54.536012145259114 ], [ 9.430917838819434, 54.535698025988452 ], [ 9.431502908095176, 54.535612228768848 ], [ 9.431417042920064, 54.536863957736699 ], [ 9.431224049980768, 54.536931316386699 ], [ 9.430290814141436, 54.536944592200136 ], [ 9.429553887283879, 54.537201281367281 ], [ 9.427043606531443, 54.539384146163307 ], [ 9.425433541553105, 54.540059789052854 ], [ 9.423369527330699, 54.542513985568711 ], [ 9.423205727180102, 54.542820221673857 ], [ 9.423265060170355, 54.542935005700137 ], [ 9.42280515387125, 54.545215743671903 ], [ 9.422381889422939, 54.548040766949562 ], [ 9.422237106293331, 54.548509229328999 ], [ 9.421525824341472, 54.548555125645024 ], [ 9.411463858845782, 54.548029521500986 ] ], [ [ 9.230031876594001, 54.354973028737035 ], [ 9.231123291244334, 54.354101773921272 ], [ 9.233814632874818, 54.35249067860321 ], [ 9.236815303286438, 54.351421298577606 ], [ 9.237997497745154, 54.351076089211489 ], [ 9.260930633751901, 54.346235188482247 ], [ 9.263511314517038, 54.34553406737745 ], [ 9.265952898344541, 54.344503257517793 ], [ 9.270175442975805, 54.341876444868753 ], [ 9.271232285970672, 54.342184193179484 ], [ 9.270111287177732, 54.342742861475109 ], [ 9.269988858438607, 54.342936639007029 ], [ 9.270122378416392, 54.343045392464212 ], [ 9.275720001041346, 54.344178870997702 ], [ 9.27951962972085, 54.344571956990556 ], [ 9.282797138900611, 54.345153828916921 ], [ 9.284179153788418, 54.345410236710315 ], [ 9.286127551335417, 54.345972476341416 ], [ 9.288573311147934, 54.347331138521632 ], [ 9.288497998680821, 54.347832560708014 ], [ 9.280688348072673, 54.353371070171704 ], [ 9.277398892556374, 54.354125057581626 ], [ 9.270103650861545, 54.359165538318074 ], [ 9.269686925048953, 54.359244615357163 ], [ 9.267780300659233, 54.358798129342247 ], [ 9.267472409965114, 54.35880326226566 ], [ 9.267231885598996, 54.358917342404759 ], [ 9.266475929309506, 54.359790813545388 ], [ 9.266451751060353, 54.360021156549024 ], [ 9.268667739494587, 54.360613904520619 ], [ 9.267050666720124, 54.36244724273805 ], [ 9.266352559566442, 54.36369023487952 ], [ 9.266432460215579, 54.363834399732802 ], [ 9.267204230819928, 54.364238761744012 ], [ 9.269995585160796, 54.36498551527216 ], [ 9.271077494931054, 54.365402017395162 ], [ 9.273322284541656, 54.367445632481761 ], [ 9.273647977713292, 54.367931777436482 ], [ 9.27419342091353, 54.369121327529989 ], [ 9.274826082617066, 54.371382146593376 ], [ 9.275400755699927, 54.373055950626366 ], [ 9.275754823092353, 54.37341004180837 ], [ 9.276437359221388, 54.374331976562367 ], [ 9.277268682189561, 54.374156540158516 ], [ 9.279096635905281, 54.374353566705736 ], [ 9.281613103766166, 54.37475233662736 ], [ 9.283805607049871, 54.375321706107677 ], [ 9.284323915415898, 54.375782422734517 ], [ 9.28520431658829, 54.376168108256962 ], [ 9.285718847469141, 54.376763459560244 ], [ 9.286021502388154, 54.376934975941182 ], [ 9.286533172650245, 54.377136502417301 ], [ 9.287847623146858, 54.377305782554217 ], [ 9.288624812982002, 54.377722350406614 ], [ 9.289020909150505, 54.378101162642068 ], [ 9.290109579629458, 54.379695634180358 ], [ 9.290316913754122, 54.379818793372081 ], [ 9.293293013231434, 54.379291860150559 ], [ 9.296460966340277, 54.378567693425943 ], [ 9.300293585904098, 54.378245503633622 ], [ 9.304984461725665, 54.377077916031247 ], [ 9.307194294298139, 54.376697130842217 ], [ 9.308587671044792, 54.376573833673703 ], [ 9.313772645481402, 54.376508575300527 ], [ 9.315909328415874, 54.376311519529182 ], [ 9.316154392066949, 54.376389459106036 ], [ 9.3162417159025, 54.377177286896824 ], [ 9.315654329733809, 54.377839989496579 ], [ 9.315203051366982, 54.378918597410532 ], [ 9.314938669163935, 54.379351885121366 ], [ 9.314910002259669, 54.379863281674979 ], [ 9.315091465308701, 54.380601430441352 ], [ 9.314942553008326, 54.38088732897139 ], [ 9.31463760756813, 54.381194328192834 ], [ 9.313117274120652, 54.382038976955329 ], [ 9.311711267367484, 54.382432344875383 ], [ 9.311389430959432, 54.382606524157161 ], [ 9.31110416066973, 54.38296076588405 ], [ 9.311174162615631, 54.38360226392529 ], [ 9.310944437120444, 54.384027120600912 ], [ 9.31058573969255, 54.384430204196015 ], [ 9.309278130503282, 54.385572995606964 ], [ 9.308889188375751, 54.385754180689695 ], [ 9.303902233212886, 54.387200065672864 ], [ 9.302889797851282, 54.387900521159544 ], [ 9.302503820918655, 54.388410964387965 ], [ 9.302223241032356, 54.389051271356003 ], [ 9.302421445784796, 54.39081029693827 ], [ 9.302447578626168, 54.391373945277437 ], [ 9.302384254889274, 54.391549464690499 ], [ 9.301131850170709, 54.392796110954066 ], [ 9.300680449955669, 54.39363967309243 ], [ 9.300554992253204, 54.394202266956995 ], [ 9.300421860415184, 54.395637885183945 ], [ 9.300404301077332, 54.396148807641289 ], [ 9.300471496502158, 54.396359506969119 ], [ 9.300624287880177, 54.396418467158114 ], [ 9.301781783113178, 54.396233821122884 ], [ 9.305422725576562, 54.395468212216414 ], [ 9.30933272674064, 54.39514555670501 ], [ 9.31390154709066, 54.394897683038472 ], [ 9.314628662986742, 54.397620521363365 ], [ 9.314786077332068, 54.397751805069362 ], [ 9.316306907442696, 54.397504989137666 ], [ 9.316968355150255, 54.397096164225523 ], [ 9.317173335962702, 54.396607926259499 ], [ 9.317318537862313, 54.396577715920927 ], [ 9.325440621915513, 54.39747882408534 ], [ 9.327934995836239, 54.397878383713959 ], [ 9.327998764009674, 54.39790291260168 ], [ 9.326663871777091, 54.40073685654896 ], [ 9.326281123295253, 54.401914344475124 ], [ 9.326213624305476, 54.402369975635729 ], [ 9.326267001410006, 54.402495648711636 ], [ 9.328338421466853, 54.402624180666187 ], [ 9.338669372948564, 54.404995911175604 ], [ 9.339623563184659, 54.405552754030431 ], [ 9.345432869986563, 54.407392753426166 ], [ 9.347901902403194, 54.408075565034039 ], [ 9.348871914467065, 54.408695190297024 ], [ 9.352178561653691, 54.409622589620184 ], [ 9.349329327844707, 54.413125254635702 ], [ 9.348580760805376, 54.413892631144307 ], [ 9.348551145435891, 54.414068639130939 ], [ 9.348765463153846, 54.414408764391723 ], [ 9.349076829258369, 54.414651210011868 ], [ 9.350562245937546, 54.415024588637273 ], [ 9.351422804850314, 54.415882270973022 ], [ 9.352088190091346, 54.416829951233524 ], [ 9.353191842530594, 54.417822001044222 ], [ 9.354014779735229, 54.418368252645209 ], [ 9.357618280136657, 54.420326943842419 ], [ 9.357982957898477, 54.42072758695091 ], [ 9.358128157472571, 54.422596752607852 ], [ 9.358570213982871, 54.422982448292061 ], [ 9.358966221593619, 54.423535589048122 ], [ 9.359468345918524, 54.424739710832192 ], [ 9.360155738416916, 54.426806389962017 ], [ 9.361277464388499, 54.428542803693553 ], [ 9.36178816548914, 54.429846248680001 ], [ 9.361503754783291, 54.430369519138772 ], [ 9.361533349514042, 54.430804291734567 ], [ 9.362210112109263, 54.431523535432824 ], [ 9.362378872578621, 54.43181212005922 ], [ 9.362406350858302, 54.432367001391469 ], [ 9.36232499132551, 54.433093660072885 ], [ 9.362560504409336, 54.433660038877143 ], [ 9.362580984664486, 54.433887449340951 ], [ 9.3621031569966, 54.43499612870535 ], [ 9.361576157278623, 54.437698164451227 ], [ 9.360817054056643, 54.440439100009968 ], [ 9.36093874563015, 54.440600662378081 ], [ 9.364941818747639, 54.441416731869829 ], [ 9.367167831999341, 54.44213227166086 ], [ 9.368063780113365, 54.442302388620803 ], [ 9.369211019541545, 54.442444819308221 ], [ 9.371538629365499, 54.442370038950955 ], [ 9.372455064829539, 54.442441440709636 ], [ 9.375601618607474, 54.44289040137857 ], [ 9.379188417148653, 54.443607499846223 ], [ 9.382438090194158, 54.444109942024163 ], [ 9.385931046516898, 54.445105074096752 ], [ 9.387654330664406, 54.445867327407981 ], [ 9.38949031389954, 54.446520578412667 ], [ 9.391040651953132, 54.446844541386412 ], [ 9.399399828395586, 54.447375481508438 ], [ 9.402848589256644, 54.447725998477857 ], [ 9.411296907710025, 54.446986543399291 ], [ 9.411886952641121, 54.44709748092356 ], [ 9.412797065465519, 54.448766073343052 ], [ 9.413626007189977, 54.449978078603131 ], [ 9.413879861180936, 54.451123451935857 ], [ 9.411728439610098, 54.461351063492302 ], [ 9.41175719382791, 54.461837938894504 ], [ 9.412495093286768, 54.464155287869829 ], [ 9.412492914851013, 54.465077509402839 ], [ 9.412703735461941, 54.46687773592285 ], [ 9.411736895199169, 54.469500209958319 ], [ 9.411427514538889, 54.470111427221219 ], [ 9.411421529611196, 54.470359261894671 ], [ 9.410794330500876, 54.472287962156052 ], [ 9.410753786976731, 54.472706276129969 ], [ 9.41115144173213, 54.473986304387445 ], [ 9.410420168659863, 54.474781248946329 ], [ 9.409956932582944, 54.476630875163757 ], [ 9.409498697575039, 54.477659190329106 ], [ 9.409616688636831, 54.478151993708515 ], [ 9.409374788780738, 54.482428560077281 ], [ 9.409618932424605, 54.483099954487656 ], [ 9.410223945636892, 54.4836505304133 ], [ 9.410441276766322, 54.483747924219593 ], [ 9.411102977815629, 54.483668443505252 ], [ 9.415407891258774, 54.483660926546072 ], [ 9.419012756683083, 54.483420648511164 ], [ 9.422197797223538, 54.483432028728622 ], [ 9.424440645662907, 54.482933588802716 ], [ 9.428872771221364, 54.48256644773037 ], [ 9.428996777811159, 54.482714140056956 ], [ 9.429294327738249, 54.485696448775464 ], [ 9.429354391253195, 54.48582706989356 ], [ 9.429523792882314, 54.485912154110444 ], [ 9.436040930619093, 54.486575172606386 ], [ 9.436261887080885, 54.486490366264157 ], [ 9.437449819709983, 54.48546889119104 ], [ 9.437740021817442, 54.485408158132898 ], [ 9.443583677767899, 54.487313536234282 ], [ 9.443282787529371, 54.488199594365149 ], [ 9.44301204747323, 54.488488160254043 ], [ 9.436692452236857, 54.494535333019364 ], [ 9.436846872330776, 54.494707786089279 ], [ 9.441137712465032, 54.495741544860223 ], [ 9.442044224591321, 54.496561208210672 ], [ 9.44270975661793, 54.497551813825829 ], [ 9.442800574320763, 54.498359316640268 ], [ 9.442824403601817, 54.500152930884127 ], [ 9.443199946357023, 54.501726321322082 ], [ 9.443074785771099, 54.502381720975293 ], [ 9.443281575478441, 54.505590404127979 ], [ 9.443162964931908, 54.50571488714661 ], [ 9.442092807381878, 54.50584284864356 ], [ 9.438619230015854, 54.505328117264746 ], [ 9.437500695071353, 54.505234148382613 ], [ 9.437158775796139, 54.505337698142405 ], [ 9.436698801858201, 54.507530115391788 ], [ 9.434469301203736, 54.511744088413479 ], [ 9.432468790867047, 54.516137775514885 ], [ 9.432478385075029, 54.516303027933937 ], [ 9.431105311545224, 54.520927100183037 ], [ 9.43097825440868, 54.52159884079132 ], [ 9.430987079940108, 54.522195654607678 ], [ 9.431438561050939, 54.527139263486774 ], [ 9.431690055168357, 54.531420345537363 ], [ 9.429822000376079, 54.531423102889256 ], [ 9.420943615873957, 54.532210769553345 ], [ 9.420888725967361, 54.53231572120557 ], [ 9.421057434687448, 54.53546118137546 ], [ 9.42117926980138, 54.535969403375653 ], [ 9.419439753620164, 54.53695963187441 ], [ 9.41789229683428, 54.537693501762902 ], [ 9.416437454530342, 54.538797305007748 ], [ 9.415165123390212, 54.540736138162458 ], [ 9.413501536110523, 54.543981441171056 ], [ 9.41335030568586, 54.544150650955423 ], [ 9.406883141417518, 54.54306360935788 ], [ 9.399761279008725, 54.541534909376082 ], [ 9.399166427399592, 54.542586269793567 ], [ 9.399099732733285, 54.542933587002459 ], [ 9.397608759881219, 54.543821229455055 ], [ 9.396117890945137, 54.544867345264564 ], [ 9.395780016240597, 54.545305989101408 ], [ 9.395036416867059, 54.546030653090661 ], [ 9.394409100357837, 54.546462691034669 ], [ 9.393674921938509, 54.547337340869397 ], [ 9.392974098044109, 54.547823007484546 ], [ 9.387158157708093, 54.553383068226992 ], [ 9.385221442992933, 54.555097220083006 ], [ 9.384661486479585, 54.555663366576908 ], [ 9.384639537830161, 54.555828804798011 ], [ 9.382834147646923, 54.55550123430077 ], [ 9.381631119531249, 54.555400086159203 ], [ 9.381421310266173, 54.555211471150081 ], [ 9.381958393305302, 54.550305449803304 ], [ 9.386845061073961, 54.545352878129606 ], [ 9.387110412533236, 54.544954553204178 ], [ 9.386653378358815, 54.544763043597271 ], [ 9.384701258189818, 54.544281524771826 ], [ 9.382400281995729, 54.543385098223673 ], [ 9.381603401065323, 54.542955389897287 ], [ 9.37987446731279, 54.541422485390285 ], [ 9.378989990655219, 54.541161136904634 ], [ 9.379492878877713, 54.539778987921366 ], [ 9.376921815510769, 54.536573624893819 ], [ 9.376873318432478, 54.536413127113946 ], [ 9.377945606733171, 54.534206202011049 ], [ 9.37785831059435, 54.534003494461999 ], [ 9.36919518750029, 54.531107607720749 ], [ 9.369190260133291, 54.530979075294354 ], [ 9.372009906580329, 54.526153568034573 ], [ 9.372032172004836, 54.525701826271053 ], [ 9.371744864272294, 54.523624178459357 ], [ 9.371647281998005, 54.523467374994205 ], [ 9.3713702163991, 54.523317382440467 ], [ 9.368537000907184, 54.522668482832906 ], [ 9.368491140596355, 54.522606740492868 ], [ 9.36895005187287, 54.521092713577538 ], [ 9.368837203518918, 54.520963953584946 ], [ 9.365238167344193, 54.520763822819625 ], [ 9.365035855086752, 54.520696010936661 ], [ 9.365190210770848, 54.519476538670993 ], [ 9.365522023824679, 54.519237795106655 ], [ 9.366572382088618, 54.518834383035355 ], [ 9.366686967053672, 54.518693477334388 ], [ 9.366806760785783, 54.51808523111729 ], [ 9.36595974783153, 54.51784609653027 ], [ 9.365376435043792, 54.51759056424455 ], [ 9.365012548590231, 54.517402195664651 ], [ 9.364913836370301, 54.517241699286757 ], [ 9.365579568633764, 54.516372674278792 ], [ 9.365865138208486, 54.515754789121445 ], [ 9.365888159032068, 54.514749250446954 ], [ 9.364517229692714, 54.511659568388019 ], [ 9.363569155436226, 54.510009213540812 ], [ 9.363087844391895, 54.509819162291173 ], [ 9.359966861090223, 54.509682669355229 ], [ 9.357806024717664, 54.509954090299459 ], [ 9.355927385348418, 54.509960170405762 ], [ 9.352380822748147, 54.509560582245015 ], [ 9.347138209648659, 54.507017866775122 ], [ 9.34382360966414, 54.505318391339884 ], [ 9.343282559455201, 54.505312078167641 ], [ 9.337326107003305, 54.505923001181422 ], [ 9.337731059836232, 54.504103559089316 ], [ 9.337703172310279, 54.50375256676049 ], [ 9.33584400204769, 54.501175708390853 ], [ 9.334775392087611, 54.499904612024586 ], [ 9.333962134588733, 54.499447624733165 ], [ 9.333393881441697, 54.499250124896356 ], [ 9.331936630321655, 54.499458512684939 ], [ 9.331519365613278, 54.499446097050019 ], [ 9.329137656172367, 54.498546582974107 ], [ 9.329474794436745, 54.497974062920072 ], [ 9.329985280716125, 54.496510215882878 ], [ 9.327550753102335, 54.49612588265574 ], [ 9.327768465867393, 54.495685918276017 ], [ 9.327711901657489, 54.495605077474487 ], [ 9.325670376098183, 54.495258336762774 ], [ 9.325071673193033, 54.495225331812634 ], [ 9.323780136301208, 54.49426436653593 ], [ 9.322535690601436, 54.4935161995841 ], [ 9.321460752453801, 54.49311197438972 ], [ 9.321427624655444, 54.492842816638706 ], [ 9.32121990844888, 54.492503796496507 ], [ 9.319542508303904, 54.490562343525781 ], [ 9.318479611732446, 54.489811774333262 ], [ 9.317004641440903, 54.489014915767733 ], [ 9.315897663890711, 54.487782161947059 ], [ 9.31526789153596, 54.486806712110045 ], [ 9.31486038568347, 54.486427629796651 ], [ 9.312466601712629, 54.484781853728116 ], [ 9.311627468275791, 54.484332679925828 ], [ 9.311203270841899, 54.484267583685082 ], [ 9.3084496966278, 54.484306042590561 ], [ 9.307113668749492, 54.484452003942565 ], [ 9.303777995377585, 54.485436003824212 ], [ 9.303014040615984, 54.485550166025661 ], [ 9.301552512638773, 54.485511096673868 ], [ 9.298464308663196, 54.484920891067766 ], [ 9.297478828559933, 54.484859500455975 ], [ 9.295794712110787, 54.485036682240924 ], [ 9.294314806392199, 54.485515010398871 ], [ 9.287879022270321, 54.488239076733926 ], [ 9.285812973603116, 54.489310541282457 ], [ 9.280061232615976, 54.491715353940755 ], [ 9.278433616550528, 54.492200764741611 ], [ 9.277366259075178, 54.492348180004861 ], [ 9.273404933116929, 54.492572714879586 ], [ 9.27332870765459, 54.49253975024066 ], [ 9.273067218296379, 54.490436227260126 ], [ 9.272851121026592, 54.490215885902373 ], [ 9.272362007222112, 54.490073875145328 ], [ 9.271308684039866, 54.490090409720892 ], [ 9.270508056603235, 54.489922909211778 ], [ 9.26417219788217, 54.490606289978516 ], [ 9.259522957941908, 54.491015943450655 ], [ 9.259157232155211, 54.488490341087328 ], [ 9.259027149629395, 54.488307734696527 ], [ 9.252703311633903, 54.484572486281102 ], [ 9.247599963811904, 54.481793931400759 ], [ 9.245579427602568, 54.480824657917942 ], [ 9.243354663993914, 54.479227195587676 ], [ 9.242228822061348, 54.478530190371274 ], [ 9.241626589983088, 54.478030608533992 ], [ 9.241365731805493, 54.477638902312542 ], [ 9.241301036370025, 54.477203130012057 ], [ 9.241362906703696, 54.476903656038004 ], [ 9.241279793892025, 54.476525390554222 ], [ 9.24047901918231, 54.47450544085153 ], [ 9.240389127940112, 54.472694452774071 ], [ 9.240433669786576, 54.471560435197922 ], [ 9.240066224644757, 54.470979493936703 ], [ 9.239232655544386, 54.470459105713338 ], [ 9.238965878796304, 54.470245274519556 ], [ 9.238740244198958, 54.469923882606913 ], [ 9.238840506537615, 54.468999833949788 ], [ 9.238753627706496, 54.468533399227148 ], [ 9.238450945128362, 54.467774315775145 ], [ 9.238697009176599, 54.466893688415816 ], [ 9.238702787139012, 54.466581593714572 ], [ 9.23957067480819, 54.466458095719439 ], [ 9.239920931248699, 54.465802566580777 ], [ 9.239959158979293, 54.465086927694848 ], [ 9.241225543141155, 54.463737707811717 ], [ 9.242013594769093, 54.463031179521955 ], [ 9.241909068132173, 54.462896582145504 ], [ 9.2413841167433, 54.462777315238235 ], [ 9.241258464304851, 54.462610509746376 ], [ 9.241152583075957, 54.462141591363874 ], [ 9.241570282478341, 54.462027265049151 ], [ 9.241653182420983, 54.461730664082317 ], [ 9.241137673603138, 54.460802448885694 ], [ 9.242068397118382, 54.460757914878734 ], [ 9.24221132954024, 54.460691392654276 ], [ 9.24217037586857, 54.459097957166534 ], [ 9.243378699549496, 54.456750361335494 ], [ 9.244737694206359, 54.452630889984007 ], [ 9.244643486408865, 54.452298812848674 ], [ 9.24406686418301, 54.451748701392567 ], [ 9.243889638739299, 54.451390415516258 ], [ 9.242916758079064, 54.448089167257727 ], [ 9.243876035416775, 54.443861122081628 ], [ 9.243669937859227, 54.443707151702156 ], [ 9.242998283570643, 54.443635956526549 ], [ 9.242724322444703, 54.443360820927317 ], [ 9.244175334882801, 54.438892185972506 ], [ 9.244527042434568, 54.437078580120001 ], [ 9.245400002302693, 54.435116118328764 ], [ 9.24552488619311, 54.434644308376164 ], [ 9.245484254981051, 54.432987663177428 ], [ 9.244880513922057, 54.430605753883704 ], [ 9.247411376760073, 54.430074347246133 ], [ 9.249814209366653, 54.429124693470975 ], [ 9.250563824937768, 54.428476625721487 ], [ 9.251448988559099, 54.428269616029908 ], [ 9.251557439592009, 54.428169556957144 ], [ 9.250985743545264, 54.420200848310039 ], [ 9.25093929986509, 54.419821068236821 ], [ 9.249508168570149, 54.415923591103336 ], [ 9.249229784384545, 54.415517928294051 ], [ 9.240099952215813, 54.410550563110746 ], [ 9.236948742134436, 54.408462630974221 ], [ 9.234907170417076, 54.406826644692877 ], [ 9.234348616926468, 54.406157721727908 ], [ 9.235452705733641, 54.405854831917026 ], [ 9.236199495074025, 54.405466436267915 ], [ 9.237549109066578, 54.40426584813148 ], [ 9.239029294621458, 54.402396196987432 ], [ 9.23934014002125, 54.402192022619523 ], [ 9.240400715564563, 54.40197314764977 ], [ 9.242072720813608, 54.401840945166654 ], [ 9.243366991649648, 54.401986182694714 ], [ 9.244971456585592, 54.402319345753895 ], [ 9.245693484217982, 54.402356338235997 ], [ 9.24653831866711, 54.402260143354546 ], [ 9.247658295961644, 54.40193292132399 ], [ 9.248373222370414, 54.401592040122601 ], [ 9.249356192354639, 54.400930087715317 ], [ 9.249767188458636, 54.400496292757452 ], [ 9.250007339451237, 54.400117893858727 ], [ 9.250244946618595, 54.39918003240949 ], [ 9.250382198518736, 54.398088558645988 ], [ 9.250339266582559, 54.39712972446334 ], [ 9.249773258451766, 54.394397325853966 ], [ 9.249615912431524, 54.393953454869717 ], [ 9.249358703289207, 54.393565069730947 ], [ 9.248622756004357, 54.393263736396548 ], [ 9.248460774977211, 54.393014560754658 ], [ 9.248545703591866, 54.392746498188245 ], [ 9.24897046606411, 54.392253232514136 ], [ 9.249113286187757, 54.391953624693294 ], [ 9.24923920607873, 54.391086904873454 ], [ 9.2491188754631, 54.390445042204398 ], [ 9.24879359316669, 54.389731219355859 ], [ 9.248240604187902, 54.388999130688909 ], [ 9.247931051932847, 54.387779269219429 ], [ 9.246260990187217, 54.384634810407732 ], [ 9.245853001250836, 54.384240109961389 ], [ 9.2446214090804, 54.38344316840697 ], [ 9.243787136751951, 54.382675306568551 ], [ 9.243180991036295, 54.382291209649487 ], [ 9.242521099211771, 54.381997406254527 ], [ 9.242415906913077, 54.381861843593107 ], [ 9.242619973299671, 54.381195032154487 ], [ 9.242786307028751, 54.38091254952748 ], [ 9.243237287638252, 54.38052060328004 ], [ 9.243685495086861, 54.380313820588952 ], [ 9.244572764297017, 54.38010842299952 ], [ 9.249686990448232, 54.379471960901569 ], [ 9.250477635098461, 54.379268589633256 ], [ 9.251065871099801, 54.378989730152945 ], [ 9.251548332026369, 54.378604712952729 ], [ 9.251856093029865, 54.378171665423807 ], [ 9.25230263630761, 54.375928136502466 ], [ 9.25255819859164, 54.375537257369928 ], [ 9.252951028463141, 54.375169313020287 ], [ 9.253771424650591, 54.374708200072469 ], [ 9.256879352476432, 54.373800742230436 ], [ 9.257149288666227, 54.373582688228865 ], [ 9.256699658820297, 54.373329013855056 ], [ 9.25615815402664, 54.372866686115849 ], [ 9.254967011837621, 54.372308325682916 ], [ 9.253854351867302, 54.372030729492259 ], [ 9.252881695540324, 54.371911140906519 ], [ 9.250468125822968, 54.371864798443895 ], [ 9.245772811767367, 54.372229329188301 ], [ 9.241884203159254, 54.372387775003645 ], [ 9.241899901695763, 54.371649450374427 ], [ 9.241767976486832, 54.371076690758713 ], [ 9.241259154616921, 54.369441745306894 ], [ 9.239078133599854, 54.363353896976385 ], [ 9.239217651536018, 54.363135766275725 ], [ 9.239474651754598, 54.363005871808177 ], [ 9.240954641505558, 54.362679676564419 ], [ 9.241326018738924, 54.362518606593348 ], [ 9.241500951583467, 54.362069645052685 ], [ 9.242145173486866, 54.361160671568399 ], [ 9.242135126067376, 54.361004190279317 ], [ 9.240876802521173, 54.360720816339132 ], [ 9.239610039435545, 54.360314843057559 ], [ 9.239174909356564, 54.360015591569628 ], [ 9.235408197461956, 54.358158135896197 ], [ 9.233685342833606, 54.357208667073657 ], [ 9.230031876594001, 54.354973028737035 ] ], [ [ 9.43102899701945, 54.535592405589362 ], [ 9.421278726916968, 54.535915063674622 ], [ 9.421159144980233, 54.535449662439113 ], [ 9.420992735401004, 54.53231073297416 ], [ 9.429828226120438, 54.531522931807849 ], [ 9.431660234894693, 54.531516444690659 ], [ 9.431666100813281, 54.533839397709755 ], [ 9.431517407461019, 54.535477708395831 ], [ 9.43102899701945, 54.535592405589362 ] ], [ [ 9.422856499744524, 54.55817861968886 ], [ 9.422923508858545, 54.559569690017568 ], [ 9.423592009487692, 54.564115344019136 ], [ 9.423286032778025, 54.567356940978854 ], [ 9.423154419046396, 54.567561637575558 ], [ 9.421123556779587, 54.567600941367289 ], [ 9.419462780665947, 54.567352122297557 ], [ 9.413518280494868, 54.566010183295838 ], [ 9.411910215923838, 54.565536576127272 ], [ 9.410732019837861, 54.565093450026232 ], [ 9.414438397774996, 54.561838280913285 ], [ 9.416909940517112, 54.558694572829502 ], [ 9.417015088531924, 54.558469754635404 ], [ 9.416870576626165, 54.558343143008535 ], [ 9.422856499744524, 54.55817861968886 ] ], [ [ 9.441946206818532, 54.557346947020342 ], [ 9.441901206736699, 54.557443686517573 ], [ 9.441494116897493, 54.557530405272921 ], [ 9.441946206818532, 54.557346947020342 ] ], [ [ 9.396088191641377, 54.556720671784809 ], [ 9.397742925468748, 54.553938764123785 ], [ 9.398022462670163, 54.553870278571999 ], [ 9.400526464166443, 54.554007976231397 ], [ 9.400743693820123, 54.553877926523981 ], [ 9.400896850417549, 54.553550957056494 ], [ 9.401905306922815, 54.552115381352849 ], [ 9.402912935675321, 54.55145315305181 ], [ 9.40524234396465, 54.551536548513667 ], [ 9.405517681122269, 54.55141081342623 ], [ 9.40595625652281, 54.550689377491416 ], [ 9.406776506619048, 54.550248720687243 ], [ 9.407958937170838, 54.550065029838976 ], [ 9.41012003959295, 54.549999302035523 ], [ 9.410353527546288, 54.54993213983515 ], [ 9.410803154762105, 54.549342316246729 ], [ 9.411449157097477, 54.548132129899173 ], [ 9.421520938067923, 54.548655008206893 ], [ 9.422284060800049, 54.548598184806551 ], [ 9.422413262300259, 54.548406850392546 ], [ 9.422963649204076, 54.544892178399394 ], [ 9.423292262257318, 54.543075144969208 ], [ 9.423390140374694, 54.542979286740049 ], [ 9.423581298605779, 54.542991882461727 ], [ 9.427068058127224, 54.544364118282822 ], [ 9.430419305723863, 54.544995183413548 ], [ 9.430962068300822, 54.545623248840698 ], [ 9.431235826851223, 54.546083533523998 ], [ 9.431424401594214, 54.546233280080209 ], [ 9.43171339102614, 54.546316311237241 ], [ 9.432568524467957, 54.54642276920503 ], [ 9.434320793705275, 54.546328472105806 ], [ 9.435418355775527, 54.546390170791547 ], [ 9.440330017697478, 54.545978051104782 ], [ 9.440703512177155, 54.545993633971442 ], [ 9.441028141151895, 54.546111726508713 ], [ 9.441223082787921, 54.55288905914847 ], [ 9.441895660386283, 54.557259538720864 ], [ 9.441197283641973, 54.557542940254919 ], [ 9.439517495081379, 54.557767299459449 ], [ 9.437044122657541, 54.557905243133291 ], [ 9.434962908378381, 54.557725559503474 ], [ 9.433265267097001, 54.557743174750946 ], [ 9.430722469650885, 54.55780908906236 ], [ 9.429915196088309, 54.557952893374839 ], [ 9.428413155590068, 54.557859839151334 ], [ 9.408988623587378, 54.558485816836068 ], [ 9.407995892067653, 54.558352282983627 ], [ 9.403551187010967, 54.557130320992705 ], [ 9.396088191641377, 54.556720671784809 ] ], [ [ 9.400930723438579, 54.557168469379974 ], [ 9.400822691349527, 54.557133894307071 ], [ 9.401143228286136, 54.557153309383175 ], [ 9.400930723438579, 54.557168469379974 ] ], [ [ 9.379467487276358, 54.621832988489643 ], [ 9.378646849400845, 54.623564666257877 ], [ 9.37823902416581, 54.624723606207027 ], [ 9.378055807303456, 54.626478856102842 ], [ 9.378114107389651, 54.627640316578997 ], [ 9.379121781259798, 54.631224411348121 ], [ 9.379376479256955, 54.631806158202942 ], [ 9.380490690574065, 54.633308182781725 ], [ 9.380045088150437, 54.633261181101886 ], [ 9.379572042223401, 54.633574377640635 ], [ 9.376844579463643, 54.637092124675682 ], [ 9.376109353380052, 54.64019258854352 ], [ 9.375320520254435, 54.644771862332 ], [ 9.375227472229325, 54.644893402031649 ], [ 9.349500701850523, 54.642999011064042 ], [ 9.340119673728585, 54.642125809294718 ], [ 9.339159743129207, 54.641954184834148 ], [ 9.338365678863186, 54.641642321942307 ], [ 9.337805885659815, 54.641207775881689 ], [ 9.337496393697315, 54.640731166314993 ], [ 9.337436994659674, 54.64031771926301 ], [ 9.337561470408255, 54.638821018191898 ], [ 9.337185596898893, 54.637602371261025 ], [ 9.337096017176721, 54.634334869150493 ], [ 9.337261720052615, 54.633756351054203 ], [ 9.33830250226257, 54.631514141537899 ], [ 9.338516824965907, 54.629211069163027 ], [ 9.338778766366952, 54.628042620780072 ], [ 9.338132022366798, 54.624470072732485 ], [ 9.337414333682297, 54.619480564685382 ], [ 9.337400881280983, 54.618827568937917 ], [ 9.337568263563709, 54.618202558898851 ], [ 9.338232176382212, 54.616685797437874 ], [ 9.338339639104275, 54.616078333874789 ], [ 9.339047071086886, 54.607735951911231 ], [ 9.339164894107439, 54.607655559787304 ], [ 9.339730763158236, 54.607495707121942 ], [ 9.340940311734931, 54.60758435863292 ], [ 9.341850499990628, 54.607772871997696 ], [ 9.359287047250204, 54.612010558239618 ], [ 9.360077062811198, 54.612440177457621 ], [ 9.360351013056277, 54.61274434161205 ], [ 9.361488696649172, 54.61543300575385 ], [ 9.362838555880083, 54.616790339630924 ], [ 9.363874697829987, 54.618359982922456 ], [ 9.364290257461631, 54.618616199003661 ], [ 9.36661456821931, 54.619331627697576 ], [ 9.378108444678828, 54.620112336058831 ], [ 9.380155505556374, 54.620316456093661 ], [ 9.380268774514485, 54.620533346921725 ], [ 9.379467487276358, 54.621832988489643 ] ], [ [ 9.341027758225383, 54.595849953723501 ], [ 9.341107925256177, 54.594181462119899 ], [ 9.341020376361255, 54.59406653942051 ], [ 9.340842450326663, 54.594014983090894 ], [ 9.339447949154309, 54.594045401381976 ], [ 9.339218556631897, 54.59397562402134 ], [ 9.339230558378038, 54.593206903610792 ], [ 9.33871228768408, 54.592450510244426 ], [ 9.338231284501907, 54.590031414879022 ], [ 9.335963667637415, 54.586470024918064 ], [ 9.332513406901311, 54.582214693870583 ], [ 9.327373011907889, 54.578157389653668 ], [ 9.325111624646258, 54.576231656708046 ], [ 9.323213624203833, 54.57479395086871 ], [ 9.322595327751626, 54.574362228569441 ], [ 9.321521499598752, 54.574008641226058 ], [ 9.320630075892451, 54.573399838257352 ], [ 9.320526194664026, 54.573237217866243 ], [ 9.320489299614538, 54.572836847071159 ], [ 9.320967736282419, 54.572099730852578 ], [ 9.321090263388275, 54.570762047214515 ], [ 9.321172696013942, 54.570693702835683 ], [ 9.323702361194856, 54.570376087675363 ], [ 9.325197291760196, 54.570456773104347 ], [ 9.325422998378393, 54.570378137175624 ], [ 9.325662594782939, 54.570073774019932 ], [ 9.325921587120867, 54.569934103567817 ], [ 9.327196603247566, 54.570169096896677 ], [ 9.327387224341745, 54.570135804831004 ], [ 9.327854928345573, 54.569609160229724 ], [ 9.32813920918516, 54.56943600495395 ], [ 9.328787379650423, 54.569404803362893 ], [ 9.329431710850905, 54.569225046613795 ], [ 9.335819266262607, 54.566668807827114 ], [ 9.338601394781891, 54.56596839991856 ], [ 9.338919867667206, 54.565176684046357 ], [ 9.338985242378248, 54.564811715743524 ], [ 9.338913157150696, 54.564375144172892 ], [ 9.338648228343043, 54.563687534001012 ], [ 9.338630996962912, 54.561979972921854 ], [ 9.338039993163202, 54.558458768512502 ], [ 9.338053730430369, 54.557479054769679 ], [ 9.338110681688743, 54.557187542578824 ], [ 9.338290016972188, 54.556917846942262 ], [ 9.343203136408095, 54.555861026584857 ], [ 9.356323566389884, 54.556695166362971 ], [ 9.358134204010852, 54.556602912398837 ], [ 9.365229404979402, 54.555708923319386 ], [ 9.365157723884161, 54.555929377275127 ], [ 9.365899231485427, 54.556223072109994 ], [ 9.366205255576531, 54.556440530510613 ], [ 9.367718841336757, 54.557945328939759 ], [ 9.367990352396095, 54.558418576345126 ], [ 9.369244810941124, 54.561322554804086 ], [ 9.368913633178291, 54.562042153744308 ], [ 9.369345515165358, 54.564039505407351 ], [ 9.369101236802795, 54.564292393852099 ], [ 9.367909486219453, 54.564756921127739 ], [ 9.367754869522994, 54.564889491916418 ], [ 9.367549056710638, 54.567666894116861 ], [ 9.36727073493422, 54.567750277624448 ], [ 9.366575844304196, 54.567762121111933 ], [ 9.366378748511972, 54.567894419889342 ], [ 9.36620184784228, 54.571020950496106 ], [ 9.365057239159214, 54.57295508922374 ], [ 9.365136132189955, 54.573080069210718 ], [ 9.36702802893994, 54.574136894221361 ], [ 9.369450034556898, 54.575997237672404 ], [ 9.368483337359431, 54.576446132937136 ], [ 9.368258059600967, 54.576626863095065 ], [ 9.368052044468495, 54.576964156402823 ], [ 9.367861777359812, 54.577677367167702 ], [ 9.367655001382079, 54.577913614698382 ], [ 9.365482384665635, 54.578715239985314 ], [ 9.365217769819404, 54.578894145445105 ], [ 9.364512159187669, 54.580043636414473 ], [ 9.364465040909156, 54.58031459618816 ], [ 9.365772567590435, 54.581726721051616 ], [ 9.365814573620209, 54.581880816432317 ], [ 9.365706170182898, 54.582275122698974 ], [ 9.366001233136858, 54.582518977327361 ], [ 9.368026837621523, 54.583557702666042 ], [ 9.369526192712629, 54.584128399174944 ], [ 9.371661752167306, 54.584217641944051 ], [ 9.372304575312437, 54.584310883192423 ], [ 9.37232503496891, 54.584389665123723 ], [ 9.370674753050574, 54.586485399874952 ], [ 9.37046574023657, 54.58662253897964 ], [ 9.369866459130499, 54.586722034289565 ], [ 9.367430637283176, 54.586533197575321 ], [ 9.367182966997955, 54.58664396630143 ], [ 9.366536534275866, 54.588425736921664 ], [ 9.365636863023632, 54.589030242872731 ], [ 9.363361090258227, 54.590814196904013 ], [ 9.358746788166252, 54.591463795733617 ], [ 9.358358144052204, 54.591446533008593 ], [ 9.356143163403672, 54.59169913308282 ], [ 9.355916962818245, 54.591789294937733 ], [ 9.35635042033096, 54.592565294940535 ], [ 9.356886994384501, 54.593272250799828 ], [ 9.358172732332223, 54.594365709902945 ], [ 9.359733930956184, 54.595862722985153 ], [ 9.360578021261317, 54.596552363566261 ], [ 9.361846325761585, 54.59733230483026 ], [ 9.361114327111206, 54.597919212931515 ], [ 9.360038761653561, 54.600117484295517 ], [ 9.359871199205065, 54.600235733986729 ], [ 9.359293790441397, 54.600180563666626 ], [ 9.355435827170819, 54.598978646412718 ], [ 9.352940344391921, 54.597172422187782 ], [ 9.35230360348797, 54.596909726662822 ], [ 9.351132895018502, 54.596170014544988 ], [ 9.349656867848807, 54.595729880728832 ], [ 9.348551210705081, 54.595290733406912 ], [ 9.347726112228145, 54.594819542870212 ], [ 9.346811083770952, 54.595027937627869 ], [ 9.346378204753931, 54.59529406112334 ], [ 9.346288814698992, 54.595477145115488 ], [ 9.346595371132501, 54.59574624757235 ], [ 9.346921200097738, 54.595882735309281 ], [ 9.347002804284836, 54.596045381828823 ], [ 9.346635406242136, 54.596399649866676 ], [ 9.345854476437667, 54.596875199944861 ], [ 9.345388475437439, 54.59675021641312 ], [ 9.343267792369858, 54.596945627120249 ], [ 9.342588764053133, 54.596704494526051 ], [ 9.34079624038058, 54.596597250099428 ], [ 9.341027758225383, 54.595849953723501 ] ], [ [ 9.378445091326352, 54.62447276099595 ], [ 9.379501036739381, 54.621994018457066 ], [ 9.380266277864951, 54.620697531355198 ], [ 9.381862016478841, 54.619195057589671 ], [ 9.382153649555198, 54.618970586015614 ], [ 9.383030126590187, 54.618543958545438 ], [ 9.384230073023993, 54.617478654988069 ], [ 9.385289394579461, 54.617005021522743 ], [ 9.385521518810675, 54.616984935175111 ], [ 9.387798998329712, 54.618573807867712 ], [ 9.395578550535337, 54.627151952450106 ], [ 9.395844691597699, 54.627253573574805 ], [ 9.402830162010188, 54.622853477145625 ], [ 9.411955678014561, 54.615515960650079 ], [ 9.417783014781664, 54.609297140610998 ], [ 9.42010724310647, 54.606929909479881 ], [ 9.421364924172446, 54.60578745257483 ], [ 9.421906654683658, 54.604636046136342 ], [ 9.422194229391243, 54.60441928168396 ], [ 9.423991042424161, 54.603867336580706 ], [ 9.424314860622927, 54.603648584092277 ], [ 9.424352471245568, 54.603494169821111 ], [ 9.424216392441803, 54.603376765478806 ], [ 9.420846310636406, 54.602483513526359 ], [ 9.420535294550854, 54.602267252801198 ], [ 9.421006639551825, 54.593440793340427 ], [ 9.420918086033351, 54.593227850962251 ], [ 9.414118350425872, 54.592846309728913 ], [ 9.412315727668471, 54.592847397579462 ], [ 9.411239086755694, 54.592722793613625 ], [ 9.410990602313257, 54.592619422930646 ], [ 9.411201252368761, 54.591863842707241 ], [ 9.411093507227726, 54.591457078817442 ], [ 9.410875378237566, 54.591298386306931 ], [ 9.410054914396033, 54.591001647222228 ], [ 9.409729523913617, 54.590756216470155 ], [ 9.409772535208493, 54.589808691768937 ], [ 9.408647675108151, 54.587014641042444 ], [ 9.408426864325216, 54.586079120054684 ], [ 9.408910413004275, 54.583884639350963 ], [ 9.408950970465993, 54.582533071699658 ], [ 9.408887021394335, 54.581791048549356 ], [ 9.408524827429279, 54.580141585722352 ], [ 9.407931651700018, 54.578539432318166 ], [ 9.406681703852982, 54.576776915406626 ], [ 9.406548874711815, 54.576295572550706 ], [ 9.406656664703389, 54.574979049859166 ], [ 9.406290479281258, 54.573127571971234 ], [ 9.415979232266134, 54.573512610378977 ], [ 9.41608651113944, 54.5735856302908 ], [ 9.415911991354518, 54.574129117595184 ], [ 9.416025636220812, 54.574291672020593 ], [ 9.418031888948658, 54.574938140124054 ], [ 9.419124881715531, 54.575599127384166 ], [ 9.426424089300189, 54.577236878822895 ], [ 9.424968196217501, 54.580703245963853 ], [ 9.425011640540539, 54.580843596935161 ], [ 9.425290858013987, 54.580955430499792 ], [ 9.427319078185988, 54.581318665067137 ], [ 9.440750308038467, 54.582348886191767 ], [ 9.440701350063957, 54.582973958089347 ], [ 9.439684340784813, 54.586922868691161 ], [ 9.439533376168463, 54.587753651878685 ], [ 9.439570918350308, 54.587883962507064 ], [ 9.439717380197157, 54.58797147889247 ], [ 9.440778824436048, 54.587997086845121 ], [ 9.442112585708625, 54.588358856016107 ], [ 9.443459576683757, 54.589115189443781 ], [ 9.444307908489776, 54.589063964335956 ], [ 9.445225640180432, 54.588901313795212 ], [ 9.445800649444049, 54.588925643874227 ], [ 9.446347878307684, 54.589158971242782 ], [ 9.446609267516322, 54.589420287120184 ], [ 9.447504166435216, 54.589719642687967 ], [ 9.447916936348214, 54.589954002564987 ], [ 9.44626440894093, 54.591033196916847 ], [ 9.445670280072298, 54.59132073765587 ], [ 9.444305137357329, 54.591747704645734 ], [ 9.439890286733096, 54.592311262060264 ], [ 9.437225828217382, 54.592541856506436 ], [ 9.437087747212662, 54.593219930751822 ], [ 9.436995829077262, 54.595060990045063 ], [ 9.43709217843992, 54.59739385063267 ], [ 9.436882032408693, 54.597532932565514 ], [ 9.434985818947746, 54.598047256426192 ], [ 9.434710984195592, 54.598213660811524 ], [ 9.434574488698244, 54.59888876854663 ], [ 9.433895336828044, 54.600236189258339 ], [ 9.43353437117975, 54.603564778633007 ], [ 9.432975745486702, 54.604546744972616 ], [ 9.432891307246102, 54.604914331572452 ], [ 9.43303073263934, 54.607423651795031 ], [ 9.433075654228862, 54.612889301278265 ], [ 9.432993403688481, 54.613119196826702 ], [ 9.431809568576641, 54.614127458952275 ], [ 9.43130751263609, 54.615115468909146 ], [ 9.431147043708879, 54.615184440320427 ], [ 9.430875105818821, 54.615163638098529 ], [ 9.425871449956738, 54.614081956726046 ], [ 9.423110392390706, 54.614393224558277 ], [ 9.421907413644824, 54.614684137085305 ], [ 9.421588622140842, 54.614966688451936 ], [ 9.420101888029425, 54.617730986712218 ], [ 9.419880063581903, 54.617950996717987 ], [ 9.412126555674964, 54.622892150167715 ], [ 9.406145412958082, 54.626569393950568 ], [ 9.406152790081467, 54.626790150117841 ], [ 9.407435346829766, 54.627854505754172 ], [ 9.409090830082055, 54.628495937378069 ], [ 9.409527229810987, 54.628576970819736 ], [ 9.413429893436646, 54.629195684798198 ], [ 9.422702138980497, 54.630428422155049 ], [ 9.431302275760796, 54.630824409424207 ], [ 9.431992850042191, 54.630918114689422 ], [ 9.433066872373269, 54.631299172422004 ], [ 9.433178431325667, 54.631948345932493 ], [ 9.434121450963588, 54.632777928661184 ], [ 9.433972123656501, 54.633836001487467 ], [ 9.433469499835958, 54.63521069626821 ], [ 9.433499132400385, 54.635342088267173 ], [ 9.433731890681061, 54.635469563511087 ], [ 9.43536390514538, 54.635810349743089 ], [ 9.435657030291411, 54.636015091494635 ], [ 9.435732511699012, 54.63633281663131 ], [ 9.435571846187589, 54.63771967627769 ], [ 9.435632412130229, 54.63793855373703 ], [ 9.43299883927962, 54.63788303917471 ], [ 9.431253150782506, 54.637961782682396 ], [ 9.4294252886748, 54.638163365032753 ], [ 9.424472555891837, 54.638923101978953 ], [ 9.42279167105692, 54.639078883509079 ], [ 9.418101908653179, 54.639291443687426 ], [ 9.417475719065767, 54.639242394135564 ], [ 9.416611891682479, 54.639020309311292 ], [ 9.416295662298777, 54.639030955396557 ], [ 9.416226814185087, 54.643722444298831 ], [ 9.415754063706419, 54.645763878269513 ], [ 9.415299617348255, 54.647380600341933 ], [ 9.415039491947145, 54.648042486040296 ], [ 9.414812094035325, 54.648481510984794 ], [ 9.414379947573416, 54.648918259498487 ], [ 9.413531908855385, 54.648756365706411 ], [ 9.413293465201255, 54.6488064806015 ], [ 9.413179441615219, 54.649163079619115 ], [ 9.412431418481818, 54.649856504447698 ], [ 9.411130317265972, 54.651429099161746 ], [ 9.409738596984653, 54.653658064099488 ], [ 9.40943618358471, 54.654261609028921 ], [ 9.408583132202939, 54.655411148826524 ], [ 9.407377899693453, 54.655390968582822 ], [ 9.405420296240866, 54.655226631080289 ], [ 9.405218726207318, 54.655059416105729 ], [ 9.404968013759786, 54.655032978260408 ], [ 9.404008158453626, 54.655315020546851 ], [ 9.403398106573713, 54.655128690345961 ], [ 9.401598014664996, 54.655508415210392 ], [ 9.400950211996761, 54.656063401799337 ], [ 9.40089859981317, 54.656221161045728 ], [ 9.401006082367894, 54.65632892448599 ], [ 9.401626431931291, 54.656528948053698 ], [ 9.402214300077011, 54.65697802332096 ], [ 9.402447603900701, 54.657315515662717 ], [ 9.402211573548538, 54.657888466683112 ], [ 9.401792036737049, 54.657668377375771 ], [ 9.402058596591175, 54.658126570846633 ], [ 9.401789860445078, 54.658510243693854 ], [ 9.401556609502514, 54.658648417037945 ], [ 9.40001180223873, 54.656844886066779 ], [ 9.399373718044943, 54.656170527243333 ], [ 9.399158488399182, 54.656057567371796 ], [ 9.39812746964288, 54.656051925405215 ], [ 9.396882077548417, 54.656249076140632 ], [ 9.395403031778832, 54.656322528907616 ], [ 9.393944416391665, 54.656630097288769 ], [ 9.393743301341896, 54.656510245565158 ], [ 9.393123306776083, 54.655675513730664 ], [ 9.392380131267132, 54.64922877334169 ], [ 9.391794786450989, 54.645386166388271 ], [ 9.391621387659873, 54.644842689318473 ], [ 9.391119179270548, 54.64398462378626 ], [ 9.389424461848712, 54.642176607908432 ], [ 9.387934617390842, 54.640739249103092 ], [ 9.386907129320507, 54.639554154505532 ], [ 9.386797893647735, 54.639290355421473 ], [ 9.390054987952979, 54.638933415587992 ], [ 9.393306809055272, 54.63840618820916 ], [ 9.394771749696897, 54.638254803622701 ], [ 9.397078633790859, 54.637853250806543 ], [ 9.397162765142959, 54.637691233416305 ], [ 9.39403160195932, 54.633936779365449 ], [ 9.39264776789377, 54.632498928206822 ], [ 9.392265651619491, 54.631774673284376 ], [ 9.39190590054424, 54.630653662357368 ], [ 9.391759638835866, 54.630479966791832 ], [ 9.391537102740109, 54.630406696986036 ], [ 9.390942031842721, 54.630410992006084 ], [ 9.389003454021537, 54.630548413943906 ], [ 9.388531708109209, 54.630756103383014 ], [ 9.388174594378373, 54.630806121785511 ], [ 9.38802066331391, 54.630780541187107 ], [ 9.387997922077711, 54.630516994039922 ], [ 9.387871745988962, 54.63043433881294 ], [ 9.385818982840538, 54.630556778688366 ], [ 9.385552567907899, 54.629360575933624 ], [ 9.385358621531301, 54.628887246549347 ], [ 9.384848323999654, 54.628722144530052 ], [ 9.383936268929485, 54.628640594074511 ], [ 9.383716717436746, 54.628546704592551 ], [ 9.383827034769174, 54.627251229702928 ], [ 9.38408796836976, 54.626521236371481 ], [ 9.384077133149825, 54.626304041097512 ], [ 9.383020479477006, 54.626019701750131 ], [ 9.383347527521224, 54.625974398539583 ], [ 9.383332275561882, 54.625869522205761 ], [ 9.382044207556435, 54.626033559732029 ], [ 9.381320267334615, 54.625663847594844 ], [ 9.378276372165979, 54.625372065875375 ], [ 9.378445091326352, 54.62447276099595 ] ], [ [ 9.446977409936082, 54.590697366292751 ], [ 9.447748965788337, 54.591155429164175 ], [ 9.447584537725273, 54.592231591984593 ], [ 9.448380481428657, 54.592725965797925 ], [ 9.450555582303672, 54.594818276161547 ], [ 9.450693953187248, 54.594999282697437 ], [ 9.450839586710201, 54.595456522985671 ], [ 9.451384809690918, 54.597805760901878 ], [ 9.451616384906927, 54.599300678538711 ], [ 9.4516123634909, 54.599863456100792 ], [ 9.451502389268761, 54.600194294503673 ], [ 9.451337906877143, 54.600404289410008 ], [ 9.450181882424463, 54.60166028384436 ], [ 9.450015730672844, 54.602014433643149 ], [ 9.450035926941773, 54.602373664922965 ], [ 9.450196942291704, 54.602650777144085 ], [ 9.450495192231271, 54.602912458145695 ], [ 9.45162996714212, 54.603530497769 ], [ 9.451996230308477, 54.603845790860191 ], [ 9.452114455866754, 54.6040960139254 ], [ 9.452316745443079, 54.605501597554643 ], [ 9.452508164969387, 54.60575419061707 ], [ 9.452873375930835, 54.605959327619985 ], [ 9.453308995688671, 54.606073928560953 ], [ 9.454797834294867, 54.606065738176589 ], [ 9.455317963117119, 54.606363902051775 ], [ 9.455418161738127, 54.607388711800844 ], [ 9.455556893465374, 54.607866502495916 ], [ 9.455393382458537, 54.608339439676264 ], [ 9.454982227057137, 54.608957531363934 ], [ 9.454927311486527, 54.609977040000636 ], [ 9.454573983665316, 54.610745316537326 ], [ 9.453973242494838, 54.611258686914638 ], [ 9.453648405323259, 54.61166795296235 ], [ 9.452621258257613, 54.612280423175825 ], [ 9.451743063966081, 54.613627154942918 ], [ 9.450679256556823, 54.614371940394562 ], [ 9.448988277935785, 54.614897830364463 ], [ 9.4479544122236, 54.615373440483452 ], [ 9.447978670273752, 54.615533076704992 ], [ 9.449518505133334, 54.616722170517804 ], [ 9.447425691663751, 54.618445500025757 ], [ 9.446963401438934, 54.619095541369461 ], [ 9.44669211346036, 54.619609461801424 ], [ 9.446637943003958, 54.621277471871373 ], [ 9.446918119305863, 54.621538309022121 ], [ 9.449093120720407, 54.6222827711523 ], [ 9.453428224631509, 54.622778405943947 ], [ 9.461731655792763, 54.62660682667326 ], [ 9.461786967687154, 54.626744235847731 ], [ 9.461643974000172, 54.627134105124817 ], [ 9.459739439714003, 54.631965632130786 ], [ 9.460006188249439, 54.633936240610808 ], [ 9.461159189532198, 54.637955183205733 ], [ 9.461267007399139, 54.638139556303379 ], [ 9.461824355683582, 54.638453885425889 ], [ 9.460527346772908, 54.639289801718512 ], [ 9.460153733816753, 54.639423699032598 ], [ 9.459879854877316, 54.639412936634393 ], [ 9.454692696598947, 54.638411468234622 ], [ 9.454029365349726, 54.638336353566629 ], [ 9.452361637619322, 54.638361356214631 ], [ 9.449321808144607, 54.637589062495337 ], [ 9.444719885948352, 54.637033782678216 ], [ 9.444105695963914, 54.637081771528855 ], [ 9.441564716305766, 54.637612339965962 ], [ 9.440147391044064, 54.637808776824308 ], [ 9.438009481454708, 54.637947405821798 ], [ 9.435769887466586, 54.63790556270564 ], [ 9.43566782017931, 54.637823735409711 ], [ 9.435832658459324, 54.636333103140174 ], [ 9.435735197074962, 54.635951328376613 ], [ 9.435196777472987, 54.635639244452349 ], [ 9.433756395100476, 54.635372584164422 ], [ 9.433566686692439, 54.635253168254359 ], [ 9.434068417684269, 54.633863123302788 ], [ 9.434228776699372, 54.632817538619243 ], [ 9.434136087261086, 54.632604616613513 ], [ 9.433263433219507, 54.631893638161124 ], [ 9.433203566921277, 54.631297636975333 ], [ 9.433029243666113, 54.631166457110986 ], [ 9.43201825533213, 54.630821362977727 ], [ 9.431309618822771, 54.630724668436116 ], [ 9.422712976424407, 54.630329007558537 ], [ 9.411766840872959, 54.628847253463888 ], [ 9.409121993051146, 54.62840081150307 ], [ 9.407890657182422, 54.627951000679658 ], [ 9.40748913420966, 54.627770092879004 ], [ 9.406227283110219, 54.626721687092292 ], [ 9.406227267577682, 54.626629399918322 ], [ 9.406370826726441, 54.626532354551884 ], [ 9.412180219517648, 54.622976535391125 ], [ 9.419941708561637, 54.618029808222055 ], [ 9.420188174650187, 54.617781707099461 ], [ 9.421673094912769, 54.615020299290443 ], [ 9.421949211132926, 54.614775064645954 ], [ 9.42312671801834, 54.614491914427703 ], [ 9.425870322454569, 54.614182258118525 ], [ 9.430857873126703, 54.61526214894635 ], [ 9.431163440173817, 54.615283761595563 ], [ 9.431375528420912, 54.615188944920071 ], [ 9.431887243085223, 54.614191128558275 ], [ 9.433068082515797, 54.6131865115021 ], [ 9.433174715601403, 54.612903869878949 ], [ 9.433130721940007, 54.607421667240509 ], [ 9.432991606216284, 54.604920338834972 ], [ 9.433067912049712, 54.604587112624429 ], [ 9.433631222276549, 54.60359195695905 ], [ 9.433991439620481, 54.600264346565552 ], [ 9.434668357434736, 54.598923786376091 ], [ 9.434781192221019, 54.598285183802169 ], [ 9.435259394811453, 54.598061473726965 ], [ 9.436915484757131, 54.597627276230028 ], [ 9.437183087281809, 54.597437502594765 ], [ 9.437233985353673, 54.597246342656319 ], [ 9.437095928775728, 54.595062673619026 ], [ 9.437187456299673, 54.593228017337651 ], [ 9.437312657033692, 54.592594962928814 ], [ 9.439900738880413, 54.592410715369716 ], [ 9.444247073339099, 54.591862618830703 ], [ 9.44571151201573, 54.591411878400699 ], [ 9.446977409936082, 54.590697366292751 ] ], [ [ 9.427458239832493, 54.695048639606725 ], [ 9.426535497824633, 54.69346030142983 ], [ 9.426483190535786, 54.693053344593885 ], [ 9.426663931948845, 54.692400532431776 ], [ 9.426699584478142, 54.691833352523361 ], [ 9.427727182540526, 54.691837548205044 ], [ 9.430674950214359, 54.692202030732886 ], [ 9.430984181528217, 54.692432209159243 ], [ 9.431166156384217, 54.692821771421748 ], [ 9.431126491559484, 54.69290034052203 ], [ 9.430089366169847, 54.693548045703253 ], [ 9.429207762312277, 54.693457274185874 ], [ 9.428937525964502, 54.693527520091678 ], [ 9.428175241390083, 54.694178008766549 ], [ 9.427900279476074, 54.694798609938836 ], [ 9.427458239832493, 54.695048639606725 ] ], [ [ 9.430697283835926, 54.692090962301414 ], [ 9.431012710876619, 54.69098854076006 ], [ 9.431081049995489, 54.690493809798461 ], [ 9.430893421388866, 54.690023258104965 ], [ 9.430229783594685, 54.689224502614216 ], [ 9.428424644365659, 54.688228602088643 ], [ 9.427658999988516, 54.68762747791353 ], [ 9.427461540574406, 54.686927848128214 ], [ 9.427475185794584, 54.686179905936449 ], [ 9.42729152431005, 54.685793468130669 ], [ 9.427042770275564, 54.6848028488469 ], [ 9.427277251451006, 54.683812201739755 ], [ 9.430267972659326, 54.682193570023081 ], [ 9.431860451422956, 54.681091433184122 ], [ 9.432516929918785, 54.681015999465913 ], [ 9.434844759981509, 54.68104666890364 ], [ 9.434017491053934, 54.682605246131857 ], [ 9.433421935177657, 54.684030162234727 ], [ 9.431549495834368, 54.691059204969534 ], [ 9.431197215457324, 54.691792055943168 ], [ 9.430863949063259, 54.691881301319356 ], [ 9.430697283835926, 54.692090962301414 ] ], [ [ 9.431203456452277, 54.701293813441126 ], [ 9.431772846720317, 54.701405743173801 ], [ 9.43188908140003, 54.701449187899001 ], [ 9.432215625477577, 54.701628891441338 ], [ 9.432799363122507, 54.70233753725811 ], [ 9.433707981729563, 54.70269515289835 ], [ 9.43400939816296, 54.702631165872681 ], [ 9.434207923067984, 54.702175900077194 ], [ 9.434591889661764, 54.701980731893336 ], [ 9.435094871058988, 54.7018316362403 ], [ 9.436177650036022, 54.701677778902237 ], [ 9.43654966841004, 54.702095267273059 ], [ 9.437419269657886, 54.703735832191541 ], [ 9.437899401788004, 54.705135259756226 ], [ 9.43766258483817, 54.705288731607133 ], [ 9.437680846978745, 54.705445125336624 ], [ 9.437376654759214, 54.705540986565524 ], [ 9.436622403548855, 54.705221603844173 ], [ 9.435845967210019, 54.704656010038931 ], [ 9.435608068654068, 54.7045774767845 ], [ 9.434978424739915, 54.703781247270392 ], [ 9.434706339287496, 54.70355298921703 ], [ 9.434023315049485, 54.703201906804637 ], [ 9.433576639452101, 54.702731861079492 ], [ 9.432610002769037, 54.70226379255319 ], [ 9.432348983787948, 54.70181916196632 ], [ 9.432130135923824, 54.701604871437461 ], [ 9.431709919903826, 54.70139419412056 ], [ 9.431203456452277, 54.701293813441126 ] ], [ [ 9.434062906434974, 54.702202852454406 ], [ 9.434107642123495, 54.702125692731684 ], [ 9.434131721325084, 54.702110820151148 ], [ 9.434062906434974, 54.702202852454406 ] ], [ [ 9.430981950465116, 54.701261757062596 ], [ 9.431037602398641, 54.701270040334677 ], [ 9.431015022265772, 54.701268576519169 ], [ 9.430981950465116, 54.701261757062596 ] ], [ [ 9.430770382335108, 54.70122576111492 ], [ 9.430184487018739, 54.701054187719826 ], [ 9.430197997025564, 54.701013657699349 ], [ 9.430770382335108, 54.70122576111492 ] ], [ [ 9.430103597331867, 54.698789995048806 ], [ 9.430225653857157, 54.698698840517821 ], [ 9.4303303250789, 54.698717673164268 ], [ 9.430103597331867, 54.698789995048806 ] ] ], [ [ [ 10.59612911286588, 53.77353013955878 ], [ 10.594266509774293, 53.774878687021456 ], [ 10.59420504188715, 53.775009787128482 ], [ 10.594955780353287, 53.774527412968929 ], [ 10.595355312067147, 53.774604822827293 ], [ 10.599550979946093, 53.776483542766819 ], [ 10.601002601814129, 53.777055685036359 ], [ 10.600009454124868, 53.778012544483673 ], [ 10.600021355349959, 53.77834582573562 ], [ 10.60139467797852, 53.778909381521373 ], [ 10.601582487366297, 53.779107758202422 ], [ 10.602960855986238, 53.779771506478646 ], [ 10.604808553849917, 53.780464575235627 ], [ 10.605245243590847, 53.780747076534418 ], [ 10.605858878385538, 53.780844129100302 ], [ 10.605412460712049, 53.781304038660309 ], [ 10.603874928435861, 53.782580347423611 ], [ 10.60122580187682, 53.784573945298987 ], [ 10.59860826614125, 53.786306483471776 ], [ 10.59845219618588, 53.786533230285208 ], [ 10.598009355514289, 53.787697212042445 ], [ 10.597742833258797, 53.788066750993281 ], [ 10.593740286701427, 53.791318712527321 ], [ 10.592678644185627, 53.79185757103825 ], [ 10.592010511087638, 53.793365379964619 ], [ 10.591572168346412, 53.794116517346588 ], [ 10.590043223984186, 53.795610207671132 ], [ 10.587546126308522, 53.797703152004381 ], [ 10.587430975380951, 53.797905076079125 ], [ 10.587460483034363, 53.79809500653046 ], [ 10.586443348889489, 53.798667565514201 ], [ 10.58529138714648, 53.799042478865779 ], [ 10.584720460250628, 53.800084155855004 ], [ 10.584490827494767, 53.800692166038417 ], [ 10.584323535197647, 53.803210928896775 ], [ 10.58434281903082, 53.803941662309555 ], [ 10.584560037897557, 53.804325963827694 ], [ 10.585194270908284, 53.805081471361063 ], [ 10.586346797650426, 53.806075768319005 ], [ 10.589532799341187, 53.806699795310685 ], [ 10.5920612628901, 53.807009212091621 ], [ 10.595249968134294, 53.808077853625633 ], [ 10.596347722995045, 53.80788890312364 ], [ 10.599821799841886, 53.806960858464727 ], [ 10.601103816141562, 53.807004323719198 ], [ 10.601798908355009, 53.806754788053524 ], [ 10.603344957106694, 53.806847197204618 ], [ 10.60436267503853, 53.807033235374234 ], [ 10.607144796596515, 53.806957144841036 ], [ 10.612787321101786, 53.806156811168478 ], [ 10.612941865605292, 53.806408245049916 ], [ 10.612853090391207, 53.806796258549269 ], [ 10.612283717773851, 53.807928179725195 ], [ 10.611700037898153, 53.808732376002759 ], [ 10.611563861876961, 53.809097242002935 ], [ 10.611621313786383, 53.809543344386753 ], [ 10.611781346253153, 53.809936382982684 ], [ 10.612149667525452, 53.81041159628586 ], [ 10.612700139764168, 53.810915155382929 ], [ 10.615190995951028, 53.812725736612705 ], [ 10.616628668389616, 53.814263033094491 ], [ 10.617543127900449, 53.815111126024362 ], [ 10.617786623370185, 53.815452985958423 ], [ 10.617710231579647, 53.816239374874243 ], [ 10.617753142166348, 53.816569681666167 ], [ 10.618084709279886, 53.817597714894148 ], [ 10.618291501701927, 53.817724158242918 ], [ 10.619716025243241, 53.817370699925689 ], [ 10.620623672013668, 53.816841760690629 ], [ 10.622164526717627, 53.816528606995732 ], [ 10.622591970631605, 53.816533249824779 ], [ 10.623170232542803, 53.816674681769307 ], [ 10.623691961134542, 53.817068010028422 ], [ 10.623993885707149, 53.817108925176555 ], [ 10.625506041959579, 53.816431428022646 ], [ 10.626963122289975, 53.816050455384712 ], [ 10.629967433192528, 53.817108695091761 ], [ 10.632045549831876, 53.817629503411041 ], [ 10.632564861650076, 53.817956816336441 ], [ 10.634058638916224, 53.819201714624121 ], [ 10.634325308846972, 53.819268737167675 ], [ 10.636703827233884, 53.81850511213554 ], [ 10.640085333042601, 53.817144636482382 ], [ 10.640288784519294, 53.817198217157383 ], [ 10.641010191431111, 53.817891955806452 ], [ 10.641157823830357, 53.817919616758395 ], [ 10.642896089512274, 53.817401669909792 ], [ 10.645692361671651, 53.8171955521277 ], [ 10.650399201575226, 53.81535847544793 ], [ 10.65313668400071, 53.814196240769334 ], [ 10.654104322803283, 53.813962640979575 ], [ 10.654371254453508, 53.814096175541245 ], [ 10.654544371022139, 53.81468065189604 ], [ 10.654943081815704, 53.815023387370637 ], [ 10.656860617392274, 53.816156258814402 ], [ 10.658301262642794, 53.816699129300936 ], [ 10.660897395862799, 53.816643120134536 ], [ 10.663859606992856, 53.816116713638003 ], [ 10.665972431647761, 53.814657209874056 ], [ 10.666174172695666, 53.81458448991787 ], [ 10.667406523017714, 53.815246580817544 ], [ 10.669028566690656, 53.815800707430853 ], [ 10.671205446290966, 53.815904911520974 ], [ 10.672815852259628, 53.816221681826974 ], [ 10.673904034057564, 53.816180369913297 ], [ 10.673013023008894, 53.817260581376708 ], [ 10.672829299035932, 53.818573787459073 ], [ 10.672492163533825, 53.819731545619931 ], [ 10.67245680909341, 53.820204601238068 ], [ 10.671949625881309, 53.821401971112273 ], [ 10.671623931386563, 53.821866720582847 ], [ 10.671950676471278, 53.824080559004642 ], [ 10.672327226732309, 53.824639292161088 ], [ 10.673412177193081, 53.825373288704704 ], [ 10.673725143797283, 53.825752703141887 ], [ 10.67372756519249, 53.825981905511192 ], [ 10.67315692247492, 53.826896035873283 ], [ 10.673148465744536, 53.827080148825864 ], [ 10.673243891340677, 53.827253736044298 ], [ 10.673609553801231, 53.827502957762434 ], [ 10.675152145170953, 53.827858535760562 ], [ 10.675406559356807, 53.828027180053226 ], [ 10.675561361618451, 53.828265846349453 ], [ 10.676352564366606, 53.830899748811682 ], [ 10.676270208409157, 53.832432876932806 ], [ 10.677105743738286, 53.836811539647961 ], [ 10.67740224272298, 53.837214339815169 ], [ 10.678366478259056, 53.838035027220975 ], [ 10.67864460508679, 53.838400531091253 ], [ 10.67992536370927, 53.840861771375224 ], [ 10.679945242424067, 53.841193230849996 ], [ 10.679248156024236, 53.842322235882449 ], [ 10.683836668601197, 53.846383189517212 ], [ 10.683716689364068, 53.846372064660962 ], [ 10.68359657036409, 53.846470030992641 ], [ 10.683696437091349, 53.846806185569108 ], [ 10.683632268595249, 53.847158274895484 ], [ 10.682456148725763, 53.850738584830374 ], [ 10.682304287246509, 53.850936621060121 ], [ 10.681862725771394, 53.851133506080451 ], [ 10.682010211005645, 53.851618754344173 ], [ 10.682011635597503, 53.852026195676871 ], [ 10.681673570302223, 53.853019702870981 ], [ 10.681477760803187, 53.853318381727576 ], [ 10.681095384704623, 53.854905888306234 ], [ 10.680441806059447, 53.854835558203277 ], [ 10.680359070346913, 53.854932964015596 ], [ 10.680477938537265, 53.855063216717284 ], [ 10.680020498710963, 53.85485185157119 ], [ 10.679926115440349, 53.854932538075502 ], [ 10.680068845272439, 53.855072420076603 ], [ 10.681106221030713, 53.855539896519922 ], [ 10.67982827714928, 53.859366624101341 ], [ 10.67932995125989, 53.861159240747924 ], [ 10.679011648710063, 53.861921180650583 ], [ 10.67830619003937, 53.864121670494107 ], [ 10.677833610692286, 53.864962489412576 ], [ 10.677555204351764, 53.865989291330074 ], [ 10.677438944965855, 53.866126837041854 ], [ 10.677561955793029, 53.86935957092043 ], [ 10.677512635762668, 53.869641107673765 ], [ 10.67761851380901, 53.870639737122325 ], [ 10.677913033997489, 53.871190707654186 ], [ 10.678196157692478, 53.871453938819805 ], [ 10.67836195028962, 53.871455505171419 ], [ 10.678323688727518, 53.871566885314358 ], [ 10.67885513651019, 53.871420212231733 ], [ 10.679747797497175, 53.872122134091569 ], [ 10.68053562975158, 53.872412900783459 ], [ 10.680902477709184, 53.872438953811603 ], [ 10.681150504200852, 53.872637179288347 ], [ 10.682576936090804, 53.872565123381776 ], [ 10.683646016508671, 53.872342827884289 ], [ 10.686187658326512, 53.873470531561225 ], [ 10.69034044810904, 53.874526204065305 ], [ 10.690952483372282, 53.874552314070769 ], [ 10.691587485308585, 53.874467146649692 ], [ 10.69225995138501, 53.874149729935802 ], [ 10.692996009520794, 53.873609914621625 ], [ 10.69346521096319, 53.872665285531831 ], [ 10.695136389114806, 53.870947786002873 ], [ 10.695679942342945, 53.869984611591825 ], [ 10.695973261878494, 53.869062861100822 ], [ 10.698769090622989, 53.869041896901784 ], [ 10.698947465796985, 53.868954733788371 ], [ 10.699021423392338, 53.868591075388665 ], [ 10.69890275691273, 53.867560488952982 ], [ 10.69873703342436, 53.866868902049028 ], [ 10.698121371513466, 53.865124229805616 ], [ 10.697871737289056, 53.864875581519073 ], [ 10.697817444758989, 53.864475675517639 ], [ 10.697677765272729, 53.86423626028126 ], [ 10.696860558024602, 53.863332249174377 ], [ 10.694055349815317, 53.861156671513214 ], [ 10.693419911027259, 53.859880255005784 ], [ 10.69265837178666, 53.859077143966239 ], [ 10.692214278413804, 53.858840782014113 ], [ 10.69232838403642, 53.858690685726437 ], [ 10.692105206518283, 53.858458726874488 ], [ 10.692104739771329, 53.858346432344483 ], [ 10.694572160558431, 53.857541733195397 ], [ 10.697402712349101, 53.855393746973732 ], [ 10.700163170798797, 53.853606035224551 ], [ 10.701004923185618, 53.852894053709761 ], [ 10.701466200442495, 53.852623581840966 ], [ 10.701951564396087, 53.852113073727494 ], [ 10.702823077714593, 53.851444453036876 ], [ 10.702847792114914, 53.851353992546606 ], [ 10.702685572657238, 53.851164923625269 ], [ 10.702725819388878, 53.851007160484073 ], [ 10.702586698166392, 53.85089732807451 ], [ 10.702799382892387, 53.850966325819179 ], [ 10.703018683047954, 53.850905089274463 ], [ 10.703433242775631, 53.850567907288685 ], [ 10.705626195790645, 53.849265297725651 ], [ 10.706261900422311, 53.848789902756629 ], [ 10.707145700258717, 53.847643751775571 ], [ 10.707909693541977, 53.846464451389309 ], [ 10.70800169854073, 53.845737707383023 ], [ 10.707946498804031, 53.842703650797752 ], [ 10.708097519827023, 53.842129409132632 ], [ 10.708274674195627, 53.840361196728445 ], [ 10.708848887657556, 53.839678214692185 ], [ 10.708827902344566, 53.839518969928243 ], [ 10.708164836985487, 53.839171989379388 ], [ 10.706099979980319, 53.838512167497008 ], [ 10.702991003573377, 53.838035847188486 ], [ 10.701366810696852, 53.837524623469129 ], [ 10.702581432271954, 53.836272645548796 ], [ 10.703291083572664, 53.835671847187001 ], [ 10.703678020927477, 53.83521060442078 ], [ 10.704465380499711, 53.835174070528474 ], [ 10.705558407855888, 53.835559895225771 ], [ 10.705675691682975, 53.835756050835471 ], [ 10.70565374072808, 53.835965855815495 ], [ 10.70574961283844, 53.836041477091904 ], [ 10.706502048383609, 53.836226556810331 ], [ 10.708943070997535, 53.837093072747436 ], [ 10.709181320799654, 53.837050922029512 ], [ 10.709840269894583, 53.836307782895808 ], [ 10.710087708409947, 53.836179706096196 ], [ 10.711799486978697, 53.836778368612222 ], [ 10.712215907985623, 53.836697780330603 ], [ 10.713507023310539, 53.835482427101788 ], [ 10.714187717583812, 53.834989762823419 ], [ 10.714731829743922, 53.834423012553962 ], [ 10.715441100288119, 53.833849409031345 ], [ 10.716201778368116, 53.833034210186021 ], [ 10.716826127958422, 53.831892370064807 ], [ 10.721900260437105, 53.823584507590013 ], [ 10.722832061789203, 53.823458406292048 ], [ 10.724045867893247, 53.823868179749482 ], [ 10.727776192257952, 53.825446375185585 ], [ 10.728982595594744, 53.826051619734798 ], [ 10.730146592026372, 53.826506896325533 ], [ 10.730352948144702, 53.826508309183289 ], [ 10.734254240931159, 53.822759526822615 ], [ 10.734630809705862, 53.822271334568796 ], [ 10.735796377178852, 53.821261645298257 ], [ 10.737374955723109, 53.819655259508444 ], [ 10.738794531555563, 53.818414931653358 ], [ 10.740375923826415, 53.816727392212591 ], [ 10.740629765810466, 53.816576167176684 ], [ 10.741858926142273, 53.815359443955039 ], [ 10.742658656338161, 53.81471996060376 ], [ 10.743361514419279, 53.813782879728549 ], [ 10.74532554428337, 53.811772107217891 ], [ 10.745501203860696, 53.811814933334361 ], [ 10.7459934781225, 53.81248697548866 ], [ 10.746420869090759, 53.812627620548355 ], [ 10.748926307931621, 53.813097432054867 ], [ 10.74932199546762, 53.813233704741968 ], [ 10.749335899046757, 53.813532456019672 ], [ 10.749436018895516, 53.813687304764827 ], [ 10.750795902597973, 53.814033657980808 ], [ 10.750970990876031, 53.814214711190182 ], [ 10.750963789121338, 53.814793469977332 ], [ 10.751180744609204, 53.81504975632749 ], [ 10.751553929204871, 53.815321978406715 ], [ 10.752248827707607, 53.815537644182243 ], [ 10.752648569651756, 53.815406343176591 ], [ 10.753318407665448, 53.815461730065159 ], [ 10.754126828205152, 53.813737155755476 ], [ 10.754379726385915, 53.813599864169255 ], [ 10.755852274847074, 53.813635089257041 ], [ 10.756505542329039, 53.813825063410079 ], [ 10.757356104047375, 53.8139258849763 ], [ 10.758365177133598, 53.813911089109851 ], [ 10.759310515787098, 53.814086199762933 ], [ 10.759997088038588, 53.813342646931098 ], [ 10.759958851504553, 53.813150485707688 ], [ 10.75964266170217, 53.812987706216589 ], [ 10.760209661978937, 53.812629105657216 ], [ 10.760384102503158, 53.812245849912735 ], [ 10.760533498708616, 53.810815696197025 ], [ 10.760411342968409, 53.810482814063349 ], [ 10.759341933556298, 53.810247191845008 ], [ 10.758992318771364, 53.810068767789552 ], [ 10.759254606689659, 53.807729080319461 ], [ 10.759163222556955, 53.807519736422499 ], [ 10.759244140570914, 53.807157802260974 ], [ 10.758991141466666, 53.80229245923551 ], [ 10.758916215298298, 53.801781703960941 ], [ 10.758267754808594, 53.800639251390663 ], [ 10.764452944461576, 53.801365541284532 ], [ 10.764689367892952, 53.801147659942444 ], [ 10.764965601161355, 53.800210589038741 ], [ 10.765299793337954, 53.799938890235182 ], [ 10.765561058174654, 53.799851942475918 ], [ 10.766022810462319, 53.800107649784024 ], [ 10.766200626635371, 53.80009579436571 ], [ 10.766611662024673, 53.799871461087498 ], [ 10.766670574305305, 53.799739556939826 ], [ 10.766541118301394, 53.799372208281362 ], [ 10.765809652832445, 53.79846714492345 ], [ 10.765295158512254, 53.798118353337429 ], [ 10.765489605928231, 53.797820121862934 ], [ 10.765160505812203, 53.795934293574462 ], [ 10.765289766402093, 53.795349291671748 ], [ 10.76520785506581, 53.795084176474234 ], [ 10.766224045852743, 53.793442116110185 ], [ 10.766396414476969, 53.792540244948512 ], [ 10.766604229289525, 53.792076753959087 ], [ 10.767269382257993, 53.792123339257913 ], [ 10.767510948342279, 53.791962751849169 ], [ 10.767180109882108, 53.790168395871582 ], [ 10.766764310392279, 53.788776800111826 ], [ 10.765759357381029, 53.786288566687254 ], [ 10.765648618147409, 53.786191812260491 ], [ 10.765169249998362, 53.786052917089656 ], [ 10.763967870606173, 53.786452189593362 ], [ 10.763315411033686, 53.785996015990769 ], [ 10.762294836184715, 53.785688462904758 ], [ 10.761910433369042, 53.785669184197317 ], [ 10.761468693029123, 53.785382252896689 ], [ 10.762151317635078, 53.785161870246029 ], [ 10.762835917995945, 53.784759583105199 ], [ 10.764775042164647, 53.783929365875693 ], [ 10.766066466045668, 53.783294063717619 ], [ 10.766306642822176, 53.783035140927034 ], [ 10.766842597170195, 53.782849671380546 ], [ 10.76694348379718, 53.782640119175397 ], [ 10.766407758085762, 53.781172524526461 ], [ 10.766149154738915, 53.780962108696357 ], [ 10.765666595323497, 53.780869303757193 ], [ 10.763251283199146, 53.781746222527339 ], [ 10.762820277414702, 53.781814948268497 ], [ 10.762083226433401, 53.781770990381098 ], [ 10.761904868326869, 53.781685077067529 ], [ 10.760087706652628, 53.780008259589479 ], [ 10.759946676358409, 53.779968198812561 ], [ 10.757207675481929, 53.780748089311317 ], [ 10.755691050996967, 53.779286737497578 ], [ 10.754501095219089, 53.77859536755431 ], [ 10.753705594972686, 53.778373343590538 ], [ 10.74997299303533, 53.777781491925296 ], [ 10.749719481857751, 53.777601758348453 ], [ 10.749742546651675, 53.777227613915215 ], [ 10.749479368615392, 53.77694642511522 ], [ 10.748306893570762, 53.776732148644236 ], [ 10.747648579047882, 53.776348042039842 ], [ 10.747117456233649, 53.776186710771661 ], [ 10.746087943838058, 53.776169390431058 ], [ 10.744914679277601, 53.775581037247662 ], [ 10.74505934963914, 53.775345266041199 ], [ 10.745062068552148, 53.775186796346084 ], [ 10.744690498050923, 53.774578799128584 ], [ 10.744587909185878, 53.774058120022346 ], [ 10.743770219315005, 53.773120760738983 ], [ 10.743006115819353, 53.772812750826482 ], [ 10.74219723387391, 53.772221652277302 ], [ 10.741463266521484, 53.771947848562419 ], [ 10.740700365880155, 53.771406794836324 ], [ 10.740282588958298, 53.771203360949954 ], [ 10.740103832057635, 53.770620102583806 ], [ 10.740116680688578, 53.76982637321273 ], [ 10.739870545232703, 53.769336744099704 ], [ 10.739314188894333, 53.768743379405514 ], [ 10.738906796203938, 53.768429085373739 ], [ 10.737734612478258, 53.767777598352488 ], [ 10.737012640703023, 53.766488639701414 ], [ 10.736402972966061, 53.765634135023916 ], [ 10.736483525979912, 53.765300604400707 ], [ 10.736164302393108, 53.764773930025122 ], [ 10.736340785703458, 53.7643519145036 ], [ 10.736289710086682, 53.76413129104251 ], [ 10.735320488966703, 53.763092461432969 ], [ 10.735083267351811, 53.762610654876624 ], [ 10.734535677645408, 53.762276311413991 ], [ 10.733948562053868, 53.762054089611595 ], [ 10.733895005754853, 53.761969022288554 ], [ 10.733955771052996, 53.761725987225823 ], [ 10.73374329843619, 53.761241477355497 ], [ 10.733029979481897, 53.760424099961192 ], [ 10.733176835405674, 53.759942710851902 ], [ 10.733113223058259, 53.759332597347161 ], [ 10.733315343455399, 53.758944284400499 ], [ 10.733397491816394, 53.75855478150099 ], [ 10.733261271037991, 53.758269634039699 ], [ 10.73268480706747, 53.757748358097523 ], [ 10.732399369358431, 53.75697170547059 ], [ 10.731808108757415, 53.755843854355241 ], [ 10.731910137815101, 53.755254864804385 ], [ 10.731621879211277, 53.752876070935443 ], [ 10.731482438827792, 53.752465984655593 ], [ 10.730979953490685, 53.752009308343538 ], [ 10.73087239845311, 53.751617950144812 ], [ 10.730999239046188, 53.750422385107839 ], [ 10.731259699677322, 53.750132032866958 ], [ 10.731352347879756, 53.749728300444403 ], [ 10.731602488728974, 53.749206843522899 ], [ 10.73230501174876, 53.748359954277831 ], [ 10.732443032404605, 53.747773824416235 ], [ 10.732681949796216, 53.747503299190662 ], [ 10.733350042451933, 53.747427712519624 ], [ 10.733546076472715, 53.747241166567491 ], [ 10.733604034311311, 53.74683732384009 ], [ 10.733555210218276, 53.746444601822922 ], [ 10.733458615594801, 53.746273030310483 ], [ 10.733495211967057, 53.745950984313843 ], [ 10.733104485456749, 53.744727017156741 ], [ 10.733224265259921, 53.744168991836069 ], [ 10.734102728144475, 53.743379940678302 ], [ 10.734586037233221, 53.743084727579259 ], [ 10.735994113422606, 53.742610855778103 ], [ 10.73709912931613, 53.742113203512616 ], [ 10.737443307549322, 53.741745077982408 ], [ 10.737966542900979, 53.740657732456711 ], [ 10.738808086315288, 53.739865191009798 ], [ 10.740216393237695, 53.739471026754792 ], [ 10.740794478866786, 53.739010424950315 ], [ 10.742746080776458, 53.73898191934984 ], [ 10.743449176830371, 53.738856566486007 ], [ 10.745162957134967, 53.738241368486442 ], [ 10.746501160742609, 53.737560420202321 ], [ 10.747217072976671, 53.736501368571901 ], [ 10.746911490448319, 53.736029948899784 ], [ 10.746974038069212, 53.735427505718867 ], [ 10.746915175005496, 53.735276407759599 ], [ 10.747069696694977, 53.734760467061257 ], [ 10.747506065410473, 53.73404934222787 ], [ 10.74891939341231, 53.733618934241861 ], [ 10.749151934613845, 53.733485681066838 ], [ 10.749220975026288, 53.733343695504303 ], [ 10.749108457710967, 53.733097330518966 ], [ 10.748378148916823, 53.732577740837534 ], [ 10.748378351037372, 53.731921923491328 ], [ 10.747971746252174, 53.731416374444777 ], [ 10.747934395327984, 53.731138085118054 ], [ 10.747365252199476, 53.729642615829128 ], [ 10.746515893954928, 53.72837694918654 ], [ 10.74530257988684, 53.727531986747501 ], [ 10.743722296140712, 53.726873787910016 ], [ 10.74286399298583, 53.726296505084179 ], [ 10.742768499928466, 53.726154676725578 ], [ 10.74277832247993, 53.725989436105174 ], [ 10.743467736822403, 53.724930013458945 ], [ 10.74330488886701, 53.723875940258402 ], [ 10.742767478308325, 53.723371790595934 ], [ 10.742452894240435, 53.723268657908406 ], [ 10.741811326831513, 53.723335885274075 ], [ 10.74159469528832, 53.72322135666348 ], [ 10.741234554713845, 53.722329129243754 ], [ 10.741297603820168, 53.721731983176994 ], [ 10.741244902668198, 53.721385279843915 ], [ 10.741592859053659, 53.720559651676894 ], [ 10.740247998324826, 53.720432306108378 ], [ 10.73969024799225, 53.720267776305072 ], [ 10.739735133473669, 53.720021211499358 ], [ 10.740035539308666, 53.719840830065735 ], [ 10.740069004432534, 53.719595425965693 ], [ 10.738511295073804, 53.716135146251602 ], [ 10.737854329464785, 53.715740637437435 ], [ 10.737087323456034, 53.715012649081871 ], [ 10.736743149874254, 53.714809745755829 ], [ 10.735392918109167, 53.714879460258821 ], [ 10.735189283809339, 53.714313872440947 ], [ 10.734806869353188, 53.713918017149517 ], [ 10.734750246876223, 53.713731220752834 ], [ 10.734780600232318, 53.713223248695193 ], [ 10.73470742530681, 53.713120374601885 ], [ 10.73488981425918, 53.712459724388523 ], [ 10.734871056562865, 53.712247664241282 ], [ 10.734774040472196, 53.712175223486895 ], [ 10.734107682127727, 53.712187104546487 ], [ 10.733696256342924, 53.712491629560311 ], [ 10.731193912161492, 53.712571346470639 ], [ 10.728892675929021, 53.713005236808229 ], [ 10.727143843673637, 53.71373532900742 ], [ 10.725620243985778, 53.714099470437709 ], [ 10.725390093857392, 53.714229979310026 ], [ 10.725281559285952, 53.714421984807409 ], [ 10.725326137934672, 53.715664950218887 ], [ 10.725194658059149, 53.71590863565411 ], [ 10.719839522117685, 53.718980700790972 ], [ 10.714976459333835, 53.720568709634989 ], [ 10.712382691530419, 53.721864188257847 ], [ 10.709314766144972, 53.722792145720952 ], [ 10.707854497074095, 53.723094311519212 ], [ 10.706434087620634, 53.723602527344305 ], [ 10.705876007911389, 53.723914687790923 ], [ 10.70588967202616, 53.724061567115449 ], [ 10.706136292816126, 53.724315782912164 ], [ 10.705977699782105, 53.724499203479219 ], [ 10.703179192170015, 53.724770585698138 ], [ 10.702831968486969, 53.724917852405859 ], [ 10.70268118770924, 53.725189744001213 ], [ 10.702675172888414, 53.72581703607537 ], [ 10.702593177381202, 53.726031478852853 ], [ 10.702250319610394, 53.726186986187841 ], [ 10.701501319818552, 53.726187519546258 ], [ 10.701352215783258, 53.726255904932337 ], [ 10.701109263964508, 53.726502553208363 ], [ 10.700313353433474, 53.726870538057476 ], [ 10.699557463368496, 53.727492904097758 ], [ 10.699027115769717, 53.728132162493402 ], [ 10.698779270548156, 53.728290488932664 ], [ 10.698349826183602, 53.728448329225344 ], [ 10.69791244918015, 53.728348719804544 ], [ 10.697701617388418, 53.728397572722734 ], [ 10.697120813612251, 53.728743622747473 ], [ 10.694925223196236, 53.730945539858489 ], [ 10.694919119318889, 53.731146019823377 ], [ 10.695094068264321, 53.731327961029798 ], [ 10.695107378041984, 53.731446085306544 ], [ 10.694427377382368, 53.732631740097432 ], [ 10.693096685129182, 53.731951311278365 ], [ 10.691700448860615, 53.730974361868782 ], [ 10.690835124525494, 53.730540584937934 ], [ 10.688581906813818, 53.730505061294679 ], [ 10.688175337460402, 53.730706102732896 ], [ 10.687361745427934, 53.730875997278901 ], [ 10.685953803388458, 53.731397937480637 ], [ 10.684966171079733, 53.731608175458788 ], [ 10.684217225492137, 53.731913359480544 ], [ 10.680372081209981, 53.732963361996056 ], [ 10.677654499651199, 53.733871858035506 ], [ 10.676749958064539, 53.734517504264524 ], [ 10.676368290075942, 53.735163383538357 ], [ 10.676352068354237, 53.73550135685948 ], [ 10.676661657359952, 53.73596620257559 ], [ 10.676744144200056, 53.736325051453136 ], [ 10.677069573258901, 53.736671569137776 ], [ 10.676726112942497, 53.737096897336478 ], [ 10.676544594879571, 53.737171023158581 ], [ 10.660789824379496, 53.734674629543854 ], [ 10.654475796792115, 53.733873066199337 ], [ 10.654286185569825, 53.733757948620031 ], [ 10.653759210812627, 53.732752838603659 ], [ 10.653629083553868, 53.732641060045431 ], [ 10.651451897905858, 53.732973202073609 ], [ 10.651373108889832, 53.73315828553941 ], [ 10.651554253981132, 53.733689055058207 ], [ 10.651406698617029, 53.733761230714549 ], [ 10.649270327051601, 53.733661780831831 ], [ 10.646345220551733, 53.734031206710469 ], [ 10.646296388760799, 53.734113420153903 ], [ 10.646385128695963, 53.734195533232679 ], [ 10.647129820185395, 53.734209103965632 ], [ 10.647717728054166, 53.735546314745832 ], [ 10.648005389152042, 53.736507338318908 ], [ 10.648924908703563, 53.738834639472678 ], [ 10.650368934668984, 53.74292164864638 ], [ 10.650479270621275, 53.743657807471344 ], [ 10.650362743953224, 53.744706670103199 ], [ 10.650056982863559, 53.745509292129732 ], [ 10.649475400061181, 53.746409182548312 ], [ 10.646403800766466, 53.749295119794098 ], [ 10.645978876622401, 53.749819861209005 ], [ 10.645465577533296, 53.750753930877124 ], [ 10.645175742629773, 53.751787610368332 ], [ 10.64520468941107, 53.755803677275139 ], [ 10.64493246627366, 53.756732549704019 ], [ 10.644619922907317, 53.757325194731116 ], [ 10.643625460265026, 53.758515976467677 ], [ 10.64088840541131, 53.760775846139744 ], [ 10.640054329088926, 53.761854161032637 ], [ 10.639445977295255, 53.761520056346662 ], [ 10.638287364159465, 53.761272584131753 ], [ 10.634736970600915, 53.761338943721476 ], [ 10.627841094612206, 53.760601405077892 ], [ 10.627825030976062, 53.7604853355624 ], [ 10.628330225784971, 53.75912999012855 ], [ 10.628267597526257, 53.758933098246324 ], [ 10.627020987382268, 53.75866894964534 ], [ 10.625615434665754, 53.758117327939715 ], [ 10.625389760844753, 53.758109954847285 ], [ 10.624406598640286, 53.759077384666796 ], [ 10.62213183922858, 53.76170195461038 ], [ 10.621964139110219, 53.76246155911339 ], [ 10.620958665674218, 53.765358195873176 ], [ 10.617943362060105, 53.767016586082271 ], [ 10.614130794290739, 53.768998325177698 ], [ 10.613240419846319, 53.769379260429425 ], [ 10.610110555254451, 53.768359376633967 ], [ 10.607351132309791, 53.767956902927274 ], [ 10.606386117830775, 53.767513989465449 ], [ 10.605687346076559, 53.766745549374164 ], [ 10.605394872386011, 53.76654212278288 ], [ 10.604639535396634, 53.766313495757764 ], [ 10.603421679859768, 53.766278240067408 ], [ 10.60319002307534, 53.766410417658705 ], [ 10.603108749200098, 53.767386412574048 ], [ 10.601859002347075, 53.770315425866727 ], [ 10.601749876431532, 53.770959558541279 ], [ 10.602043209816292, 53.771559899578442 ], [ 10.598358191799122, 53.773073263539672 ], [ 10.59612911286588, 53.77353013955878 ] ], [ [ 10.685444874976008, 53.847128471335516 ], [ 10.686038279720901, 53.845686884715583 ], [ 10.687714863721359, 53.84589725433603 ], [ 10.687425935629678, 53.846854521051121 ], [ 10.685444874976008, 53.847128471335516 ] ], [ [ 10.689246613633735, 53.846099996687222 ], [ 10.691127956499104, 53.845832128597607 ], [ 10.691000412256781, 53.845752511925959 ], [ 10.691016998346502, 53.844814545978643 ], [ 10.690951646628543, 53.844848084889328 ], [ 10.690847590018008, 53.845336438355737 ], [ 10.690886237409224, 53.845806966259126 ], [ 10.689440462627781, 53.845938271904053 ], [ 10.689294539055012, 53.845590593891103 ], [ 10.689591214431383, 53.844230892574096 ], [ 10.689684703493704, 53.844117855272913 ], [ 10.689730418093625, 53.843603280396877 ], [ 10.689823539835757, 53.843382773093055 ], [ 10.690068584470625, 53.843298891168629 ], [ 10.692725547765116, 53.843392402004945 ], [ 10.692600684579205, 53.8436782859443 ], [ 10.69235549622481, 53.845522858210302 ], [ 10.69223712359293, 53.845619898497738 ], [ 10.691675015325016, 53.845640412748857 ], [ 10.691715610430645, 53.845698309531144 ], [ 10.69217732687879, 53.845721673734985 ], [ 10.692412934145679, 53.845620385394163 ], [ 10.692333520411182, 53.845733631635476 ], [ 10.691820648083182, 53.845786765797058 ], [ 10.691865902973332, 53.845841098061115 ], [ 10.692344314099543, 53.845833412654216 ], [ 10.692501406553975, 53.845711563355124 ], [ 10.692865502488411, 53.843615477954422 ], [ 10.693097328050001, 53.84351783391309 ], [ 10.693888625055761, 53.843563941339639 ], [ 10.694263224756151, 53.843511247705628 ], [ 10.694370120080235, 53.843427038694799 ], [ 10.694514100876306, 53.843006816682525 ], [ 10.699330674542347, 53.842972172718994 ], [ 10.700938486251841, 53.843091100214046 ], [ 10.701155899954259, 53.843043711857483 ], [ 10.701212367957027, 53.842922196269491 ], [ 10.70116173927341, 53.842401546991255 ], [ 10.701220815985359, 53.840711714747357 ], [ 10.700860049484145, 53.839479514447163 ], [ 10.70042106329117, 53.838349012002048 ], [ 10.700308213028075, 53.837915279922989 ], [ 10.700364862512689, 53.837621981077923 ], [ 10.701340655476372, 53.837621334537062 ], [ 10.702968042895234, 53.838133547031013 ], [ 10.706076183807443, 53.83860942792284 ], [ 10.708129879835417, 53.839265707962227 ], [ 10.708759350475589, 53.839610802380356 ], [ 10.708178073183879, 53.840332223767113 ], [ 10.707995430374369, 53.842114240772588 ], [ 10.707843435881099, 53.842690125657505 ], [ 10.707900786152827, 53.845735581883112 ], [ 10.707813281821259, 53.846436769209248 ], [ 10.706321259711368, 53.848576104207403 ], [ 10.70575945916565, 53.849059016588406 ], [ 10.703379188530635, 53.850483741399032 ], [ 10.702930013734999, 53.850837532252946 ], [ 10.702753293475112, 53.850859159378047 ], [ 10.702139700133991, 53.850674967409574 ], [ 10.701443713734946, 53.850647178704776 ], [ 10.701418931511773, 53.8507365449235 ], [ 10.701512674880485, 53.850812700249506 ], [ 10.702521482037534, 53.850974261471535 ], [ 10.702617699288973, 53.851034855528383 ], [ 10.702593023320405, 53.851205970134579 ], [ 10.702743500032234, 53.851379037518775 ], [ 10.701882858644982, 53.852039908638538 ], [ 10.701462192224623, 53.852497660860955 ], [ 10.7009419704147, 53.852814532420446 ], [ 10.700104099392119, 53.853524901773945 ], [ 10.697273099628278, 53.855362846502871 ], [ 10.694717183802924, 53.857331102742414 ], [ 10.694032701102266, 53.857646220073043 ], [ 10.692145366518186, 53.858204647559106 ], [ 10.691998682876871, 53.85833659675918 ], [ 10.692014795003059, 53.858503456229393 ], [ 10.692224727546213, 53.858698486879099 ], [ 10.692110042143348, 53.858875225635252 ], [ 10.692596124723103, 53.859155844412903 ], [ 10.693157614068094, 53.85971098187666 ], [ 10.693493687044782, 53.860220589819399 ], [ 10.69397952685865, 53.861222830614466 ], [ 10.696798480255556, 53.863410958753619 ], [ 10.697701245287076, 53.864456027883584 ], [ 10.697753708778617, 53.864861518021449 ], [ 10.698008335301129, 53.865114235528843 ], [ 10.698641405648162, 53.866903062647879 ], [ 10.698916307754523, 53.868436679138938 ], [ 10.698884159024713, 53.868850666548269 ], [ 10.698812000487029, 53.868922427893907 ], [ 10.698211689377635, 53.868888872280714 ], [ 10.698234082313515, 53.868336037654352 ], [ 10.698049131652834, 53.8674550499166 ], [ 10.697657847284884, 53.866555491314678 ], [ 10.696903750131542, 53.865425806187751 ], [ 10.695600967007438, 53.864859966666138 ], [ 10.69553251731052, 53.864419784045289 ], [ 10.693227009303515, 53.861118328317019 ], [ 10.693083166577674, 53.860586286736442 ], [ 10.69269857528019, 53.860390059319343 ], [ 10.691954494331814, 53.859425965752649 ], [ 10.691104353982443, 53.858614231015153 ], [ 10.690131291141904, 53.858018703537027 ], [ 10.689646371961347, 53.857580549141659 ], [ 10.688984289009928, 53.857470079633451 ], [ 10.687977030992259, 53.856972810139652 ], [ 10.687528566583818, 53.856975162549958 ], [ 10.686224002190432, 53.856651978490149 ], [ 10.684822772343814, 53.856137162895827 ], [ 10.682075629109951, 53.855443250527074 ], [ 10.681274716353814, 53.8554586489958 ], [ 10.682272944753182, 53.85269153913292 ], [ 10.682429744065622, 53.851902897048362 ], [ 10.682648457844371, 53.851616641556205 ], [ 10.683050088059375, 53.851587517576142 ], [ 10.683229920964854, 53.85138473174085 ], [ 10.683184824224906, 53.851267877343162 ], [ 10.68280357579197, 53.850974152702229 ], [ 10.682807750250459, 53.850842039182581 ], [ 10.683695840315149, 53.848126258834739 ], [ 10.684133438718558, 53.847140365289725 ], [ 10.684280654485464, 53.847120167769695 ], [ 10.684726936330957, 53.847547618656641 ], [ 10.68495408442821, 53.847583911090624 ], [ 10.685466908175295, 53.847252164593229 ], [ 10.687534874671291, 53.846928906853627 ], [ 10.68763220763498, 53.846818657586596 ], [ 10.687836502412141, 53.846154719023801 ], [ 10.687966971411516, 53.846014240904431 ], [ 10.689246613633735, 53.846099996687222 ] ], [ [ 10.689313321419547, 53.845960793424055 ], [ 10.688555210781763, 53.845931719643886 ], [ 10.68778999450377, 53.84572314121263 ], [ 10.686065836194039, 53.845526276953237 ], [ 10.685884685270034, 53.845679575736014 ], [ 10.685264888178612, 53.847264689882607 ], [ 10.685089618351263, 53.847319158254933 ], [ 10.683829769617756, 53.846198865071656 ], [ 10.683251174460246, 53.845780894030284 ], [ 10.682513023037572, 53.84505073667885 ], [ 10.679345224861047, 53.842289030733923 ], [ 10.680039011590816, 53.841228912327999 ], [ 10.680022945040161, 53.840838957458338 ], [ 10.67872686363966, 53.838343520439544 ], [ 10.678433843213401, 53.837961076574011 ], [ 10.67747533314863, 53.837145868347768 ], [ 10.677199624797767, 53.836776909709428 ], [ 10.676369508037331, 53.832420950998348 ], [ 10.676451257514156, 53.830883400445778 ], [ 10.675655264636667, 53.828230561490642 ], [ 10.675477658751099, 53.827956744228906 ], [ 10.675194737679028, 53.827768003182733 ], [ 10.673640520635621, 53.827407842440316 ], [ 10.673317445014316, 53.827185900967343 ], [ 10.6732532384445, 53.826923473070643 ], [ 10.673822430616726, 53.826016043029369 ], [ 10.673818905309203, 53.825716674665301 ], [ 10.673476664892185, 53.825296380760442 ], [ 10.672631639302505, 53.824760369772314 ], [ 10.672265010961064, 53.824433593621265 ], [ 10.671954078787511, 53.823752117555124 ], [ 10.671721860691429, 53.821893380559459 ], [ 10.67203874995907, 53.821447543418735 ], [ 10.672553471676135, 53.820235919161796 ], [ 10.672604169323815, 53.819693125383665 ], [ 10.672927234140463, 53.818594253324029 ], [ 10.673103959190643, 53.817303389820495 ], [ 10.67341460306938, 53.816855257419249 ], [ 10.674046766249077, 53.816184232511262 ], [ 10.675319115722605, 53.817342578829361 ], [ 10.675650240270187, 53.817531267484107 ], [ 10.679318097240161, 53.818554032514925 ], [ 10.680850289580523, 53.81915804231555 ], [ 10.68201349087909, 53.819491606791367 ], [ 10.682866779712112, 53.819462826622747 ], [ 10.684600848706971, 53.821111633804755 ], [ 10.684632366767671, 53.821288187185885 ], [ 10.684541000098218, 53.821674589047575 ], [ 10.684613346025108, 53.82190510758435 ], [ 10.685647534378152, 53.822516046665534 ], [ 10.685863819165428, 53.82272032822511 ], [ 10.686085370663058, 53.82354420398822 ], [ 10.686686109372527, 53.824182764429381 ], [ 10.687377125324405, 53.824733771993756 ], [ 10.687546593439889, 53.824961332202776 ], [ 10.687591292510135, 53.825271984894208 ], [ 10.68441089361359, 53.827005872577345 ], [ 10.684089173819682, 53.827135390742143 ], [ 10.68324699499369, 53.827226585226526 ], [ 10.683061054244501, 53.827471831080118 ], [ 10.682974072899675, 53.828001378083648 ], [ 10.683026760715615, 53.828073368212912 ], [ 10.684404737649455, 53.828357253162196 ], [ 10.685944326722343, 53.828822465111699 ], [ 10.687376861908859, 53.829007369963847 ], [ 10.688658024594098, 53.829024886526561 ], [ 10.690755840623238, 53.829850471407255 ], [ 10.69221423954809, 53.828874553118816 ], [ 10.693827230783855, 53.828524401836873 ], [ 10.694779620821258, 53.828476546307591 ], [ 10.695869682230935, 53.828640854949072 ], [ 10.696563094635987, 53.82862601677224 ], [ 10.697833101702329, 53.828954922042662 ], [ 10.700260958643932, 53.829190564766179 ], [ 10.700728182796174, 53.829306321339558 ], [ 10.701177577162721, 53.829726904061395 ], [ 10.700821639560658, 53.830229616025314 ], [ 10.699403861830907, 53.830779279922254 ], [ 10.69924919702428, 53.830944902957462 ], [ 10.6994961231894, 53.83120446588665 ], [ 10.700721358623708, 53.83148069136368 ], [ 10.700871628252687, 53.831622914973174 ], [ 10.700052735185563, 53.832580641598192 ], [ 10.699075775610151, 53.833395743725866 ], [ 10.699477527490219, 53.834013561153128 ], [ 10.699495263475216, 53.834279719421616 ], [ 10.699413734784079, 53.834467551230738 ], [ 10.699416209542971, 53.834305588599641 ], [ 10.699077185850644, 53.834158015676842 ], [ 10.698532745033773, 53.834213121298639 ], [ 10.697565692816887, 53.83404702620571 ], [ 10.697068514359222, 53.834091718671829 ], [ 10.696320293907892, 53.834388158723812 ], [ 10.695811531073737, 53.834700301062554 ], [ 10.695453354052409, 53.835034470401396 ], [ 10.694968428171707, 53.835886724616707 ], [ 10.694431953839786, 53.836302556206483 ], [ 10.692738758894082, 53.836703705212948 ], [ 10.692724049438253, 53.836830629073802 ], [ 10.693469332915987, 53.837513125901175 ], [ 10.693550750984766, 53.837764749243149 ], [ 10.692686933283129, 53.84328250582081 ], [ 10.692410883027483, 53.843329728139793 ], [ 10.690110640719837, 53.843194658274655 ], [ 10.689759206570226, 53.843305959797028 ], [ 10.689223708377163, 53.845258488207264 ], [ 10.689191945692141, 53.845579169896062 ], [ 10.689313321419547, 53.845960793424055 ] ], [ [ 10.692884500290207, 53.843498967801864 ], [ 10.693734535712771, 53.837818875689031 ], [ 10.693524672086285, 53.837366005607315 ], [ 10.692892863138818, 53.836843446627483 ], [ 10.69408049732168, 53.83660686843983 ], [ 10.694486727422509, 53.836454275844147 ], [ 10.695050449142061, 53.836023305963529 ], [ 10.695648506562554, 53.835092533948 ], [ 10.696451799914701, 53.834478132759905 ], [ 10.69960156694029, 53.835459213958856 ], [ 10.699646627696671, 53.836004921447284 ], [ 10.70015890096364, 53.837441317458222 ], [ 10.700271756401287, 53.837585494751231 ], [ 10.700206697895922, 53.837915165091218 ], [ 10.700325945436912, 53.838380090000456 ], [ 10.700764164954343, 53.839508256040602 ], [ 10.70112173105886, 53.84072864320521 ], [ 10.701090592050914, 53.842966705950353 ], [ 10.699791630486157, 53.842876228964748 ], [ 10.694648236442006, 53.842889209989238 ], [ 10.69440176318669, 53.842975240711056 ], [ 10.694225315732075, 53.843417688943831 ], [ 10.693082718986146, 53.843417977665453 ], [ 10.692884500290207, 53.843498967801864 ] ], [ [ 10.698882431763773, 53.835110029390755 ], [ 10.699374286752045, 53.834609567346419 ], [ 10.699784485634604, 53.834502023356187 ], [ 10.699604182164544, 53.834202110895973 ], [ 10.699466724258922, 53.833737043128487 ], [ 10.699920809662675, 53.833642570461414 ], [ 10.703880139111556, 53.832082976258818 ], [ 10.704877045563505, 53.832437489138286 ], [ 10.705911161539767, 53.832416892220472 ], [ 10.707791724188683, 53.832618264199013 ], [ 10.708447680168728, 53.832122915594397 ], [ 10.709319769487045, 53.832665463267098 ], [ 10.709524813697099, 53.832705142385905 ], [ 10.71039851134222, 53.832418587027682 ], [ 10.711064441468629, 53.83200501924717 ], [ 10.712348498937871, 53.831397970156239 ], [ 10.712405461774225, 53.831269761932717 ], [ 10.712267779469634, 53.831055620690528 ], [ 10.711836070664223, 53.830684619624364 ], [ 10.711119435478968, 53.830340030063425 ], [ 10.710919875986258, 53.830004669538816 ], [ 10.710808553700245, 53.828876345885611 ], [ 10.711638510266466, 53.828387827536382 ], [ 10.711697533380828, 53.828239435269396 ], [ 10.710729839511691, 53.827491264805026 ], [ 10.710692277793365, 53.827427946479851 ], [ 10.710822059731678, 53.827202753803327 ], [ 10.710107046636757, 53.826662092753487 ], [ 10.713844611179377, 53.825643382489545 ], [ 10.714467166581771, 53.825391159532003 ], [ 10.714552417618792, 53.825184532681533 ], [ 10.711831850969164, 53.82271040424525 ], [ 10.711958702213597, 53.822542679245096 ], [ 10.712292320756919, 53.822478342558888 ], [ 10.713821099922082, 53.82265830541678 ], [ 10.714805812691907, 53.822481657653306 ], [ 10.715390629220641, 53.822268205289816 ], [ 10.716936550732063, 53.822742532698712 ], [ 10.721607588848833, 53.823839381202404 ], [ 10.718987792449306, 53.828244465596697 ], [ 10.71674215281319, 53.831837807733379 ], [ 10.716122292869173, 53.83297345979441 ], [ 10.715624406629649, 53.833536988062932 ], [ 10.714663529398049, 53.834349963781101 ], [ 10.71428156441219, 53.834776437586555 ], [ 10.713445422987251, 53.835403301900577 ], [ 10.71313935366984, 53.83575531729057 ], [ 10.71207140783709, 53.836662485251672 ], [ 10.711822335107557, 53.83668097000497 ], [ 10.710075980764559, 53.836079769698713 ], [ 10.709773652905904, 53.83623307059856 ], [ 10.709115782599383, 53.836974344291058 ], [ 10.708959780524632, 53.836994425849717 ], [ 10.706531405774792, 53.836130769740038 ], [ 10.705785902895094, 53.835948075482264 ], [ 10.70571324738146, 53.83557434670265 ], [ 10.705404153617566, 53.83537902806188 ], [ 10.704598872038002, 53.835081782917648 ], [ 10.703808202884215, 53.835068990276724 ], [ 10.703541525993083, 53.835192890326468 ], [ 10.703219568948759, 53.835601863515201 ], [ 10.702511826314371, 53.83620003291982 ], [ 10.701292238736579, 53.837457735614088 ], [ 10.700357236254304, 53.837516710888416 ], [ 10.700255750155268, 53.837410613860342 ], [ 10.69974361078007, 53.835972923560746 ], [ 10.699689219759264, 53.835404901805539 ], [ 10.698882431763773, 53.835110029390755 ] ], [ [ 10.595028300287936, 53.774429533704627 ], [ 10.596170877045108, 53.773621261244386 ], [ 10.598389916065555, 53.773168122771018 ], [ 10.602134110500842, 53.771625759796358 ], [ 10.602123192421944, 53.77141854495035 ], [ 10.601848520708678, 53.770942314254363 ], [ 10.601955149450438, 53.770343212923507 ], [ 10.603202194821007, 53.767422143981968 ], [ 10.603284460402147, 53.766447345787654 ], [ 10.603451438527806, 53.766373758924836 ], [ 10.604624306242572, 53.766412381900793 ], [ 10.60535538517089, 53.766634027697251 ], [ 10.605618699057995, 53.766818559698905 ], [ 10.606329372015683, 53.76759647495544 ], [ 10.607320886998508, 53.768052293112703 ], [ 10.610086599452686, 53.76845648971878 ], [ 10.613231681320771, 53.769479210556696 ], [ 10.61417542994011, 53.7690878135978 ], [ 10.617990144964319, 53.767104969092678 ], [ 10.621039706000403, 53.765419219534678 ], [ 10.622059710072039, 53.762491430994203 ], [ 10.622218228958815, 53.761753201359866 ], [ 10.624479889013678, 53.759145429625903 ], [ 10.625415049685168, 53.758207004903795 ], [ 10.625588148548394, 53.758213982308845 ], [ 10.626996379699289, 53.75876593589571 ], [ 10.628198417772433, 53.759009093422094 ], [ 10.628233030073499, 53.759106328484961 ], [ 10.628121202782769, 53.759474300476356 ], [ 10.627727525296281, 53.760461748536571 ], [ 10.627711208021141, 53.760635328867203 ], [ 10.627814373108375, 53.76069828347827 ], [ 10.634729767019715, 53.761438724233159 ], [ 10.638278969349157, 53.761372272457713 ], [ 10.639232290855068, 53.761556681844965 ], [ 10.639911375868474, 53.761929690891094 ], [ 10.640118888730253, 53.761931869822796 ], [ 10.640958155222098, 53.760847516851939 ], [ 10.64369343272964, 53.758589354598392 ], [ 10.644705854575022, 53.75737637899249 ], [ 10.645025634287913, 53.756769044789387 ], [ 10.645303963370422, 53.75581576169354 ], [ 10.645275692941782, 53.751791729268035 ], [ 10.645556586050956, 53.750795376228695 ], [ 10.646062568347737, 53.74987469804919 ], [ 10.646477250759284, 53.749363015362185 ], [ 10.649157291447505, 53.746913856563836 ], [ 10.649553833225156, 53.746471249967158 ], [ 10.650145137344943, 53.745556548608896 ], [ 10.650459808849391, 53.744730924233586 ], [ 10.650579294590905, 53.743657371292997 ], [ 10.650465520016262, 53.74289567184703 ], [ 10.649018102357536, 53.738798329140117 ], [ 10.648098520438753, 53.736470798345003 ], [ 10.647812884295616, 53.735515092638451 ], [ 10.64719893915591, 53.734133032122429 ], [ 10.647013331250495, 53.734066863982413 ], [ 10.646476165999756, 53.734102889817841 ], [ 10.649276709788188, 53.733761601227137 ], [ 10.651424485684787, 53.733859721301329 ], [ 10.651590594001423, 53.733803968736133 ], [ 10.651655209634205, 53.733689409059572 ], [ 10.65149937460771, 53.73306475486558 ], [ 10.653622373577329, 53.732741377012346 ], [ 10.654203473318962, 53.733814357129397 ], [ 10.65445179255239, 53.733970350351193 ], [ 10.660772904007757, 53.734773212112792 ], [ 10.675069352293836, 53.737085112794603 ], [ 10.676567660688038, 53.737268744760613 ], [ 10.67692435886638, 53.737041585023917 ], [ 10.677171699789682, 53.736654145255244 ], [ 10.67678885329185, 53.736200656041724 ], [ 10.676753016783135, 53.735924466172655 ], [ 10.676437446447554, 53.735445653142378 ], [ 10.676460675166373, 53.735203384160037 ], [ 10.676822081010453, 53.734587643449366 ], [ 10.677703069691042, 53.733961074261678 ], [ 10.680402284601065, 53.733058917294834 ], [ 10.684243482939944, 53.732010029155312 ], [ 10.684991764888387, 53.731705195882299 ], [ 10.685983778078056, 53.731493596792774 ], [ 10.687391979968863, 53.730971320412827 ], [ 10.688204295772914, 53.730802382670909 ], [ 10.688604238862856, 53.73060341631092 ], [ 10.690801793589538, 53.730634884921948 ], [ 10.69164772415809, 53.731059334622351 ], [ 10.693240840269583, 53.732149632173517 ], [ 10.69427063088032, 53.73271897325737 ], [ 10.694463357955986, 53.732726436814737 ], [ 10.694965459534577, 53.731977614340302 ], [ 10.695206185912744, 53.731469212647816 ], [ 10.695187906166254, 53.73128577249652 ], [ 10.695015568672169, 53.731106438019253 ], [ 10.695016635401842, 53.730991356712067 ], [ 10.697184859091031, 53.728820579275364 ], [ 10.697732425954099, 53.728493002855409 ], [ 10.697906801443438, 53.728450786415422 ], [ 10.69835713428103, 53.728548843177926 ], [ 10.698831096296747, 53.72837603470083 ], [ 10.699094690282354, 53.72820636653514 ], [ 10.699627377609467, 53.727564554295704 ], [ 10.700369719367131, 53.726953476221496 ], [ 10.701166874801045, 53.726585085065196 ], [ 10.701403778839969, 53.726342042732362 ], [ 10.702268079543552, 53.726285511834895 ], [ 10.702653690543199, 53.726112212012666 ], [ 10.702756658826262, 53.725964912955753 ], [ 10.702779913117164, 53.725208175284898 ], [ 10.702887478267193, 53.725002611565507 ], [ 10.703197748455963, 53.724870097077719 ], [ 10.706011595180128, 53.724593632262014 ], [ 10.70622546385383, 53.724439047621694 ], [ 10.706236524801147, 53.724296629924055 ], [ 10.705972174345771, 53.723949331575589 ], [ 10.706471677402181, 53.723695198371203 ], [ 10.707880750732016, 53.723190827210651 ], [ 10.709340738133816, 53.722888716413557 ], [ 10.712413719400168, 53.721959306145898 ], [ 10.715013159441428, 53.720661772498445 ], [ 10.719881124074949, 53.719071675816508 ], [ 10.725257475048586, 53.715986525305333 ], [ 10.725425927048894, 53.715672556593496 ], [ 10.725379438776827, 53.714443318062465 ], [ 10.725459941298272, 53.714302442950846 ], [ 10.725657613210741, 53.714192257285838 ], [ 10.727176392510225, 53.713829889089688 ], [ 10.728914180266123, 53.713103036831633 ], [ 10.73120463056593, 53.712670782492133 ], [ 10.733710855978854, 53.712590718673091 ], [ 10.734136430137635, 53.712283316965141 ], [ 10.734757395384227, 53.712274249911566 ], [ 10.734786127464544, 53.71255645765681 ], [ 10.73469964749129, 53.712937249681936 ], [ 10.73451085779311, 53.713127684324952 ], [ 10.734679916547744, 53.713238870637895 ], [ 10.734649707879566, 53.713735230025108 ], [ 10.734717775929298, 53.713964169845553 ], [ 10.735104822654042, 53.714367775312859 ], [ 10.735326292758842, 53.714958515777838 ], [ 10.735514010125602, 53.715009012679459 ], [ 10.736708494143869, 53.714903845316492 ], [ 10.737021827161485, 53.715088262151134 ], [ 10.737794589557708, 53.715820862536042 ], [ 10.738426102535017, 53.716187939719099 ], [ 10.739969159624472, 53.719617903708475 ], [ 10.739945179514919, 53.719791390307499 ], [ 10.739624882878987, 53.720008521301274 ], [ 10.739603582936899, 53.720328512347571 ], [ 10.740230303077126, 53.720530898056268 ], [ 10.741492510482782, 53.720622424577094 ], [ 10.74131904298387, 53.720858245485253 ], [ 10.741145857266565, 53.721369789007476 ], [ 10.74119749147164, 53.721732633595948 ], [ 10.741134531228578, 53.72233445990306 ], [ 10.741503734013421, 53.723268020228346 ], [ 10.741790986995927, 53.723434170987062 ], [ 10.742446678852748, 53.723369890449554 ], [ 10.742724298590574, 53.723462791644586 ], [ 10.743208637737411, 53.723905548704295 ], [ 10.743370360185061, 53.724903010761025 ], [ 10.742684741811434, 53.725954069717595 ], [ 10.742673132808484, 53.726186153309264 ], [ 10.74278247212313, 53.726354478341314 ], [ 10.742959012951184, 53.726539134667199 ], [ 10.743677822348188, 53.726963388380504 ], [ 10.745253771870544, 53.727619277412209 ], [ 10.746441760357278, 53.728445076952887 ], [ 10.747275549248013, 53.729688092417391 ], [ 10.747838816177486, 53.731168741287554 ], [ 10.747878966446111, 53.731454376751515 ], [ 10.748285830714641, 53.731960963155515 ], [ 10.748289811669686, 53.732625436628155 ], [ 10.749037704567527, 53.733168310290921 ], [ 10.749118557642262, 53.733336709152937 ], [ 10.748881544350038, 53.733526360054547 ], [ 10.747420685173298, 53.733995202816722 ], [ 10.746980201675749, 53.734715785761949 ], [ 10.746814647458683, 53.735274605496912 ], [ 10.746873972163414, 53.735438144879311 ], [ 10.74681521186003, 53.736061133815227 ], [ 10.74711714347923, 53.736480782825303 ], [ 10.746438788495965, 53.73748154168414 ], [ 10.74512428034261, 53.738149132271914 ], [ 10.743420581249456, 53.738760736984574 ], [ 10.742737696464676, 53.738882214262183 ], [ 10.740759058480874, 53.738915474587728 ], [ 10.740176820922839, 53.73937916484865 ], [ 10.738765676683464, 53.739774576588388 ], [ 10.737887896249017, 53.74059574200205 ], [ 10.7373576995415, 53.741693376456688 ], [ 10.737039525928605, 53.742032770192885 ], [ 10.735958650138478, 53.74251734819471 ], [ 10.734541366723427, 53.7429952139926 ], [ 10.73404271102228, 53.743299678093663 ], [ 10.733140808041304, 53.744113416539854 ], [ 10.733005100413141, 53.744742933206105 ], [ 10.733395477248941, 53.745962244646236 ], [ 10.733360339315427, 53.746296526560826 ], [ 10.73350362467119, 53.746838626775869 ], [ 10.733451299667783, 53.74720570187624 ], [ 10.733199340537992, 53.747363293578026 ], [ 10.732637130362111, 53.747412680860727 ], [ 10.732356203407216, 53.747723849515886 ], [ 10.732220527190062, 53.748305486017813 ], [ 10.731516829565805, 53.749155171552651 ], [ 10.731257476759922, 53.749696117849084 ], [ 10.731172030571788, 53.750081411424546 ], [ 10.73090464603737, 53.750386084104619 ], [ 10.730772414434638, 53.751614603576222 ], [ 10.73089292170868, 53.752058795172275 ], [ 10.731399994010951, 53.752523033964643 ], [ 10.731524293839978, 53.752897960679 ], [ 10.731810240379405, 53.75526045327036 ], [ 10.731714973431576, 53.755880615693748 ], [ 10.732308080635375, 53.757013250787743 ], [ 10.732599965423557, 53.757802025044064 ], [ 10.733186197748722, 53.758336033040408 ], [ 10.733299372462431, 53.758575621878478 ], [ 10.733015241746456, 53.759312289151509 ], [ 10.733077207570949, 53.759933479186031 ], [ 10.732932088817298, 53.760447541299399 ], [ 10.733023419759929, 53.760640414210044 ], [ 10.73365869776392, 53.761295206670944 ], [ 10.733815325808095, 53.761582250547988 ], [ 10.733794532748616, 53.761985447051288 ], [ 10.733875154108169, 53.762122546676785 ], [ 10.734489256338914, 53.762364925619565 ], [ 10.735016896947638, 53.762686010554724 ], [ 10.735238305823517, 53.763150266486143 ], [ 10.736205866946721, 53.764185917539059 ], [ 10.736242844147865, 53.764331677134898 ], [ 10.7360623072835, 53.764784226522117 ], [ 10.73638503516497, 53.765323358546006 ], [ 10.736303268413034, 53.765662937582746 ], [ 10.736927357352847, 53.766541355343591 ], [ 10.737658988253804, 53.76784343756281 ], [ 10.738848650315806, 53.768510468307824 ], [ 10.739785274211419, 53.769389403593507 ], [ 10.740020280087547, 53.769854929914537 ], [ 10.740020564216476, 53.7707567587711 ], [ 10.740207284664752, 53.771271703145089 ], [ 10.741415727399399, 53.772036273171302 ], [ 10.742146214678035, 53.772307730350363 ], [ 10.742957452982505, 53.772900247633324 ], [ 10.743704151991732, 53.773196045021521 ], [ 10.744493219791819, 53.774092693197126 ], [ 10.744598591031394, 53.774618257849433 ], [ 10.744963294817209, 53.775206238187536 ], [ 10.744817647545137, 53.775530464438916 ], [ 10.744837027353341, 53.775653984648919 ], [ 10.746060157329275, 53.77626560556957 ], [ 10.747098033488586, 53.776284859165337 ], [ 10.747604972468306, 53.776438070516015 ], [ 10.748273607714202, 53.776826536626068 ], [ 10.749437650753592, 53.777037567505772 ], [ 10.749647008152813, 53.777258892598752 ], [ 10.749659734018476, 53.777696663370051 ], [ 10.749941888748797, 53.777877067564951 ], [ 10.753690319699786, 53.778472373816051 ], [ 10.75445961204529, 53.778686475236043 ], [ 10.755628531597365, 53.779364801898332 ], [ 10.75719208624588, 53.78084840258829 ], [ 10.759948552305586, 53.780068537774859 ], [ 10.761840677014467, 53.781761871408591 ], [ 10.762065016423778, 53.781869812269143 ], [ 10.762825047165379, 53.781914885352563 ], [ 10.763277154577597, 53.781842836811649 ], [ 10.765679643150103, 53.780968501836512 ], [ 10.766112578825064, 53.781055485106712 ], [ 10.766331009391568, 53.781237225322002 ], [ 10.766844984952437, 53.78266295407024 ], [ 10.766783609213119, 53.78276841326575 ], [ 10.766261713640059, 53.782945345876755 ], [ 10.766008178551051, 53.783212197794093 ], [ 10.764729812524864, 53.78384012335632 ], [ 10.761366098121176, 53.785359669353923 ], [ 10.761420242782227, 53.785482864249786 ], [ 10.761795020523616, 53.785731255888642 ], [ 10.762470433050293, 53.785832154533111 ], [ 10.763273802123944, 53.786088075570596 ], [ 10.763945001774751, 53.786550615072862 ], [ 10.765182995555071, 53.786152491447233 ], [ 10.765593354808752, 53.786275420000536 ], [ 10.766670784997423, 53.788812228664682 ], [ 10.767082837255776, 53.79019160040194 ], [ 10.767412538622994, 53.791940876417286 ], [ 10.767252079954661, 53.792023879505699 ], [ 10.766596063040193, 53.791967982821184 ], [ 10.766520694813677, 53.792020325592404 ], [ 10.766300753839516, 53.79251059820735 ], [ 10.766131039101571, 53.793404183693156 ], [ 10.765113886127187, 53.795048260488436 ], [ 10.765083468392122, 53.795200331405191 ], [ 10.765189972466059, 53.795336882381328 ], [ 10.765060170838362, 53.795934679403018 ], [ 10.765389148840001, 53.797820064335802 ], [ 10.765195103422023, 53.798056573950781 ], [ 10.765201271755821, 53.798157803569374 ], [ 10.765733698738241, 53.798532285522832 ], [ 10.766458853607913, 53.79942937010118 ], [ 10.766571083298633, 53.799727883325808 ], [ 10.766343272886445, 53.799922150762761 ], [ 10.766051028995543, 53.800010799700587 ], [ 10.765569129573842, 53.799751123341089 ], [ 10.765244278235706, 53.799855509755886 ], [ 10.764848086017794, 53.800214208025807 ], [ 10.764598021829324, 53.801106396123245 ], [ 10.764434788138665, 53.801266481265777 ], [ 10.758441363019873, 53.800554576727272 ], [ 10.758161343340999, 53.800585950519164 ], [ 10.758822974835182, 53.801818128497182 ], [ 10.758891488746068, 53.8023010387097 ], [ 10.759144069059156, 53.807161011396737 ], [ 10.759063255932375, 53.807523994580855 ], [ 10.759154374415319, 53.807739641761572 ], [ 10.758916874301057, 53.809418401554737 ], [ 10.758896453354756, 53.810099650333363 ], [ 10.759311105280414, 53.810342524758589 ], [ 10.760357813168479, 53.810568249611372 ], [ 10.760433354451534, 53.810819099477271 ], [ 10.760330950688028, 53.812110802258566 ], [ 10.760134525811434, 53.812562491984359 ], [ 10.759549377586852, 53.81294356076058 ], [ 10.759556468656292, 53.813089409464851 ], [ 10.75989007382273, 53.813224335578795 ], [ 10.759900703031096, 53.813311207173101 ], [ 10.759341788256037, 53.813942989718065 ], [ 10.759218984430904, 53.814001797344609 ], [ 10.758375354316064, 53.813811002851338 ], [ 10.757361251520146, 53.813825722981946 ], [ 10.756706627524267, 53.813749492956532 ], [ 10.755861862770072, 53.813534965463106 ], [ 10.754363556951972, 53.813500799302346 ], [ 10.754043334950945, 53.8136814066726 ], [ 10.753658122297143, 53.81439551776031 ], [ 10.753277064761827, 53.815363893203347 ], [ 10.752639633939165, 53.815305988492241 ], [ 10.752266322494634, 53.815436628666532 ], [ 10.751598023229903, 53.815231896441709 ], [ 10.751253486818205, 53.814981029407321 ], [ 10.751060172484692, 53.814754939615696 ], [ 10.751080593524858, 53.814190031127112 ], [ 10.750852961623949, 53.813950273441307 ], [ 10.74946004840638, 53.813585053427651 ], [ 10.749374981471183, 53.813147315294991 ], [ 10.748869466381448, 53.81297446437722 ], [ 10.746045268518522, 53.812399021497704 ], [ 10.74557289654283, 53.811744741250124 ], [ 10.745285485547857, 53.811679311055052 ], [ 10.743286619270664, 53.813716572720246 ], [ 10.742594398066315, 53.814641527379571 ], [ 10.741791654689623, 53.815284819262381 ], [ 10.740563572211494, 53.816500589601482 ], [ 10.740303364581486, 53.816655147977265 ], [ 10.738721924591381, 53.818345860732194 ], [ 10.737308154401195, 53.819580785494793 ], [ 10.735730868036102, 53.821185802376867 ], [ 10.734565647822416, 53.822195018924866 ], [ 10.734181414073454, 53.822690195351122 ], [ 10.730312395776426, 53.826416178537478 ], [ 10.729020816151323, 53.825959203774062 ], [ 10.72782036701717, 53.825356185761251 ], [ 10.724080618887236, 53.823774364393927 ], [ 10.722844379396284, 53.823357792539674 ], [ 10.721983602631687, 53.823472317270571 ], [ 10.722207870833349, 53.823175616580926 ], [ 10.722828143830224, 53.822625818576945 ], [ 10.741449937437777, 53.813083139198319 ], [ 10.745692652136272, 53.810551621264288 ], [ 10.746238049907598, 53.810205669009171 ], [ 10.746272694885722, 53.810107158202364 ], [ 10.741566152370559, 53.812882124008297 ], [ 10.722901043131767, 53.822450329560546 ], [ 10.722156576692184, 53.823080521539957 ], [ 10.719676567229175, 53.821268991724082 ], [ 10.718625177207246, 53.820175137416065 ], [ 10.71744635021957, 53.819310431028676 ], [ 10.717000777825508, 53.819112347566467 ], [ 10.716136288546092, 53.818419042170525 ], [ 10.713844688755049, 53.81869870014927 ], [ 10.703598408204982, 53.816432615679972 ], [ 10.697330830920601, 53.814803953285733 ], [ 10.690077466626596, 53.814394440240548 ], [ 10.687225479504692, 53.812819647277955 ], [ 10.686301462679056, 53.812061181302631 ], [ 10.685283754275178, 53.81102237760161 ], [ 10.68437201852033, 53.810529094394958 ], [ 10.683127522279507, 53.809660917876172 ], [ 10.682733177532739, 53.809554870187299 ], [ 10.682253031759817, 53.809812364532938 ], [ 10.681685194037897, 53.81036088088635 ], [ 10.681521591798395, 53.81058413323683 ], [ 10.681455724576713, 53.81095823662919 ], [ 10.681244657562052, 53.811428249882624 ], [ 10.678899087297077, 53.81398067972961 ], [ 10.678404064235252, 53.814248746534282 ], [ 10.677213849838658, 53.814698644115353 ], [ 10.676258747183235, 53.815513644942953 ], [ 10.674590184654498, 53.815827608575383 ], [ 10.674014960008876, 53.816083335164876 ], [ 10.672822824125841, 53.816121920842569 ], [ 10.671217306406314, 53.815805590023537 ], [ 10.669048625880849, 53.815702735361228 ], [ 10.667447182172907, 53.815155199625394 ], [ 10.666166776618917, 53.814483729151483 ], [ 10.665917046611433, 53.814573929474243 ], [ 10.663832777667592, 53.816020273596422 ], [ 10.660887222219506, 53.816543630984498 ], [ 10.658311186708655, 53.816599593944055 ], [ 10.656906230458727, 53.816067212252051 ], [ 10.655000031291092, 53.814941137366091 ], [ 10.654630041142592, 53.814628436457731 ], [ 10.654451727474759, 53.814034812582179 ], [ 10.654102045425276, 53.813862054311215 ], [ 10.65309960913692, 53.814103342210359 ], [ 10.650362403274521, 53.815265460556304 ], [ 10.645664441601101, 53.817099494985293 ], [ 10.642879859509501, 53.817302946695122 ], [ 10.641157867464296, 53.817818799759721 ], [ 10.641063352953269, 53.817805032940193 ], [ 10.640347797543516, 53.817117435314323 ], [ 10.640064507958281, 53.817046529647087 ], [ 10.636668947588811, 53.81841138732127 ], [ 10.634319290278698, 53.819168698968063 ], [ 10.634114286263495, 53.819117775671977 ], [ 10.632627233182259, 53.817878640561275 ], [ 10.632086498880552, 53.817538051600827 ], [ 10.629996416347026, 53.817012981960907 ], [ 10.626972567396775, 53.815950650455761 ], [ 10.625472999269279, 53.81633701805255 ], [ 10.623976870338991, 53.817010026125494 ], [ 10.623683801248097, 53.816950427044013 ], [ 10.623205590281863, 53.816580744221326 ], [ 10.622604111280175, 53.81643395328669 ], [ 10.622152931379908, 53.81642925788006 ], [ 10.620592974958505, 53.816746560005271 ], [ 10.61968105644937, 53.817276851482212 ], [ 10.618296389620992, 53.817623742505596 ], [ 10.618176588051956, 53.81755673055779 ], [ 10.617819652550288, 53.816394914492726 ], [ 10.617884418481989, 53.815429317236926 ], [ 10.617620030518983, 53.815047099572205 ], [ 10.616700029115862, 53.814192965138794 ], [ 10.615256346119475, 53.812649843230353 ], [ 10.612764410187268, 53.810838510795939 ], [ 10.612222277928154, 53.810342826175088 ], [ 10.611870727172439, 53.809891468142638 ], [ 10.611718373221061, 53.809519103747355 ], [ 10.611662846449738, 53.809117150418444 ], [ 10.611787466434883, 53.808781190355404 ], [ 10.612371588357641, 53.807975944729982 ], [ 10.612945850868003, 53.80683380300529 ], [ 10.613040919975122, 53.806394079541668 ], [ 10.612835460856312, 53.806067796432536 ], [ 10.607136842849854, 53.806857436705251 ], [ 10.60436891191417, 53.806933397638637 ], [ 10.603355959439551, 53.806747744347746 ], [ 10.602049858875821, 53.806717915231829 ], [ 10.601801550085373, 53.806649621636879 ], [ 10.601089376265794, 53.806905183802009 ], [ 10.599809588303028, 53.806861460580379 ], [ 10.595767711159162, 53.807923375906945 ], [ 10.595118621412166, 53.807969841779133 ], [ 10.592082574924078, 53.806911490274281 ], [ 10.589552366502168, 53.806601650058134 ], [ 10.586396195821219, 53.805987376630334 ], [ 10.585268715304942, 53.805014660613061 ], [ 10.584489607669139, 53.804035245214713 ], [ 10.584413971176613, 53.803471634576645 ], [ 10.584588571184394, 53.800713423910118 ], [ 10.58481011767498, 53.800128463119634 ], [ 10.585364726939067, 53.799111965767366 ], [ 10.586483671978227, 53.798759113926302 ], [ 10.587538738158919, 53.798159484713743 ], [ 10.587530698883967, 53.797918915104951 ], [ 10.58761444987522, 53.79777620949536 ], [ 10.590109749583856, 53.795684877181465 ], [ 10.591648219614637, 53.794181907312186 ], [ 10.592100687423287, 53.793408626171008 ], [ 10.592743037306672, 53.791935075134447 ], [ 10.593800521698952, 53.79139855859659 ], [ 10.597810999871076, 53.788140008429416 ], [ 10.598098790789177, 53.787741970545561 ], [ 10.598674204399648, 53.786382085429146 ], [ 10.601281955170922, 53.784656742337376 ], [ 10.603935597632169, 53.782659860615325 ], [ 10.605479213742376, 53.781378527564335 ], [ 10.605958498016967, 53.780863266210048 ], [ 10.605900051242074, 53.780738067844418 ], [ 10.605281529863179, 53.780649472206846 ], [ 10.60484625231593, 53.780370956312517 ], [ 10.603003526135019, 53.779679473185439 ], [ 10.601634982354055, 53.779022174207228 ], [ 10.601440821895666, 53.778819717138227 ], [ 10.600102239433387, 53.778268984943715 ], [ 10.600100482982803, 53.778063024849544 ], [ 10.600897218853781, 53.777342149679285 ], [ 10.601106270392322, 53.777078251854881 ], [ 10.60107719691268, 53.776981786741835 ], [ 10.598996582047093, 53.776129190801377 ], [ 10.598883029305329, 53.776020978752975 ], [ 10.59631473219291, 53.774933152854246 ], [ 10.595826901095359, 53.774659639652761 ], [ 10.595028300287936, 53.774429533704627 ] ], [ [ 10.722091856268621, 53.823162999636089 ], [ 10.721590583248911, 53.823740191363655 ], [ 10.72147142984886, 53.823732392552444 ], [ 10.716960319525226, 53.82264538894669 ], [ 10.715405554827999, 53.822169100492552 ], [ 10.714779471292603, 53.822385134784732 ], [ 10.713813119045303, 53.822558561744444 ], [ 10.712297249386014, 53.822378150884603 ], [ 10.711921229787979, 53.822449601675096 ], [ 10.711740164934412, 53.822625438688576 ], [ 10.711751775478549, 53.82277167781438 ], [ 10.714452524927944, 53.825203844123983 ], [ 10.714411424253903, 53.825307588956171 ], [ 10.713815440402293, 53.825547696370862 ], [ 10.710442969559601, 53.826419714881297 ], [ 10.710001845915311, 53.826636257843738 ], [ 10.710067993031894, 53.826763617476409 ], [ 10.710722621840548, 53.827237078696399 ], [ 10.710587500091711, 53.827421002438989 ], [ 10.710655114151798, 53.827559286669221 ], [ 10.711597127722746, 53.828267357831464 ], [ 10.710889198582434, 53.828692570694756 ], [ 10.710692927816737, 53.828894093864605 ], [ 10.710852740140766, 53.830157783269861 ], [ 10.71119221154647, 53.830520676468225 ], [ 10.711784299834246, 53.830770655984729 ], [ 10.712196963189616, 53.831126286506723 ], [ 10.712274112680941, 53.831329706169946 ], [ 10.711018020670785, 53.831916272487312 ], [ 10.710358161366813, 53.832327047582389 ], [ 10.70952348985198, 53.832604460011432 ], [ 10.709361195390821, 53.832574086892294 ], [ 10.708451148507276, 53.832022145718547 ], [ 10.707791001585326, 53.832518007782184 ], [ 10.705917463879228, 53.832317085775777 ], [ 10.70488942509081, 53.832338218627001 ], [ 10.704056287448193, 53.831991966095067 ], [ 10.703862514264591, 53.831983863677479 ], [ 10.699888822303704, 53.833547735892644 ], [ 10.699406017075018, 53.8336563201701 ], [ 10.699170201092343, 53.833437893266868 ], [ 10.700123130599048, 53.832651673957095 ], [ 10.700959716417373, 53.831688534755166 ], [ 10.700924594710916, 53.83148043387007 ], [ 10.700758590117161, 53.831387486163877 ], [ 10.69959766880776, 53.831133738396844 ], [ 10.699359571493584, 53.830967777535811 ], [ 10.699452186904463, 53.830868330831578 ], [ 10.701012594443258, 53.830214520599277 ], [ 10.701279341501554, 53.829810295180692 ], [ 10.701270150635052, 53.829687575807029 ], [ 10.700694836526832, 53.829183851777969 ], [ 10.699588562967527, 53.828983470956068 ], [ 10.697847605693468, 53.828855954105734 ], [ 10.696571796527435, 53.828526303306759 ], [ 10.695877597541031, 53.828541161733796 ], [ 10.694785873515794, 53.828376709384628 ], [ 10.694129214397265, 53.828399148117484 ], [ 10.692177179792447, 53.828781381544395 ], [ 10.690764306784224, 53.829749453270161 ], [ 10.688679004350265, 53.828927065261084 ], [ 10.687382903037392, 53.828907542480835 ], [ 10.685963750467263, 53.828724307529185 ], [ 10.684429698448765, 53.828260407571278 ], [ 10.683077303841802, 53.827986039779432 ], [ 10.683157254758202, 53.827499655411465 ], [ 10.683297341311469, 53.827313758937393 ], [ 10.684110150573222, 53.827233244226683 ], [ 10.684450944057227, 53.827097516532454 ], [ 10.687493253860371, 53.825489157017351 ], [ 10.687686818829926, 53.825302547114916 ], [ 10.687635990506656, 53.824914276733764 ], [ 10.686171527650425, 53.823492432241061 ], [ 10.68598173626418, 53.822731609949386 ], [ 10.685874423401273, 53.822575305468192 ], [ 10.6846922619588, 53.821842786376159 ], [ 10.684641152180923, 53.821674671030991 ], [ 10.684731944363303, 53.821297953274644 ], [ 10.684687825946504, 53.821060601792261 ], [ 10.682976269774876, 53.81941290488404 ], [ 10.682799615579208, 53.819339744249696 ], [ 10.682035355645779, 53.819393881322284 ], [ 10.680882498960891, 53.819063359735956 ], [ 10.67934711235659, 53.818458292941521 ], [ 10.675686741064577, 53.817438145552792 ], [ 10.675262796128335, 53.817164522470229 ], [ 10.674152806648115, 53.816112627910954 ], [ 10.674859229435766, 53.815864465992902 ], [ 10.676298033173705, 53.815606098803045 ], [ 10.677263468561801, 53.814785497248025 ], [ 10.678444403263022, 53.814340480940501 ], [ 10.678958992031346, 53.814060785785507 ], [ 10.681326092495732, 53.811486913083073 ], [ 10.681551523595129, 53.810988089410877 ], [ 10.681616620380574, 53.810618699922451 ], [ 10.68176134542292, 53.810426213694981 ], [ 10.682314144498335, 53.809891559526775 ], [ 10.682768608641402, 53.809658688662594 ], [ 10.683074303695188, 53.809746140769654 ], [ 10.684318083154459, 53.810613305089738 ], [ 10.685224666962275, 53.811103111203778 ], [ 10.68623470214121, 53.812136055444299 ], [ 10.687170840064621, 53.812903422190374 ], [ 10.689731224678594, 53.814373414858856 ], [ 10.690051790574278, 53.814491111141429 ], [ 10.697317347122103, 53.814903099958876 ], [ 10.703575123860396, 53.816530011266067 ], [ 10.710616016104961, 53.818035984328027 ], [ 10.713827740475043, 53.818798143372817 ], [ 10.716132698829735, 53.818523603958518 ], [ 10.716945547200975, 53.819196246665484 ], [ 10.717390231308951, 53.819393843448893 ], [ 10.718562704336964, 53.820253647626494 ], [ 10.719612454806066, 53.821345924488192 ], [ 10.722091856268621, 53.823162999636089 ] ], [ [ 10.699560473005233, 53.834410188229853 ], [ 10.699591338941227, 53.834313402337621 ], [ 10.699645395556676, 53.834415459601829 ], [ 10.699560473005233, 53.834410188229853 ] ], [ [ 10.699294309385648, 53.834547353173882 ], [ 10.698822536742744, 53.835029605022676 ], [ 10.698674430847953, 53.835059084769867 ], [ 10.696653087839286, 53.834354417592117 ], [ 10.697367441500715, 53.834144817645466 ], [ 10.698526522912337, 53.834312938357293 ], [ 10.699062861293312, 53.834257620005623 ], [ 10.699327122988054, 53.834372574692864 ], [ 10.699294309385648, 53.834547353173882 ] ], [ [ 10.695934376394833, 53.834756927729281 ], [ 10.696176823294941, 53.834605070398034 ], [ 10.696083786983269, 53.83468213094303 ], [ 10.695934376394833, 53.834756927729281 ] ], [ [ 10.693553615386026, 53.838621872753492 ], [ 10.693554332160236, 53.838606141445844 ], [ 10.693555009186179, 53.838612130521497 ], [ 10.693553615386026, 53.838621872753492 ] ], [ [ 10.693547980221965, 53.838661260807442 ], [ 10.693545381999055, 53.838664225616547 ], [ 10.693549883101184, 53.838647960270222 ], [ 10.693547980221965, 53.838661260807442 ] ], [ [ 10.683892778838413, 53.872317776679964 ], [ 10.683885487415983, 53.872283679392481 ], [ 10.683936883798276, 53.872267545906311 ], [ 10.683892778838413, 53.872317776679964 ] ], [ [ 10.684128404814082, 53.846841504151229 ], [ 10.68361874544108, 53.847968150732733 ], [ 10.682674732615752, 53.85071699747175 ], [ 10.682714750804546, 53.851052794460649 ], [ 10.683014471290617, 53.851269634936024 ], [ 10.683085235507018, 53.851419401637749 ], [ 10.682614898217597, 53.851493997022118 ], [ 10.682349580067664, 53.851826542237703 ], [ 10.682233314995811, 53.852401918559259 ], [ 10.681768296635925, 53.853835591575766 ], [ 10.681579138625876, 53.854211300707618 ], [ 10.681474235247089, 53.854729142572126 ], [ 10.681282387116873, 53.855020717469252 ], [ 10.681139781329046, 53.855443776978461 ], [ 10.681043580915054, 53.855426671391406 ], [ 10.680506159580473, 53.855160897250514 ], [ 10.680618759866626, 53.855069604032266 ], [ 10.680475365531066, 53.854932831631956 ], [ 10.681032687748473, 53.855046980680768 ], [ 10.681192795270833, 53.854935107844199 ], [ 10.681578980762003, 53.853344050015536 ], [ 10.681716616178772, 53.853179046502291 ], [ 10.682110232785746, 53.85204516804027 ], [ 10.682108373188942, 53.851598531314281 ], [ 10.68195534530984, 53.851182057179223 ], [ 10.682361051681205, 53.851019524465407 ], [ 10.682549983059509, 53.850773384198092 ], [ 10.683730849005808, 53.847182269854457 ], [ 10.683796190362376, 53.846795986942084 ], [ 10.683695748114735, 53.846497303447265 ], [ 10.683766483710246, 53.846460421338385 ], [ 10.683964410180037, 53.84655544684697 ], [ 10.684237048965171, 53.84682524545785 ], [ 10.684128404814082, 53.846841504151229 ] ], [ [ 10.678892278018127, 53.871326861840544 ], [ 10.678235884443149, 53.871359942032498 ], [ 10.678111195187864, 53.871267154380469 ], [ 10.677807312820988, 53.870839652171846 ], [ 10.67768074929924, 53.870453651079444 ], [ 10.677537052176472, 53.866153570004883 ], [ 10.677649987430735, 53.866028340874266 ], [ 10.677924933163103, 53.865004386870204 ], [ 10.67840102304598, 53.864156134826679 ], [ 10.678899067458381, 53.862636187781369 ], [ 10.678921391449396, 53.862812068096261 ], [ 10.679110572028396, 53.86290885702347 ], [ 10.680146970683341, 53.862916451983324 ], [ 10.680357805456048, 53.863447211362796 ], [ 10.680816362713594, 53.864154718470793 ], [ 10.681005030500476, 53.864813846916341 ], [ 10.68092206765504, 53.865752979150066 ], [ 10.681031027609063, 53.866337825309216 ], [ 10.680830532498947, 53.866654430872927 ], [ 10.680734994473491, 53.867002416570287 ], [ 10.680726046960082, 53.867483537968511 ], [ 10.680127170734945, 53.869199716353585 ], [ 10.680085081163485, 53.869831759632739 ], [ 10.680140204093199, 53.870080829676091 ], [ 10.680592788014023, 53.870593848306257 ], [ 10.681021108541753, 53.870881048516452 ], [ 10.682257638861406, 53.871637514635495 ], [ 10.683488356484839, 53.872268937273894 ], [ 10.682567528471548, 53.872465535153431 ], [ 10.681229050097109, 53.872553201922891 ], [ 10.680934186938163, 53.872344058252743 ], [ 10.680562491977707, 53.872316552008115 ], [ 10.679793086922915, 53.872032818231325 ], [ 10.678892278018127, 53.871326861840544 ] ], [ [ 10.679056966495445, 53.862179470817416 ], [ 10.679042403256632, 53.86221159336332 ], [ 10.679030865359731, 53.862236550335965 ], [ 10.679056966495445, 53.862179470817416 ] ], [ [ 10.679212113544168, 53.861763718904648 ], [ 10.681240847840762, 53.855558440278649 ], [ 10.6819030351322, 53.855517220042017 ], [ 10.683062676329632, 53.855775074785093 ], [ 10.685254689776887, 53.856375829638445 ], [ 10.685960213416939, 53.856686257721613 ], [ 10.687410559475341, 53.857054821346267 ], [ 10.687950022788153, 53.857069293302082 ], [ 10.688950673117985, 53.857564435722701 ], [ 10.689599296785516, 53.857669204349683 ], [ 10.690072101988305, 53.858099674728123 ], [ 10.691043985267561, 53.858694493108288 ], [ 10.691370633255952, 53.858976643880609 ], [ 10.692199044289136, 53.859852639025299 ], [ 10.69262437833256, 53.860457580778522 ], [ 10.693004218257022, 53.86064980124037 ], [ 10.693141215563948, 53.861169970896924 ], [ 10.695443559221681, 53.86446807241375 ], [ 10.695440525718205, 53.864731931556967 ], [ 10.695547757836335, 53.864949818773297 ], [ 10.696826488714519, 53.865489995384301 ], [ 10.697572600198255, 53.866608174807766 ], [ 10.697955557381922, 53.867491099895709 ], [ 10.698134476694783, 53.868345271550439 ], [ 10.698115176502094, 53.868928359211601 ], [ 10.696062654237966, 53.868923450321063 ], [ 10.695860798427272, 53.869008612866388 ], [ 10.695802177523008, 53.86917022450897 ], [ 10.695548070002344, 53.869204546862122 ], [ 10.695045093105888, 53.870512655649513 ], [ 10.694420503429848, 53.871324941625652 ], [ 10.693137382100721, 53.87245521766129 ], [ 10.692665220335758, 53.873676551904815 ], [ 10.692286284001492, 53.873983746083645 ], [ 10.691474941611705, 53.874351931357594 ], [ 10.690954189412491, 53.874428354368227 ], [ 10.690347106803763, 53.874399567559685 ], [ 10.685779610626676, 53.873184324600153 ], [ 10.684008282490741, 53.872350060611161 ], [ 10.684519867182116, 53.872222908684435 ], [ 10.684570908464677, 53.872145045756646 ], [ 10.684496753797204, 53.872058531660223 ], [ 10.684314928770462, 53.8720417685321 ], [ 10.683661317954098, 53.872239843271828 ], [ 10.68306185973306, 53.871957305622999 ], [ 10.680682334060519, 53.870536191120848 ], [ 10.680227323282251, 53.870030202440098 ], [ 10.680223177272971, 53.869228763435039 ], [ 10.680823583279905, 53.867509230491265 ], [ 10.680835112007967, 53.867009005159133 ], [ 10.680926489327526, 53.866682688509819 ], [ 10.681128391527192, 53.866366606508009 ], [ 10.681023772844531, 53.865745543858239 ], [ 10.681104579493338, 53.864796490629232 ], [ 10.680908712306898, 53.864116187255398 ], [ 10.680445217963046, 53.863397225599776 ], [ 10.680220002243079, 53.862844812153085 ], [ 10.679001776340614, 53.86275211904848 ], [ 10.679212113544168, 53.861763718904648 ] ], [ [ 10.684153413438523, 53.847017269844692 ], [ 10.684330181434291, 53.846913915883768 ], [ 10.684987406554091, 53.847461687795388 ], [ 10.68479223591552, 53.847469164470269 ], [ 10.684336331222845, 53.847036166168508 ], [ 10.684153413438523, 53.847017269844692 ] ], [ [ 10.695768905319104, 53.869306832498282 ], [ 10.695586765899339, 53.869947097502525 ], [ 10.695046150835502, 53.870899519199639 ], [ 10.693387953099721, 53.872599662601402 ], [ 10.693064836913583, 53.873304948301339 ], [ 10.692791939241541, 53.87361782403007 ], [ 10.693217954326402, 53.872517065767795 ], [ 10.693987221770534, 53.871891193517321 ], [ 10.694736861370062, 53.871120200595534 ], [ 10.695165627368686, 53.870499784877296 ], [ 10.69542223635883, 53.869942702813638 ], [ 10.695605468261403, 53.869294777441965 ], [ 10.695768905319104, 53.869306832498282 ] ], [ [ 10.702534390849321, 53.850871474362108 ], [ 10.70254561448972, 53.850875427114303 ], [ 10.702552542527391, 53.850878917309608 ], [ 10.702534390849321, 53.850871474362108 ] ], [ [ 10.702496451642938, 53.850858088636166 ], [ 10.702243874817571, 53.85079117571717 ], [ 10.702004776948478, 53.85076248778865 ], [ 10.702496451642938, 53.850858088636166 ] ], [ [ 10.701648064208849, 53.850725029670755 ], [ 10.701600891041048, 53.850714350374396 ], [ 10.701711669484688, 53.850728117459866 ], [ 10.701648064208849, 53.850725029670755 ] ], [ [ 10.683956680790113, 53.872260099605754 ], [ 10.68436887439576, 53.872133218753262 ], [ 10.684446828850724, 53.87214695013401 ], [ 10.683956680790113, 53.872260099605754 ] ], [ [ 10.687804681718292, 53.846027200244336 ], [ 10.687817374455271, 53.845941768113256 ], [ 10.687905021433417, 53.845933268864812 ], [ 10.687804681718292, 53.846027200244336 ] ] ], [ [ [ 9.521500082204957, 54.508234748320888 ], [ 9.521884524180457, 54.507951863089239 ], [ 9.521930892071897, 54.507018049194592 ], [ 9.521757243485167, 54.506244414725337 ], [ 9.521523249069832, 54.506119172185073 ], [ 9.519626287906412, 54.506136760355048 ], [ 9.518600057993183, 54.506306927059001 ], [ 9.515977017049991, 54.507000434202986 ], [ 9.514178128567183, 54.507259422305019 ], [ 9.513354590120468, 54.507554859301173 ], [ 9.512989963434027, 54.507330161915 ], [ 9.512709281597079, 54.506942264291901 ], [ 9.511257324425689, 54.50699207184995 ], [ 9.510321737383096, 54.50654894206572 ], [ 9.509385637563735, 54.505972164502204 ], [ 9.50909432828316, 54.505896871268071 ], [ 9.505902738747375, 54.507766586359786 ], [ 9.50481051030949, 54.506690411391368 ], [ 9.504064834742094, 54.506240601349333 ], [ 9.502975185068205, 54.505725601397636 ], [ 9.502794470824849, 54.505810996030327 ], [ 9.502010469788321, 54.506778317974373 ], [ 9.499928875592735, 54.508950878579213 ], [ 9.499098479148891, 54.509628613953822 ], [ 9.497595279600448, 54.510156105454321 ], [ 9.496323271878408, 54.510790064983844 ], [ 9.495662105576425, 54.511003223668823 ], [ 9.495132220097977, 54.511059158361057 ], [ 9.49459865798563, 54.511238811542924 ], [ 9.493806560727188, 54.511191648541804 ], [ 9.493793311335102, 54.511474237476136 ], [ 9.493931799431468, 54.511639151640821 ], [ 9.493778090485058, 54.511880228170448 ], [ 9.492778347027958, 54.512037826824184 ], [ 9.49243480052243, 54.512385333119191 ], [ 9.492375834506047, 54.512747967678109 ], [ 9.49207015450563, 54.512964171192351 ], [ 9.491876903946894, 54.51298390563305 ], [ 9.491015950956141, 54.512766256009257 ], [ 9.489483906067182, 54.512631048960799 ], [ 9.488893132287798, 54.512274731006592 ], [ 9.487400428272473, 54.511701118017761 ], [ 9.486962758432668, 54.51160226885527 ], [ 9.486299843983494, 54.511623889408732 ], [ 9.485291311755327, 54.511868034261539 ], [ 9.483930438585238, 54.511877664109214 ], [ 9.482098152753716, 54.511707088457527 ], [ 9.480195906203509, 54.511346361663591 ], [ 9.47995256056155, 54.51144257864307 ], [ 9.479396033205566, 54.512329172728414 ], [ 9.479144572906844, 54.512818693371656 ], [ 9.479084789128571, 54.513295054434437 ], [ 9.479456380251946, 54.514114863578229 ], [ 9.480223080731117, 54.515131065994865 ], [ 9.481704982116463, 54.515744670591722 ], [ 9.481992715271346, 54.516068755553029 ], [ 9.482115670167023, 54.516611488591394 ], [ 9.482340164604603, 54.516906208560385 ], [ 9.484146031164505, 54.517902809407737 ], [ 9.484786128819938, 54.51804066488284 ], [ 9.485500288387023, 54.517965525077308 ], [ 9.486640182963619, 54.517589222959757 ], [ 9.488708623622841, 54.517624108829366 ], [ 9.492424574751606, 54.518036216354851 ], [ 9.494925014842478, 54.518613682373136 ], [ 9.495418679046944, 54.518817375565341 ], [ 9.495738834412998, 54.519055468032306 ], [ 9.495985626244591, 54.51960607642232 ], [ 9.496466475895248, 54.520258638236761 ], [ 9.497415693842591, 54.520684578576159 ], [ 9.497797333366409, 54.521181690667511 ], [ 9.49803683187924, 54.521333480828325 ], [ 9.499670095718404, 54.521993158740791 ], [ 9.501415028159549, 54.521971785200229 ], [ 9.502434730310139, 54.522800909555222 ], [ 9.503011693965018, 54.523066341396479 ], [ 9.505108844965644, 54.523772483785663 ], [ 9.508718838447487, 54.524680000066105 ], [ 9.508821974827622, 54.524764665523591 ], [ 9.508528456842226, 54.525568890211652 ], [ 9.508766273233878, 54.526083601190862 ], [ 9.508816587739121, 54.527392389006096 ], [ 9.509028469387211, 54.527511862793055 ], [ 9.510163120951324, 54.527487986416183 ], [ 9.512179189306128, 54.527171374844691 ], [ 9.519281069607739, 54.525592308431627 ], [ 9.520828944881352, 54.525312492052592 ], [ 9.523329474356574, 54.525175992057527 ], [ 9.523790179541857, 54.525280650137553 ], [ 9.525421194378742, 54.524690971730813 ], [ 9.527563112364847, 54.524104444612362 ], [ 9.527660653562856, 54.523953440166416 ], [ 9.527520028266867, 54.522790334453511 ], [ 9.527572666012286, 54.522285883855574 ], [ 9.528358295463184, 54.52216922703699 ], [ 9.528826673295416, 54.52195447466832 ], [ 9.529303252820553, 54.521608963431753 ], [ 9.532202308315137, 54.521767383575387 ], [ 9.53322529602903, 54.521913863777961 ], [ 9.533829854919784, 54.521842477462933 ], [ 9.534896712176044, 54.521430597506658 ], [ 9.536588506541861, 54.520134886317081 ], [ 9.538921829126664, 54.520785248333809 ], [ 9.540914288624556, 54.520827162103977 ], [ 9.54126486562701, 54.521513214065031 ], [ 9.541477327505854, 54.521708107084137 ], [ 9.541445041727391, 54.521378956481719 ], [ 9.541025405752162, 54.520763199300212 ], [ 9.541074644710084, 54.520489477695939 ], [ 9.542520892927959, 54.520394632270829 ], [ 9.542869606636501, 54.520281640679826 ], [ 9.542987289467378, 54.520098951239191 ], [ 9.542894053534882, 54.518821037772433 ], [ 9.543413768337308, 54.518064603162848 ], [ 9.544107745000566, 54.517439300988038 ], [ 9.545729456809026, 54.516586790201082 ], [ 9.546179921487447, 54.516163707621665 ], [ 9.546474286963452, 54.515606642500785 ], [ 9.546674299523637, 54.514052865229395 ], [ 9.545385265667422, 54.51377876134417 ], [ 9.543860775486497, 54.514112553603589 ], [ 9.541654202143892, 54.513902199081677 ], [ 9.54144617080207, 54.513947447009414 ], [ 9.541586252097016, 54.515892828690355 ], [ 9.541544698328776, 54.516252788142758 ], [ 9.541350690214736, 54.516342597995802 ], [ 9.538621123188202, 54.516450039909834 ], [ 9.538015286781736, 54.516238021465391 ], [ 9.534737395823267, 54.515885645367057 ], [ 9.533780435344751, 54.515680764778793 ], [ 9.533237833552121, 54.515459589278997 ], [ 9.531956549706308, 54.515256541793974 ], [ 9.531194702448083, 54.514964998776925 ], [ 9.531601668860658, 54.513860797983448 ], [ 9.531567592034516, 54.513653988799028 ], [ 9.530596585828857, 54.513227415019514 ], [ 9.529258468032539, 54.512801086934395 ], [ 9.528656717724552, 54.512296534899072 ], [ 9.528673280960252, 54.512149598226749 ], [ 9.52931998147451, 54.511683458985836 ], [ 9.529314862108883, 54.511484754315298 ], [ 9.527322928661684, 54.510344543666811 ], [ 9.526317596039394, 54.510724417669351 ], [ 9.525740797970546, 54.510850722108543 ], [ 9.525457504472005, 54.510836336897647 ], [ 9.524699194221729, 54.510566448813037 ], [ 9.523765981072094, 54.510489393002992 ], [ 9.523538366890257, 54.510293158437896 ], [ 9.523538406631005, 54.509588735304753 ], [ 9.523467538172621, 54.509408694138031 ], [ 9.523014323371486, 54.509179550145994 ], [ 9.522229693108708, 54.509116422052799 ], [ 9.522019548157957, 54.509023164818871 ], [ 9.521500082204957, 54.508234748320888 ] ], [ [ 9.493878007981317, 54.511295140074317 ], [ 9.494608225588482, 54.51133841799269 ], [ 9.495154047161861, 54.511156768865753 ], [ 9.495689198252029, 54.511099517360549 ], [ 9.496361123763831, 54.51088267367701 ], [ 9.497630766776838, 54.510249631261217 ], [ 9.499151439322397, 54.509713770496283 ], [ 9.500001112979252, 54.509020324073489 ], [ 9.502081925729568, 54.506848663047414 ], [ 9.502862109454558, 54.505885384983991 ], [ 9.502982688160328, 54.50582999120703 ], [ 9.504749098026762, 54.506769664913527 ], [ 9.50590745903364, 54.507866992883478 ], [ 9.509104581237851, 54.505996806977656 ], [ 9.509338536404334, 54.506060417321379 ], [ 9.510274184824105, 54.506637107757612 ], [ 9.511228403935329, 54.507087816952001 ], [ 9.512673040883215, 54.507035643431834 ], [ 9.512922189524033, 54.507403951056595 ], [ 9.513351041791688, 54.507655057552 ], [ 9.514200063113751, 54.507356998661059 ], [ 9.515997697554003, 54.507098313070578 ], [ 9.518616324710077, 54.506405659741105 ], [ 9.519634596122044, 54.506236477233578 ], [ 9.521512607522203, 54.506218706937609 ], [ 9.521666397707451, 54.506288637143186 ], [ 9.521816279078308, 54.506766271816531 ], [ 9.521785928022419, 54.507931367566854 ], [ 9.521555137912467, 54.50810563697393 ], [ 9.520987826019828, 54.508280665282022 ], [ 9.520960274606983, 54.508395821590625 ], [ 9.521172450224224, 54.50840223259096 ], [ 9.521323252720913, 54.508297089071597 ], [ 9.521467662125234, 54.508329439488676 ], [ 9.521832822358915, 54.508991338795177 ], [ 9.522075551603303, 54.50917367040109 ], [ 9.522941909221977, 54.509266793051054 ], [ 9.523342053365852, 54.509425319559227 ], [ 9.52343835540073, 54.509596165124307 ], [ 9.52344264925793, 54.510325828611023 ], [ 9.523729362227886, 54.510582700566488 ], [ 9.524683973959167, 54.510665475547135 ], [ 9.525436273901159, 54.510934215859038 ], [ 9.525744327227441, 54.510950685480914 ], [ 9.526348815613217, 54.510819433284098 ], [ 9.527311178102254, 54.510444038980943 ], [ 9.529252444920578, 54.511564291818331 ], [ 9.528572611626696, 54.512112607931719 ], [ 9.528572994688805, 54.512351691242294 ], [ 9.528752505915595, 54.512570175272707 ], [ 9.52921902990126, 54.512893268307742 ], [ 9.530562938761907, 54.513321599325863 ], [ 9.531496617610655, 54.513724965675145 ], [ 9.531098574328208, 54.515000920716616 ], [ 9.531890913993376, 54.515341295662388 ], [ 9.533215917622902, 54.515557162228035 ], [ 9.533758458756454, 54.515778571448166 ], [ 9.534717483974759, 54.515983859662924 ], [ 9.538001624261694, 54.51633712872448 ], [ 9.538608981188666, 54.51654968119427 ], [ 9.54124032594334, 54.516454006209827 ], [ 9.541550188600619, 54.516389802103234 ], [ 9.541661645887832, 54.516213677930686 ], [ 9.541610224272461, 54.514671191409754 ], [ 9.541516007517188, 54.514025096620806 ], [ 9.543864810074798, 54.514212474153439 ], [ 9.545382063875733, 54.513878885481859 ], [ 9.546585076951702, 54.514118400103186 ], [ 9.546384105580875, 54.515558722264963 ], [ 9.546101274198788, 54.51610189901961 ], [ 9.545324615817435, 54.516727486698628 ], [ 9.543988631756292, 54.517397920027307 ], [ 9.543503728344414, 54.51780581973339 ], [ 9.5428498800584, 54.518671372326409 ], [ 9.542770733040571, 54.519047979265451 ], [ 9.54288670079225, 54.520089696233164 ], [ 9.542733088912447, 54.520247804648122 ], [ 9.541086980537715, 54.520368780045047 ], [ 9.540972524378631, 54.520460311749467 ], [ 9.54093116237954, 54.520728477802344 ], [ 9.539364284018205, 54.520724523247175 ], [ 9.538427266849942, 54.520566188316124 ], [ 9.53664217572142, 54.520026027310259 ], [ 9.536443549643897, 54.520085276097348 ], [ 9.534846338086572, 54.521343924650907 ], [ 9.533708008225654, 54.521767379284739 ], [ 9.533229492373549, 54.521813937764925 ], [ 9.532210652493742, 54.521667700622707 ], [ 9.529237539691698, 54.521520679804212 ], [ 9.528818085678939, 54.52184307014074 ], [ 9.528320856582543, 54.522076461375867 ], [ 9.527443217609786, 54.522243263244697 ], [ 9.527470976104409, 54.523579834117818 ], [ 9.527558165516428, 54.523941853165518 ], [ 9.527469600748715, 54.524050190208449 ], [ 9.525394621965459, 54.524594499551505 ], [ 9.523769256567698, 54.525181532656106 ], [ 9.523324895929751, 54.525076035406045 ], [ 9.52081255371354, 54.525213811187271 ], [ 9.519259363998234, 54.525494685898366 ], [ 9.512160103701522, 54.527073202764427 ], [ 9.510156340884009, 54.527387857736365 ], [ 9.509032399000631, 54.527411803090637 ], [ 9.508915209962272, 54.527370422850041 ], [ 9.508864000187961, 54.526058943842742 ], [ 9.508627655407905, 54.525552449668609 ], [ 9.508921630161799, 54.524785455315843 ], [ 9.508758345679949, 54.524588050549362 ], [ 9.505135249200706, 54.523675992390089 ], [ 9.503046551816993, 54.522972478732513 ], [ 9.502491246198517, 54.522718403229916 ], [ 9.50144250724593, 54.521874433543807 ], [ 9.499690150108064, 54.521895154856239 ], [ 9.498077415351338, 54.521242082741175 ], [ 9.497870470170451, 54.521113456362002 ], [ 9.497472031740134, 54.520601242935037 ], [ 9.496533859985639, 54.520184668492696 ], [ 9.496072909699956, 54.519557096687635 ], [ 9.495810010216404, 54.518984920391972 ], [ 9.495468012404828, 54.51873033664215 ], [ 9.494953305480776, 54.518517711502525 ], [ 9.492438888838549, 54.517937007495554 ], [ 9.488715876838787, 54.517524341680073 ], [ 9.486861249610532, 54.517468457532487 ], [ 9.486370422094895, 54.517532468252078 ], [ 9.485479705857294, 54.517867397736509 ], [ 9.484727295221608, 54.517940777413642 ], [ 9.484183070207447, 54.517809811779017 ], [ 9.482405546002003, 54.516829732321483 ], [ 9.482207863466968, 54.516570555600175 ], [ 9.482081243438486, 54.516022140089497 ], [ 9.481763041189136, 54.51566276981341 ], [ 9.480288847195768, 54.515054963336155 ], [ 9.479540303957656, 54.514059417957007 ], [ 9.479185183189681, 54.513289221172343 ], [ 9.479301879517509, 54.512700821247591 ], [ 9.480030098703379, 54.511506592115076 ], [ 9.480164010849007, 54.511449012899348 ], [ 9.482081696569129, 54.511805967118754 ], [ 9.483929029082111, 54.511977799025686 ], [ 9.48529738903931, 54.511967921502908 ], [ 9.486319570495615, 54.511722098860467 ], [ 9.486949009611374, 54.511701327120953 ], [ 9.488855677852506, 54.512367478795809 ], [ 9.489457013110121, 54.512727480510513 ], [ 9.491002187840023, 54.512865581448253 ], [ 9.491931678690156, 54.513088365890717 ], [ 9.492422273428399, 54.51284785196372 ], [ 9.492521702183723, 54.512436672459806 ], [ 9.49283083967148, 54.51212299923354 ], [ 9.493842782362808, 54.511957365482431 ], [ 9.494028602825869, 54.511671618324826 ], [ 9.493884241025532, 54.511424717488651 ], [ 9.493878007981317, 54.511295140074317 ] ], [ [ 9.541274190338132, 54.521313631862036 ], [ 9.541351419434813, 54.521416407321915 ], [ 9.541351799057354, 54.521462785962555 ], [ 9.541274190338132, 54.521313631862036 ] ] ] ] } }
]
}
