<?xml version='1.0' encoding='UTF-8'?>
<gpx version="1.1" creator="https://www.komoot.de" xmlns="http://www.topografix.com/GPX/1/1" xmlns:xsi="http://www.w3.org/2001/XMLSchema-instance" xsi:schemaLocation="http://www.topografix.com/GPX/1/1 http://www.topografix.com/GPX/1/1/gpx.xsd">
  <metadata>
    <name>Don't touch Ratzeburg</name>
    <author>
      <link href="https://www.komoot.de">
        <text>komoot</text>
        <type>text/html</type>
      </link>
    </author>
  </metadata>
  <trk>
    <name>Don't touch Ratzeburg</name>
    <type>racebike</type>
    <trkseg>
      <trkpt lat="53.841937" lon="10.678845">
        <ele>13.874540</ele>
        <time>2026-07-24T09:16:58.591Z</time>
      </trkpt>
      <trkpt lat="53.841985" lon="10.678901">
        <ele>13.874540</ele>
        <time>2026-07-24T09:16:59.693Z</time>
      </trkpt>
      <trkpt lat="53.842001" lon="10.679020">
        <ele>13.819891</ele>
        <time>2026-07-24T09:17:00.640Z</time>
      </trkpt>
      <trkpt lat="53.842083" lon="10.679127">
        <ele>13.503393</ele>
        <time>2026-07-24T09:17:01.768Z</time>
      </trkpt>
      <trkpt lat="53.842147" lon="10.679210">
        <ele>13.256933</ele>
        <time>2026-07-24T09:17:02.532Z</time>
      </trkpt>
      <trkpt lat="53.842287" lon="10.679248">
        <ele>12.845622</ele>
        <time>2026-07-24T09:17:03.863Z</time>
      </trkpt>
      <trkpt lat="53.842433" lon="10.679404">
        <ele>12.489135</ele>
        <time>2026-07-24T09:17:06.310Z</time>
      </trkpt>
      <trkpt lat="53.842464" lon="10.679437">
        <ele>12.460365</ele>
        <time>2026-07-24T09:17:06.888Z</time>
      </trkpt>
      <trkpt lat="53.842768" lon="10.679763">
        <ele>12.217712</ele>
        <time>2026-07-24T09:17:11.207Z</time>
      </trkpt>
      <trkpt lat="53.843111" lon="10.680140">
        <ele>12.999315</ele>
        <time>2026-07-24T09:17:21.097Z</time>
      </trkpt>
      <trkpt lat="53.842805" lon="10.680874">
        <ele>12.971868</ele>
        <time>2026-07-24T09:17:28.479Z</time>
      </trkpt>
      <trkpt lat="53.842776" lon="10.681062">
        <ele>12.901050</ele>
        <time>2026-07-24T09:17:30.017Z</time>
      </trkpt>
      <trkpt lat="53.842769" lon="10.681331">
        <ele>12.816480</ele>
        <time>2026-07-24T09:17:32.110Z</time>
      </trkpt>
      <trkpt lat="53.842756" lon="10.681814">
        <ele>12.768002</ele>
        <time>2026-07-24T09:17:36.000Z</time>
      </trkpt>
      <trkpt lat="53.842742" lon="10.682470">
        <ele>13.042473</ele>
        <time>2026-07-24T09:17:43.211Z</time>
      </trkpt>
      <trkpt lat="53.842739" lon="10.682958">
        <ele>13.170132</ele>
        <time>2026-07-24T09:17:47.697Z</time>
      </trkpt>
      <trkpt lat="53.842719" lon="10.683062">
        <ele>13.200096</ele>
        <time>2026-07-24T09:17:49.579Z</time>
      </trkpt>
      <trkpt lat="53.842709" lon="10.684008">
        <ele>13.818771</ele>
        <time>2026-07-24T09:18:07.898Z</time>
      </trkpt>
      <trkpt lat="53.842738" lon="10.684165">
        <ele>13.869605</ele>
        <time>2026-07-24T09:18:10.825Z</time>
      </trkpt>
      <trkpt lat="53.842755" lon="10.684741">
        <ele>13.665564</ele>
        <time>2026-07-24T09:18:19.402Z</time>
      </trkpt>
      <trkpt lat="53.842860" lon="10.685001">
        <ele>13.387900</ele>
        <time>2026-07-24T09:18:21.716Z</time>
      </trkpt>
      <trkpt lat="53.842903" lon="10.685306">
        <ele>12.970727</ele>
        <time>2026-07-24T09:18:23.544Z</time>
      </trkpt>
      <trkpt lat="53.842923" lon="10.685459">
        <ele>13.075606</ele>
        <time>2026-07-24T09:18:24.815Z</time>
      </trkpt>
      <trkpt lat="53.842967" lon="10.685566">
        <ele>13.162893</ele>
        <time>2026-07-24T09:18:26.853Z</time>
      </trkpt>
      <trkpt lat="53.843103" lon="10.685641">
        <ele>13.510432</ele>
        <time>2026-07-24T09:18:31.666Z</time>
      </trkpt>
      <trkpt lat="53.843186" lon="10.685763">
        <ele>13.824001</ele>
        <time>2026-07-24T09:18:34.606Z</time>
      </trkpt>
      <trkpt lat="53.843198" lon="10.686925">
        <ele>12.252730</ele>
        <time>2026-07-24T09:18:49.466Z</time>
      </trkpt>
      <trkpt lat="53.843241" lon="10.686958">
        <ele>12.350249</ele>
        <time>2026-07-24T09:18:51.005Z</time>
      </trkpt>
      <trkpt lat="53.843215" lon="10.687071">
        <ele>12.498089</ele>
        <time>2026-07-24T09:18:52.967Z</time>
      </trkpt>
      <trkpt lat="53.843219" lon="10.687463">
        <ele>12.955008</ele>
        <time>2026-07-24T09:18:59.375Z</time>
      </trkpt>
      <trkpt lat="53.843223" lon="10.687882">
        <ele>13.194108</ele>
        <time>2026-07-24T09:19:03.306Z</time>
      </trkpt>
      <trkpt lat="53.843236" lon="10.688445">
        <ele>13.287787</ele>
        <time>2026-07-24T09:19:08.661Z</time>
      </trkpt>
      <trkpt lat="53.843237" lon="10.688462">
        <ele>13.288434</ele>
        <time>2026-07-24T09:19:08.817Z</time>
      </trkpt>
      <trkpt lat="53.843248" lon="10.689006">
        <ele>13.300000</ele>
        <time>2026-07-24T09:19:13.444Z</time>
      </trkpt>
      <trkpt lat="53.843266" lon="10.689794">
        <ele>13.333378</ele>
        <time>2026-07-24T09:19:20.401Z</time>
      </trkpt>
      <trkpt lat="53.843266" lon="10.689860">
        <ele>13.341689</ele>
        <time>2026-07-24T09:19:21.052Z</time>
      </trkpt>
      <trkpt lat="53.843285" lon="10.690492">
        <ele>13.650543</ele>
        <time>2026-07-24T09:19:28.040Z</time>
      </trkpt>
      <trkpt lat="53.843286" lon="10.690550">
        <ele>13.672995</ele>
        <time>2026-07-24T09:19:28.625Z</time>
      </trkpt>
      <trkpt lat="53.843305" lon="10.691186">
        <ele>13.759492</ele>
        <time>2026-07-24T09:19:34.583Z</time>
      </trkpt>
      <trkpt lat="53.843306" lon="10.691219">
        <ele>13.754944</ele>
        <time>2026-07-24T09:19:34.857Z</time>
      </trkpt>
      <trkpt lat="53.843339" lon="10.691790">
        <ele>13.557359</ele>
        <time>2026-07-24T09:19:39.199Z</time>
      </trkpt>
      <trkpt lat="53.843343" lon="10.691845">
        <ele>13.529529</ele>
        <time>2026-07-24T09:19:39.579Z</time>
      </trkpt>
      <trkpt lat="53.843355" lon="10.692028">
        <ele>13.433129</ele>
        <time>2026-07-24T09:19:40.860Z</time>
      </trkpt>
      <trkpt lat="53.843384" lon="10.692330">
        <ele>13.329971</ele>
        <time>2026-07-24T09:19:43.204Z</time>
      </trkpt>
      <trkpt lat="53.843416" lon="10.692813">
        <ele>13.270503</ele>
        <time>2026-07-24T09:19:47.497Z</time>
      </trkpt>
      <trkpt lat="53.843503" lon="10.694320">
        <ele>12.816478</ele>
        <time>2026-07-24T09:19:59.315Z</time>
      </trkpt>
      <trkpt lat="53.843539" lon="10.694373">
        <ele>12.795376</ele>
        <time>2026-07-24T09:19:59.936Z</time>
      </trkpt>
      <trkpt lat="53.843765" lon="10.694400">
        <ele>12.681896</ele>
        <time>2026-07-24T09:20:02.900Z</time>
      </trkpt>
      <trkpt lat="53.843777" lon="10.694579">
        <ele>12.643704</ele>
        <time>2026-07-24T09:20:04.432Z</time>
      </trkpt>
      <trkpt lat="53.843778" lon="10.694845">
        <ele>12.600000</ele>
        <time>2026-07-24T09:20:06.644Z</time>
      </trkpt>
      <trkpt lat="53.843771" lon="10.695702">
        <ele>12.628275</ele>
        <time>2026-07-24T09:20:14.229Z</time>
      </trkpt>
      <trkpt lat="53.843772" lon="10.697141">
        <ele>12.985117</ele>
        <time>2026-07-24T09:20:28.303Z</time>
      </trkpt>
      <trkpt lat="53.843779" lon="10.697974">
        <ele>13.067670</ele>
        <time>2026-07-24T09:20:35.489Z</time>
      </trkpt>
      <trkpt lat="53.843857" lon="10.698769">
        <ele>13.673815</ele>
        <time>2026-07-24T09:20:45.473Z</time>
      </trkpt>
      <trkpt lat="53.843987" lon="10.699430">
        <ele>14.059186</ele>
        <time>2026-07-24T09:20:53.123Z</time>
      </trkpt>
      <trkpt lat="53.844125" lon="10.699954">
        <ele>13.944155</ele>
        <time>2026-07-24T09:20:57.971Z</time>
      </trkpt>
      <trkpt lat="53.843640" lon="10.700632">
        <ele>12.236856</ele>
        <time>2026-07-24T09:21:04.422Z</time>
      </trkpt>
      <trkpt lat="53.843444" lon="10.700905">
        <ele>11.729125</ele>
        <time>2026-07-24T09:21:07.136Z</time>
      </trkpt>
      <trkpt lat="53.843414" lon="10.700938">
        <ele>11.678704</ele>
        <time>2026-07-24T09:21:07.576Z</time>
      </trkpt>
      <trkpt lat="53.843210" lon="10.701129">
        <ele>11.603626</ele>
        <time>2026-07-24T09:21:11.091Z</time>
      </trkpt>
      <trkpt lat="53.843176" lon="10.701144">
        <ele>11.603803</ele>
        <time>2026-07-24T09:21:11.646Z</time>
      </trkpt>
      <trkpt lat="53.843088" lon="10.701184">
        <ele>11.708061</ele>
        <time>2026-07-24T09:21:13.171Z</time>
      </trkpt>
      <trkpt lat="53.842972" lon="10.701209">
        <ele>11.859289</ele>
        <time>2026-07-24T09:21:15.574Z</time>
      </trkpt>
      <trkpt lat="53.842510" lon="10.701225">
        <ele>12.995396</ele>
        <time>2026-07-24T09:21:27.549Z</time>
      </trkpt>
      <trkpt lat="53.842171" lon="10.701230">
        <ele>13.226077</ele>
        <time>2026-07-24T09:21:32.515Z</time>
      </trkpt>
      <trkpt lat="53.842170" lon="10.701300">
        <ele>13.307133</ele>
        <time>2026-07-24T09:21:33.585Z</time>
      </trkpt>
      <trkpt lat="53.842171" lon="10.701546">
        <ele>13.540229</ele>
        <time>2026-07-24T09:21:37.903Z</time>
      </trkpt>
      <trkpt lat="53.842151" lon="10.702936">
        <ele>14.303674</ele>
        <time>2026-07-24T09:21:53.021Z</time>
      </trkpt>
      <trkpt lat="53.842134" lon="10.704264">
        <ele>13.028105</ele>
        <time>2026-07-24T09:22:01.669Z</time>
      </trkpt>
      <trkpt lat="53.842116" lon="10.705255">
        <ele>12.787802</ele>
        <time>2026-07-24T09:22:09.951Z</time>
      </trkpt>
      <trkpt lat="53.841792" lon="10.705405">
        <ele>12.311569</ele>
        <time>2026-07-24T09:22:14.351Z</time>
      </trkpt>
      <trkpt lat="53.841821" lon="10.706410">
        <ele>9.459418</ele>
        <time>2026-07-24T09:22:19.828Z</time>
      </trkpt>
      <trkpt lat="53.841785" lon="10.706571">
        <ele>9.440777</ele>
        <time>2026-07-24T09:22:21.189Z</time>
      </trkpt>
      <trkpt lat="53.841607" lon="10.706747">
        <ele>9.693960</ele>
        <time>2026-07-24T09:22:26.557Z</time>
      </trkpt>
      <trkpt lat="53.841043" lon="10.707304">
        <ele>11.052186</ele>
        <time>2026-07-24T09:22:42.165Z</time>
      </trkpt>
      <trkpt lat="53.840818" lon="10.707516">
        <ele>11.121617</ele>
        <time>2026-07-24T09:22:45.609Z</time>
      </trkpt>
      <trkpt lat="53.840585" lon="10.707570">
        <ele>11.223931</ele>
        <time>2026-07-24T09:22:49.123Z</time>
      </trkpt>
      <trkpt lat="53.840235" lon="10.707632">
        <ele>11.599917</ele>
        <time>2026-07-24T09:22:57.486Z</time>
      </trkpt>
      <trkpt lat="53.840262" lon="10.707972">
        <ele>10.951823</ele>
        <time>2026-07-24T09:22:59.388Z</time>
      </trkpt>
      <trkpt lat="53.840286" lon="10.708240">
        <ele>10.568159</ele>
        <time>2026-07-24T09:23:00.928Z</time>
      </trkpt>
      <trkpt lat="53.840236" lon="10.708264">
        <ele>10.464288</ele>
        <time>2026-07-24T09:23:02.085Z</time>
      </trkpt>
      <trkpt lat="53.840133" lon="10.708380">
        <ele>11.065133</ele>
        <time>2026-07-24T09:23:06.850Z</time>
      </trkpt>
      <trkpt lat="53.839631" lon="10.708806">
        <ele>14.188800</ele>
        <time>2026-07-24T09:23:27.478Z</time>
      </trkpt>
      <trkpt lat="53.839544" lon="10.708829">
        <ele>14.906697</ele>
        <time>2026-07-24T09:23:31.904Z</time>
      </trkpt>
      <trkpt lat="53.839451" lon="10.708932">
        <ele>15.812483</ele>
        <time>2026-07-24T09:23:37.672Z</time>
      </trkpt>
      <trkpt lat="53.839413" lon="10.708970">
        <ele>16.076322</ele>
        <time>2026-07-24T09:23:39.794Z</time>
      </trkpt>
      <trkpt lat="53.839326" lon="10.709069">
        <ele>16.615645</ele>
        <time>2026-07-24T09:23:44.016Z</time>
      </trkpt>
      <trkpt lat="53.838992" lon="10.709448">
        <ele>17.591392</ele>
        <time>2026-07-24T09:23:53.069Z</time>
      </trkpt>
      <trkpt lat="53.838853" lon="10.709759">
        <ele>17.674480</ele>
        <time>2026-07-24T09:23:56.491Z</time>
      </trkpt>
      <trkpt lat="53.838497" lon="10.710175">
        <ele>17.393664</ele>
        <time>2026-07-24T09:24:02.341Z</time>
      </trkpt>
      <trkpt lat="53.837004" lon="10.711793">
        <ele>14.281420</ele>
        <time>2026-07-24T09:24:22.011Z</time>
      </trkpt>
      <trkpt lat="53.836841" lon="10.711862">
        <ele>14.186256</ele>
        <time>2026-07-24T09:24:24.706Z</time>
      </trkpt>
      <trkpt lat="53.836788" lon="10.711921">
        <ele>14.085298</ele>
        <time>2026-07-24T09:24:25.532Z</time>
      </trkpt>
      <trkpt lat="53.836683" lon="10.712119">
        <ele>13.817807</ele>
        <time>2026-07-24T09:24:27.179Z</time>
      </trkpt>
      <trkpt lat="53.836597" lon="10.712245">
        <ele>13.726340</ele>
        <time>2026-07-24T09:24:28.462Z</time>
      </trkpt>
      <trkpt lat="53.835471" lon="10.713530">
        <ele>12.424252</ele>
        <time>2026-07-24T09:24:46.253Z</time>
      </trkpt>
      <trkpt lat="53.834677" lon="10.714408">
        <ele>8.762682</ele>
        <time>2026-07-24T09:24:55.357Z</time>
      </trkpt>
      <trkpt lat="53.834515" lon="10.714515">
        <ele>8.508060</ele>
        <time>2026-07-24T09:24:57.472Z</time>
      </trkpt>
      <trkpt lat="53.834127" lon="10.714981">
        <ele>8.111105</ele>
        <time>2026-07-24T09:25:04.386Z</time>
      </trkpt>
      <trkpt lat="53.834021" lon="10.715145">
        <ele>7.751503</ele>
        <time>2026-07-24T09:25:05.735Z</time>
      </trkpt>
      <trkpt lat="53.833644" lon="10.715555">
        <ele>6.808264</ele>
        <time>2026-07-24T09:25:10.532Z</time>
      </trkpt>
      <trkpt lat="53.833532" lon="10.715663">
        <ele>6.957993</ele>
        <time>2026-07-24T09:25:13.346Z</time>
      </trkpt>
      <trkpt lat="53.833154" lon="10.716020">
        <ele>8.603101</ele>
        <time>2026-07-24T09:25:26.883Z</time>
      </trkpt>
      <trkpt lat="53.832895" lon="10.716218">
        <ele>9.757592</ele>
        <time>2026-07-24T09:25:35.672Z</time>
      </trkpt>
      <trkpt lat="53.832724" lon="10.716327">
        <ele>10.295302</ele>
        <time>2026-07-24T09:25:40.628Z</time>
      </trkpt>
      <trkpt lat="53.832426" lon="10.716526">
        <ele>10.985552</ele>
        <time>2026-07-24T09:25:48.753Z</time>
      </trkpt>
      <trkpt lat="53.831290" lon="10.717147">
        <ele>10.205945</ele>
        <time>2026-07-24T09:26:03.588Z</time>
      </trkpt>
      <trkpt lat="53.830999" lon="10.717320">
        <ele>10.472017</ele>
        <time>2026-07-24T09:26:09.488Z</time>
      </trkpt>
      <trkpt lat="53.830973" lon="10.717336">
        <ele>10.511563</ele>
        <time>2026-07-24T09:26:10.212Z</time>
      </trkpt>
      <trkpt lat="53.830866" lon="10.717400">
        <ele>10.703314</ele>
        <time>2026-07-24T09:26:13.113Z</time>
      </trkpt>
      <trkpt lat="53.827632" lon="10.719362">
        <ele>13.344438</ele>
        <time>2026-07-24T09:27:14.323Z</time>
      </trkpt>
      <trkpt lat="53.825557" lon="10.720614">
        <ele>12.089566</ele>
        <time>2026-07-24T09:27:43.372Z</time>
      </trkpt>
      <trkpt lat="53.824975" lon="10.720970">
        <ele>10.649064</ele>
        <time>2026-07-24T09:27:49.880Z</time>
      </trkpt>
      <trkpt lat="53.824928" lon="10.720998">
        <ele>10.549077</ele>
        <time>2026-07-24T09:27:50.419Z</time>
      </trkpt>
      <trkpt lat="53.824736" lon="10.721108">
        <ele>10.467639</ele>
        <time>2026-07-24T09:27:52.733Z</time>
      </trkpt>
      <trkpt lat="53.824620" lon="10.721158">
        <ele>10.605931</ele>
        <time>2026-07-24T09:27:55.442Z</time>
      </trkpt>
      <trkpt lat="53.823853" lon="10.721654">
        <ele>15.077891</ele>
        <time>2026-07-24T09:28:27.537Z</time>
      </trkpt>
      <trkpt lat="53.823171" lon="10.722140">
        <ele>15.167804</ele>
        <time>2026-07-24T09:28:37.835Z</time>
      </trkpt>
      <trkpt lat="53.823101" lon="10.722192">
        <ele>15.100024</ele>
        <time>2026-07-24T09:28:38.691Z</time>
      </trkpt>
      <trkpt lat="53.823036" lon="10.722257">
        <ele>15.029184</ele>
        <time>2026-07-24T09:28:39.559Z</time>
      </trkpt>
      <trkpt lat="53.822609" lon="10.722707">
        <ele>14.706270</ele>
        <time>2026-07-24T09:28:46.231Z</time>
      </trkpt>
      <trkpt lat="53.822545" lon="10.722813">
        <ele>14.642799</ele>
        <time>2026-07-24T09:28:47.367Z</time>
      </trkpt>
      <trkpt lat="53.822530" lon="10.722838">
        <ele>14.626544</ele>
        <time>2026-07-24T09:28:47.635Z</time>
      </trkpt>
      <trkpt lat="53.822320" lon="10.723295">
        <ele>14.431905</ele>
        <time>2026-07-24T09:28:51.977Z</time>
      </trkpt>
      <trkpt lat="53.821587" lon="10.724678">
        <ele>14.713641</ele>
        <time>2026-07-24T09:29:09.466Z</time>
      </trkpt>
      <trkpt lat="53.821237" lon="10.725345">
        <ele>14.963940</ele>
        <time>2026-07-24T09:29:18.667Z</time>
      </trkpt>
      <trkpt lat="53.821193" lon="10.725425">
        <ele>14.937541</ele>
        <time>2026-07-24T09:29:19.456Z</time>
      </trkpt>
      <trkpt lat="53.821141" lon="10.725517">
        <ele>14.906790</ele>
        <time>2026-07-24T09:29:20.340Z</time>
      </trkpt>
      <trkpt lat="53.819641" lon="10.728449">
        <ele>14.024660</ele>
        <time>2026-07-24T09:29:51.388Z</time>
      </trkpt>
      <trkpt lat="53.819032" lon="10.729657">
        <ele>14.229544</ele>
        <time>2026-07-24T09:30:06.541Z</time>
      </trkpt>
      <trkpt lat="53.818932" lon="10.729854">
        <ele>14.072964</ele>
        <time>2026-07-24T09:30:08.255Z</time>
      </trkpt>
      <trkpt lat="53.818127" lon="10.731449">
        <ele>14.067530</ele>
        <time>2026-07-24T09:30:26.681Z</time>
      </trkpt>
      <trkpt lat="53.815645" lon="10.736300">
        <ele>12.648545</ele>
        <time>2026-07-24T09:31:18.124Z</time>
      </trkpt>
      <trkpt lat="53.815389" lon="10.736736">
        <ele>12.890284</ele>
        <time>2026-07-24T09:31:24.636Z</time>
      </trkpt>
      <trkpt lat="53.814551" lon="10.738399">
        <ele>13.763997</ele>
        <time>2026-07-24T09:31:46.932Z</time>
      </trkpt>
      <trkpt lat="53.814323" lon="10.738829">
        <ele>14.299373</ele>
        <time>2026-07-24T09:31:54.221Z</time>
      </trkpt>
      <trkpt lat="53.814230" lon="10.738952">
        <ele>14.542746</ele>
        <time>2026-07-24T09:31:57.053Z</time>
      </trkpt>
      <trkpt lat="53.814168" lon="10.739052">
        <ele>14.719332</ele>
        <time>2026-07-24T09:31:59.128Z</time>
      </trkpt>
      <trkpt lat="53.814125" lon="10.739222">
        <ele>14.940411</ele>
        <time>2026-07-24T09:32:01.711Z</time>
      </trkpt>
      <trkpt lat="53.813961" lon="10.739552">
        <ele>15.201384</ele>
        <time>2026-07-24T09:32:07.281Z</time>
      </trkpt>
      <trkpt lat="53.813070" lon="10.741302">
        <ele>12.766052</ele>
        <time>2026-07-24T09:32:22.307Z</time>
      </trkpt>
      <trkpt lat="53.812891" lon="10.741625">
        <ele>12.450614</ele>
        <time>2026-07-24T09:32:25.567Z</time>
      </trkpt>
      <trkpt lat="53.812547" lon="10.742211">
        <ele>11.704142</ele>
        <time>2026-07-24T09:32:31.011Z</time>
      </trkpt>
      <trkpt lat="53.812167" lon="10.742851">
        <ele>12.205553</ele>
        <time>2026-07-24T09:32:41.507Z</time>
      </trkpt>
      <trkpt lat="53.811102" lon="10.744648">
        <ele>12.238532</ele>
        <time>2026-07-24T09:33:04.105Z</time>
      </trkpt>
      <trkpt lat="53.810528" lon="10.745614">
        <ele>10.773256</ele>
        <time>2026-07-24T09:33:12.890Z</time>
      </trkpt>
      <trkpt lat="53.809602" lon="10.747123">
        <ele>11.860686</ele>
        <time>2026-07-24T09:33:37.311Z</time>
      </trkpt>
      <trkpt lat="53.809470" lon="10.747361">
        <ele>11.670041</ele>
        <time>2026-07-24T09:33:39.528Z</time>
      </trkpt>
      <trkpt lat="53.809182" lon="10.747712">
        <ele>10.915266</ele>
        <time>2026-07-24T09:33:43.404Z</time>
      </trkpt>
      <trkpt lat="53.808864" lon="10.748009">
        <ele>10.253833</ele>
        <time>2026-07-24T09:33:47.351Z</time>
      </trkpt>
      <trkpt lat="53.808560" lon="10.748195">
        <ele>9.951880</ele>
        <time>2026-07-24T09:33:51.457Z</time>
      </trkpt>
      <trkpt lat="53.808204" lon="10.748285">
        <ele>10.042615</ele>
        <time>2026-07-24T09:33:57.158Z</time>
      </trkpt>
      <trkpt lat="53.808121" lon="10.748353">
        <ele>10.109648</ele>
        <time>2026-07-24T09:33:58.820Z</time>
      </trkpt>
      <trkpt lat="53.807239" lon="10.748663">
        <ele>11.002287</ele>
        <time>2026-07-24T09:34:15.775Z</time>
      </trkpt>
      <trkpt lat="53.807057" lon="10.748754">
        <ele>11.200665</ele>
        <time>2026-07-24T09:34:19.360Z</time>
      </trkpt>
      <trkpt lat="53.806645" lon="10.749139">
        <ele>11.654142</ele>
        <time>2026-07-24T09:34:28.301Z</time>
      </trkpt>
      <trkpt lat="53.806590" lon="10.749195">
        <ele>11.697936</ele>
        <time>2026-07-24T09:34:29.354Z</time>
      </trkpt>
      <trkpt lat="53.806130" lon="10.749655">
        <ele>11.739212</ele>
        <time>2026-07-24T09:34:37.861Z</time>
      </trkpt>
      <trkpt lat="53.805826" lon="10.749872">
        <ele>11.546322</ele>
        <time>2026-07-24T09:34:41.932Z</time>
      </trkpt>
      <trkpt lat="53.805552" lon="10.749970">
        <ele>11.614442</ele>
        <time>2026-07-24T09:34:46.217Z</time>
      </trkpt>
      <trkpt lat="53.805136" lon="10.750022">
        <ele>11.908998</ele>
        <time>2026-07-24T09:34:53.810Z</time>
      </trkpt>
      <trkpt lat="53.804077" lon="10.750065">
        <ele>12.911101</ele>
        <time>2026-07-24T09:35:13.733Z</time>
      </trkpt>
      <trkpt lat="53.803408" lon="10.750061">
        <ele>12.359218</ele>
        <time>2026-07-24T09:35:22.217Z</time>
      </trkpt>
      <trkpt lat="53.803303" lon="10.750060">
        <ele>12.158442</ele>
        <time>2026-07-24T09:35:23.273Z</time>
      </trkpt>
      <trkpt lat="53.802926" lon="10.750051">
        <ele>11.321019</ele>
        <time>2026-07-24T09:35:27.351Z</time>
      </trkpt>
      <trkpt lat="53.802434" lon="10.750124">
        <ele>10.499133</ele>
        <time>2026-07-24T09:35:32.975Z</time>
      </trkpt>
      <trkpt lat="53.801715" lon="10.750319">
        <ele>9.315694</ele>
        <time>2026-07-24T09:35:41.198Z</time>
      </trkpt>
      <trkpt lat="53.801492" lon="10.750342">
        <ele>9.024672</ele>
        <time>2026-07-24T09:35:43.915Z</time>
      </trkpt>
      <trkpt lat="53.801379" lon="10.750428">
        <ele>8.903331</ele>
        <time>2026-07-24T09:35:45.487Z</time>
      </trkpt>
      <trkpt lat="53.801155" lon="10.750487">
        <ele>8.722367</ele>
        <time>2026-07-24T09:35:48.220Z</time>
      </trkpt>
      <trkpt lat="53.800599" lon="10.750636">
        <ele>8.506506</ele>
        <time>2026-07-24T09:35:55.940Z</time>
      </trkpt>
      <trkpt lat="53.800187" lon="10.750881">
        <ele>8.406653</ele>
        <time>2026-07-24T09:36:02.153Z</time>
      </trkpt>
      <trkpt lat="53.800036" lon="10.751007">
        <ele>8.381573</ele>
        <time>2026-07-24T09:36:04.533Z</time>
      </trkpt>
      <trkpt lat="53.799907" lon="10.751166">
        <ele>8.288977</ele>
        <time>2026-07-24T09:36:06.632Z</time>
      </trkpt>
      <trkpt lat="53.799627" lon="10.751654">
        <ele>7.950373</ele>
        <time>2026-07-24T09:36:11.661Z</time>
      </trkpt>
      <trkpt lat="53.799129" lon="10.752709">
        <ele>6.763888</ele>
        <time>2026-07-24T09:36:20.713Z</time>
      </trkpt>
      <trkpt lat="53.799036" lon="10.752903">
        <ele>6.840889</ele>
        <time>2026-07-24T09:36:22.956Z</time>
      </trkpt>
      <trkpt lat="53.798700" lon="10.753477">
        <ele>7.954717</ele>
        <time>2026-07-24T09:36:34.859Z</time>
      </trkpt>
      <trkpt lat="53.798506" lon="10.753700">
        <ele>8.856089</ele>
        <time>2026-07-24T09:36:42.147Z</time>
      </trkpt>
      <trkpt lat="53.798365" lon="10.753864">
        <ele>9.634181</ele>
        <time>2026-07-24T09:36:47.975Z</time>
      </trkpt>
      <trkpt lat="53.797451" lon="10.754774">
        <ele>13.687851</ele>
        <time>2026-07-24T09:37:20.289Z</time>
      </trkpt>
      <trkpt lat="53.796911" lon="10.755164">
        <ele>15.056267</ele>
        <time>2026-07-24T09:37:34.110Z</time>
      </trkpt>
      <trkpt lat="53.796793" lon="10.755240">
        <ele>15.202158</ele>
        <time>2026-07-24T09:37:36.602Z</time>
      </trkpt>
      <trkpt lat="53.796530" lon="10.755315">
        <ele>15.482722</ele>
        <time>2026-07-24T09:37:41.469Z</time>
      </trkpt>
      <trkpt lat="53.795781" lon="10.755645">
        <ele>16.122350</ele>
        <time>2026-07-24T09:37:55.343Z</time>
      </trkpt>
      <trkpt lat="53.795491" lon="10.755794">
        <ele>16.409516</ele>
        <time>2026-07-24T09:38:01.469Z</time>
      </trkpt>
      <trkpt lat="53.794490" lon="10.756232">
        <ele>16.272888</ele>
        <time>2026-07-24T09:38:15.902Z</time>
      </trkpt>
      <trkpt lat="53.794141" lon="10.756346">
        <ele>16.848144</ele>
        <time>2026-07-24T09:38:23.646Z</time>
      </trkpt>
      <trkpt lat="53.794077" lon="10.756295">
        <ele>16.989646</ele>
        <time>2026-07-24T09:38:25.372Z</time>
      </trkpt>
      <trkpt lat="53.793952" lon="10.756091">
        <ele>17.357792</ele>
        <time>2026-07-24T09:38:29.365Z</time>
      </trkpt>
      <trkpt lat="53.793884" lon="10.756089">
        <ele>17.477245</ele>
        <time>2026-07-24T09:38:30.916Z</time>
      </trkpt>
      <trkpt lat="53.793813" lon="10.756122">
        <ele>17.525999</ele>
        <time>2026-07-24T09:38:32.499Z</time>
      </trkpt>
      <trkpt lat="53.793762" lon="10.756187">
        <ele>17.568269</ele>
        <time>2026-07-24T09:38:33.679Z</time>
      </trkpt>
      <trkpt lat="53.793684" lon="10.756477">
        <ele>17.436755</ele>
        <time>2026-07-24T09:38:36.050Z</time>
      </trkpt>
      <trkpt lat="53.793600" lon="10.756561">
        <ele>17.289276</ele>
        <time>2026-07-24T09:38:37.132Z</time>
      </trkpt>
      <trkpt lat="53.793082" lon="10.756824">
        <ele>16.363515</ele>
        <time>2026-07-24T09:38:42.928Z</time>
      </trkpt>
      <trkpt lat="53.792597" lon="10.756970">
        <ele>16.828646</ele>
        <time>2026-07-24T09:38:56.077Z</time>
      </trkpt>
      <trkpt lat="53.792306" lon="10.756979">
        <ele>17.004437</ele>
        <time>2026-07-24T09:39:00.963Z</time>
      </trkpt>
      <trkpt lat="53.792136" lon="10.756743">
        <ele>17.106652</ele>
        <time>2026-07-24T09:39:04.510Z</time>
      </trkpt>
      <trkpt lat="53.791973" lon="10.756701">
        <ele>17.151354</ele>
        <time>2026-07-24T09:39:07.173Z</time>
      </trkpt>
      <trkpt lat="53.791945" lon="10.756700">
        <ele>17.157117</ele>
        <time>2026-07-24T09:39:07.607Z</time>
      </trkpt>
      <trkpt lat="53.791919" lon="10.756700">
        <ele>17.162467</ele>
        <time>2026-07-24T09:39:08.013Z</time>
      </trkpt>
      <trkpt lat="53.791890" lon="10.756690">
        <ele>17.168557</ele>
        <time>2026-07-24T09:39:08.462Z</time>
      </trkpt>
      <trkpt lat="53.791868" lon="10.756673">
        <ele>17.166220</ele>
        <time>2026-07-24T09:39:08.802Z</time>
      </trkpt>
      <trkpt lat="53.791844" lon="10.756652">
        <ele>17.149544</ele>
        <time>2026-07-24T09:39:09.181Z</time>
      </trkpt>
      <trkpt lat="53.791809" lon="10.756670">
        <ele>17.126965</ele>
        <time>2026-07-24T09:39:09.654Z</time>
      </trkpt>
      <trkpt lat="53.791710" lon="10.756893">
        <ele>17.040858</ele>
        <time>2026-07-24T09:39:11.728Z</time>
      </trkpt>
      <trkpt lat="53.791539" lon="10.757021">
        <ele>17.160112</ele>
        <time>2026-07-24T09:39:14.929Z</time>
      </trkpt>
      <trkpt lat="53.791143" lon="10.757039">
        <ele>17.921742</ele>
        <time>2026-07-24T09:39:23.768Z</time>
      </trkpt>
      <trkpt lat="53.790897" lon="10.757005">
        <ele>18.444138</ele>
        <time>2026-07-24T09:39:30.096Z</time>
      </trkpt>
      <trkpt lat="53.790420" lon="10.756932">
        <ele>18.973181</ele>
        <time>2026-07-24T09:39:39.319Z</time>
      </trkpt>
      <trkpt lat="53.787739" lon="10.756185">
        <ele>13.610782</ele>
        <time>2026-07-24T09:40:09.017Z</time>
      </trkpt>
      <trkpt lat="53.787720" lon="10.756312">
        <ele>13.741223</ele>
        <time>2026-07-24T09:40:10.510Z</time>
      </trkpt>
      <trkpt lat="53.787687" lon="10.756490">
        <ele>13.971282</ele>
        <time>2026-07-24T09:40:13.549Z</time>
      </trkpt>
      <trkpt lat="53.787572" lon="10.756475">
        <ele>14.244951</ele>
        <time>2026-07-24T09:40:16.937Z</time>
      </trkpt>
      <trkpt lat="53.787525" lon="10.756523">
        <ele>14.385499</ele>
        <time>2026-07-24T09:40:18.366Z</time>
      </trkpt>
      <trkpt lat="53.786809" lon="10.758135">
        <ele>16.099775</ele>
        <time>2026-07-24T09:40:42.797Z</time>
      </trkpt>
      <trkpt lat="53.786657" lon="10.758713">
        <ele>15.718713</ele>
        <time>2026-07-24T09:40:47.344Z</time>
      </trkpt>
      <trkpt lat="53.786480" lon="10.759076">
        <ele>15.065091</ele>
        <time>2026-07-24T09:40:50.301Z</time>
      </trkpt>
      <trkpt lat="53.786305" lon="10.759368">
        <ele>14.241928</ele>
        <time>2026-07-24T09:40:52.765Z</time>
      </trkpt>
      <trkpt lat="53.785935" lon="10.760169">
        <ele>11.512738</ele>
        <time>2026-07-24T09:40:58.508Z</time>
      </trkpt>
      <trkpt lat="53.785777" lon="10.760315">
        <ele>10.719153</ele>
        <time>2026-07-24T09:41:00.235Z</time>
      </trkpt>
      <trkpt lat="53.785336" lon="10.761332">
        <ele>7.806659</ele>
        <time>2026-07-24T09:41:07.470Z</time>
      </trkpt>
      <trkpt lat="53.785275" lon="10.761483">
        <ele>7.629074</ele>
        <time>2026-07-24T09:41:08.777Z</time>
      </trkpt>
      <trkpt lat="53.785277" lon="10.761634">
        <ele>7.789507</ele>
        <time>2026-07-24T09:41:10.749Z</time>
      </trkpt>
      <trkpt lat="53.785171" lon="10.761868">
        <ele>7.894967</ele>
        <time>2026-07-24T09:41:15.200Z</time>
      </trkpt>
      <trkpt lat="53.785138" lon="10.762119">
        <ele>7.675967</ele>
        <time>2026-07-24T09:41:16.832Z</time>
      </trkpt>
      <trkpt lat="53.785024" lon="10.762228">
        <ele>6.856654</ele>
        <time>2026-07-24T09:41:18.032Z</time>
      </trkpt>
      <trkpt lat="53.784822" lon="10.762686">
        <ele>4.437250</ele>
        <time>2026-07-24T09:41:21.012Z</time>
      </trkpt>
      <trkpt lat="53.784755" lon="10.762708">
        <ele>4.385023</ele>
        <time>2026-07-24T09:41:21.641Z</time>
      </trkpt>
      <trkpt lat="53.783845" lon="10.764862">
        <ele>3.311235</ele>
        <time>2026-07-24T09:41:42.807Z</time>
      </trkpt>
      <trkpt lat="53.783296" lon="10.766154">
        <ele>3.303024</ele>
        <time>2026-07-24T09:42:01.120Z</time>
      </trkpt>
      <trkpt lat="53.783156" lon="10.766474">
        <ele>3.687157</ele>
        <time>2026-07-24T09:42:08.889Z</time>
      </trkpt>
      <trkpt lat="53.782998" lon="10.766801">
        <ele>3.802666</ele>
        <time>2026-07-24T09:42:13.686Z</time>
      </trkpt>
      <trkpt lat="53.782787" lon="10.767134">
        <ele>3.775475</ele>
        <time>2026-07-24T09:42:19.187Z</time>
      </trkpt>
      <trkpt lat="53.782513" lon="10.767565">
        <ele>4.297381</ele>
        <time>2026-07-24T09:42:29.335Z</time>
      </trkpt>
      <trkpt lat="53.782331" lon="10.767779">
        <ele>4.424353</ele>
        <time>2026-07-24T09:42:35.568Z</time>
      </trkpt>
      <trkpt lat="53.782134" lon="10.767944">
        <ele>4.521447</ele>
        <time>2026-07-24T09:42:42.332Z</time>
      </trkpt>
      <trkpt lat="53.779612" lon="10.769187">
        <ele>6.538901</ele>
        <time>2026-07-24T09:44:03.947Z</time>
      </trkpt>
      <trkpt lat="53.778577" lon="10.769696">
        <ele>4.645940</ele>
        <time>2026-07-24T09:44:28.594Z</time>
      </trkpt>
      <trkpt lat="53.777499" lon="10.770578">
        <ele>4.047462</ele>
        <time>2026-07-24T09:44:59.743Z</time>
      </trkpt>
      <trkpt lat="53.777020" lon="10.770877">
        <ele>4.141346</ele>
        <time>2026-07-24T09:45:14.122Z</time>
      </trkpt>
      <trkpt lat="53.776617" lon="10.771034">
        <ele>4.651352</ele>
        <time>2026-07-24T09:45:27.190Z</time>
      </trkpt>
      <trkpt lat="53.775654" lon="10.771144">
        <ele>7.023381</ele>
        <time>2026-07-24T09:46:04.031Z</time>
      </trkpt>
      <trkpt lat="53.774647" lon="10.770739">
        <ele>10.209986</ele>
        <time>2026-07-24T09:46:45.679Z</time>
      </trkpt>
      <trkpt lat="53.773127" lon="10.769979">
        <ele>15.263239</ele>
        <time>2026-07-24T09:47:38.431Z</time>
      </trkpt>
      <trkpt lat="53.772934" lon="10.769941">
        <ele>15.772417</ele>
        <time>2026-07-24T09:47:44.233Z</time>
      </trkpt>
      <trkpt lat="53.772538" lon="10.769997">
        <ele>16.604842</ele>
        <time>2026-07-24T09:47:55.582Z</time>
      </trkpt>
      <trkpt lat="53.772320" lon="10.770124">
        <ele>17.092953</ele>
        <time>2026-07-24T09:48:01.973Z</time>
      </trkpt>
      <trkpt lat="53.772193" lon="10.770255">
        <ele>17.379802</ele>
        <time>2026-07-24T09:48:06.394Z</time>
      </trkpt>
      <trkpt lat="53.772140" lon="10.770123">
        <ele>17.494077</ele>
        <time>2026-07-24T09:48:10.414Z</time>
      </trkpt>
      <trkpt lat="53.771749" lon="10.769109">
        <ele>17.414589</ele>
        <time>2026-07-24T09:48:36.301Z</time>
      </trkpt>
      <trkpt lat="53.771379" lon="10.768878">
        <ele>17.453041</ele>
        <time>2026-07-24T09:48:51.093Z</time>
      </trkpt>
      <trkpt lat="53.771329" lon="10.768850">
        <ele>17.505556</ele>
        <time>2026-07-24T09:48:51.979Z</time>
      </trkpt>
      <trkpt lat="53.770761" lon="10.768562">
        <ele>18.068356</ele>
        <time>2026-07-24T09:49:03.356Z</time>
      </trkpt>
      <trkpt lat="53.770569" lon="10.768540">
        <ele>18.071790</ele>
        <time>2026-07-24T09:49:06.040Z</time>
      </trkpt>
      <trkpt lat="53.769854" lon="10.768664">
        <ele>17.724532</ele>
        <time>2026-07-24T09:49:15.551Z</time>
      </trkpt>
      <trkpt lat="53.769123" lon="10.768792">
        <ele>17.886539</ele>
        <time>2026-07-24T09:49:27.144Z</time>
      </trkpt>
      <trkpt lat="53.769076" lon="10.768802">
        <ele>17.890499</ele>
        <time>2026-07-24T09:49:27.873Z</time>
      </trkpt>
      <trkpt lat="53.768864" lon="10.768836">
        <ele>17.880118</ele>
        <time>2026-07-24T09:49:31.283Z</time>
      </trkpt>
      <trkpt lat="53.768717" lon="10.768875">
        <ele>17.806514</ele>
        <time>2026-07-24T09:49:33.309Z</time>
      </trkpt>
      <trkpt lat="53.768433" lon="10.769102">
        <ele>17.007248</ele>
        <time>2026-07-24T09:49:36.603Z</time>
      </trkpt>
      <trkpt lat="53.767973" lon="10.769435">
        <ele>14.995322</ele>
        <time>2026-07-24T09:49:41.449Z</time>
      </trkpt>
      <trkpt lat="53.767632" lon="10.769564">
        <ele>13.636778</ele>
        <time>2026-07-24T09:49:44.843Z</time>
      </trkpt>
      <trkpt lat="53.767075" lon="10.769644">
        <ele>12.557426</ele>
        <time>2026-07-24T09:49:50.997Z</time>
      </trkpt>
      <trkpt lat="53.767066" lon="10.769799">
        <ele>12.592433</ele>
        <time>2026-07-24T09:49:52.784Z</time>
      </trkpt>
      <trkpt lat="53.766864" lon="10.769906">
        <ele>13.089578</ele>
        <time>2026-07-24T09:49:58.312Z</time>
      </trkpt>
      <trkpt lat="53.766832" lon="10.769767">
        <ele>13.335831</ele>
        <time>2026-07-24T09:50:00.425Z</time>
      </trkpt>
      <trkpt lat="53.766740" lon="10.769842">
        <ele>13.621052</ele>
        <time>2026-07-24T09:50:03.205Z</time>
      </trkpt>
      <trkpt lat="53.766409" lon="10.770204">
        <ele>14.910506</ele>
        <time>2026-07-24T09:50:14.690Z</time>
      </trkpt>
      <trkpt lat="53.766277" lon="10.770522">
        <ele>15.474884</ele>
        <time>2026-07-24T09:50:19.629Z</time>
      </trkpt>
      <trkpt lat="53.766185" lon="10.770895">
        <ele>16.264160</ele>
        <time>2026-07-24T09:50:26.304Z</time>
      </trkpt>
      <trkpt lat="53.765690" lon="10.773124">
        <ele>22.916892</ele>
        <time>2026-07-24T09:51:13.909Z</time>
      </trkpt>
      <trkpt lat="53.765231" lon="10.775279">
        <ele>30.001984</ele>
        <time>2026-07-24T09:52:02.661Z</time>
      </trkpt>
      <trkpt lat="53.764917" lon="10.776751">
        <ele>34.819136</ele>
        <time>2026-07-24T09:52:36.002Z</time>
      </trkpt>
      <trkpt lat="53.765048" lon="10.776869">
        <ele>35.378137</ele>
        <time>2026-07-24T09:52:40.712Z</time>
      </trkpt>
      <trkpt lat="53.764928" lon="10.777230">
        <ele>35.805353</ele>
        <time>2026-07-24T09:52:45.557Z</time>
      </trkpt>
      <trkpt lat="53.764678" lon="10.778436">
        <ele>36.834206</ele>
        <time>2026-07-24T09:53:00.829Z</time>
      </trkpt>
      <trkpt lat="53.764572" lon="10.778372">
        <ele>36.912856</ele>
        <time>2026-07-24T09:53:02.186Z</time>
      </trkpt>
      <trkpt lat="53.764019" lon="10.780977">
        <ele>43.550830</ele>
        <time>2026-07-24T09:53:53.516Z</time>
      </trkpt>
      <trkpt lat="53.763589" lon="10.783002">
        <ele>50.508817</ele>
        <time>2026-07-24T09:54:40.465Z</time>
      </trkpt>
      <trkpt lat="53.763500" lon="10.783422">
        <ele>52.075437</ele>
        <time>2026-07-24T09:54:50.491Z</time>
      </trkpt>
      <trkpt lat="53.763389" lon="10.783859">
        <ele>54.236099</ele>
        <time>2026-07-24T09:55:03.286Z</time>
      </trkpt>
      <trkpt lat="53.763193" lon="10.784386">
        <ele>57.486448</ele>
        <time>2026-07-24T09:55:21.736Z</time>
      </trkpt>
      <trkpt lat="53.762835" lon="10.784992">
        <ele>62.701630</ele>
        <time>2026-07-24T09:55:50.742Z</time>
      </trkpt>
      <trkpt lat="53.761725" lon="10.786703">
        <ele>74.337608</ele>
        <time>2026-07-24T09:57:00.081Z</time>
      </trkpt>
      <trkpt lat="53.761566" lon="10.787073">
        <ele>75.646080</ele>
        <time>2026-07-24T09:57:08.928Z</time>
      </trkpt>
      <trkpt lat="53.761413" lon="10.787604">
        <ele>76.413157</ele>
        <time>2026-07-24T09:57:18.060Z</time>
      </trkpt>
      <trkpt lat="53.760885" lon="10.790143">
        <ele>76.695994</ele>
        <time>2026-07-24T09:57:41.962Z</time>
      </trkpt>
      <trkpt lat="53.760820" lon="10.790500">
        <ele>76.370066</ele>
        <time>2026-07-24T09:57:44.477Z</time>
      </trkpt>
      <trkpt lat="53.760818" lon="10.790516">
        <ele>76.350282</ele>
        <time>2026-07-24T09:57:44.581Z</time>
      </trkpt>
      <trkpt lat="53.760757" lon="10.791033">
        <ele>75.618784</ele>
        <time>2026-07-24T09:57:47.849Z</time>
      </trkpt>
      <trkpt lat="53.760741" lon="10.791381">
        <ele>75.198038</ele>
        <time>2026-07-24T09:57:50.110Z</time>
      </trkpt>
      <trkpt lat="53.760747" lon="10.791879">
        <ele>74.672263</ele>
        <time>2026-07-24T09:57:53.340Z</time>
      </trkpt>
      <trkpt lat="53.760843" lon="10.792684">
        <ele>74.467017</ele>
        <time>2026-07-24T09:57:59.938Z</time>
      </trkpt>
      <trkpt lat="53.760921" lon="10.792646">
        <ele>74.494059</ele>
        <time>2026-07-24T09:58:02.081Z</time>
      </trkpt>
      <trkpt lat="53.761916" lon="10.796448">
        <ele>71.986106</ele>
        <time>2026-07-24T09:58:31.919Z</time>
      </trkpt>
      <trkpt lat="53.762238" lon="10.797745">
        <ele>70.920200</ele>
        <time>2026-07-24T09:58:41.670Z</time>
      </trkpt>
      <trkpt lat="53.762335" lon="10.798258">
        <ele>70.577586</ele>
        <time>2026-07-24T09:58:45.648Z</time>
      </trkpt>
      <trkpt lat="53.762390" lon="10.798842">
        <ele>70.021138</ele>
        <time>2026-07-24T09:58:49.633Z</time>
      </trkpt>
      <trkpt lat="53.762374" lon="10.799670">
        <ele>68.745776</ele>
        <time>2026-07-24T09:58:54.768Z</time>
      </trkpt>
      <trkpt lat="53.762398" lon="10.800791">
        <ele>66.615223</ele>
        <time>2026-07-24T09:59:01.360Z</time>
      </trkpt>
      <trkpt lat="53.762357" lon="10.815155">
        <ele>53.845214</ele>
        <time>2026-07-24T10:00:39.171Z</time>
      </trkpt>
      <trkpt lat="53.762317" lon="10.815954">
        <ele>54.515680</ele>
        <time>2026-07-24T10:00:49.195Z</time>
      </trkpt>
      <trkpt lat="53.762180" lon="10.816980">
        <ele>55.636541</ele>
        <time>2026-07-24T10:01:03.120Z</time>
      </trkpt>
      <trkpt lat="53.762080" lon="10.817016">
        <ele>55.701123</ele>
        <time>2026-07-24T10:01:04.961Z</time>
      </trkpt>
      <trkpt lat="53.762041" lon="10.817222">
        <ele>55.763419</ele>
        <time>2026-07-24T10:01:07.035Z</time>
      </trkpt>
      <trkpt lat="53.761708" lon="10.818878">
        <ele>55.780261</ele>
        <time>2026-07-24T10:01:22.035Z</time>
      </trkpt>
      <trkpt lat="53.761525" lon="10.819706">
        <ele>56.465195</ele>
        <time>2026-07-24T10:01:32.911Z</time>
      </trkpt>
      <trkpt lat="53.761440" lon="10.819940">
        <ele>56.490241</ele>
        <time>2026-07-24T10:01:35.617Z</time>
      </trkpt>
      <trkpt lat="53.761317" lon="10.820181">
        <ele>56.289498</ele>
        <time>2026-07-24T10:01:37.844Z</time>
      </trkpt>
      <trkpt lat="53.761180" lon="10.820380">
        <ele>56.011331</ele>
        <time>2026-07-24T10:01:39.878Z</time>
      </trkpt>
      <trkpt lat="53.760958" lon="10.820655">
        <ele>55.498195</ele>
        <time>2026-07-24T10:01:43.114Z</time>
      </trkpt>
      <trkpt lat="53.760484" lon="10.821268">
        <ele>53.664764</ele>
        <time>2026-07-24T10:01:49.106Z</time>
      </trkpt>
      <trkpt lat="53.760331" lon="10.821456">
        <ele>53.233961</ele>
        <time>2026-07-24T10:01:51.112Z</time>
      </trkpt>
      <trkpt lat="53.759654" lon="10.822060">
        <ele>52.158731</ele>
        <time>2026-07-24T10:02:00.164Z</time>
      </trkpt>
      <trkpt lat="53.759509" lon="10.822283">
        <ele>51.795386</ele>
        <time>2026-07-24T10:02:02.277Z</time>
      </trkpt>
      <trkpt lat="53.759454" lon="10.822580">
        <ele>51.429931</ele>
        <time>2026-07-24T10:02:04.275Z</time>
      </trkpt>
      <trkpt lat="53.759447" lon="10.822818">
        <ele>51.190220</ele>
        <time>2026-07-24T10:02:05.909Z</time>
      </trkpt>
      <trkpt lat="53.759470" lon="10.822997">
        <ele>51.011468</ele>
        <time>2026-07-24T10:02:07.169Z</time>
      </trkpt>
      <trkpt lat="53.759699" lon="10.823655">
        <ele>50.389261</ele>
        <time>2026-07-24T10:02:12.315Z</time>
      </trkpt>
      <trkpt lat="53.759803" lon="10.823903">
        <ele>50.370286</ele>
        <time>2026-07-24T10:02:14.923Z</time>
      </trkpt>
      <trkpt lat="53.759912" lon="10.824142">
        <ele>50.636634</ele>
        <time>2026-07-24T10:02:18.746Z</time>
      </trkpt>
      <trkpt lat="53.760526" lon="10.825483">
        <ele>53.084234</ele>
        <time>2026-07-24T10:02:44.193Z</time>
      </trkpt>
      <trkpt lat="53.760572" lon="10.825708">
        <ele>53.261210</ele>
        <time>2026-07-24T10:02:46.590Z</time>
      </trkpt>
      <trkpt lat="53.760553" lon="10.825981">
        <ele>53.189339</ele>
        <time>2026-07-24T10:02:49.519Z</time>
      </trkpt>
      <trkpt lat="53.760464" lon="10.826208">
        <ele>53.092369</ele>
        <time>2026-07-24T10:02:52.477Z</time>
      </trkpt>
      <trkpt lat="53.760359" lon="10.826349">
        <ele>52.978394</ele>
        <time>2026-07-24T10:02:54.977Z</time>
      </trkpt>
      <trkpt lat="53.760333" lon="10.826377">
        <ele>52.898751</ele>
        <time>2026-07-24T10:02:55.564Z</time>
      </trkpt>
      <trkpt lat="53.760226" lon="10.826469">
        <ele>52.588597</ele>
        <time>2026-07-24T10:02:57.449Z</time>
      </trkpt>
      <trkpt lat="53.759935" lon="10.826615">
        <ele>51.263047</ele>
        <time>2026-07-24T10:03:01.479Z</time>
      </trkpt>
      <trkpt lat="53.759241" lon="10.826936">
        <ele>50.481868</ele>
        <time>2026-07-24T10:03:10.263Z</time>
      </trkpt>
      <trkpt lat="53.759074" lon="10.827012">
        <ele>50.527259</ele>
        <time>2026-07-24T10:03:13.284Z</time>
      </trkpt>
      <trkpt lat="53.758888" lon="10.827085">
        <ele>50.714738</ele>
        <time>2026-07-24T10:03:17.317Z</time>
      </trkpt>
      <trkpt lat="53.757222" lon="10.827887">
        <ele>49.468082</ele>
        <time>2026-07-24T10:03:39.152Z</time>
      </trkpt>
      <trkpt lat="53.756994" lon="10.827949">
        <ele>49.621602</ele>
        <time>2026-07-24T10:03:42.742Z</time>
      </trkpt>
      <trkpt lat="53.756807" lon="10.827956">
        <ele>50.093438</ele>
        <time>2026-07-24T10:03:47.518Z</time>
      </trkpt>
      <trkpt lat="53.756684" lon="10.827948">
        <ele>50.530892</ele>
        <time>2026-07-24T10:03:51.384Z</time>
      </trkpt>
      <trkpt lat="53.756595" lon="10.828654">
        <ele>52.537540</ele>
        <time>2026-07-24T10:04:06.770Z</time>
      </trkpt>
      <trkpt lat="53.756486" lon="10.829335">
        <ele>52.915016</ele>
        <time>2026-07-24T10:04:14.228Z</time>
      </trkpt>
      <trkpt lat="53.756461" lon="10.829519">
        <ele>52.825034</ele>
        <time>2026-07-24T10:04:15.492Z</time>
      </trkpt>
      <trkpt lat="53.756437" lon="10.829784">
        <ele>52.536316</ele>
        <time>2026-07-24T10:04:17.204Z</time>
      </trkpt>
      <trkpt lat="53.756413" lon="10.830751">
        <ele>51.938800</ele>
        <time>2026-07-24T10:04:24.022Z</time>
      </trkpt>
      <trkpt lat="53.756477" lon="10.831421">
        <ele>52.497505</ele>
        <time>2026-07-24T10:04:31.924Z</time>
      </trkpt>
      <trkpt lat="53.757049" lon="10.833606">
        <ele>58.261684</ele>
        <time>2026-07-24T10:05:17.003Z</time>
      </trkpt>
      <trkpt lat="53.757069" lon="10.833985">
        <ele>58.986703</ele>
        <time>2026-07-24T10:05:23.424Z</time>
      </trkpt>
      <trkpt lat="53.757049" lon="10.834430">
        <ele>59.395433</ele>
        <time>2026-07-24T10:05:28.729Z</time>
      </trkpt>
      <trkpt lat="53.757018" lon="10.834677">
        <ele>59.428175</ele>
        <time>2026-07-24T10:05:30.894Z</time>
      </trkpt>
      <trkpt lat="53.756997" lon="10.834822">
        <ele>59.409561</ele>
        <time>2026-07-24T10:05:31.989Z</time>
      </trkpt>
      <trkpt lat="53.756908" lon="10.835453">
        <ele>59.364202</ele>
        <time>2026-07-24T10:05:37.733Z</time>
      </trkpt>
      <trkpt lat="53.756794" lon="10.836226">
        <ele>59.219674</ele>
        <time>2026-07-24T10:05:43.987Z</time>
      </trkpt>
      <trkpt lat="53.756378" lon="10.838403">
        <ele>60.982500</ele>
        <time>2026-07-24T10:06:12.126Z</time>
      </trkpt>
      <trkpt lat="53.756351" lon="10.838743">
        <ele>60.311246</ele>
        <time>2026-07-24T10:06:14.279Z</time>
      </trkpt>
      <trkpt lat="53.756354" lon="10.839522">
        <ele>56.965668</ele>
        <time>2026-07-24T10:06:18.278Z</time>
      </trkpt>
      <trkpt lat="53.756367" lon="10.839917">
        <ele>56.664861</ele>
        <time>2026-07-24T10:06:22.432Z</time>
      </trkpt>
      <trkpt lat="53.756345" lon="10.840336">
        <ele>56.927776</ele>
        <time>2026-07-24T10:06:28.152Z</time>
      </trkpt>
      <trkpt lat="53.756268" lon="10.840779">
        <ele>56.745433</ele>
        <time>2026-07-24T10:06:31.390Z</time>
      </trkpt>
      <trkpt lat="53.756241" lon="10.840887">
        <ele>56.703126</ele>
        <time>2026-07-24T10:06:32.219Z</time>
      </trkpt>
      <trkpt lat="53.756149" lon="10.841211">
        <ele>56.632315</ele>
        <time>2026-07-24T10:06:35.225Z</time>
      </trkpt>
      <trkpt lat="53.755921" lon="10.841656">
        <ele>56.762135</ele>
        <time>2026-07-24T10:06:40.611Z</time>
      </trkpt>
      <trkpt lat="53.754148" lon="10.843598">
        <ele>59.850182</ele>
        <time>2026-07-24T10:07:25.407Z</time>
      </trkpt>
      <trkpt lat="53.752971" lon="10.845023">
        <ele>57.112991</ele>
        <time>2026-07-24T10:07:41.331Z</time>
      </trkpt>
      <trkpt lat="53.752080" lon="10.846155">
        <ele>53.420479</ele>
        <time>2026-07-24T10:07:52.483Z</time>
      </trkpt>
      <trkpt lat="53.750719" lon="10.847874">
        <ele>51.037846</ele>
        <time>2026-07-24T10:08:12.361Z</time>
      </trkpt>
      <trkpt lat="53.750410" lon="10.848303">
        <ele>50.878674</ele>
        <time>2026-07-24T10:08:17.899Z</time>
      </trkpt>
      <trkpt lat="53.750197" lon="10.848544">
        <ele>50.731096</ele>
        <time>2026-07-24T10:08:21.032Z</time>
      </trkpt>
      <trkpt lat="53.749594" lon="10.849009">
        <ele>50.935393</ele>
        <time>2026-07-24T10:08:31.770Z</time>
      </trkpt>
      <trkpt lat="53.749469" lon="10.849137">
        <ele>51.144841</ele>
        <time>2026-07-24T10:08:34.667Z</time>
      </trkpt>
      <trkpt lat="53.749386" lon="10.849241">
        <ele>51.299474</ele>
        <time>2026-07-24T10:08:37.236Z</time>
      </trkpt>
      <trkpt lat="53.749294" lon="10.849405">
        <ele>51.460126</ele>
        <time>2026-07-24T10:08:40.109Z</time>
      </trkpt>
      <trkpt lat="53.749059" lon="10.850014">
        <ele>51.502059</ele>
        <time>2026-07-24T10:08:45.982Z</time>
      </trkpt>
      <trkpt lat="53.748685" lon="10.850930">
        <ele>52.278316</ele>
        <time>2026-07-24T10:08:59.177Z</time>
      </trkpt>
      <trkpt lat="53.748610" lon="10.851058">
        <ele>52.402779</ele>
        <time>2026-07-24T10:09:01.283Z</time>
      </trkpt>
      <trkpt lat="53.748459" lon="10.851235">
        <ele>52.571315</ele>
        <time>2026-07-24T10:09:04.826Z</time>
      </trkpt>
      <trkpt lat="53.748048" lon="10.851543">
        <ele>52.752857</ele>
        <time>2026-07-24T10:09:12.085Z</time>
      </trkpt>
      <trkpt lat="53.747943" lon="10.851619">
        <ele>52.865311</ele>
        <time>2026-07-24T10:09:13.541Z</time>
      </trkpt>
      <trkpt lat="53.747787" lon="10.851728">
        <ele>53.146589</ele>
        <time>2026-07-24T10:09:17.812Z</time>
      </trkpt>
      <trkpt lat="53.747725" lon="10.851771">
        <ele>53.308077</ele>
        <time>2026-07-24T10:09:19.884Z</time>
      </trkpt>
      <trkpt lat="53.747625" lon="10.851834">
        <ele>53.565242</ele>
        <time>2026-07-24T10:09:22.592Z</time>
      </trkpt>
      <trkpt lat="53.747561" lon="10.851867">
        <ele>53.671968</ele>
        <time>2026-07-24T10:09:23.875Z</time>
      </trkpt>
      <trkpt lat="53.747022" lon="10.852183">
        <ele>53.716020</ele>
        <time>2026-07-24T10:09:32.297Z</time>
      </trkpt>
      <trkpt lat="53.746730" lon="10.852450">
        <ele>53.788610</ele>
        <time>2026-07-24T10:09:37.300Z</time>
      </trkpt>
      <trkpt lat="53.746552" lon="10.852666">
        <ele>53.800600</ele>
        <time>2026-07-24T10:09:40.641Z</time>
      </trkpt>
      <trkpt lat="53.746402" lon="10.852903">
        <ele>53.806766</ele>
        <time>2026-07-24T10:09:43.780Z</time>
      </trkpt>
      <trkpt lat="53.746150" lon="10.853474">
        <ele>53.914654</ele>
        <time>2026-07-24T10:09:50.382Z</time>
      </trkpt>
      <trkpt lat="53.746068" lon="10.854000">
        <ele>54.089023</ele>
        <time>2026-07-24T10:09:56.002Z</time>
      </trkpt>
      <trkpt lat="53.746028" lon="10.854408">
        <ele>54.129276</ele>
        <time>2026-07-24T10:10:00.067Z</time>
      </trkpt>
      <trkpt lat="53.746022" lon="10.854558">
        <ele>54.095733</ele>
        <time>2026-07-24T10:10:01.311Z</time>
      </trkpt>
      <trkpt lat="53.746858" lon="10.855902">
        <ele>51.845822</ele>
        <time>2026-07-24T10:10:13.819Z</time>
      </trkpt>
      <trkpt lat="53.746955" lon="10.856086">
        <ele>51.947627</ele>
        <time>2026-07-24T10:10:17.070Z</time>
      </trkpt>
      <trkpt lat="53.747084" lon="10.856388">
        <ele>52.012072</ele>
        <time>2026-07-24T10:10:20.746Z</time>
      </trkpt>
      <trkpt lat="53.747246" lon="10.857095">
        <ele>51.554247</ele>
        <time>2026-07-24T10:10:26.087Z</time>
      </trkpt>
      <trkpt lat="53.747277" lon="10.857529">
        <ele>51.082787</ele>
        <time>2026-07-24T10:10:28.984Z</time>
      </trkpt>
      <trkpt lat="53.747241" lon="10.858121">
        <ele>50.309287</ele>
        <time>2026-07-24T10:10:32.783Z</time>
      </trkpt>
      <trkpt lat="53.747103" lon="10.858640">
        <ele>49.605560</ele>
        <time>2026-07-24T10:10:36.431Z</time>
      </trkpt>
      <trkpt lat="53.746927" lon="10.859063">
        <ele>49.053581</ele>
        <time>2026-07-24T10:10:39.823Z</time>
      </trkpt>
      <trkpt lat="53.746475" lon="10.859803">
        <ele>48.564115</ele>
        <time>2026-07-24T10:10:48.000Z</time>
      </trkpt>
      <trkpt lat="53.746101" lon="10.860468">
        <ele>47.682600</ele>
        <time>2026-07-24T10:10:54.064Z</time>
      </trkpt>
      <trkpt lat="53.746005" lon="10.860752">
        <ele>47.347196</ele>
        <time>2026-07-24T10:10:56.255Z</time>
      </trkpt>
      <trkpt lat="53.745982" lon="10.860919">
        <ele>47.221672</ele>
        <time>2026-07-24T10:10:57.403Z</time>
      </trkpt>
      <trkpt lat="53.744075" lon="10.860154">
        <ele>45.396612</ele>
        <time>2026-07-24T10:11:21.598Z</time>
      </trkpt>
      <trkpt lat="53.741591" lon="10.859134">
        <ele>45.901241</ele>
        <time>2026-07-24T10:12:01.722Z</time>
      </trkpt>
      <trkpt lat="53.740097" lon="10.858521">
        <ele>46.210414</ele>
        <time>2026-07-24T10:12:26.275Z</time>
      </trkpt>
      <trkpt lat="53.740113" lon="10.858441">
        <ele>46.188263</ele>
        <time>2026-07-24T10:12:31.911Z</time>
      </trkpt>
      <trkpt lat="53.739783" lon="10.858282">
        <ele>45.535283</ele>
        <time>2026-07-24T10:12:35.544Z</time>
      </trkpt>
      <trkpt lat="53.739631" lon="10.858158">
        <ele>45.234990</ele>
        <time>2026-07-24T10:12:37.444Z</time>
      </trkpt>
      <trkpt lat="53.739236" lon="10.857986">
        <ele>44.935030</ele>
        <time>2026-07-24T10:12:42.692Z</time>
      </trkpt>
      <trkpt lat="53.737661" lon="10.857317">
        <ele>45.264202</ele>
        <time>2026-07-24T10:13:07.889Z</time>
      </trkpt>
      <trkpt lat="53.736968" lon="10.857095">
        <ele>46.274991</ele>
        <time>2026-07-24T10:13:23.318Z</time>
      </trkpt>
      <trkpt lat="53.736249" lon="10.856734">
        <ele>45.083666</ele>
        <time>2026-07-24T10:13:31.542Z</time>
      </trkpt>
      <trkpt lat="53.735757" lon="10.856543">
        <ele>45.370344</ele>
        <time>2026-07-24T10:13:41.232Z</time>
      </trkpt>
      <trkpt lat="53.734134" lon="10.855890">
        <ele>42.428292</ele>
        <time>2026-07-24T10:13:59.801Z</time>
      </trkpt>
      <trkpt lat="53.732313" lon="10.855128">
        <ele>39.680663</ele>
        <time>2026-07-24T10:14:21.659Z</time>
      </trkpt>
      <trkpt lat="53.731930" lon="10.854972">
        <ele>38.604486</ele>
        <time>2026-07-24T10:14:25.588Z</time>
      </trkpt>
      <trkpt lat="53.731962" lon="10.855184">
        <ele>38.475358</ele>
        <time>2026-07-24T10:14:28.110Z</time>
      </trkpt>
      <trkpt lat="53.732135" lon="10.857035">
        <ele>40.063914</ele>
        <time>2026-07-24T10:14:50.799Z</time>
      </trkpt>
      <trkpt lat="53.732253" lon="10.858312">
        <ele>42.521129</ele>
        <time>2026-07-24T10:15:11.548Z</time>
      </trkpt>
      <trkpt lat="53.732321" lon="10.859049">
        <ele>45.625546</ele>
        <time>2026-07-24T10:15:31.930Z</time>
      </trkpt>
      <trkpt lat="53.732407" lon="10.859619">
        <ele>47.523122</ele>
        <time>2026-07-24T10:15:45.245Z</time>
      </trkpt>
      <trkpt lat="53.732563" lon="10.860655">
        <ele>47.862472</ele>
        <time>2026-07-24T10:15:55.148Z</time>
      </trkpt>
      <trkpt lat="53.732612" lon="10.860976">
        <ele>47.619102</ele>
        <time>2026-07-24T10:15:57.602Z</time>
      </trkpt>
      <trkpt lat="53.732837" lon="10.862587">
        <ele>45.425682</ele>
        <time>2026-07-24T10:16:07.966Z</time>
      </trkpt>
      <trkpt lat="53.732920" lon="10.863181">
        <ele>45.498787</ele>
        <time>2026-07-24T10:16:13.612Z</time>
      </trkpt>
      <trkpt lat="53.733045" lon="10.863708">
        <ele>46.047027</ele>
        <time>2026-07-24T10:16:21.586Z</time>
      </trkpt>
      <trkpt lat="53.733816" lon="10.865670">
        <ele>46.830775</ele>
        <time>2026-07-24T10:16:45.570Z</time>
      </trkpt>
      <trkpt lat="53.733969" lon="10.866189">
        <ele>45.274905</ele>
        <time>2026-07-24T10:16:48.923Z</time>
      </trkpt>
      <trkpt lat="53.734050" lon="10.866776">
        <ele>42.400436</ele>
        <time>2026-07-24T10:16:51.988Z</time>
      </trkpt>
      <trkpt lat="53.734153" lon="10.867550">
        <ele>41.771026</ele>
        <time>2026-07-24T10:16:57.611Z</time>
      </trkpt>
      <trkpt lat="53.734487" lon="10.868802">
        <ele>44.098508</ele>
        <time>2026-07-24T10:17:19.973Z</time>
      </trkpt>
      <trkpt lat="53.734513" lon="10.868967">
        <ele>44.612017</ele>
        <time>2026-07-24T10:17:22.815Z</time>
      </trkpt>
      <trkpt lat="53.734494" lon="10.869130">
        <ele>45.161686</ele>
        <time>2026-07-24T10:17:26.710Z</time>
      </trkpt>
      <trkpt lat="53.734415" lon="10.869297">
        <ele>45.874552</ele>
        <time>2026-07-24T10:17:32.902Z</time>
      </trkpt>
      <trkpt lat="53.733971" lon="10.869737">
        <ele>48.612024</ele>
        <time>2026-07-24T10:17:51.016Z</time>
      </trkpt>
      <trkpt lat="53.733451" lon="10.870205">
        <ele>50.679739</ele>
        <time>2026-07-24T10:18:07.703Z</time>
      </trkpt>
      <trkpt lat="53.733339" lon="10.870305">
        <ele>51.069555</ele>
        <time>2026-07-24T10:18:11.184Z</time>
      </trkpt>
      <trkpt lat="53.733199" lon="10.870436">
        <ele>51.472680</ele>
        <time>2026-07-24T10:18:15.262Z</time>
      </trkpt>
      <trkpt lat="53.733123" lon="10.870505">
        <ele>51.674462</ele>
        <time>2026-07-24T10:18:17.274Z</time>
      </trkpt>
      <trkpt lat="53.732284" lon="10.871098">
        <ele>53.230773</ele>
        <time>2026-07-24T10:18:36.925Z</time>
      </trkpt>
      <trkpt lat="53.732029" lon="10.871218">
        <ele>53.880576</ele>
        <time>2026-07-24T10:18:43.393Z</time>
      </trkpt>
      <trkpt lat="53.731571" lon="10.871338">
        <ele>54.876300</ele>
        <time>2026-07-24T10:18:54.535Z</time>
      </trkpt>
      <trkpt lat="53.731202" lon="10.871367">
        <ele>55.455343</ele>
        <time>2026-07-24T10:19:02.216Z</time>
      </trkpt>
      <trkpt lat="53.729862" lon="10.871261">
        <ele>56.232403</ele>
        <time>2026-07-24T10:19:24.964Z</time>
      </trkpt>
      <trkpt lat="53.728608" lon="10.871327">
        <ele>57.542730</ele>
        <time>2026-07-24T10:19:49.980Z</time>
      </trkpt>
      <trkpt lat="53.727304" lon="10.871599">
        <ele>55.460172</ele>
        <time>2026-07-24T10:20:04.605Z</time>
      </trkpt>
      <trkpt lat="53.726181" lon="10.872000">
        <ele>54.427218</ele>
        <time>2026-07-24T10:20:19.129Z</time>
      </trkpt>
      <trkpt lat="53.725468" lon="10.872143">
        <ele>53.178026</ele>
        <time>2026-07-24T10:20:27.096Z</time>
      </trkpt>
      <trkpt lat="53.724517" lon="10.872034">
        <ele>51.231477</ele>
        <time>2026-07-24T10:20:37.399Z</time>
      </trkpt>
      <trkpt lat="53.723231" lon="10.871467">
        <ele>51.972765</ele>
        <time>2026-07-24T10:21:00.651Z</time>
      </trkpt>
      <trkpt lat="53.721853" lon="10.871049">
        <ele>52.133215</ele>
        <time>2026-07-24T10:21:22.540Z</time>
      </trkpt>
      <trkpt lat="53.720316" lon="10.871087">
        <ele>49.450148</ele>
        <time>2026-07-24T10:21:39.758Z</time>
      </trkpt>
      <trkpt lat="53.719364" lon="10.871302">
        <ele>46.816249</ele>
        <time>2026-07-24T10:21:49.713Z</time>
      </trkpt>
      <trkpt lat="53.717669" lon="10.872302">
        <ele>42.776902</ele>
        <time>2026-07-24T10:22:09.002Z</time>
      </trkpt>
      <trkpt lat="53.717149" lon="10.872496">
        <ele>42.958449</ele>
        <time>2026-07-24T10:22:17.768Z</time>
      </trkpt>
      <trkpt lat="53.716570" lon="10.872553">
        <ele>43.706705</ele>
        <time>2026-07-24T10:22:28.959Z</time>
      </trkpt>
      <trkpt lat="53.716439" lon="10.872559">
        <ele>44.235772</ele>
        <time>2026-07-24T10:22:33.198Z</time>
      </trkpt>
      <trkpt lat="53.715638" lon="10.872351">
        <ele>47.863555</ele>
        <time>2026-07-24T10:23:00.390Z</time>
      </trkpt>
      <trkpt lat="53.715450" lon="10.872340">
        <ele>48.581280</ele>
        <time>2026-07-24T10:23:05.926Z</time>
      </trkpt>
      <trkpt lat="53.715258" lon="10.872368">
        <ele>49.168728</ele>
        <time>2026-07-24T10:23:11.218Z</time>
      </trkpt>
      <trkpt lat="53.714976" lon="10.872480">
        <ele>49.819426</ele>
        <time>2026-07-24T10:23:18.099Z</time>
      </trkpt>
      <trkpt lat="53.714697" lon="10.872678">
        <ele>49.956879</ele>
        <time>2026-07-24T10:23:23.123Z</time>
      </trkpt>
      <trkpt lat="53.714548" lon="10.872970">
        <ele>49.883388</ele>
        <time>2026-07-24T10:23:26.187Z</time>
      </trkpt>
      <trkpt lat="53.714406" lon="10.873363">
        <ele>49.686173</ele>
        <time>2026-07-24T10:23:29.544Z</time>
      </trkpt>
      <trkpt lat="53.714271" lon="10.874169">
        <ele>49.207159</ele>
        <time>2026-07-24T10:23:35.620Z</time>
      </trkpt>
      <trkpt lat="53.713641" lon="10.881184">
        <ele>45.817150</ele>
        <time>2026-07-24T10:24:28.445Z</time>
      </trkpt>
      <trkpt lat="53.712998" lon="10.888217">
        <ele>43.742618</ele>
        <time>2026-07-24T10:25:24.271Z</time>
      </trkpt>
      <trkpt lat="53.712460" lon="10.894143">
        <ele>44.045400</ele>
        <time>2026-07-24T10:26:18.055Z</time>
      </trkpt>
      <trkpt lat="53.712392" lon="10.894633">
        <ele>44.266025</ele>
        <time>2026-07-24T10:26:23.967Z</time>
      </trkpt>
      <trkpt lat="53.710388" lon="10.904158">
        <ele>43.934364</ele>
        <time>2026-07-24T10:27:50.897Z</time>
      </trkpt>
      <trkpt lat="53.709733" lon="10.907176">
        <ele>45.660307</ele>
        <time>2026-07-24T10:28:26.711Z</time>
      </trkpt>
      <trkpt lat="53.709259" lon="10.909162">
        <ele>45.338775</ele>
        <time>2026-07-24T10:28:43.923Z</time>
      </trkpt>
      <trkpt lat="53.709003" lon="10.909888">
        <ele>45.649519</ele>
        <time>2026-07-24T10:28:52.324Z</time>
      </trkpt>
      <trkpt lat="53.707633" lon="10.913163">
        <ele>48.452316</ele>
        <time>2026-07-24T10:29:39.350Z</time>
      </trkpt>
      <trkpt lat="53.707175" lon="10.914178">
        <ele>48.386864</ele>
        <time>2026-07-24T10:29:50.052Z</time>
      </trkpt>
      <trkpt lat="53.706429" lon="10.915705">
        <ele>48.150066</ele>
        <time>2026-07-24T10:30:06.059Z</time>
      </trkpt>
      <trkpt lat="53.706147" lon="10.915374">
        <ele>48.756302</ele>
        <time>2026-07-24T10:30:14.427Z</time>
      </trkpt>
      <trkpt lat="53.706113" lon="10.915244">
        <ele>48.685423</ele>
        <time>2026-07-24T10:30:15.869Z</time>
      </trkpt>
      <trkpt lat="53.706446" lon="10.909938">
        <ele>46.086715</ele>
        <time>2026-07-24T10:30:55.042Z</time>
      </trkpt>
      <trkpt lat="53.706618" lon="10.909173">
        <ele>46.114462</ele>
        <time>2026-07-24T10:31:02.716Z</time>
      </trkpt>
      <trkpt lat="53.706614" lon="10.908454">
        <ele>46.236451</ele>
        <time>2026-07-24T10:31:09.778Z</time>
      </trkpt>
      <trkpt lat="53.706437" lon="10.906989">
        <ele>46.071998</ele>
        <time>2026-07-24T10:31:22.018Z</time>
      </trkpt>
      <trkpt lat="53.706058" lon="10.905646">
        <ele>45.630792</ele>
        <time>2026-07-24T10:31:33.517Z</time>
      </trkpt>
      <trkpt lat="53.705515" lon="10.904697">
        <ele>45.492804</ele>
        <time>2026-07-24T10:31:44.953Z</time>
      </trkpt>
      <trkpt lat="53.704332" lon="10.903574">
        <ele>45.125466</ele>
        <time>2026-07-24T10:32:03.606Z</time>
      </trkpt>
      <trkpt lat="53.703806" lon="10.903091">
        <ele>45.320561</ele>
        <time>2026-07-24T10:32:13.316Z</time>
      </trkpt>
      <trkpt lat="53.703448" lon="10.902693">
        <ele>45.529176</ele>
        <time>2026-07-24T10:32:20.677Z</time>
      </trkpt>
      <trkpt lat="53.703127" lon="10.902494">
        <ele>45.394386</ele>
        <time>2026-07-24T10:32:25.299Z</time>
      </trkpt>
      <trkpt lat="53.701146" lon="10.900671">
        <ele>43.732293</ele>
        <time>2026-07-24T10:32:53.851Z</time>
      </trkpt>
      <trkpt lat="53.700613" lon="10.900034">
        <ele>43.888254</ele>
        <time>2026-07-24T10:33:04.522Z</time>
      </trkpt>
      <trkpt lat="53.700274" lon="10.899492">
        <ele>43.911079</ele>
        <time>2026-07-24T10:33:11.239Z</time>
      </trkpt>
      <trkpt lat="53.693244" lon="10.884526">
        <ele>47.512100</ele>
        <time>2026-07-24T10:36:14.728Z</time>
      </trkpt>
      <trkpt lat="53.693210" lon="10.884555">
        <ele>47.351745</ele>
        <time>2026-07-24T10:36:15.254Z</time>
      </trkpt>
      <trkpt lat="53.693142" lon="10.884605">
        <ele>47.039518</ele>
        <time>2026-07-24T10:36:16.217Z</time>
      </trkpt>
      <trkpt lat="53.692980" lon="10.884683">
        <ele>46.442236</ele>
        <time>2026-07-24T10:36:17.734Z</time>
      </trkpt>
      <trkpt lat="53.692595" lon="10.884776">
        <ele>46.030341</ele>
        <time>2026-07-24T10:36:24.567Z</time>
      </trkpt>
      <trkpt lat="53.691556" lon="10.885029">
        <ele>42.199665</ele>
        <time>2026-07-24T10:36:34.844Z</time>
      </trkpt>
      <trkpt lat="53.691488" lon="10.886188">
        <ele>39.621189</ele>
        <time>2026-07-24T10:36:41.605Z</time>
      </trkpt>
      <trkpt lat="53.691469" lon="10.887948">
        <ele>39.561361</ele>
        <time>2026-07-24T10:36:57.665Z</time>
      </trkpt>
      <trkpt lat="53.691424" lon="10.889317">
        <ele>39.041129</ele>
        <time>2026-07-24T10:37:08.143Z</time>
      </trkpt>
      <trkpt lat="53.691259" lon="10.891324">
        <ele>37.152252</ele>
        <time>2026-07-24T10:37:21.772Z</time>
      </trkpt>
      <trkpt lat="53.691143" lon="10.892231">
        <ele>36.699171</ele>
        <time>2026-07-24T10:37:28.600Z</time>
      </trkpt>
      <trkpt lat="53.691051" lon="10.892649">
        <ele>36.505993</ele>
        <time>2026-07-24T10:37:32.055Z</time>
      </trkpt>
      <trkpt lat="53.690892" lon="10.893127">
        <ele>36.355838</ele>
        <time>2026-07-24T10:37:36.247Z</time>
      </trkpt>
      <trkpt lat="53.689826" lon="10.895801">
        <ele>37.160279</ele>
        <time>2026-07-24T10:38:07.842Z</time>
      </trkpt>
      <trkpt lat="53.689055" lon="10.897727">
        <ele>39.865660</ele>
        <time>2026-07-24T10:38:38.371Z</time>
      </trkpt>
      <trkpt lat="53.688820" lon="10.898513">
        <ele>42.382633</ele>
        <time>2026-07-24T10:38:56.740Z</time>
      </trkpt>
      <trkpt lat="53.688702" lon="10.899107">
        <ele>44.693738</ele>
        <time>2026-07-24T10:39:11.820Z</time>
      </trkpt>
      <trkpt lat="53.688585" lon="10.899963">
        <ele>47.869956</ele>
        <time>2026-07-24T10:39:32.797Z</time>
      </trkpt>
      <trkpt lat="53.688453" lon="10.900640">
        <ele>49.380154</ele>
        <time>2026-07-24T10:39:45.883Z</time>
      </trkpt>
      <trkpt lat="53.687895" lon="10.902433">
        <ele>49.830664</ele>
        <time>2026-07-24T10:40:04.543Z</time>
      </trkpt>
      <trkpt lat="53.687670" lon="10.903438">
        <ele>49.194967</ele>
        <time>2026-07-24T10:40:11.991Z</time>
      </trkpt>
      <trkpt lat="53.687332" lon="10.907909">
        <ele>50.285129</ele>
        <time>2026-07-24T10:40:56.364Z</time>
      </trkpt>
      <trkpt lat="53.687074" lon="10.911383">
        <ele>50.797981</ele>
        <time>2026-07-24T10:41:29.666Z</time>
      </trkpt>
      <trkpt lat="53.686938" lon="10.913522">
        <ele>48.802148</ele>
        <time>2026-07-24T10:41:44.087Z</time>
      </trkpt>
      <trkpt lat="53.686961" lon="10.913940">
        <ele>48.457727</ele>
        <time>2026-07-24T10:41:46.890Z</time>
      </trkpt>
      <trkpt lat="53.687666" lon="10.918578">
        <ele>45.568201</ele>
        <time>2026-07-24T10:42:21.693Z</time>
      </trkpt>
      <trkpt lat="53.687948" lon="10.919949">
        <ele>43.795538</ele>
        <time>2026-07-24T10:42:31.188Z</time>
      </trkpt>
      <trkpt lat="53.688024" lon="10.920252">
        <ele>43.170730</ele>
        <time>2026-07-24T10:42:33.023Z</time>
      </trkpt>
      <trkpt lat="53.688228" lon="10.921118">
        <ele>42.585637</ele>
        <time>2026-07-24T10:42:39.922Z</time>
      </trkpt>
      <trkpt lat="53.688311" lon="10.921554">
        <ele>42.700197</ele>
        <time>2026-07-24T10:42:44.990Z</time>
      </trkpt>
      <trkpt lat="53.688329" lon="10.921851">
        <ele>42.617210</ele>
        <time>2026-07-24T10:42:47.358Z</time>
      </trkpt>
      <trkpt lat="53.688258" lon="10.922302">
        <ele>42.085785</ele>
        <time>2026-07-24T10:42:50.315Z</time>
      </trkpt>
      <trkpt lat="53.688129" lon="10.922589">
        <ele>41.715417</ele>
        <time>2026-07-24T10:42:52.929Z</time>
      </trkpt>
      <trkpt lat="53.687795" lon="10.922943">
        <ele>40.951013</ele>
        <time>2026-07-24T10:42:57.086Z</time>
      </trkpt>
      <trkpt lat="53.687330" lon="10.923322">
        <ele>41.717397</ele>
        <time>2026-07-24T10:43:07.922Z</time>
      </trkpt>
      <trkpt lat="53.687199" lon="10.923504">
        <ele>42.266810</ele>
        <time>2026-07-24T10:43:12.903Z</time>
      </trkpt>
      <trkpt lat="53.687035" lon="10.923869">
        <ele>43.674165</ele>
        <time>2026-07-24T10:43:22.371Z</time>
      </trkpt>
      <trkpt lat="53.686745" lon="10.925030">
        <ele>47.828413</ele>
        <time>2026-07-24T10:43:51.729Z</time>
      </trkpt>
      <trkpt lat="53.686305" lon="10.925589">
        <ele>47.481104</ele>
        <time>2026-07-24T10:43:58.394Z</time>
      </trkpt>
      <trkpt lat="53.686105" lon="10.925944">
        <ele>46.356823</ele>
        <time>2026-07-24T10:44:01.231Z</time>
      </trkpt>
      <trkpt lat="53.685736" lon="10.927090">
        <ele>42.953657</ele>
        <time>2026-07-24T10:44:08.602Z</time>
      </trkpt>
      <trkpt lat="53.684936" lon="10.929284">
        <ele>41.700121</ele>
        <time>2026-07-24T10:44:27.803Z</time>
      </trkpt>
      <trkpt lat="53.684219" lon="10.930664">
        <ele>42.776782</ele>
        <time>2026-07-24T10:44:48.581Z</time>
      </trkpt>
      <trkpt lat="53.683425" lon="10.931815">
        <ele>43.668577</ele>
        <time>2026-07-24T10:45:07.739Z</time>
      </trkpt>
      <trkpt lat="53.682342" lon="10.933133">
        <ele>43.807931</ele>
        <time>2026-07-24T10:45:28.173Z</time>
      </trkpt>
      <trkpt lat="53.681969" lon="10.933873">
        <ele>42.542997</ele>
        <time>2026-07-24T10:45:34.288Z</time>
      </trkpt>
      <trkpt lat="53.681423" lon="10.935614">
        <ele>40.632250</ele>
        <time>2026-07-24T10:45:47.571Z</time>
      </trkpt>
      <trkpt lat="53.681101" lon="10.936421">
        <ele>40.161265</ele>
        <time>2026-07-24T10:45:54.833Z</time>
      </trkpt>
      <trkpt lat="53.680806" lon="10.936827">
        <ele>40.261521</ele>
        <time>2026-07-24T10:46:00.872Z</time>
      </trkpt>
      <trkpt lat="53.678821" lon="10.939588">
        <ele>44.901293</ele>
        <time>2026-07-24T10:46:58.541Z</time>
      </trkpt>
      <trkpt lat="53.678421" lon="10.940065">
        <ele>44.269772</ele>
        <time>2026-07-24T10:47:04.077Z</time>
      </trkpt>
      <trkpt lat="53.676497" lon="10.941851">
        <ele>39.400880</ele>
        <time>2026-07-24T10:47:27.754Z</time>
      </trkpt>
      <trkpt lat="53.676319" lon="10.941938">
        <ele>38.933066</ele>
        <time>2026-07-24T10:47:29.758Z</time>
      </trkpt>
      <trkpt lat="53.676092" lon="10.941962">
        <ele>38.220778</ele>
        <time>2026-07-24T10:47:32.045Z</time>
      </trkpt>
      <trkpt lat="53.675877" lon="10.941860">
        <ele>37.566665</ele>
        <time>2026-07-24T10:47:34.320Z</time>
      </trkpt>
      <trkpt lat="53.675753" lon="10.941737">
        <ele>37.250852</ele>
        <time>2026-07-24T10:47:35.876Z</time>
      </trkpt>
      <trkpt lat="53.675655" lon="10.941577">
        <ele>37.234094</ele>
        <time>2026-07-24T10:47:37.590Z</time>
      </trkpt>
      <trkpt lat="53.675483" lon="10.941204">
        <ele>37.515130</ele>
        <time>2026-07-24T10:47:43.095Z</time>
      </trkpt>
      <trkpt lat="53.674796" lon="10.939443">
        <ele>39.631571</ele>
        <time>2026-07-24T10:48:10.739Z</time>
      </trkpt>
      <trkpt lat="53.674652" lon="10.939168">
        <ele>39.783822</ele>
        <time>2026-07-24T10:48:14.132Z</time>
      </trkpt>
      <trkpt lat="53.674263" lon="10.938626">
        <ele>40.083106</ele>
        <time>2026-07-24T10:48:21.940Z</time>
      </trkpt>
      <trkpt lat="53.673946" lon="10.938292">
        <ele>41.133136</ele>
        <time>2026-07-24T10:48:32.948Z</time>
      </trkpt>
      <trkpt lat="53.673656" lon="10.938151">
        <ele>41.843149</ele>
        <time>2026-07-24T10:48:39.866Z</time>
      </trkpt>
      <trkpt lat="53.673408" lon="10.938063">
        <ele>42.417381</ele>
        <time>2026-07-24T10:48:46.295Z</time>
      </trkpt>
      <trkpt lat="53.673063" lon="10.937998">
        <ele>42.869603</ele>
        <time>2026-07-24T10:48:53.196Z</time>
      </trkpt>
      <trkpt lat="53.672655" lon="10.937935">
        <ele>43.180158</ele>
        <time>2026-07-24T10:48:59.897Z</time>
      </trkpt>
      <trkpt lat="53.671484" lon="10.938032">
        <ele>46.736017</ele>
        <time>2026-07-24T10:49:30.910Z</time>
      </trkpt>
      <trkpt lat="53.671165" lon="10.937981">
        <ele>49.019541</ele>
        <time>2026-07-24T10:49:45.481Z</time>
      </trkpt>
      <trkpt lat="53.670803" lon="10.937884">
        <ele>51.969299</ele>
        <time>2026-07-24T10:50:03.138Z</time>
      </trkpt>
      <trkpt lat="53.670644" lon="10.937620">
        <ele>53.626748</ele>
        <time>2026-07-24T10:50:13.297Z</time>
      </trkpt>
      <trkpt lat="53.670538" lon="10.937133">
        <ele>55.506092</ele>
        <time>2026-07-24T10:50:25.583Z</time>
      </trkpt>
      <trkpt lat="53.670368" lon="10.935968">
        <ele>58.464714</ele>
        <time>2026-07-24T10:50:48.415Z</time>
      </trkpt>
      <trkpt lat="53.670005" lon="10.933907">
        <ele>57.033389</ele>
        <time>2026-07-24T10:51:03.339Z</time>
      </trkpt>
      <trkpt lat="53.669905" lon="10.933011">
        <ele>56.626618</ele>
        <time>2026-07-24T10:51:10.299Z</time>
      </trkpt>
      <trkpt lat="53.669819" lon="10.932469">
        <ele>56.478095</ele>
        <time>2026-07-24T10:51:14.928Z</time>
      </trkpt>
      <trkpt lat="53.669623" lon="10.931648">
        <ele>55.445833</ele>
        <time>2026-07-24T10:51:20.936Z</time>
      </trkpt>
      <trkpt lat="53.669407" lon="10.931006">
        <ele>52.979104</ele>
        <time>2026-07-24T10:51:24.870Z</time>
      </trkpt>
      <trkpt lat="53.668915" lon="10.929960">
        <ele>51.534062</ele>
        <time>2026-07-24T10:51:33.914Z</time>
      </trkpt>
      <trkpt lat="53.668150" lon="10.927704">
        <ele>50.271882</ele>
        <time>2026-07-24T10:51:53.334Z</time>
      </trkpt>
      <trkpt lat="53.666194" lon="10.922788">
        <ele>55.059197</ele>
        <time>2026-07-24T10:53:05.113Z</time>
      </trkpt>
      <trkpt lat="53.665464" lon="10.920770">
        <ele>53.431563</ele>
        <time>2026-07-24T10:53:21.791Z</time>
      </trkpt>
      <trkpt lat="53.665350" lon="10.920488">
        <ele>52.868200</ele>
        <time>2026-07-24T10:53:23.853Z</time>
      </trkpt>
      <trkpt lat="53.664900" lon="10.919623">
        <ele>50.611748</ele>
        <time>2026-07-24T10:53:30.651Z</time>
      </trkpt>
      <trkpt lat="53.664626" lon="10.919114">
        <ele>50.258435</ele>
        <time>2026-07-24T10:53:35.742Z</time>
      </trkpt>
      <trkpt lat="53.664124" lon="10.918239">
        <ele>51.149082</ele>
        <time>2026-07-24T10:53:51.924Z</time>
      </trkpt>
      <trkpt lat="53.663376" lon="10.919307">
        <ele>45.294604</ele>
        <time>2026-07-24T10:54:00.844Z</time>
      </trkpt>
      <trkpt lat="53.663057" lon="10.919575">
        <ele>43.059055</ele>
        <time>2026-07-24T10:54:04.098Z</time>
      </trkpt>
      <trkpt lat="53.662759" lon="10.919711">
        <ele>41.522185</ele>
        <time>2026-07-24T10:54:06.977Z</time>
      </trkpt>
      <trkpt lat="53.662604" lon="10.919701">
        <ele>41.136745</ele>
        <time>2026-07-24T10:54:08.601Z</time>
      </trkpt>
      <trkpt lat="53.662075" lon="10.919604">
        <ele>41.073244</ele>
        <time>2026-07-24T10:54:16.919Z</time>
      </trkpt>
      <trkpt lat="53.661920" lon="10.919593">
        <ele>41.038519</ele>
        <time>2026-07-24T10:54:18.991Z</time>
      </trkpt>
      <trkpt lat="53.661729" lon="10.919644">
        <ele>41.197203</ele>
        <time>2026-07-24T10:54:22.186Z</time>
      </trkpt>
      <trkpt lat="53.661421" lon="10.919827">
        <ele>41.911921</ele>
        <time>2026-07-24T10:54:30.204Z</time>
      </trkpt>
      <trkpt lat="53.658214" lon="10.922964">
        <ele>51.665495</ele>
        <time>2026-07-24T10:56:04.769Z</time>
      </trkpt>
      <trkpt lat="53.656087" lon="10.924700">
        <ele>51.812381</ele>
        <time>2026-07-24T10:56:40.244Z</time>
      </trkpt>
      <trkpt lat="53.653772" lon="10.926507">
        <ele>47.568490</ele>
        <time>2026-07-24T10:57:09.288Z</time>
      </trkpt>
      <trkpt lat="53.653525" lon="10.926650">
        <ele>46.207520</ele>
        <time>2026-07-24T10:57:11.708Z</time>
      </trkpt>
      <trkpt lat="53.653302" lon="10.926692">
        <ele>44.689401</ele>
        <time>2026-07-24T10:57:13.696Z</time>
      </trkpt>
      <trkpt lat="53.652104" lon="10.926617">
        <ele>37.914273</ele>
        <time>2026-07-24T10:57:24.764Z</time>
      </trkpt>
      <trkpt lat="53.651859" lon="10.926621">
        <ele>38.020384</ele>
        <time>2026-07-24T10:57:29.540Z</time>
      </trkpt>
      <trkpt lat="53.651716" lon="10.926666">
        <ele>38.235053</ele>
        <time>2026-07-24T10:57:32.685Z</time>
      </trkpt>
      <trkpt lat="53.651525" lon="10.926809">
        <ele>38.371952</ele>
        <time>2026-07-24T10:57:36.351Z</time>
      </trkpt>
      <trkpt lat="53.651378" lon="10.927007">
        <ele>38.399032</ele>
        <time>2026-07-24T10:57:39.323Z</time>
      </trkpt>
      <trkpt lat="53.650973" lon="10.927703">
        <ele>38.400216</ele>
        <time>2026-07-24T10:57:47.641Z</time>
      </trkpt>
      <trkpt lat="53.650757" lon="10.927960">
        <ele>38.418732</ele>
        <time>2026-07-24T10:57:51.604Z</time>
      </trkpt>
      <trkpt lat="53.650519" lon="10.928150">
        <ele>38.525620</ele>
        <time>2026-07-24T10:57:56.047Z</time>
      </trkpt>
      <trkpt lat="53.650290" lon="10.928262">
        <ele>38.733897</ele>
        <time>2026-07-24T10:58:00.310Z</time>
      </trkpt>
      <trkpt lat="53.650015" lon="10.928323">
        <ele>39.117606</ele>
        <time>2026-07-24T10:58:05.927Z</time>
      </trkpt>
      <trkpt lat="53.649739" lon="10.928310">
        <ele>39.622991</ele>
        <time>2026-07-24T10:58:12.179Z</time>
      </trkpt>
      <trkpt lat="53.649431" lon="10.928228">
        <ele>40.446608</ele>
        <time>2026-07-24T10:58:19.965Z</time>
      </trkpt>
      <trkpt lat="53.648785" lon="10.927886">
        <ele>42.594693</ele>
        <time>2026-07-24T10:58:38.870Z</time>
      </trkpt>
      <trkpt lat="53.648152" lon="10.927560">
        <ele>44.488838</ele>
        <time>2026-07-24T10:58:56.840Z</time>
      </trkpt>
      <trkpt lat="53.647982" lon="10.927483">
        <ele>44.562936</ele>
        <time>2026-07-24T10:58:59.055Z</time>
      </trkpt>
      <trkpt lat="53.647155" lon="10.927376">
        <ele>44.863626</ele>
        <time>2026-07-24T10:59:13.016Z</time>
      </trkpt>
      <trkpt lat="53.646849" lon="10.927392">
        <ele>44.773604</ele>
        <time>2026-07-24T10:59:17.208Z</time>
      </trkpt>
      <trkpt lat="53.644839" lon="10.927504">
        <ele>43.034362</ele>
        <time>2026-07-24T10:59:42.051Z</time>
      </trkpt>
      <trkpt lat="53.643980" lon="10.927480">
        <ele>43.036296</ele>
        <time>2026-07-24T10:59:54.764Z</time>
      </trkpt>
      <trkpt lat="53.640784" lon="10.927178">
        <ele>46.339018</ele>
        <time>2026-07-24T11:00:55.593Z</time>
      </trkpt>
      <trkpt lat="53.640333" lon="10.927216">
        <ele>47.117894</ele>
        <time>2026-07-24T11:01:06.022Z</time>
      </trkpt>
      <trkpt lat="53.640004" lon="10.927272">
        <ele>47.200000</ele>
        <time>2026-07-24T11:01:10.647Z</time>
      </trkpt>
      <trkpt lat="53.639684" lon="10.927435">
        <ele>47.219373</ele>
        <time>2026-07-24T11:01:15.824Z</time>
      </trkpt>
      <trkpt lat="53.638687" lon="10.928120">
        <ele>47.683332</ele>
        <time>2026-07-24T11:01:33.747Z</time>
      </trkpt>
      <trkpt lat="53.638164" lon="10.928308">
        <ele>47.749335</ele>
        <time>2026-07-24T11:01:41.833Z</time>
      </trkpt>
      <trkpt lat="53.637763" lon="10.928345">
        <ele>48.113461</ele>
        <time>2026-07-24T11:01:49.148Z</time>
      </trkpt>
      <trkpt lat="53.637338" lon="10.928221">
        <ele>48.703987</ele>
        <time>2026-07-24T11:01:57.849Z</time>
      </trkpt>
      <trkpt lat="53.636965" lon="10.928015">
        <ele>49.261658</ele>
        <time>2026-07-24T11:02:06.073Z</time>
      </trkpt>
      <trkpt lat="53.636617" lon="10.927656">
        <ele>49.561305</ele>
        <time>2026-07-24T11:02:13.298Z</time>
      </trkpt>
      <trkpt lat="53.631362" lon="10.919495">
        <ele>49.852588</ele>
        <time>2026-07-24T11:04:00.457Z</time>
      </trkpt>
      <trkpt lat="53.631061" lon="10.918918">
        <ele>49.490452</ele>
        <time>2026-07-24T11:04:06.166Z</time>
      </trkpt>
      <trkpt lat="53.630967" lon="10.918661">
        <ele>49.336175</ele>
        <time>2026-07-24T11:04:08.319Z</time>
      </trkpt>
      <trkpt lat="53.630882" lon="10.918349">
        <ele>49.309030</ele>
        <time>2026-07-24T11:04:11.127Z</time>
      </trkpt>
      <trkpt lat="53.630802" lon="10.917837">
        <ele>50.223831</ele>
        <time>2026-07-24T11:04:19.403Z</time>
      </trkpt>
      <trkpt lat="53.630770" lon="10.917276">
        <ele>51.733649</ele>
        <time>2026-07-24T11:04:31.064Z</time>
      </trkpt>
      <trkpt lat="53.630810" lon="10.916738">
        <ele>52.704961</ele>
        <time>2026-07-24T11:04:39.718Z</time>
      </trkpt>
      <trkpt lat="53.631597" lon="10.911804">
        <ele>58.632625</ele>
        <time>2026-07-24T11:05:48.410Z</time>
      </trkpt>
      <trkpt lat="53.631714" lon="10.911292">
        <ele>58.784728</ele>
        <time>2026-07-24T11:05:53.682Z</time>
      </trkpt>
      <trkpt lat="53.631851" lon="10.910861">
        <ele>58.854615</ele>
        <time>2026-07-24T11:05:57.881Z</time>
      </trkpt>
      <trkpt lat="53.633218" lon="10.907273">
        <ele>61.290257</ele>
        <time>2026-07-24T11:06:45.332Z</time>
      </trkpt>
      <trkpt lat="53.633685" lon="10.905929">
        <ele>61.914287</ele>
        <time>2026-07-24T11:07:02.043Z</time>
      </trkpt>
      <trkpt lat="53.634183" lon="10.903930">
        <ele>59.636726</ele>
        <time>2026-07-24T11:07:16.343Z</time>
      </trkpt>
      <trkpt lat="53.634303" lon="10.903284">
        <ele>58.649202</ele>
        <time>2026-07-24T11:07:20.490Z</time>
      </trkpt>
      <trkpt lat="53.635300" lon="10.897051">
        <ele>52.762752</ele>
        <time>2026-07-24T11:08:04.893Z</time>
      </trkpt>
      <trkpt lat="53.635408" lon="10.896548">
        <ele>51.186787</ele>
        <time>2026-07-24T11:08:07.814Z</time>
      </trkpt>
      <trkpt lat="53.635556" lon="10.896015">
        <ele>49.378751</ele>
        <time>2026-07-24T11:08:11.018Z</time>
      </trkpt>
      <trkpt lat="53.636386" lon="10.894089">
        <ele>45.095482</ele>
        <time>2026-07-24T11:08:25.549Z</time>
      </trkpt>
      <trkpt lat="53.636826" lon="10.893168">
        <ele>44.371463</ele>
        <time>2026-07-24T11:08:34.126Z</time>
      </trkpt>
      <trkpt lat="53.638237" lon="10.890066">
        <ele>45.925613</ele>
        <time>2026-07-24T11:09:14.915Z</time>
      </trkpt>
      <trkpt lat="53.638384" lon="10.889630">
        <ele>46.240902</ele>
        <time>2026-07-24T11:09:20.908Z</time>
      </trkpt>
      <trkpt lat="53.638517" lon="10.889089">
        <ele>46.401844</ele>
        <time>2026-07-24T11:09:26.287Z</time>
      </trkpt>
      <trkpt lat="53.638799" lon="10.887738">
        <ele>46.731800</ele>
        <time>2026-07-24T11:09:40.224Z</time>
      </trkpt>
      <trkpt lat="53.638985" lon="10.887178">
        <ele>47.110716</ele>
        <time>2026-07-24T11:09:47.539Z</time>
      </trkpt>
      <trkpt lat="53.639184" lon="10.886751">
        <ele>47.490814</ele>
        <time>2026-07-24T11:09:53.982Z</time>
      </trkpt>
      <trkpt lat="53.639718" lon="10.885966">
        <ele>48.212770</ele>
        <time>2026-07-24T11:10:07.034Z</time>
      </trkpt>
      <trkpt lat="53.639942" lon="10.885653">
        <ele>48.660664</ele>
        <time>2026-07-24T11:10:13.044Z</time>
      </trkpt>
      <trkpt lat="53.640060" lon="10.885462">
        <ele>49.020718</ele>
        <time>2026-07-24T11:10:16.957Z</time>
      </trkpt>
      <trkpt lat="53.640321" lon="10.884965">
        <ele>50.126912</ele>
        <time>2026-07-24T11:10:27.902Z</time>
      </trkpt>
      <trkpt lat="53.640629" lon="10.883936">
        <ele>51.024355</ele>
        <time>2026-07-24T11:10:41.485Z</time>
      </trkpt>
      <trkpt lat="53.640828" lon="10.883182">
        <ele>50.785438</ele>
        <time>2026-07-24T11:10:47.797Z</time>
      </trkpt>
      <trkpt lat="53.640996" lon="10.882810">
        <ele>50.561082</ele>
        <time>2026-07-24T11:10:51.259Z</time>
      </trkpt>
      <trkpt lat="53.641140" lon="10.882618">
        <ele>50.542424</ele>
        <time>2026-07-24T11:10:53.838Z</time>
      </trkpt>
      <trkpt lat="53.641239" lon="10.882484">
        <ele>50.621799</ele>
        <time>2026-07-24T11:10:56.669Z</time>
      </trkpt>
      <trkpt lat="53.641740" lon="10.881843">
        <ele>50.467053</ele>
        <time>2026-07-24T11:11:05.061Z</time>
      </trkpt>
      <trkpt lat="53.641901" lon="10.881594">
        <ele>50.408014</ele>
        <time>2026-07-24T11:11:07.941Z</time>
      </trkpt>
      <trkpt lat="53.642262" lon="10.880817">
        <ele>50.596756</ele>
        <time>2026-07-24T11:11:17.566Z</time>
      </trkpt>
      <trkpt lat="53.642608" lon="10.880225">
        <ele>50.786911</ele>
        <time>2026-07-24T11:11:25.817Z</time>
      </trkpt>
      <trkpt lat="53.643124" lon="10.879547">
        <ele>50.851879</ele>
        <time>2026-07-24T11:11:35.729Z</time>
      </trkpt>
      <trkpt lat="53.643243" lon="10.879265">
        <ele>50.652954</ele>
        <time>2026-07-24T11:11:38.262Z</time>
      </trkpt>
      <trkpt lat="53.643333" lon="10.878883">
        <ele>50.092961</ele>
        <time>2026-07-24T11:11:40.844Z</time>
      </trkpt>
      <trkpt lat="53.643348" lon="10.878440">
        <ele>49.469760</ele>
        <time>2026-07-24T11:11:43.639Z</time>
      </trkpt>
      <trkpt lat="53.643017" lon="10.874895">
        <ele>45.911805</ele>
        <time>2026-07-24T11:12:07.712Z</time>
      </trkpt>
      <trkpt lat="53.642916" lon="10.873331">
        <ele>44.654524</ele>
        <time>2026-07-24T11:12:18.547Z</time>
      </trkpt>
      <trkpt lat="53.642941" lon="10.871935">
        <ele>44.747322</ele>
        <time>2026-07-24T11:12:31.256Z</time>
      </trkpt>
      <trkpt lat="53.642998" lon="10.871081">
        <ele>45.179449</ele>
        <time>2026-07-24T11:12:40.880Z</time>
      </trkpt>
      <trkpt lat="53.643142" lon="10.869662">
        <ele>45.559354</ele>
        <time>2026-07-24T11:12:55.204Z</time>
      </trkpt>
      <trkpt lat="53.643294" lon="10.868571">
        <ele>45.392956</ele>
        <time>2026-07-24T11:13:04.244Z</time>
      </trkpt>
      <trkpt lat="53.643589" lon="10.867084">
        <ele>44.945879</ele>
        <time>2026-07-24T11:13:16.919Z</time>
      </trkpt>
      <trkpt lat="53.643973" lon="10.865358">
        <ele>43.249179</ele>
        <time>2026-07-24T11:13:29.363Z</time>
      </trkpt>
      <trkpt lat="53.644194" lon="10.864634">
        <ele>42.051438</ele>
        <time>2026-07-24T11:13:34.517Z</time>
      </trkpt>
      <trkpt lat="53.644348" lon="10.864229">
        <ele>41.189832</ele>
        <time>2026-07-24T11:13:37.337Z</time>
      </trkpt>
      <trkpt lat="53.644625" lon="10.863652">
        <ele>41.001053</ele>
        <time>2026-07-24T11:13:43.372Z</time>
      </trkpt>
      <trkpt lat="53.644899" lon="10.863202">
        <ele>42.008198</ele>
        <time>2026-07-24T11:13:53.426Z</time>
      </trkpt>
      <trkpt lat="53.645380" lon="10.862363">
        <ele>44.036918</ele>
        <time>2026-07-24T11:14:11.874Z</time>
      </trkpt>
      <trkpt lat="53.645565" lon="10.861978">
        <ele>44.569148</ele>
        <time>2026-07-24T11:14:18.106Z</time>
      </trkpt>
      <trkpt lat="53.645707" lon="10.861611">
        <ele>44.791295</ele>
        <time>2026-07-24T11:14:22.969Z</time>
      </trkpt>
      <trkpt lat="53.644741" lon="10.861289">
        <ele>45.389378</ele>
        <time>2026-07-24T11:14:39.783Z</time>
      </trkpt>
      <trkpt lat="53.642842" lon="10.860757">
        <ele>46.062854</ele>
        <time>2026-07-24T11:15:11.792Z</time>
      </trkpt>
      <trkpt lat="53.642349" lon="10.860542">
        <ele>44.251380</ele>
        <time>2026-07-24T11:15:17.000Z</time>
      </trkpt>
      <trkpt lat="53.642053" lon="10.860355">
        <ele>41.557175</ele>
        <time>2026-07-24T11:15:19.700Z</time>
      </trkpt>
      <trkpt lat="53.641623" lon="10.859925">
        <ele>39.964437</ele>
        <time>2026-07-24T11:15:24.946Z</time>
      </trkpt>
      <trkpt lat="53.641506" lon="10.859774">
        <ele>39.853265</ele>
        <time>2026-07-24T11:15:26.737Z</time>
      </trkpt>
      <trkpt lat="53.641296" lon="10.859413">
        <ele>39.845623</ele>
        <time>2026-07-24T11:15:31.387Z</time>
      </trkpt>
      <trkpt lat="53.641017" lon="10.858901">
        <ele>40.401144</ele>
        <time>2026-07-24T11:15:39.957Z</time>
      </trkpt>
      <trkpt lat="53.640990" lon="10.858848">
        <ele>40.458873</ele>
        <time>2026-07-24T11:15:40.708Z</time>
      </trkpt>
      <trkpt lat="53.640871" lon="10.858618">
        <ele>40.683414</ele>
        <time>2026-07-24T11:15:43.900Z</time>
      </trkpt>
      <trkpt lat="53.640627" lon="10.858277">
        <ele>41.406762</ele>
        <time>2026-07-24T11:15:52.156Z</time>
      </trkpt>
      <trkpt lat="53.640497" lon="10.858134">
        <ele>41.633315</ele>
        <time>2026-07-24T11:15:55.308Z</time>
      </trkpt>
      <trkpt lat="53.640371" lon="10.858027">
        <ele>41.563928</ele>
        <time>2026-07-24T11:15:57.219Z</time>
      </trkpt>
      <trkpt lat="53.640183" lon="10.857928">
        <ele>41.889682</ele>
        <time>2026-07-24T11:15:59.560Z</time>
      </trkpt>
      <trkpt lat="53.638971" lon="10.857388">
        <ele>46.663808</ele>
        <time>2026-07-24T11:16:39.030Z</time>
      </trkpt>
      <trkpt lat="53.638650" lon="10.857315">
        <ele>48.457205</ele>
        <time>2026-07-24T11:16:51.689Z</time>
      </trkpt>
      <trkpt lat="53.638486" lon="10.857314">
        <ele>49.183143</ele>
        <time>2026-07-24T11:16:56.532Z</time>
      </trkpt>
      <trkpt lat="53.638308" lon="10.857365">
        <ele>49.790409</ele>
        <time>2026-07-24T11:17:01.592Z</time>
      </trkpt>
      <trkpt lat="53.637960" lon="10.857563">
        <ele>50.813865</ele>
        <time>2026-07-24T11:17:11.671Z</time>
      </trkpt>
      <trkpt lat="53.636932" lon="10.858208">
        <ele>52.386023</ele>
        <time>2026-07-24T11:17:33.860Z</time>
      </trkpt>
      <trkpt lat="53.636244" lon="10.858538">
        <ele>53.193491</ele>
        <time>2026-07-24T11:17:47.659Z</time>
      </trkpt>
      <trkpt lat="53.634934" lon="10.858740">
        <ele>54.384154</ele>
        <time>2026-07-24T11:18:12.483Z</time>
      </trkpt>
      <trkpt lat="53.632065" lon="10.851579">
        <ele>48.950933</ele>
        <time>2026-07-24T11:19:14.293Z</time>
      </trkpt>
      <trkpt lat="53.630920" lon="10.847870">
        <ele>47.766616</ele>
        <time>2026-07-24T11:19:47.578Z</time>
      </trkpt>
      <trkpt lat="53.629397" lon="10.843087">
        <ele>45.142331</ele>
        <time>2026-07-24T11:20:27.806Z</time>
      </trkpt>
      <trkpt lat="53.629370" lon="10.842991">
        <ele>45.106485</ele>
        <time>2026-07-24T11:20:28.675Z</time>
      </trkpt>
      <trkpt lat="53.629258" lon="10.842596">
        <ele>45.117568</ele>
        <time>2026-07-24T11:20:32.522Z</time>
      </trkpt>
      <trkpt lat="53.627268" lon="10.836118">
        <ele>46.775020</ele>
        <time>2026-07-24T11:21:43.572Z</time>
      </trkpt>
      <trkpt lat="53.625812" lon="10.831378">
        <ele>47.161208</ele>
        <time>2026-07-24T11:22:31.765Z</time>
      </trkpt>
      <trkpt lat="53.625653" lon="10.831048">
        <ele>47.326508</ele>
        <time>2026-07-24T11:22:36.724Z</time>
      </trkpt>
      <trkpt lat="53.625090" lon="10.830319">
        <ele>47.266913</ele>
        <time>2026-07-24T11:22:46.698Z</time>
      </trkpt>
      <trkpt lat="53.621650" lon="10.827306">
        <ele>44.062477</ele>
        <time>2026-07-24T11:23:35.448Z</time>
      </trkpt>
      <trkpt lat="53.621405" lon="10.827047">
        <ele>43.373825</ele>
        <time>2026-07-24T11:23:38.622Z</time>
      </trkpt>
      <trkpt lat="53.621164" lon="10.826750">
        <ele>42.281008</ele>
        <time>2026-07-24T11:23:41.462Z</time>
      </trkpt>
      <trkpt lat="53.620820" lon="10.826132">
        <ele>41.552345</ele>
        <time>2026-07-24T11:23:47.206Z</time>
      </trkpt>
      <trkpt lat="53.620515" lon="10.825204">
        <ele>42.898063</ele>
        <time>2026-07-24T11:24:02.337Z</time>
      </trkpt>
      <trkpt lat="53.620195" lon="10.823453">
        <ele>47.155334</ele>
        <time>2026-07-24T11:24:35.992Z</time>
      </trkpt>
      <trkpt lat="53.620121" lon="10.823260">
        <ele>47.615550</ele>
        <time>2026-07-24T11:24:40.208Z</time>
      </trkpt>
      <trkpt lat="53.619392" lon="10.822468">
        <ele>48.797571</ele>
        <time>2026-07-24T11:24:57.400Z</time>
      </trkpt>
      <trkpt lat="53.619111" lon="10.822164">
        <ele>49.133870</ele>
        <time>2026-07-24T11:25:03.863Z</time>
      </trkpt>
      <trkpt lat="53.618979" lon="10.821887">
        <ele>49.174515</ele>
        <time>2026-07-24T11:25:07.199Z</time>
      </trkpt>
      <trkpt lat="53.618629" lon="10.820605">
        <ele>48.908398</ele>
        <time>2026-07-24T11:25:18.423Z</time>
      </trkpt>
      <trkpt lat="53.618576" lon="10.820356">
        <ele>48.861367</ele>
        <time>2026-07-24T11:25:20.755Z</time>
      </trkpt>
      <trkpt lat="53.618501" lon="10.820003">
        <ele>48.690207</ele>
        <time>2026-07-24T11:25:23.574Z</time>
      </trkpt>
      <trkpt lat="53.618380" lon="10.819080">
        <ele>48.034318</ele>
        <time>2026-07-24T11:25:30.389Z</time>
      </trkpt>
      <trkpt lat="53.618147" lon="10.817503">
        <ele>45.977193</ele>
        <time>2026-07-24T11:25:40.815Z</time>
      </trkpt>
      <trkpt lat="53.618095" lon="10.816660">
        <ele>44.754524</ele>
        <time>2026-07-24T11:25:46.112Z</time>
      </trkpt>
      <trkpt lat="53.618066" lon="10.816180">
        <ele>44.367514</ele>
        <time>2026-07-24T11:25:49.463Z</time>
      </trkpt>
      <trkpt lat="53.617901" lon="10.814636">
        <ele>44.871038</ele>
        <time>2026-07-24T11:26:05.605Z</time>
      </trkpt>
      <trkpt lat="53.617903" lon="10.814421">
        <ele>44.886651</ele>
        <time>2026-07-24T11:26:07.320Z</time>
      </trkpt>
      <trkpt lat="53.617946" lon="10.814250">
        <ele>44.812598</ele>
        <time>2026-07-24T11:26:08.911Z</time>
      </trkpt>
      <trkpt lat="53.618022" lon="10.814108">
        <ele>44.644652</ele>
        <time>2026-07-24T11:26:10.376Z</time>
      </trkpt>
      <trkpt lat="53.617919" lon="10.813856">
        <ele>44.158948</ele>
        <time>2026-07-24T11:26:12.161Z</time>
      </trkpt>
      <trkpt lat="53.617858" lon="10.813557">
        <ele>43.789891</ele>
        <time>2026-07-24T11:26:14.136Z</time>
      </trkpt>
      <trkpt lat="53.617662" lon="10.810954">
        <ele>43.055551</ele>
        <time>2026-07-24T11:26:35.232Z</time>
      </trkpt>
      <trkpt lat="53.617665" lon="10.810711">
        <ele>43.105400</ele>
        <time>2026-07-24T11:26:37.561Z</time>
      </trkpt>
      <trkpt lat="53.617688" lon="10.810488">
        <ele>43.201884</ele>
        <time>2026-07-24T11:26:39.930Z</time>
      </trkpt>
      <trkpt lat="53.617849" lon="10.809889">
        <ele>43.436703</ele>
        <time>2026-07-24T11:26:47.031Z</time>
      </trkpt>
      <trkpt lat="53.618007" lon="10.809282">
        <ele>43.278553</ele>
        <time>2026-07-24T11:26:52.159Z</time>
      </trkpt>
      <trkpt lat="53.618085" lon="10.808013">
        <ele>42.503917</ele>
        <time>2026-07-24T11:27:01.203Z</time>
      </trkpt>
      <trkpt lat="53.618100" lon="10.807304">
        <ele>42.576329</ele>
        <time>2026-07-24T11:27:08.522Z</time>
      </trkpt>
      <trkpt lat="53.618018" lon="10.806863">
        <ele>42.315523</ele>
        <time>2026-07-24T11:27:11.648Z</time>
      </trkpt>
      <trkpt lat="53.617813" lon="10.806173">
        <ele>42.081953</ele>
        <time>2026-07-24T11:27:17.643Z</time>
      </trkpt>
      <trkpt lat="53.617632" lon="10.803723">
        <ele>43.460186</ele>
        <time>2026-07-24T11:27:45.674Z</time>
      </trkpt>
      <trkpt lat="53.617617" lon="10.803545">
        <ele>43.388516</ele>
        <time>2026-07-24T11:27:47.145Z</time>
      </trkpt>
      <trkpt lat="53.617365" lon="10.801296">
        <ele>41.245065</ele>
        <time>2026-07-24T11:28:02.511Z</time>
      </trkpt>
      <trkpt lat="53.616933" lon="10.797948">
        <ele>39.522926</ele>
        <time>2026-07-24T11:28:27.714Z</time>
      </trkpt>
      <trkpt lat="53.616651" lon="10.795889">
        <ele>41.118243</ele>
        <time>2026-07-24T11:28:52.980Z</time>
      </trkpt>
      <trkpt lat="53.616503" lon="10.795383">
        <ele>41.593706</ele>
        <time>2026-07-24T11:29:00.278Z</time>
      </trkpt>
      <trkpt lat="53.616271" lon="10.794772">
        <ele>41.545525</ele>
        <time>2026-07-24T11:29:06.548Z</time>
      </trkpt>
      <trkpt lat="53.615696" lon="10.793986">
        <ele>40.713384</ele>
        <time>2026-07-24T11:29:15.336Z</time>
      </trkpt>
      <trkpt lat="53.614857" lon="10.792984">
        <ele>39.738924</ele>
        <time>2026-07-24T11:29:28.065Z</time>
      </trkpt>
      <trkpt lat="53.614317" lon="10.791823">
        <ele>38.473068</ele>
        <time>2026-07-24T11:29:38.040Z</time>
      </trkpt>
      <trkpt lat="53.613996" lon="10.790890">
        <ele>38.154045</ele>
        <time>2026-07-24T11:29:46.534Z</time>
      </trkpt>
      <trkpt lat="53.613482" lon="10.788588">
        <ele>39.091261</ele>
        <time>2026-07-24T11:30:11.964Z</time>
      </trkpt>
      <trkpt lat="53.613189" lon="10.787102">
        <ele>41.374249</ele>
        <time>2026-07-24T11:30:34.548Z</time>
      </trkpt>
      <trkpt lat="53.613067" lon="10.786107">
        <ele>44.626812</ele>
        <time>2026-07-24T11:30:58.450Z</time>
      </trkpt>
      <trkpt lat="53.613058" lon="10.785969">
        <ele>44.860337</ele>
        <time>2026-07-24T11:30:59.951Z</time>
      </trkpt>
      <trkpt lat="53.612870" lon="10.783167">
        <ele>43.602205</ele>
        <time>2026-07-24T11:31:20.832Z</time>
      </trkpt>
      <trkpt lat="53.612868" lon="10.782922">
        <ele>43.483803</ele>
        <time>2026-07-24T11:31:22.639Z</time>
      </trkpt>
      <trkpt lat="53.612896" lon="10.782642">
        <ele>43.312381</ele>
        <time>2026-07-24T11:31:24.715Z</time>
      </trkpt>
      <trkpt lat="53.612960" lon="10.782275">
        <ele>43.129380</ele>
        <time>2026-07-24T11:31:27.531Z</time>
      </trkpt>
      <trkpt lat="53.613206" lon="10.781273">
        <ele>42.864655</ele>
        <time>2026-07-24T11:31:36.385Z</time>
      </trkpt>
      <trkpt lat="53.613284" lon="10.780754">
        <ele>42.586264</ele>
        <time>2026-07-24T11:31:40.335Z</time>
      </trkpt>
      <trkpt lat="53.613308" lon="10.780269">
        <ele>42.162078</ele>
        <time>2026-07-24T11:31:43.637Z</time>
      </trkpt>
      <trkpt lat="53.613284" lon="10.780021">
        <ele>41.866166</ele>
        <time>2026-07-24T11:31:45.256Z</time>
      </trkpt>
      <trkpt lat="53.613054" lon="10.779036">
        <ele>40.106733</ele>
        <time>2026-07-24T11:31:51.752Z</time>
      </trkpt>
      <trkpt lat="53.612945" lon="10.778447">
        <ele>39.211476</ele>
        <time>2026-07-24T11:31:55.564Z</time>
      </trkpt>
      <trkpt lat="53.612788" lon="10.776968">
        <ele>38.095914</ele>
        <time>2026-07-24T11:32:06.298Z</time>
      </trkpt>
      <trkpt lat="53.612428" lon="10.774770">
        <ele>36.527699</ele>
        <time>2026-07-24T11:32:22.525Z</time>
      </trkpt>
      <trkpt lat="53.612366" lon="10.774254">
        <ele>36.319431</ele>
        <time>2026-07-24T11:32:26.421Z</time>
      </trkpt>
      <trkpt lat="53.612364" lon="10.773589">
        <ele>36.263028</ele>
        <time>2026-07-24T11:32:31.917Z</time>
      </trkpt>
      <trkpt lat="53.612428" lon="10.772825">
        <ele>36.717756</ele>
        <time>2026-07-24T11:32:40.465Z</time>
      </trkpt>
      <trkpt lat="53.612595" lon="10.771069">
        <ele>38.482529</ele>
        <time>2026-07-24T11:33:04.874Z</time>
      </trkpt>
      <trkpt lat="53.612691" lon="10.770041">
        <ele>36.021153</ele>
        <time>2026-07-24T11:33:10.793Z</time>
      </trkpt>
      <trkpt lat="53.612778" lon="10.769104">
        <ele>33.848518</ele>
        <time>2026-07-24T11:33:16.273Z</time>
      </trkpt>
      <trkpt lat="53.612875" lon="10.768401">
        <ele>32.673743</ele>
        <time>2026-07-24T11:33:20.676Z</time>
      </trkpt>
      <trkpt lat="53.613496" lon="10.765572">
        <ele>31.281848</ele>
        <time>2026-07-24T11:33:43.447Z</time>
      </trkpt>
      <trkpt lat="53.613551" lon="10.765209">
        <ele>31.404578</ele>
        <time>2026-07-24T11:33:47.720Z</time>
      </trkpt>
      <trkpt lat="53.613592" lon="10.764704">
        <ele>31.688153</ele>
        <time>2026-07-24T11:33:53.357Z</time>
      </trkpt>
      <trkpt lat="53.613612" lon="10.764268">
        <ele>31.854251</ele>
        <time>2026-07-24T11:33:57.836Z</time>
      </trkpt>
      <trkpt lat="53.613605" lon="10.763569">
        <ele>31.789134</ele>
        <time>2026-07-24T11:34:03.711Z</time>
      </trkpt>
      <trkpt lat="53.613541" lon="10.762817">
        <ele>31.671366</ele>
        <time>2026-07-24T11:34:09.845Z</time>
      </trkpt>
      <trkpt lat="53.613278" lon="10.760785">
        <ele>32.721205</ele>
        <time>2026-07-24T11:34:32.486Z</time>
      </trkpt>
      <trkpt lat="53.613216" lon="10.760212">
        <ele>33.190743</ele>
        <time>2026-07-24T11:34:39.522Z</time>
      </trkpt>
      <trkpt lat="53.613212" lon="10.759814">
        <ele>33.480608</ele>
        <time>2026-07-24T11:34:44.395Z</time>
      </trkpt>
      <trkpt lat="53.613260" lon="10.759248">
        <ele>33.852336</ele>
        <time>2026-07-24T11:34:50.315Z</time>
      </trkpt>
      <trkpt lat="53.613335" lon="10.758854">
        <ele>34.307996</ele>
        <time>2026-07-24T11:34:56.156Z</time>
      </trkpt>
      <trkpt lat="53.613449" lon="10.758435">
        <ele>34.954313</ele>
        <time>2026-07-24T11:35:02.729Z</time>
      </trkpt>
      <trkpt lat="53.613556" lon="10.758173">
        <ele>35.451568</ele>
        <time>2026-07-24T11:35:07.855Z</time>
      </trkpt>
      <trkpt lat="53.613791" lon="10.757731">
        <ele>36.223029</ele>
        <time>2026-07-24T11:35:16.193Z</time>
      </trkpt>
      <trkpt lat="53.614036" lon="10.757432">
        <ele>36.259803</ele>
        <time>2026-07-24T11:35:20.805Z</time>
      </trkpt>
      <trkpt lat="53.614253" lon="10.757238">
        <ele>36.070987</ele>
        <time>2026-07-24T11:35:23.836Z</time>
      </trkpt>
      <trkpt lat="53.614467" lon="10.757112">
        <ele>35.650501</ele>
        <time>2026-07-24T11:35:26.429Z</time>
      </trkpt>
      <trkpt lat="53.614907" lon="10.756866">
        <ele>33.866543</ele>
        <time>2026-07-24T11:35:30.952Z</time>
      </trkpt>
      <trkpt lat="53.614980" lon="10.756827">
        <ele>33.527082</ele>
        <time>2026-07-24T11:35:31.675Z</time>
      </trkpt>
      <trkpt lat="53.615118" lon="10.756750">
        <ele>33.115351</ele>
        <time>2026-07-24T11:35:33.096Z</time>
      </trkpt>
      <trkpt lat="53.615389" lon="10.756541">
        <ele>32.814856</ele>
        <time>2026-07-24T11:35:37.040Z</time>
      </trkpt>
      <trkpt lat="53.615502" lon="10.756431">
        <ele>32.779294</ele>
        <time>2026-07-24T11:35:39.093Z</time>
      </trkpt>
      <trkpt lat="53.615866" lon="10.755940">
        <ele>32.591612</ele>
        <time>2026-07-24T11:35:45.188Z</time>
      </trkpt>
      <trkpt lat="53.615978" lon="10.755717">
        <ele>32.501042</ele>
        <time>2026-07-24T11:35:47.592Z</time>
      </trkpt>
      <trkpt lat="53.616062" lon="10.755493">
        <ele>32.417239</ele>
        <time>2026-07-24T11:35:49.718Z</time>
      </trkpt>
      <trkpt lat="53.616297" lon="10.754627">
        <ele>32.466210</ele>
        <time>2026-07-24T11:35:57.586Z</time>
      </trkpt>
      <trkpt lat="53.616532" lon="10.753500">
        <ele>33.693142</ele>
        <time>2026-07-24T11:36:13.814Z</time>
      </trkpt>
      <trkpt lat="53.616728" lon="10.752176">
        <ele>35.203483</ele>
        <time>2026-07-24T11:36:31.694Z</time>
      </trkpt>
      <trkpt lat="53.617023" lon="10.750231">
        <ele>37.471884</ele>
        <time>2026-07-24T11:36:58.518Z</time>
      </trkpt>
      <trkpt lat="53.617233" lon="10.748906">
        <ele>38.830355</ele>
        <time>2026-07-24T11:37:15.916Z</time>
      </trkpt>
      <trkpt lat="53.617325" lon="10.748544">
        <ele>39.344427</ele>
        <time>2026-07-24T11:37:21.622Z</time>
      </trkpt>
      <trkpt lat="53.617418" lon="10.748301">
        <ele>39.545663</ele>
        <time>2026-07-24T11:37:24.873Z</time>
      </trkpt>
      <trkpt lat="53.617872" lon="10.747471">
        <ele>39.522160</ele>
        <time>2026-07-24T11:37:35.069Z</time>
      </trkpt>
      <trkpt lat="53.618353" lon="10.746512">
        <ele>38.266238</ele>
        <time>2026-07-24T11:37:43.324Z</time>
      </trkpt>
      <trkpt lat="53.618565" lon="10.745898">
        <ele>38.123866</ele>
        <time>2026-07-24T11:37:49.012Z</time>
      </trkpt>
      <trkpt lat="53.618773" lon="10.745057">
        <ele>38.459466</ele>
        <time>2026-07-24T11:37:58.445Z</time>
      </trkpt>
      <trkpt lat="53.619012" lon="10.743934">
        <ele>39.355121</ele>
        <time>2026-07-24T11:38:12.622Z</time>
      </trkpt>
      <trkpt lat="53.619481" lon="10.742171">
        <ele>41.981775</ele>
        <time>2026-07-24T11:38:39.719Z</time>
      </trkpt>
      <trkpt lat="53.619766" lon="10.741236">
        <ele>44.213959</ele>
        <time>2026-07-24T11:38:58.585Z</time>
      </trkpt>
      <trkpt lat="53.619978" lon="10.740598">
        <ele>45.263870</ele>
        <time>2026-07-24T11:39:09.171Z</time>
      </trkpt>
      <trkpt lat="53.620154" lon="10.740176">
        <ele>45.790488</ele>
        <time>2026-07-24T11:39:15.895Z</time>
      </trkpt>
      <trkpt lat="53.621651" lon="10.737894">
        <ele>48.653817</ele>
        <time>2026-07-24T11:39:57.234Z</time>
      </trkpt>
      <trkpt lat="53.623510" lon="10.736003">
        <ele>49.703154</ele>
        <time>2026-07-24T11:40:33.699Z</time>
      </trkpt>
      <trkpt lat="53.624728" lon="10.734791">
        <ele>48.879577</ele>
        <time>2026-07-24T11:40:51.942Z</time>
      </trkpt>
      <trkpt lat="53.626278" lon="10.732426">
        <ele>50.497517</ele>
        <time>2026-07-24T11:41:29.524Z</time>
      </trkpt>
      <trkpt lat="53.626851" lon="10.731445">
        <ele>51.100066</ele>
        <time>2026-07-24T11:41:44.190Z</time>
      </trkpt>
      <trkpt lat="53.627522" lon="10.730003">
        <ele>51.860877</ele>
        <time>2026-07-24T11:42:03.427Z</time>
      </trkpt>
      <trkpt lat="53.627948" lon="10.728933">
        <ele>52.108943</ele>
        <time>2026-07-24T11:42:15.523Z</time>
      </trkpt>
      <trkpt lat="53.628253" lon="10.727995">
        <ele>52.336351</ele>
        <time>2026-07-24T11:42:26.198Z</time>
      </trkpt>
      <trkpt lat="53.630611" lon="10.718868">
        <ele>48.136365</ele>
        <time>2026-07-24T11:43:41.403Z</time>
      </trkpt>
      <trkpt lat="53.630753" lon="10.718313">
        <ele>48.115658</ele>
        <time>2026-07-24T11:43:47.109Z</time>
      </trkpt>
      <trkpt lat="53.630990" lon="10.717471">
        <ele>47.846338</ele>
        <time>2026-07-24T11:43:54.065Z</time>
      </trkpt>
      <trkpt lat="53.631157" lon="10.716843">
        <ele>47.986526</ele>
        <time>2026-07-24T11:44:01.516Z</time>
      </trkpt>
      <trkpt lat="53.631700" lon="10.714798">
        <ele>45.950435</ele>
        <time>2026-07-24T11:44:16.472Z</time>
      </trkpt>
      <trkpt lat="53.632066" lon="10.713380">
        <ele>46.899529</ele>
        <time>2026-07-24T11:44:34.287Z</time>
      </trkpt>
      <trkpt lat="53.632316" lon="10.712327">
        <ele>47.601783</ele>
        <time>2026-07-24T11:44:47.305Z</time>
      </trkpt>
      <trkpt lat="53.632631" lon="10.710302">
        <ele>46.408065</ele>
        <time>2026-07-24T11:45:02.718Z</time>
      </trkpt>
      <trkpt lat="53.632828" lon="10.709646">
        <ele>44.295246</ele>
        <time>2026-07-24T11:45:06.863Z</time>
      </trkpt>
      <trkpt lat="53.632950" lon="10.709349">
        <ele>42.470224</ele>
        <time>2026-07-24T11:45:08.728Z</time>
      </trkpt>
      <trkpt lat="53.633620" lon="10.708230">
        <ele>33.091268</ele>
        <time>2026-07-24T11:45:16.841Z</time>
      </trkpt>
      <trkpt lat="53.633792" lon="10.707955">
        <ele>30.635422</ele>
        <time>2026-07-24T11:45:18.885Z</time>
      </trkpt>
      <trkpt lat="53.633892" lon="10.707589">
        <ele>27.948564</ele>
        <time>2026-07-24T11:45:20.911Z</time>
      </trkpt>
      <trkpt lat="53.633922" lon="10.707322">
        <ele>26.096677</ele>
        <time>2026-07-24T11:45:22.272Z</time>
      </trkpt>
      <trkpt lat="53.633924" lon="10.706910">
        <ele>23.597515</ele>
        <time>2026-07-24T11:45:24.365Z</time>
      </trkpt>
      <trkpt lat="53.633875" lon="10.706606">
        <ele>22.032473</ele>
        <time>2026-07-24T11:45:25.996Z</time>
      </trkpt>
      <trkpt lat="53.633424" lon="10.704560">
        <ele>15.238836</ele>
        <time>2026-07-24T11:45:38.081Z</time>
      </trkpt>
      <trkpt lat="53.633285" lon="10.703513">
        <ele>15.569281</ele>
        <time>2026-07-24T11:45:49.596Z</time>
      </trkpt>
      <trkpt lat="53.633272" lon="10.703201">
        <ele>15.839751</ele>
        <time>2026-07-24T11:45:53.864Z</time>
      </trkpt>
      <trkpt lat="53.633268" lon="10.703103">
        <ele>15.932493</ele>
        <time>2026-07-24T11:45:55.099Z</time>
      </trkpt>
      <trkpt lat="53.633252" lon="10.702730">
        <ele>16.059425</ele>
        <time>2026-07-24T11:45:59.059Z</time>
      </trkpt>
      <trkpt lat="53.633245" lon="10.702553">
        <ele>15.946007</ele>
        <time>2026-07-24T11:46:00.457Z</time>
      </trkpt>
      <trkpt lat="53.633203" lon="10.701597">
        <ele>14.659349</ele>
        <time>2026-07-24T11:46:06.333Z</time>
      </trkpt>
      <trkpt lat="53.633181" lon="10.701321">
        <ele>14.723692</ele>
        <time>2026-07-24T11:46:09.165Z</time>
      </trkpt>
      <trkpt lat="53.633148" lon="10.701072">
        <ele>14.959427</ele>
        <time>2026-07-24T11:46:13.142Z</time>
      </trkpt>
      <trkpt lat="53.633125" lon="10.700903">
        <ele>15.145274</ele>
        <time>2026-07-24T11:46:15.552Z</time>
      </trkpt>
      <trkpt lat="53.632940" lon="10.700097">
        <ele>15.806415</ele>
        <time>2026-07-24T11:46:25.459Z</time>
      </trkpt>
      <trkpt lat="53.632792" lon="10.699664">
        <ele>16.128060</ele>
        <time>2026-07-24T11:46:31.664Z</time>
      </trkpt>
      <trkpt lat="53.632557" lon="10.699011">
        <ele>16.013962</ele>
        <time>2026-07-24T11:46:37.804Z</time>
      </trkpt>
      <trkpt lat="53.632151" lon="10.697954">
        <ele>14.827006</ele>
        <time>2026-07-24T11:46:46.239Z</time>
      </trkpt>
      <trkpt lat="53.632093" lon="10.697712">
        <ele>14.619770</ele>
        <time>2026-07-24T11:46:48.064Z</time>
      </trkpt>
      <trkpt lat="53.632066" lon="10.697498">
        <ele>14.488894</ele>
        <time>2026-07-24T11:46:49.643Z</time>
      </trkpt>
      <trkpt lat="53.632081" lon="10.697211">
        <ele>14.362423</ele>
        <time>2026-07-24T11:46:51.758Z</time>
      </trkpt>
      <trkpt lat="53.632192" lon="10.696349">
        <ele>14.339201</ele>
        <time>2026-07-24T11:46:59.384Z</time>
      </trkpt>
      <trkpt lat="53.632285" lon="10.695761">
        <ele>14.665321</ele>
        <time>2026-07-24T11:47:06.387Z</time>
      </trkpt>
      <trkpt lat="53.632361" lon="10.695086">
        <ele>14.886743</ele>
        <time>2026-07-24T11:47:13.279Z</time>
      </trkpt>
      <trkpt lat="53.632387" lon="10.694371">
        <ele>14.978528</ele>
        <time>2026-07-24T11:47:20.115Z</time>
      </trkpt>
      <trkpt lat="53.632396" lon="10.693430">
        <ele>14.983701</ele>
        <time>2026-07-24T11:47:27.914Z</time>
      </trkpt>
      <trkpt lat="53.632422" lon="10.692864">
        <ele>15.387138</ele>
        <time>2026-07-24T11:47:34.708Z</time>
      </trkpt>
      <trkpt lat="53.632509" lon="10.692496">
        <ele>15.581504</ele>
        <time>2026-07-24T11:47:40.827Z</time>
      </trkpt>
      <trkpt lat="53.632647" lon="10.692006">
        <ele>15.318238</ele>
        <time>2026-07-24T11:47:46.174Z</time>
      </trkpt>
      <trkpt lat="53.632809" lon="10.691508">
        <ele>15.180676</ele>
        <time>2026-07-24T11:47:52.182Z</time>
      </trkpt>
      <trkpt lat="53.632917" lon="10.691272">
        <ele>15.642926</ele>
        <time>2026-07-24T11:47:57.881Z</time>
      </trkpt>
      <trkpt lat="53.633033" lon="10.691099">
        <ele>16.809055</ele>
        <time>2026-07-24T11:48:05.399Z</time>
      </trkpt>
      <trkpt lat="53.633153" lon="10.691008">
        <ele>17.853477</ele>
        <time>2026-07-24T11:48:13.575Z</time>
      </trkpt>
      <trkpt lat="53.633272" lon="10.690944">
        <ele>18.862379</ele>
        <time>2026-07-24T11:48:19.616Z</time>
      </trkpt>
      <trkpt lat="53.633837" lon="10.690880">
        <ele>22.299012</ele>
        <time>2026-07-24T11:48:40.687Z</time>
      </trkpt>
      <trkpt lat="53.634152" lon="10.691039">
        <ele>24.557490</ele>
        <time>2026-07-24T11:48:55.725Z</time>
      </trkpt>
      <trkpt lat="53.634214" lon="10.691088">
        <ele>24.947532</ele>
        <time>2026-07-24T11:48:58.147Z</time>
      </trkpt>
      <trkpt lat="53.634851" lon="10.691646">
        <ele>26.297794</ele>
        <time>2026-07-24T11:49:14.420Z</time>
      </trkpt>
      <trkpt lat="53.634922" lon="10.691339">
        <ele>26.015292</ele>
        <time>2026-07-24T11:49:16.612Z</time>
      </trkpt>
      <trkpt lat="53.635049" lon="10.690777">
        <ele>24.648429</ele>
        <time>2026-07-24T11:49:20.041Z</time>
      </trkpt>
      <trkpt lat="53.635093" lon="10.690585">
        <ele>24.239352</ele>
        <time>2026-07-24T11:49:21.283Z</time>
      </trkpt>
      <trkpt lat="53.635342" lon="10.689526">
        <ele>22.435800</ele>
        <time>2026-07-24T11:49:28.354Z</time>
      </trkpt>
      <trkpt lat="53.635486" lon="10.688777">
        <ele>21.559852</ele>
        <time>2026-07-24T11:49:33.546Z</time>
      </trkpt>
      <trkpt lat="53.635549" lon="10.688145">
        <ele>21.144613</ele>
        <time>2026-07-24T11:49:38.219Z</time>
      </trkpt>
      <trkpt lat="53.635578" lon="10.687755">
        <ele>20.602775</ele>
        <time>2026-07-24T11:49:40.674Z</time>
      </trkpt>
      <trkpt lat="53.635601" lon="10.687416">
        <ele>20.090059</ele>
        <time>2026-07-24T11:49:42.810Z</time>
      </trkpt>
      <trkpt lat="53.635673" lon="10.686521">
        <ele>18.764277</ele>
        <time>2026-07-24T11:49:48.371Z</time>
      </trkpt>
      <trkpt lat="53.635647" lon="10.685964">
        <ele>18.906509</ele>
        <time>2026-07-24T11:49:53.590Z</time>
      </trkpt>
      <trkpt lat="53.635914" lon="10.685910">
        <ele>20.109727</ele>
        <time>2026-07-24T11:50:03.210Z</time>
      </trkpt>
      <trkpt lat="53.636346" lon="10.686223">
        <ele>22.519993</ele>
        <time>2026-07-24T11:50:20.597Z</time>
      </trkpt>
      <trkpt lat="53.636943" lon="10.686772">
        <ele>23.383028</ele>
        <time>2026-07-24T11:50:33.738Z</time>
      </trkpt>
      <trkpt lat="53.637642" lon="10.687354">
        <ele>23.834543</ele>
        <time>2026-07-24T11:50:47.077Z</time>
      </trkpt>
      <trkpt lat="53.638757" lon="10.688301">
        <ele>23.271132</ele>
        <time>2026-07-24T11:51:03.498Z</time>
      </trkpt>
      <trkpt lat="53.639213" lon="10.688691">
        <ele>23.748327</ele>
        <time>2026-07-24T11:51:13.683Z</time>
      </trkpt>
      <trkpt lat="53.639580" lon="10.689011">
        <ele>23.803460</ele>
        <time>2026-07-24T11:51:20.068Z</time>
      </trkpt>
      <trkpt lat="53.639888" lon="10.689271">
        <ele>23.395273</ele>
        <time>2026-07-24T11:51:23.935Z</time>
      </trkpt>
      <trkpt lat="53.641557" lon="10.690712">
        <ele>24.062576</ele>
        <time>2026-07-24T11:51:55.015Z</time>
      </trkpt>
      <trkpt lat="53.642673" lon="10.691585">
        <ele>23.557344</ele>
        <time>2026-07-24T11:52:11.437Z</time>
      </trkpt>
      <trkpt lat="53.642916" lon="10.691694">
        <ele>23.239833</ele>
        <time>2026-07-24T11:52:14.436Z</time>
      </trkpt>
      <trkpt lat="53.644070" lon="10.691635">
        <ele>20.522353</ele>
        <time>2026-07-24T11:52:26.749Z</time>
      </trkpt>
      <trkpt lat="53.644370" lon="10.691430">
        <ele>19.993940</ele>
        <time>2026-07-24T11:52:30.391Z</time>
      </trkpt>
      <trkpt lat="53.644670" lon="10.691092">
        <ele>19.922559</ele>
        <time>2026-07-24T11:52:35.532Z</time>
      </trkpt>
      <trkpt lat="53.644766" lon="10.690881">
        <ele>20.027685</ele>
        <time>2026-07-24T11:52:38.365Z</time>
      </trkpt>
      <trkpt lat="53.644805" lon="10.690754">
        <ele>20.091118</ele>
        <time>2026-07-24T11:52:39.912Z</time>
      </trkpt>
      <trkpt lat="53.644880" lon="10.689935">
        <ele>20.546937</ele>
        <time>2026-07-24T11:52:48.930Z</time>
      </trkpt>
      <trkpt lat="53.644960" lon="10.689505">
        <ele>21.464224</ele>
        <time>2026-07-24T11:52:54.947Z</time>
      </trkpt>
      <trkpt lat="53.645481" lon="10.688495">
        <ele>27.502512</ele>
        <time>2026-07-24T11:53:32.657Z</time>
      </trkpt>
      <trkpt lat="53.645658" lon="10.688247">
        <ele>29.237646</ele>
        <time>2026-07-24T11:53:43.893Z</time>
      </trkpt>
      <trkpt lat="53.646282" lon="10.687486">
        <ele>32.149129</ele>
        <time>2026-07-24T11:54:06.205Z</time>
      </trkpt>
      <trkpt lat="53.646814" lon="10.687042">
        <ele>33.862922</ele>
        <time>2026-07-24T11:54:21.867Z</time>
      </trkpt>
      <trkpt lat="53.648757" lon="10.684819">
        <ele>37.664712</ele>
        <time>2026-07-24T11:55:12.059Z</time>
      </trkpt>
      <trkpt lat="53.649997" lon="10.683476">
        <ele>39.504361</ele>
        <time>2026-07-24T11:55:40.946Z</time>
      </trkpt>
      <trkpt lat="53.650415" lon="10.683249">
        <ele>40.108178</ele>
        <time>2026-07-24T11:55:50.004Z</time>
      </trkpt>
      <trkpt lat="53.654247" lon="10.681060">
        <ele>46.522036</ele>
        <time>2026-07-24T11:57:16.039Z</time>
      </trkpt>
      <trkpt lat="53.654550" lon="10.680985">
        <ele>46.445011</ele>
        <time>2026-07-24T11:57:19.844Z</time>
      </trkpt>
      <trkpt lat="53.654941" lon="10.680935">
        <ele>46.455468</ele>
        <time>2026-07-24T11:57:26.324Z</time>
      </trkpt>
      <trkpt lat="53.655554" lon="10.680442">
        <ele>45.818834</ele>
        <time>2026-07-24T11:57:34.388Z</time>
      </trkpt>
      <trkpt lat="53.656037" lon="10.679894">
        <ele>47.158926</ele>
        <time>2026-07-24T11:57:48.641Z</time>
      </trkpt>
      <trkpt lat="53.656334" lon="10.679311">
        <ele>48.856407</ele>
        <time>2026-07-24T11:58:01.744Z</time>
      </trkpt>
      <trkpt lat="53.656645" lon="10.678540">
        <ele>52.191792</ele>
        <time>2026-07-24T11:58:24.577Z</time>
      </trkpt>
      <trkpt lat="53.656978" lon="10.677458">
        <ele>54.892105</ele>
        <time>2026-07-24T11:58:46.504Z</time>
      </trkpt>
      <trkpt lat="53.657891" lon="10.675178">
        <ele>57.026077</ele>
        <time>2026-07-24T11:59:17.724Z</time>
      </trkpt>
      <trkpt lat="53.658413" lon="10.674376">
        <ele>59.249453</ele>
        <time>2026-07-24T11:59:37.658Z</time>
      </trkpt>
      <trkpt lat="53.659050" lon="10.673809">
        <ele>60.974587</ele>
        <time>2026-07-24T11:59:55.314Z</time>
      </trkpt>
      <trkpt lat="53.659260" lon="10.673583">
        <ele>61.366968</ele>
        <time>2026-07-24T12:00:00.781Z</time>
      </trkpt>
      <trkpt lat="53.661515" lon="10.671744">
        <ele>62.774348</ele>
        <time>2026-07-24T12:00:43.867Z</time>
      </trkpt>
      <trkpt lat="53.664127" lon="10.668470">
        <ele>56.820923</ele>
        <time>2026-07-24T12:01:20.067Z</time>
      </trkpt>
      <trkpt lat="53.665485" lon="10.666905">
        <ele>51.474133</ele>
        <time>2026-07-24T12:01:36.600Z</time>
      </trkpt>
      <trkpt lat="53.665569" lon="10.666808">
        <ele>51.411266</ele>
        <time>2026-07-24T12:01:37.846Z</time>
      </trkpt>
      <trkpt lat="53.665766" lon="10.666595">
        <ele>51.375016</ele>
        <time>2026-07-24T12:01:41.512Z</time>
      </trkpt>
      <trkpt lat="53.665960" lon="10.666501">
        <ele>51.345867</ele>
        <time>2026-07-24T12:01:44.588Z</time>
      </trkpt>
      <trkpt lat="53.666234" lon="10.666682">
        <ele>51.073449</ele>
        <time>2026-07-24T12:01:48.230Z</time>
      </trkpt>
      <trkpt lat="53.666428" lon="10.666731">
        <ele>50.802341</ele>
        <time>2026-07-24T12:01:50.465Z</time>
      </trkpt>
      <trkpt lat="53.666831" lon="10.666636">
        <ele>50.202372</ele>
        <time>2026-07-24T12:01:55.131Z</time>
      </trkpt>
      <trkpt lat="53.667032" lon="10.666521">
        <ele>49.855859</ele>
        <time>2026-07-24T12:01:57.633Z</time>
      </trkpt>
      <trkpt lat="53.667168" lon="10.666389">
        <ele>49.534462</ele>
        <time>2026-07-24T12:01:59.382Z</time>
      </trkpt>
      <trkpt lat="53.667293" lon="10.666268">
        <ele>48.934272</ele>
        <time>2026-07-24T12:02:00.766Z</time>
      </trkpt>
      <trkpt lat="53.667521" lon="10.666052">
        <ele>47.790068</ele>
        <time>2026-07-24T12:02:03.252Z</time>
      </trkpt>
      <trkpt lat="53.667758" lon="10.666015">
        <ele>46.987682</ele>
        <time>2026-07-24T12:02:05.672Z</time>
      </trkpt>
      <trkpt lat="53.667967" lon="10.666062">
        <ele>46.264646</ele>
        <time>2026-07-24T12:02:07.824Z</time>
      </trkpt>
      <trkpt lat="53.668445" lon="10.666707">
        <ele>43.994620</ele>
        <time>2026-07-24T12:02:13.763Z</time>
      </trkpt>
      <trkpt lat="53.668480" lon="10.666755">
        <ele>43.886614</ele>
        <time>2026-07-24T12:02:14.284Z</time>
      </trkpt>
      <trkpt lat="53.668742" lon="10.667115">
        <ele>43.892883</ele>
        <time>2026-07-24T12:02:19.663Z</time>
      </trkpt>
      <trkpt lat="53.668822" lon="10.667239">
        <ele>44.101805</ele>
        <time>2026-07-24T12:02:22.180Z</time>
      </trkpt>
      <trkpt lat="53.669030" lon="10.667605">
        <ele>44.931766</ele>
        <time>2026-07-24T12:02:30.618Z</time>
      </trkpt>
      <trkpt lat="53.669157" lon="10.667832">
        <ele>45.226873</ele>
        <time>2026-07-24T12:02:34.192Z</time>
      </trkpt>
      <trkpt lat="53.669259" lon="10.668015">
        <ele>45.406856</ele>
        <time>2026-07-24T12:02:37.502Z</time>
      </trkpt>
      <trkpt lat="53.669543" lon="10.668524">
        <ele>45.647390</ele>
        <time>2026-07-24T12:02:44.013Z</time>
      </trkpt>
      <trkpt lat="53.669636" lon="10.668799">
        <ele>45.840149</ele>
        <time>2026-07-24T12:02:47.731Z</time>
      </trkpt>
      <trkpt lat="53.669812" lon="10.669412">
        <ele>46.559654</ele>
        <time>2026-07-24T12:02:56.843Z</time>
      </trkpt>
      <trkpt lat="53.669910" lon="10.669650">
        <ele>46.628070</ele>
        <time>2026-07-24T12:02:59.734Z</time>
      </trkpt>
      <trkpt lat="53.670011" lon="10.669795">
        <ele>46.602436</ele>
        <time>2026-07-24T12:03:01.469Z</time>
      </trkpt>
      <trkpt lat="53.671059" lon="10.670663">
        <ele>45.875370</ele>
        <time>2026-07-24T12:03:16.520Z</time>
      </trkpt>
      <trkpt lat="53.671216" lon="10.670852">
        <ele>45.719555</ele>
        <time>2026-07-24T12:03:18.882Z</time>
      </trkpt>
      <trkpt lat="53.671274" lon="10.670946">
        <ele>45.654167</ele>
        <time>2026-07-24T12:03:19.817Z</time>
      </trkpt>
      <trkpt lat="53.672189" lon="10.673288">
        <ele>45.720775</ele>
        <time>2026-07-24T12:03:44.662Z</time>
      </trkpt>
      <trkpt lat="53.673121" lon="10.675453">
        <ele>49.703593</ele>
        <time>2026-07-24T12:04:24.978Z</time>
      </trkpt>
      <trkpt lat="53.673572" lon="10.676555">
        <ele>50.419066</ele>
        <time>2026-07-24T12:04:38.953Z</time>
      </trkpt>
      <trkpt lat="53.674826" lon="10.679569">
        <ele>53.008590</ele>
        <time>2026-07-24T12:05:21.462Z</time>
      </trkpt>
      <trkpt lat="53.675139" lon="10.680240">
        <ele>53.963851</ele>
        <time>2026-07-24T12:05:34.236Z</time>
      </trkpt>
      <trkpt lat="53.676439" lon="10.679734">
        <ele>51.553843</ele>
        <time>2026-07-24T12:05:48.877Z</time>
      </trkpt>
      <trkpt lat="53.677856" lon="10.679170">
        <ele>50.011956</ele>
        <time>2026-07-24T12:06:06.586Z</time>
      </trkpt>
      <trkpt lat="53.678265" lon="10.678933">
        <ele>49.681327</ele>
        <time>2026-07-24T12:06:11.999Z</time>
      </trkpt>
      <trkpt lat="53.680011" lon="10.677744">
        <ele>47.296915</ele>
        <time>2026-07-24T12:06:34.132Z</time>
      </trkpt>
      <trkpt lat="53.680426" lon="10.677529">
        <ele>47.439683</ele>
        <time>2026-07-24T12:06:41.260Z</time>
      </trkpt>
      <trkpt lat="53.680964" lon="10.677330">
        <ele>47.986267</ele>
        <time>2026-07-24T12:06:52.098Z</time>
      </trkpt>
      <trkpt lat="53.681323" lon="10.677129">
        <ele>48.109506</ele>
        <time>2026-07-24T12:06:58.738Z</time>
      </trkpt>
      <trkpt lat="53.682293" lon="10.676005">
        <ele>46.770593</ele>
        <time>2026-07-24T12:07:12.633Z</time>
      </trkpt>
      <trkpt lat="53.682368" lon="10.675886">
        <ele>46.617386</ele>
        <time>2026-07-24T12:07:13.801Z</time>
      </trkpt>
      <trkpt lat="53.682530" lon="10.675510">
        <ele>46.220844</ele>
        <time>2026-07-24T12:07:16.940Z</time>
      </trkpt>
      <trkpt lat="53.682715" lon="10.674779">
        <ele>45.735278</ele>
        <time>2026-07-24T12:07:22.637Z</time>
      </trkpt>
      <trkpt lat="53.682836" lon="10.673986">
        <ele>45.433489</ele>
        <time>2026-07-24T12:07:28.964Z</time>
      </trkpt>
      <trkpt lat="53.682922" lon="10.673118">
        <ele>45.424994</ele>
        <time>2026-07-24T12:07:36.847Z</time>
      </trkpt>
      <trkpt lat="53.683047" lon="10.672469">
        <ele>45.685610</ele>
        <time>2026-07-24T12:07:43.908Z</time>
      </trkpt>
      <trkpt lat="53.683887" lon="10.669793">
        <ele>46.477765</ele>
        <time>2026-07-24T12:08:13.842Z</time>
      </trkpt>
      <trkpt lat="53.683957" lon="10.669608">
        <ele>46.496399</ele>
        <time>2026-07-24T12:08:15.761Z</time>
      </trkpt>
      <trkpt lat="53.684090" lon="10.669369">
        <ele>46.479007</ele>
        <time>2026-07-24T12:08:18.480Z</time>
      </trkpt>
      <trkpt lat="53.684449" lon="10.669131">
        <ele>46.313919</ele>
        <time>2026-07-24T12:08:23.660Z</time>
      </trkpt>
      <trkpt lat="53.684505" lon="10.669064">
        <ele>46.296881</ele>
        <time>2026-07-24T12:08:24.542Z</time>
      </trkpt>
      <trkpt lat="53.684663" lon="10.669146">
        <ele>46.281273</ele>
        <time>2026-07-24T12:08:26.816Z</time>
      </trkpt>
      <trkpt lat="53.684889" lon="10.669056">
        <ele>46.602270</ele>
        <time>2026-07-24T12:08:31.694Z</time>
      </trkpt>
      <trkpt lat="53.685325" lon="10.668773">
        <ele>47.370906</ele>
        <time>2026-07-24T12:08:41.848Z</time>
      </trkpt>
      <trkpt lat="53.686914" lon="10.667551">
        <ele>48.666344</ele>
        <time>2026-07-24T12:09:13.096Z</time>
      </trkpt>
      <trkpt lat="53.687231" lon="10.667408">
        <ele>48.702051</ele>
        <time>2026-07-24T12:09:17.736Z</time>
      </trkpt>
      <trkpt lat="53.690172" lon="10.666761">
        <ele>48.781662</ele>
        <time>2026-07-24T12:10:02.273Z</time>
      </trkpt>
      <trkpt lat="53.691309" lon="10.666696">
        <ele>48.527231</ele>
        <time>2026-07-24T12:10:18.289Z</time>
      </trkpt>
      <trkpt lat="53.692391" lon="10.666809">
        <ele>47.622777</ele>
        <time>2026-07-24T12:10:31.704Z</time>
      </trkpt>
      <trkpt lat="53.693244" lon="10.666969">
        <ele>47.122781</ele>
        <time>2026-07-24T12:10:42.927Z</time>
      </trkpt>
      <trkpt lat="53.693441" lon="10.666951">
        <ele>47.100087</ele>
        <time>2026-07-24T12:10:45.816Z</time>
      </trkpt>
      <trkpt lat="53.693682" lon="10.666835">
        <ele>47.120376</ele>
        <time>2026-07-24T12:10:49.740Z</time>
      </trkpt>
      <trkpt lat="53.694241" lon="10.666434">
        <ele>47.384547</ele>
        <time>2026-07-24T12:10:59.611Z</time>
      </trkpt>
      <trkpt lat="53.694924" lon="10.665771">
        <ele>47.478770</ele>
        <time>2026-07-24T12:11:11.686Z</time>
      </trkpt>
      <trkpt lat="53.695262" lon="10.665589">
        <ele>47.452627</ele>
        <time>2026-07-24T12:11:16.891Z</time>
      </trkpt>
      <trkpt lat="53.696341" lon="10.665321">
        <ele>48.764312</ele>
        <time>2026-07-24T12:11:38.086Z</time>
      </trkpt>
      <trkpt lat="53.696612" lon="10.665268">
        <ele>49.387140</ele>
        <time>2026-07-24T12:11:44.800Z</time>
      </trkpt>
      <trkpt lat="53.696795" lon="10.665337">
        <ele>49.780926</ele>
        <time>2026-07-24T12:11:49.121Z</time>
      </trkpt>
      <trkpt lat="53.697711" lon="10.666141">
        <ele>51.617081</ele>
        <time>2026-07-24T12:12:11.930Z</time>
      </trkpt>
      <trkpt lat="53.697961" lon="10.666395">
        <ele>52.126771</ele>
        <time>2026-07-24T12:12:18.400Z</time>
      </trkpt>
      <trkpt lat="53.698391" lon="10.666802">
        <ele>52.440354</ele>
        <time>2026-07-24T12:12:27.151Z</time>
      </trkpt>
      <trkpt lat="53.698572" lon="10.666955">
        <ele>52.330687</ele>
        <time>2026-07-24T12:12:29.613Z</time>
      </trkpt>
      <trkpt lat="53.699072" lon="10.667405">
        <ele>52.208969</ele>
        <time>2026-07-24T12:12:37.662Z</time>
      </trkpt>
      <trkpt lat="53.699201" lon="10.667623">
        <ele>52.225930</ele>
        <time>2026-07-24T12:12:40.209Z</time>
      </trkpt>
      <trkpt lat="53.699294" lon="10.667715">
        <ele>52.329365</ele>
        <time>2026-07-24T12:12:42.031Z</time>
      </trkpt>
      <trkpt lat="53.699346" lon="10.667709">
        <ele>52.379387</ele>
        <time>2026-07-24T12:12:43.124Z</time>
      </trkpt>
      <trkpt lat="53.699447" lon="10.667530">
        <ele>52.700629</ele>
        <time>2026-07-24T12:12:46.796Z</time>
      </trkpt>
      <trkpt lat="53.699713" lon="10.666903">
        <ele>53.834681</ele>
        <time>2026-07-24T12:12:58.282Z</time>
      </trkpt>
      <trkpt lat="53.700179" lon="10.665363">
        <ele>55.360562</ele>
        <time>2026-07-24T12:13:19.722Z</time>
      </trkpt>
      <trkpt lat="53.700455" lon="10.664480">
        <ele>55.549876</ele>
        <time>2026-07-24T12:13:29.340Z</time>
      </trkpt>
      <trkpt lat="53.700648" lon="10.664079">
        <ele>55.399591</ele>
        <time>2026-07-24T12:13:33.248Z</time>
      </trkpt>
      <trkpt lat="53.701075" lon="10.663365">
        <ele>54.928991</ele>
        <time>2026-07-24T12:13:40.841Z</time>
      </trkpt>
      <trkpt lat="53.701899" lon="10.662180">
        <ele>52.643698</ele>
        <time>2026-07-24T12:13:52.683Z</time>
      </trkpt>
      <trkpt lat="53.702334" lon="10.661466">
        <ele>50.790627</ele>
        <time>2026-07-24T12:13:58.799Z</time>
      </trkpt>
      <trkpt lat="53.702734" lon="10.660699">
        <ele>48.837783</ele>
        <time>2026-07-24T12:14:04.919Z</time>
      </trkpt>
      <trkpt lat="53.702748" lon="10.660663">
        <ele>48.770650</ele>
        <time>2026-07-24T12:14:05.212Z</time>
      </trkpt>
      <trkpt lat="53.702794" lon="10.660544">
        <ele>48.609982</ele>
        <time>2026-07-24T12:14:06.225Z</time>
      </trkpt>
      <trkpt lat="53.703462" lon="10.658629">
        <ele>46.147857</ele>
        <time>2026-07-24T12:14:20.767Z</time>
      </trkpt>
      <trkpt lat="53.704998" lon="10.653808">
        <ele>42.496220</ele>
        <time>2026-07-24T12:14:59.509Z</time>
      </trkpt>
      <trkpt lat="53.705410" lon="10.652753">
        <ele>44.279457</ele>
        <time>2026-07-24T12:15:18.604Z</time>
      </trkpt>
      <trkpt lat="53.705745" lon="10.652111">
        <ele>45.172529</ele>
        <time>2026-07-24T12:15:29.932Z</time>
      </trkpt>
      <trkpt lat="53.705979" lon="10.651775">
        <ele>45.023374</ele>
        <time>2026-07-24T12:15:34.012Z</time>
      </trkpt>
      <trkpt lat="53.706556" lon="10.651195">
        <ele>43.596129</ele>
        <time>2026-07-24T12:15:41.282Z</time>
      </trkpt>
      <trkpt lat="53.707028" lon="10.650923">
        <ele>41.731219</ele>
        <time>2026-07-24T12:15:46.149Z</time>
      </trkpt>
      <trkpt lat="53.707801" lon="10.650580">
        <ele>39.216224</ele>
        <time>2026-07-24T12:15:54.246Z</time>
      </trkpt>
      <trkpt lat="53.708239" lon="10.650427">
        <ele>38.630054</ele>
        <time>2026-07-24T12:15:59.708Z</time>
      </trkpt>
      <trkpt lat="53.709168" lon="10.650110">
        <ele>37.539706</ele>
        <time>2026-07-24T12:16:11.651Z</time>
      </trkpt>
      <trkpt lat="53.711675" lon="10.649302">
        <ele>19.207104</ele>
        <time>2026-07-24T12:16:34.434Z</time>
      </trkpt>
      <trkpt lat="53.712143" lon="10.649043">
        <ele>15.747620</ele>
        <time>2026-07-24T12:16:38.857Z</time>
      </trkpt>
      <trkpt lat="53.712606" lon="10.648625">
        <ele>12.857030</ele>
        <time>2026-07-24T12:16:43.676Z</time>
      </trkpt>
      <trkpt lat="53.712798" lon="10.648422">
        <ele>12.373268</ele>
        <time>2026-07-24T12:16:46.428Z</time>
      </trkpt>
      <trkpt lat="53.712968" lon="10.648256">
        <ele>12.233003</ele>
        <time>2026-07-24T12:16:49.299Z</time>
      </trkpt>
      <trkpt lat="53.713510" lon="10.647797">
        <ele>11.727736</ele>
        <time>2026-07-24T12:16:56.625Z</time>
      </trkpt>
      <trkpt lat="53.714106" lon="10.647467">
        <ele>11.641654</ele>
        <time>2026-07-24T12:17:05.617Z</time>
      </trkpt>
      <trkpt lat="53.714226" lon="10.647403">
        <ele>11.859337</ele>
        <time>2026-07-24T12:17:08.122Z</time>
      </trkpt>
      <trkpt lat="53.714441" lon="10.647303">
        <ele>12.404733</ele>
        <time>2026-07-24T12:17:14.294Z</time>
      </trkpt>
      <trkpt lat="53.714795" lon="10.647065">
        <ele>13.094367</ele>
        <time>2026-07-24T12:17:22.808Z</time>
      </trkpt>
      <trkpt lat="53.715103" lon="10.646783">
        <ele>12.705851</ele>
        <time>2026-07-24T12:17:26.983Z</time>
      </trkpt>
      <trkpt lat="53.715361" lon="10.646498">
        <ele>11.921200</ele>
        <time>2026-07-24T12:17:30.212Z</time>
      </trkpt>
      <trkpt lat="53.715427" lon="10.646376">
        <ele>11.605174</ele>
        <time>2026-07-24T12:17:31.223Z</time>
      </trkpt>
      <trkpt lat="53.715529" lon="10.646200">
        <ele>11.128816</ele>
        <time>2026-07-24T12:17:32.666Z</time>
      </trkpt>
      <trkpt lat="53.715780" lon="10.645762">
        <ele>9.916319</ele>
        <time>2026-07-24T12:17:36.268Z</time>
      </trkpt>
      <trkpt lat="53.715947" lon="10.645576">
        <ele>9.402380</ele>
        <time>2026-07-24T12:17:38.323Z</time>
      </trkpt>
      <trkpt lat="53.716051" lon="10.645506">
        <ele>9.230012</ele>
        <time>2026-07-24T12:17:39.661Z</time>
      </trkpt>
      <trkpt lat="53.716122" lon="10.645471">
        <ele>9.343426</ele>
        <time>2026-07-24T12:17:40.955Z</time>
      </trkpt>
      <trkpt lat="53.716422" lon="10.645395">
        <ele>10.068654</ele>
        <time>2026-07-24T12:17:48.737Z</time>
      </trkpt>
      <trkpt lat="53.716640" lon="10.645398">
        <ele>10.928425</ele>
        <time>2026-07-24T12:17:55.653Z</time>
      </trkpt>
      <trkpt lat="53.716960" lon="10.645463">
        <ele>12.330869</ele>
        <time>2026-07-24T12:18:06.226Z</time>
      </trkpt>
      <trkpt lat="53.717451" lon="10.645596">
        <ele>13.899650</ele>
        <time>2026-07-24T12:18:22.460Z</time>
      </trkpt>
      <trkpt lat="53.717768" lon="10.645764">
        <ele>14.896446</ele>
        <time>2026-07-24T12:18:33.055Z</time>
      </trkpt>
      <trkpt lat="53.718116" lon="10.646008">
        <ele>15.984406</ele>
        <time>2026-07-24T12:18:45.132Z</time>
      </trkpt>
      <trkpt lat="53.719097" lon="10.646976">
        <ele>18.885453</ele>
        <time>2026-07-24T12:19:20.218Z</time>
      </trkpt>
      <trkpt lat="53.721104" lon="10.649047">
        <ele>20.256368</ele>
        <time>2026-07-24T12:20:12.647Z</time>
      </trkpt>
      <trkpt lat="53.721427" lon="10.649381">
        <ele>20.050211</ele>
        <time>2026-07-24T12:20:19.622Z</time>
      </trkpt>
      <trkpt lat="53.721622" lon="10.648782">
        <ele>19.966477</ele>
        <time>2026-07-24T12:20:25.846Z</time>
      </trkpt>
      <trkpt lat="53.721723" lon="10.648625">
        <ele>19.808109</ele>
        <time>2026-07-24T12:20:27.371Z</time>
      </trkpt>
      <trkpt lat="53.721883" lon="10.648559">
        <ele>19.464640</ele>
        <time>2026-07-24T12:20:29.129Z</time>
      </trkpt>
      <trkpt lat="53.722088" lon="10.648664">
        <ele>18.837748</ele>
        <time>2026-07-24T12:20:31.389Z</time>
      </trkpt>
      <trkpt lat="53.722537" lon="10.649024">
        <ele>16.792392</ele>
        <time>2026-07-24T12:20:36.197Z</time>
      </trkpt>
      <trkpt lat="53.722663" lon="10.649083">
        <ele>16.253928</ele>
        <time>2026-07-24T12:20:37.458Z</time>
      </trkpt>
      <trkpt lat="53.722832" lon="10.649103">
        <ele>15.743086</ele>
        <time>2026-07-24T12:20:39.123Z</time>
      </trkpt>
      <trkpt lat="53.723669" lon="10.648982">
        <ele>14.309407</ele>
        <time>2026-07-24T12:20:48.683Z</time>
      </trkpt>
      <trkpt lat="53.723836" lon="10.649006">
        <ele>14.434958</ele>
        <time>2026-07-24T12:20:51.823Z</time>
      </trkpt>
      <trkpt lat="53.725085" lon="10.649471">
        <ele>16.527797</ele>
        <time>2026-07-24T12:21:19.172Z</time>
      </trkpt>
      <trkpt lat="53.725271" lon="10.649500">
        <ele>16.894276</ele>
        <time>2026-07-24T12:21:23.383Z</time>
      </trkpt>
      <trkpt lat="53.725712" lon="10.649438">
        <ele>17.780245</ele>
        <time>2026-07-24T12:21:33.698Z</time>
      </trkpt>
      <trkpt lat="53.725864" lon="10.649377">
        <ele>18.045572</ele>
        <time>2026-07-24T12:21:37.071Z</time>
      </trkpt>
      <trkpt lat="53.726653" lon="10.648926">
        <ele>18.212259</ele>
        <time>2026-07-24T12:21:50.473Z</time>
      </trkpt>
      <trkpt lat="53.726712" lon="10.648894">
        <ele>18.188936</ele>
        <time>2026-07-24T12:21:51.185Z</time>
      </trkpt>
      <trkpt lat="53.727015" lon="10.648733">
        <ele>17.741711</ele>
        <time>2026-07-24T12:21:54.725Z</time>
      </trkpt>
      <trkpt lat="53.727371" lon="10.648599">
        <ele>17.363272</ele>
        <time>2026-07-24T12:21:59.341Z</time>
      </trkpt>
      <trkpt lat="53.727677" lon="10.648530">
        <ele>16.812504</ele>
        <time>2026-07-24T12:22:02.749Z</time>
      </trkpt>
      <trkpt lat="53.728292" lon="10.648636">
        <ele>15.716077</ele>
        <time>2026-07-24T12:22:09.697Z</time>
      </trkpt>
      <trkpt lat="53.728715" lon="10.648523">
        <ele>15.099798</ele>
        <time>2026-07-24T12:22:14.653Z</time>
      </trkpt>
      <trkpt lat="53.729439" lon="10.648023">
        <ele>14.044317</ele>
        <time>2026-07-24T12:22:23.721Z</time>
      </trkpt>
      <trkpt lat="53.729554" lon="10.647982">
        <ele>13.944671</ele>
        <time>2026-07-24T12:22:25.171Z</time>
      </trkpt>
      <trkpt lat="53.729816" lon="10.648022">
        <ele>14.089046</ele>
        <time>2026-07-24T12:22:29.646Z</time>
      </trkpt>
      <trkpt lat="53.729887" lon="10.648089">
        <ele>14.226504</ele>
        <time>2026-07-24T12:22:31.562Z</time>
      </trkpt>
      <trkpt lat="53.730284" lon="10.648599">
        <ele>15.135759</ele>
        <time>2026-07-24T12:22:43.200Z</time>
      </trkpt>
      <trkpt lat="53.730437" lon="10.648859">
        <ele>15.303658</ele>
        <time>2026-07-24T12:22:46.716Z</time>
      </trkpt>
      <trkpt lat="53.730622" lon="10.649293">
        <ele>15.569374</ele>
        <time>2026-07-24T12:22:52.313Z</time>
      </trkpt>
      <trkpt lat="53.730696" lon="10.649426">
        <ele>15.771610</ele>
        <time>2026-07-24T12:22:54.643Z</time>
      </trkpt>
      <trkpt lat="53.730767" lon="10.649554">
        <ele>15.977893</ele>
        <time>2026-07-24T12:22:57.302Z</time>
      </trkpt>
      <trkpt lat="53.730942" lon="10.649691">
        <ele>16.405177</ele>
        <time>2026-07-24T12:23:02.067Z</time>
      </trkpt>
      <trkpt lat="53.731075" lon="10.649673">
        <ele>16.444649</ele>
        <time>2026-07-24T12:23:03.880Z</time>
      </trkpt>
      <trkpt lat="53.731206" lon="10.649760">
        <ele>16.536854</ele>
        <time>2026-07-24T12:23:06.408Z</time>
      </trkpt>
      <trkpt lat="53.731702" lon="10.650261">
        <ele>17.201898</ele>
        <time>2026-07-24T12:23:18.139Z</time>
      </trkpt>
      <trkpt lat="53.732331" lon="10.650874">
        <ele>16.677835</ele>
        <time>2026-07-24T12:23:27.168Z</time>
      </trkpt>
      <trkpt lat="53.732558" lon="10.651076">
        <ele>16.295472</ele>
        <time>2026-07-24T12:23:30.127Z</time>
      </trkpt>
      <trkpt lat="53.732729" lon="10.651184">
        <ele>15.993847</ele>
        <time>2026-07-24T12:23:32.176Z</time>
      </trkpt>
      <trkpt lat="53.733045" lon="10.651313">
        <ele>15.435541</ele>
        <time>2026-07-24T12:23:35.850Z</time>
      </trkpt>
      <trkpt lat="53.733683" lon="10.651558">
        <ele>14.544360</ele>
        <time>2026-07-24T12:23:43.493Z</time>
      </trkpt>
      <trkpt lat="53.733751" lon="10.651491">
        <ele>14.482271</ele>
        <time>2026-07-24T12:23:44.406Z</time>
      </trkpt>
      <trkpt lat="53.733826" lon="10.651533">
        <ele>14.432013</ele>
        <time>2026-07-24T12:23:45.438Z</time>
      </trkpt>
      <trkpt lat="53.734280" lon="10.651564">
        <ele>14.863471</ele>
        <time>2026-07-24T12:23:54.027Z</time>
      </trkpt>
      <trkpt lat="53.734860" lon="10.651544">
        <ele>16.403458</ele>
        <time>2026-07-24T12:24:09.029Z</time>
      </trkpt>
      <trkpt lat="53.735280" lon="10.651655">
        <ele>17.629424</ele>
        <time>2026-07-24T12:24:19.962Z</time>
      </trkpt>
      <trkpt lat="53.735542" lon="10.651757">
        <ele>18.465829</ele>
        <time>2026-07-24T12:24:27.373Z</time>
      </trkpt>
      <trkpt lat="53.735864" lon="10.651939">
        <ele>19.185141</ele>
        <time>2026-07-24T12:24:36.181Z</time>
      </trkpt>
      <trkpt lat="53.735838" lon="10.652119">
        <ele>19.086117</ele>
        <time>2026-07-24T12:24:37.592Z</time>
      </trkpt>
      <trkpt lat="53.736193" lon="10.652417">
        <ele>18.033386</ele>
        <time>2026-07-24T12:24:41.443Z</time>
      </trkpt>
      <trkpt lat="53.736946" lon="10.653280">
        <ele>17.356977</ele>
        <time>2026-07-24T12:24:53.341Z</time>
      </trkpt>
      <trkpt lat="53.737226" lon="10.653509">
        <ele>17.873409</ele>
        <time>2026-07-24T12:25:01.029Z</time>
      </trkpt>
      <trkpt lat="53.737679" lon="10.653704">
        <ele>18.633506</ele>
        <time>2026-07-24T12:25:10.799Z</time>
      </trkpt>
      <trkpt lat="53.738663" lon="10.654117">
        <ele>21.173729</ele>
        <time>2026-07-24T12:25:36.280Z</time>
      </trkpt>
      <trkpt lat="53.738903" lon="10.654127">
        <ele>21.449581</ele>
        <time>2026-07-24T12:25:40.623Z</time>
      </trkpt>
      <trkpt lat="53.739190" lon="10.654302">
        <ele>21.755140</ele>
        <time>2026-07-24T12:25:46.470Z</time>
      </trkpt>
      <trkpt lat="53.739685" lon="10.654484">
        <ele>21.777087</ele>
        <time>2026-07-24T12:25:53.859Z</time>
      </trkpt>
      <trkpt lat="53.740304" lon="10.654480">
        <ele>21.502603</ele>
        <time>2026-07-24T12:26:02.336Z</time>
      </trkpt>
      <trkpt lat="53.740786" lon="10.654323">
        <ele>21.276028</ele>
        <time>2026-07-24T12:26:08.750Z</time>
      </trkpt>
      <trkpt lat="53.741073" lon="10.654334">
        <ele>21.039429</ele>
        <time>2026-07-24T12:26:12.265Z</time>
      </trkpt>
      <trkpt lat="53.741671" lon="10.654206">
        <ele>20.744539</ele>
        <time>2026-07-24T12:26:20.232Z</time>
      </trkpt>
      <trkpt lat="53.742484" lon="10.654333">
        <ele>21.302653</ele>
        <time>2026-07-24T12:26:34.957Z</time>
      </trkpt>
      <trkpt lat="53.743614" lon="10.654616">
        <ele>22.090917</ele>
        <time>2026-07-24T12:26:55.545Z</time>
      </trkpt>
      <trkpt lat="53.744819" lon="10.654970">
        <ele>20.324613</ele>
        <time>2026-07-24T12:27:09.376Z</time>
      </trkpt>
      <trkpt lat="53.746443" lon="10.655681">
        <ele>21.077533</ele>
        <time>2026-07-24T12:27:37.923Z</time>
      </trkpt>
      <trkpt lat="53.747457" lon="10.656079">
        <ele>21.230725</ele>
        <time>2026-07-24T12:27:53.835Z</time>
      </trkpt>
      <trkpt lat="53.748561" lon="10.656286">
        <ele>21.626104</ele>
        <time>2026-07-24T12:28:12.602Z</time>
      </trkpt>
      <trkpt lat="53.749568" lon="10.656626">
        <ele>19.516196</ele>
        <time>2026-07-24T12:28:23.628Z</time>
      </trkpt>
      <trkpt lat="53.750960" lon="10.657295">
        <ele>19.897704</ele>
        <time>2026-07-24T12:28:47.323Z</time>
      </trkpt>
      <trkpt lat="53.751529" lon="10.657445">
        <ele>19.220823</ele>
        <time>2026-07-24T12:28:54.083Z</time>
      </trkpt>
      <trkpt lat="53.753417" lon="10.657206">
        <ele>17.526974</ele>
        <time>2026-07-24T12:29:17.415Z</time>
      </trkpt>
      <trkpt lat="53.753725" lon="10.657205">
        <ele>17.431573</ele>
        <time>2026-07-24T12:29:21.675Z</time>
      </trkpt>
      <trkpt lat="53.757151" lon="10.658307">
        <ele>18.290076</ele>
        <time>2026-07-24T12:30:17.281Z</time>
      </trkpt>
      <trkpt lat="53.757501" lon="10.658355">
        <ele>18.300000</ele>
        <time>2026-07-24T12:30:22.228Z</time>
      </trkpt>
      <trkpt lat="53.757855" lon="10.658277">
        <ele>18.278210</ele>
        <time>2026-07-24T12:30:27.486Z</time>
      </trkpt>
      <trkpt lat="53.758069" lon="10.658184">
        <ele>18.212364</ele>
        <time>2026-07-24T12:30:30.506Z</time>
      </trkpt>
      <trkpt lat="53.759185" lon="10.657452">
        <ele>17.913821</ele>
        <time>2026-07-24T12:30:47.276Z</time>
      </trkpt>
      <trkpt lat="53.759569" lon="10.657183">
        <ele>17.776399</ele>
        <time>2026-07-24T12:30:53.374Z</time>
      </trkpt>
      <trkpt lat="53.760563" lon="10.656592">
        <ele>16.449476</ele>
        <time>2026-07-24T12:31:05.612Z</time>
      </trkpt>
      <trkpt lat="53.760738" lon="10.656550">
        <ele>16.372859</ele>
        <time>2026-07-24T12:31:08.307Z</time>
      </trkpt>
      <trkpt lat="53.761062" lon="10.656642">
        <ele>16.124585</ele>
        <time>2026-07-24T12:31:12.403Z</time>
      </trkpt>
      <trkpt lat="53.761266" lon="10.656802">
        <ele>15.962352</ele>
        <time>2026-07-24T12:31:15.227Z</time>
      </trkpt>
      <trkpt lat="53.761674" lon="10.657301">
        <ele>15.512211</ele>
        <time>2026-07-24T12:31:21.416Z</time>
      </trkpt>
      <trkpt lat="53.761794" lon="10.657323">
        <ele>15.414176</ele>
        <time>2026-07-24T12:31:22.898Z</time>
      </trkpt>
      <trkpt lat="53.761944" lon="10.657589">
        <ele>15.290572</ele>
        <time>2026-07-24T12:31:25.898Z</time>
      </trkpt>
      <trkpt lat="53.762261" lon="10.658392">
        <ele>14.890285</ele>
        <time>2026-07-24T12:31:33.117Z</time>
      </trkpt>
      <trkpt lat="53.762300" lon="10.658537">
        <ele>14.822762</ele>
        <time>2026-07-24T12:31:34.427Z</time>
      </trkpt>
      <trkpt lat="53.762409" lon="10.658945">
        <ele>14.775764</ele>
        <time>2026-07-24T12:31:38.030Z</time>
      </trkpt>
      <trkpt lat="53.762755" lon="10.660236">
        <ele>15.495011</ele>
        <time>2026-07-24T12:31:53.546Z</time>
      </trkpt>
      <trkpt lat="53.762859" lon="10.660625">
        <ele>15.731539</ele>
        <time>2026-07-24T12:31:58.243Z</time>
      </trkpt>
      <trkpt lat="53.762928" lon="10.660881">
        <ele>15.965093</ele>
        <time>2026-07-24T12:32:01.728Z</time>
      </trkpt>
      <trkpt lat="53.763098" lon="10.661439">
        <ele>16.254606</ele>
        <time>2026-07-24T12:32:08.598Z</time>
      </trkpt>
      <trkpt lat="53.763267" lon="10.661995">
        <ele>16.285439</ele>
        <time>2026-07-24T12:32:13.891Z</time>
      </trkpt>
      <trkpt lat="53.763417" lon="10.662333">
        <ele>16.238363</ele>
        <time>2026-07-24T12:32:17.315Z</time>
      </trkpt>
      <trkpt lat="53.763574" lon="10.662611">
        <ele>16.279211</ele>
        <time>2026-07-24T12:32:21.009Z</time>
      </trkpt>
      <trkpt lat="53.763811" lon="10.662967">
        <ele>16.273248</ele>
        <time>2026-07-24T12:32:25.804Z</time>
      </trkpt>
      <trkpt lat="53.764129" lon="10.663356">
        <ele>16.158195</ele>
        <time>2026-07-24T12:32:30.887Z</time>
      </trkpt>
      <trkpt lat="53.764444" lon="10.663654">
        <ele>16.316331</ele>
        <time>2026-07-24T12:32:36.979Z</time>
      </trkpt>
      <trkpt lat="53.764603" lon="10.663797">
        <ele>16.538848</ele>
        <time>2026-07-24T12:32:40.629Z</time>
      </trkpt>
      <trkpt lat="53.764726" lon="10.663957">
        <ele>16.774389</ele>
        <time>2026-07-24T12:32:44.018Z</time>
      </trkpt>
      <trkpt lat="53.764875" lon="10.664215">
        <ele>16.884506</ele>
        <time>2026-07-24T12:32:48.512Z</time>
      </trkpt>
      <trkpt lat="53.765143" lon="10.664969">
        <ele>16.418017</ele>
        <time>2026-07-24T12:32:54.548Z</time>
      </trkpt>
      <trkpt lat="53.765246" lon="10.665275">
        <ele>16.365462</ele>
        <time>2026-07-24T12:32:57.165Z</time>
      </trkpt>
      <trkpt lat="53.765429" lon="10.665788">
        <ele>16.989789</ele>
        <time>2026-07-24T12:33:05.734Z</time>
      </trkpt>
      <trkpt lat="53.765507" lon="10.665913">
        <ele>17.207521</ele>
        <time>2026-07-24T12:33:08.517Z</time>
      </trkpt>
      <trkpt lat="53.765622" lon="10.665989">
        <ele>17.295403</ele>
        <time>2026-07-24T12:33:10.817Z</time>
      </trkpt>
      <trkpt lat="53.765740" lon="10.666000">
        <ele>17.238773</ele>
        <time>2026-07-24T12:33:12.215Z</time>
      </trkpt>
      <trkpt lat="53.765848" lon="10.665939">
        <ele>17.134360</ele>
        <time>2026-07-24T12:33:13.494Z</time>
      </trkpt>
      <trkpt lat="53.766619" lon="10.665163">
        <ele>16.090314</ele>
        <time>2026-07-24T12:33:24.253Z</time>
      </trkpt>
      <trkpt lat="53.766720" lon="10.665059">
        <ele>15.946059</ele>
        <time>2026-07-24T12:33:25.637Z</time>
      </trkpt>
      <trkpt lat="53.769198" lon="10.662446">
        <ele>14.779565</ele>
        <time>2026-07-24T12:34:05.037Z</time>
      </trkpt>
      <trkpt lat="53.769273" lon="10.662635">
        <ele>14.830799</ele>
        <time>2026-07-24T12:34:16.424Z</time>
      </trkpt>
      <trkpt lat="53.769493" lon="10.662481">
        <ele>14.900000</ele>
        <time>2026-07-24T12:34:19.987Z</time>
      </trkpt>
      <trkpt lat="53.770241" lon="10.661806">
        <ele>14.923779</ele>
        <time>2026-07-24T12:34:32.526Z</time>
      </trkpt>
      <trkpt lat="53.771617" lon="10.660658">
        <ele>15.519641</ele>
        <time>2026-07-24T12:34:57.756Z</time>
      </trkpt>
      <trkpt lat="53.771794" lon="10.660490">
        <ele>15.690104</ele>
        <time>2026-07-24T12:35:01.446Z</time>
      </trkpt>
      <trkpt lat="53.772140" lon="10.659953">
        <ele>16.009310</ele>
        <time>2026-07-24T12:35:09.877Z</time>
      </trkpt>
      <trkpt lat="53.772453" lon="10.659196">
        <ele>16.448533</ele>
        <time>2026-07-24T12:35:19.659Z</time>
      </trkpt>
      <trkpt lat="53.772540" lon="10.659138">
        <ele>16.490882</ele>
        <time>2026-07-24T12:35:21.142Z</time>
      </trkpt>
      <trkpt lat="53.772973" lon="10.657853">
        <ele>16.504970</ele>
        <time>2026-07-24T12:35:34.136Z</time>
      </trkpt>
      <trkpt lat="53.773473" lon="10.656610">
        <ele>16.567843</ele>
        <time>2026-07-24T12:35:47.887Z</time>
      </trkpt>
      <trkpt lat="53.774773" lon="10.654169">
        <ele>15.654416</ele>
        <time>2026-07-24T12:36:13.214Z</time>
      </trkpt>
      <trkpt lat="53.774803" lon="10.654048">
        <ele>15.743759</ele>
        <time>2026-07-24T12:36:15.095Z</time>
      </trkpt>
      <trkpt lat="53.774845" lon="10.653907">
        <ele>15.858273</ele>
        <time>2026-07-24T12:36:17.518Z</time>
      </trkpt>
      <trkpt lat="53.774891" lon="10.653493">
        <ele>16.093562</ele>
        <time>2026-07-24T12:36:22.183Z</time>
      </trkpt>
      <trkpt lat="53.775814" lon="10.650996">
        <ele>15.316403</ele>
        <time>2026-07-24T12:36:45.191Z</time>
      </trkpt>
      <trkpt lat="53.776685" lon="10.648646">
        <ele>15.312574</ele>
        <time>2026-07-24T12:37:09.980Z</time>
      </trkpt>
      <trkpt lat="53.777161" lon="10.647342">
        <ele>14.258222</ele>
        <time>2026-07-24T12:37:20.598Z</time>
      </trkpt>
      <trkpt lat="53.777218" lon="10.647131">
        <ele>14.184445</ele>
        <time>2026-07-24T12:37:22.385Z</time>
      </trkpt>
      <trkpt lat="53.777549" lon="10.645910">
        <ele>15.450930</ele>
        <time>2026-07-24T12:37:39.319Z</time>
      </trkpt>
      <trkpt lat="53.777640" lon="10.645698">
        <ele>15.765825</ele>
        <time>2026-07-24T12:37:43.240Z</time>
      </trkpt>
      <trkpt lat="53.777724" lon="10.645527">
        <ele>15.985127</ele>
        <time>2026-07-24T12:37:46.127Z</time>
      </trkpt>
      <trkpt lat="53.777899" lon="10.645273">
        <ele>16.096679</ele>
        <time>2026-07-24T12:37:50.873Z</time>
      </trkpt>
      <trkpt lat="53.777954" lon="10.645194">
        <ele>16.100000</ele>
        <time>2026-07-24T12:37:52.429Z</time>
      </trkpt>
      <trkpt lat="53.778311" lon="10.644711">
        <ele>16.113141</ele>
        <time>2026-07-24T12:37:59.197Z</time>
      </trkpt>
      <trkpt lat="53.778383" lon="10.644612">
        <ele>16.162750</ele>
        <time>2026-07-24T12:38:00.610Z</time>
      </trkpt>
      <trkpt lat="53.779157" lon="10.643584">
        <ele>17.159111</ele>
        <time>2026-07-24T12:38:19.493Z</time>
      </trkpt>
      <trkpt lat="53.779174" lon="10.643673">
        <ele>17.178875</ele>
        <time>2026-07-24T12:38:20.485Z</time>
      </trkpt>
      <trkpt lat="53.779237" lon="10.644013">
        <ele>17.147321</ele>
        <time>2026-07-24T12:38:23.691Z</time>
      </trkpt>
      <trkpt lat="53.779408" lon="10.645283">
        <ele>16.107901</ele>
        <time>2026-07-24T12:38:32.560Z</time>
      </trkpt>
      <trkpt lat="53.779480" lon="10.645794">
        <ele>15.748544</ele>
        <time>2026-07-24T12:38:37.830Z</time>
      </trkpt>
      <trkpt lat="53.779592" lon="10.646527">
        <ele>15.687667</ele>
        <time>2026-07-24T12:38:46.752Z</time>
      </trkpt>
      <trkpt lat="53.779854" lon="10.648592">
        <ele>15.292931</ele>
        <time>2026-07-24T12:39:10.588Z</time>
      </trkpt>
      <trkpt lat="53.779910" lon="10.648957">
        <ele>15.204267</ele>
        <time>2026-07-24T12:39:14.774Z</time>
      </trkpt>
      <trkpt lat="53.780020" lon="10.649373">
        <ele>15.088437</ele>
        <time>2026-07-24T12:39:19.798Z</time>
      </trkpt>
      <trkpt lat="53.780113" lon="10.649629">
        <ele>14.899606</ele>
        <time>2026-07-24T12:39:23.068Z</time>
      </trkpt>
      <trkpt lat="53.780298" lon="10.650100">
        <ele>14.218387</ele>
        <time>2026-07-24T12:39:28.185Z</time>
      </trkpt>
      <trkpt lat="53.780355" lon="10.650230">
        <ele>14.110562</ele>
        <time>2026-07-24T12:39:29.746Z</time>
      </trkpt>
      <trkpt lat="53.780575" lon="10.650748">
        <ele>14.011212</ele>
        <time>2026-07-24T12:39:37.089Z</time>
      </trkpt>
      <trkpt lat="53.780736" lon="10.651086">
        <ele>14.115056</ele>
        <time>2026-07-24T12:39:42.646Z</time>
      </trkpt>
      <trkpt lat="53.781059" lon="10.651767">
        <ele>14.524966</ele>
        <time>2026-07-24T12:39:51.985Z</time>
      </trkpt>
      <trkpt lat="53.781182" lon="10.652125">
        <ele>14.756450</ele>
        <time>2026-07-24T12:39:56.757Z</time>
      </trkpt>
      <trkpt lat="53.781452" lon="10.653155">
        <ele>15.031143</ele>
        <time>2026-07-24T12:40:07.894Z</time>
      </trkpt>
      <trkpt lat="53.781546" lon="10.653561">
        <ele>14.904723</ele>
        <time>2026-07-24T12:40:11.138Z</time>
      </trkpt>
      <trkpt lat="53.781642" lon="10.654025">
        <ele>14.727227</ele>
        <time>2026-07-24T12:40:14.917Z</time>
      </trkpt>
      <trkpt lat="53.782536" lon="10.657651">
        <ele>14.898809</ele>
        <time>2026-07-24T12:40:50.117Z</time>
      </trkpt>
      <trkpt lat="53.782476" lon="10.657689">
        <ele>14.903687</ele>
        <time>2026-07-24T12:40:51.441Z</time>
      </trkpt>
      <trkpt lat="53.782515" lon="10.657855">
        <ele>14.911723</ele>
        <time>2026-07-24T12:40:53.133Z</time>
      </trkpt>
      <trkpt lat="53.783832" lon="10.663588">
        <ele>16.335577</ele>
        <time>2026-07-24T12:41:52.841Z</time>
      </trkpt>
      <trkpt lat="53.784571" lon="10.666821">
        <ele>14.523444</ele>
        <time>2026-07-24T12:42:18.078Z</time>
      </trkpt>
      <trkpt lat="53.785368" lon="10.669186">
        <ele>13.582322</ele>
        <time>2026-07-24T12:42:39.260Z</time>
      </trkpt>
      <trkpt lat="53.786074" lon="10.671587">
        <ele>12.494760</ele>
        <time>2026-07-24T12:42:59.324Z</time>
      </trkpt>
      <trkpt lat="53.786245" lon="10.672253">
        <ele>12.820413</ele>
        <time>2026-07-24T12:43:07.433Z</time>
      </trkpt>
      <trkpt lat="53.786329" lon="10.672883">
        <ele>13.250469</ele>
        <time>2026-07-24T12:43:14.861Z</time>
      </trkpt>
      <trkpt lat="53.786350" lon="10.673237">
        <ele>13.240761</ele>
        <time>2026-07-24T12:43:18.153Z</time>
      </trkpt>
      <trkpt lat="53.786306" lon="10.674580">
        <ele>11.617671</ele>
        <time>2026-07-24T12:43:26.866Z</time>
      </trkpt>
      <trkpt lat="53.786302" lon="10.674695">
        <ele>11.435090</ele>
        <time>2026-07-24T12:43:27.501Z</time>
      </trkpt>
      <trkpt lat="53.786338" lon="10.674792">
        <ele>11.441694</ele>
        <time>2026-07-24T12:43:28.190Z</time>
      </trkpt>
      <trkpt lat="53.786347" lon="10.675043">
        <ele>11.867132</ele>
        <time>2026-07-24T12:43:32.894Z</time>
      </trkpt>
      <trkpt lat="53.786420" lon="10.675398">
        <ele>12.753997</ele>
        <time>2026-07-24T12:43:40.499Z</time>
      </trkpt>
      <trkpt lat="53.786543" lon="10.675728">
        <ele>13.524634</ele>
        <time>2026-07-24T12:43:47.161Z</time>
      </trkpt>
      <trkpt lat="53.786692" lon="10.676027">
        <ele>13.983895</ele>
        <time>2026-07-24T12:43:52.033Z</time>
      </trkpt>
      <trkpt lat="53.786829" lon="10.676304">
        <ele>14.237342</ele>
        <time>2026-07-24T12:43:56.411Z</time>
      </trkpt>
      <trkpt lat="53.787102" lon="10.676756">
        <ele>14.330521</ele>
        <time>2026-07-24T12:44:01.887Z</time>
      </trkpt>
      <trkpt lat="53.787398" lon="10.677127">
        <ele>14.492120</ele>
        <time>2026-07-24T12:44:08.444Z</time>
      </trkpt>
      <trkpt lat="53.787650" lon="10.677372">
        <ele>14.547079</ele>
        <time>2026-07-24T12:44:13.115Z</time>
      </trkpt>
      <trkpt lat="53.787691" lon="10.677411">
        <ele>14.537677</ele>
        <time>2026-07-24T12:44:13.762Z</time>
      </trkpt>
      <trkpt lat="53.788064" lon="10.677750">
        <ele>14.131675</ele>
        <time>2026-07-24T12:44:19.029Z</time>
      </trkpt>
      <trkpt lat="53.788361" lon="10.677968">
        <ele>13.533878</ele>
        <time>2026-07-24T12:44:22.542Z</time>
      </trkpt>
      <trkpt lat="53.788623" lon="10.678129">
        <ele>13.247656</ele>
        <time>2026-07-24T12:44:25.787Z</time>
      </trkpt>
      <trkpt lat="53.788819" lon="10.678184">
        <ele>13.192115</ele>
        <time>2026-07-24T12:44:28.813Z</time>
      </trkpt>
      <trkpt lat="53.788923" lon="10.678167">
        <ele>13.149826</ele>
        <time>2026-07-24T12:44:30.386Z</time>
      </trkpt>
      <trkpt lat="53.789655" lon="10.677720">
        <ele>12.532962</ele>
        <time>2026-07-24T12:44:40.052Z</time>
      </trkpt>
      <trkpt lat="53.790072" lon="10.677521">
        <ele>12.631303</ele>
        <time>2026-07-24T12:44:47.085Z</time>
      </trkpt>
      <trkpt lat="53.790326" lon="10.677567">
        <ele>12.908193</ele>
        <time>2026-07-24T12:44:51.739Z</time>
      </trkpt>
      <trkpt lat="53.790871" lon="10.677851">
        <ele>13.697987</ele>
        <time>2026-07-24T12:45:03.474Z</time>
      </trkpt>
      <trkpt lat="53.791235" lon="10.677917">
        <ele>14.129147</ele>
        <time>2026-07-24T12:45:11.029Z</time>
      </trkpt>
      <trkpt lat="53.793864" lon="10.677803">
        <ele>14.688410</ele>
        <time>2026-07-24T12:45:51.795Z</time>
      </trkpt>
      <trkpt lat="53.795113" lon="10.677404">
        <ele>14.492264</ele>
        <time>2026-07-24T12:46:10.098Z</time>
      </trkpt>
      <trkpt lat="53.795437" lon="10.677258">
        <ele>14.414166</ele>
        <time>2026-07-24T12:46:14.852Z</time>
      </trkpt>
      <trkpt lat="53.796608" lon="10.676516">
        <ele>14.495755</ele>
        <time>2026-07-24T12:46:33.740Z</time>
      </trkpt>
      <trkpt lat="53.797339" lon="10.675848">
        <ele>14.366378</ele>
        <time>2026-07-24T12:46:45.950Z</time>
      </trkpt>
      <trkpt lat="53.798182" lon="10.675024">
        <ele>12.769902</ele>
        <time>2026-07-24T12:46:56.749Z</time>
      </trkpt>
      <trkpt lat="53.798711" lon="10.674567">
        <ele>12.551736</ele>
        <time>2026-07-24T12:47:04.777Z</time>
      </trkpt>
      <trkpt lat="53.799146" lon="10.674420">
        <ele>13.546633</ele>
        <time>2026-07-24T12:47:15.508Z</time>
      </trkpt>
      <trkpt lat="53.799408" lon="10.674412">
        <ele>14.094087</ele>
        <time>2026-07-24T12:47:23.204Z</time>
      </trkpt>
      <trkpt lat="53.799746" lon="10.674490">
        <ele>13.693876</ele>
        <time>2026-07-24T12:47:26.943Z</time>
      </trkpt>
      <trkpt lat="53.800120" lon="10.674731">
        <ele>12.859142</ele>
        <time>2026-07-24T12:47:31.196Z</time>
      </trkpt>
      <trkpt lat="53.800381" lon="10.674970">
        <ele>12.510895</ele>
        <time>2026-07-24T12:47:34.935Z</time>
      </trkpt>
      <trkpt lat="53.800876" lon="10.675463">
        <ele>12.180334</ele>
        <time>2026-07-24T12:47:42.197Z</time>
      </trkpt>
      <trkpt lat="53.801425" lon="10.675995">
        <ele>12.581973</ele>
        <time>2026-07-24T12:47:53.811Z</time>
      </trkpt>
      <trkpt lat="53.801603" lon="10.676127">
        <ele>12.613051</ele>
        <time>2026-07-24T12:47:56.701Z</time>
      </trkpt>
      <trkpt lat="53.802399" lon="10.676551">
        <ele>12.031416</ele>
        <time>2026-07-24T12:48:07.233Z</time>
      </trkpt>
      <trkpt lat="53.803173" lon="10.676939">
        <ele>12.186449</ele>
        <time>2026-07-24T12:48:19.998Z</time>
      </trkpt>
      <trkpt lat="53.803401" lon="10.677086">
        <ele>12.190531</ele>
        <time>2026-07-24T12:48:23.691Z</time>
      </trkpt>
      <trkpt lat="53.804747" lon="10.678667">
        <ele>11.897384</ele>
        <time>2026-07-24T12:48:46.949Z</time>
      </trkpt>
      <trkpt lat="53.806645" lon="10.680668">
        <ele>11.345952</ele>
        <time>2026-07-24T12:49:17.956Z</time>
      </trkpt>
      <trkpt lat="53.807982" lon="10.681995">
        <ele>12.827896</ele>
        <time>2026-07-24T12:49:47.318Z</time>
      </trkpt>
      <trkpt lat="53.808853" lon="10.682706">
        <ele>12.274475</ele>
        <time>2026-07-24T12:49:59.845Z</time>
      </trkpt>
      <trkpt lat="53.809220" lon="10.682882">
        <ele>11.811093</ele>
        <time>2026-07-24T12:50:04.278Z</time>
      </trkpt>
      <trkpt lat="53.809392" lon="10.683015">
        <ele>11.770733</ele>
        <time>2026-07-24T12:50:06.584Z</time>
      </trkpt>
      <trkpt lat="53.809549" lon="10.682723">
        <ele>12.005935</ele>
        <time>2026-07-24T12:50:12.206Z</time>
      </trkpt>
      <trkpt lat="53.809815" lon="10.682269">
        <ele>12.306642</ele>
        <time>2026-07-24T12:50:17.989Z</time>
      </trkpt>
      <trkpt lat="53.810231" lon="10.681821">
        <ele>12.984408</ele>
        <time>2026-07-24T12:50:29.118Z</time>
      </trkpt>
      <trkpt lat="53.810600" lon="10.681548">
        <ele>12.950190</ele>
        <time>2026-07-24T12:50:34.709Z</time>
      </trkpt>
      <trkpt lat="53.811194" lon="10.681393">
        <ele>12.430455</ele>
        <time>2026-07-24T12:50:42.026Z</time>
      </trkpt>
      <trkpt lat="53.811312" lon="10.681327">
        <ele>12.440490</ele>
        <time>2026-07-24T12:50:44.059Z</time>
      </trkpt>
      <trkpt lat="53.811483" lon="10.681201">
        <ele>12.205983</ele>
        <time>2026-07-24T12:50:47.105Z</time>
      </trkpt>
      <trkpt lat="53.813637" lon="10.679262">
        <ele>5.740439</ele>
        <time>2026-07-24T12:51:12.370Z</time>
      </trkpt>
      <trkpt lat="53.813694" lon="10.679212">
        <ele>5.709076</ele>
        <time>2026-07-24T12:51:13.121Z</time>
      </trkpt>
      <trkpt lat="53.813918" lon="10.678972">
        <ele>6.054473</ele>
        <time>2026-07-24T12:51:18.352Z</time>
      </trkpt>
      <trkpt lat="53.814136" lon="10.678616">
        <ele>7.306813</ele>
        <time>2026-07-24T12:51:28.772Z</time>
      </trkpt>
      <trkpt lat="53.814251" lon="10.678377">
        <ele>8.146634</ele>
        <time>2026-07-24T12:51:34.711Z</time>
      </trkpt>
      <trkpt lat="53.814651" lon="10.677329">
        <ele>10.597657</ele>
        <time>2026-07-24T12:51:56.108Z</time>
      </trkpt>
      <trkpt lat="53.814750" lon="10.677128">
        <ele>10.515167</ele>
        <time>2026-07-24T12:51:57.964Z</time>
      </trkpt>
      <trkpt lat="53.814880" lon="10.676958">
        <ele>10.211483</ele>
        <time>2026-07-24T12:51:59.733Z</time>
      </trkpt>
      <trkpt lat="53.815478" lon="10.676313">
        <ele>8.760929</ele>
        <time>2026-07-24T12:52:07.453Z</time>
      </trkpt>
      <trkpt lat="53.815535" lon="10.676156">
        <ele>8.624716</ele>
        <time>2026-07-24T12:52:08.776Z</time>
      </trkpt>
      <trkpt lat="53.815589" lon="10.675911">
        <ele>8.535470</ele>
        <time>2026-07-24T12:52:10.653Z</time>
      </trkpt>
      <trkpt lat="53.815849" lon="10.674576">
        <ele>8.742059</ele>
        <time>2026-07-24T12:52:23.719Z</time>
      </trkpt>
      <trkpt lat="53.815999" lon="10.674138">
        <ele>8.962354</ele>
        <time>2026-07-24T12:52:29.333Z</time>
      </trkpt>
      <trkpt lat="53.816075" lon="10.674019">
        <ele>8.893913</ele>
        <time>2026-07-24T12:52:30.870Z</time>
      </trkpt>
      <trkpt lat="53.816728" lon="10.673385">
        <ele>8.098772</ele>
        <time>2026-07-24T12:52:39.863Z</time>
      </trkpt>
      <trkpt lat="53.817183" lon="10.673070">
        <ele>7.527843</ele>
        <time>2026-07-24T12:52:45.723Z</time>
      </trkpt>
      <trkpt lat="53.817400" lon="10.672979">
        <ele>7.458766</ele>
        <time>2026-07-24T12:52:48.817Z</time>
      </trkpt>
      <trkpt lat="53.818376" lon="10.672877">
        <ele>8.456977</ele>
        <time>2026-07-24T12:53:07.661Z</time>
      </trkpt>
      <trkpt lat="53.819156" lon="10.672684">
        <ele>8.811778</ele>
        <time>2026-07-24T12:53:20.494Z</time>
      </trkpt>
      <trkpt lat="53.819623" lon="10.672530">
        <ele>9.109582</ele>
        <time>2026-07-24T12:53:28.684Z</time>
      </trkpt>
      <trkpt lat="53.820191" lon="10.672459">
        <ele>9.552979</ele>
        <time>2026-07-24T12:53:39.112Z</time>
      </trkpt>
      <trkpt lat="53.820864" lon="10.672147">
        <ele>9.783892</ele>
        <time>2026-07-24T12:53:50.241Z</time>
      </trkpt>
      <trkpt lat="53.821332" lon="10.671990">
        <ele>9.813617</ele>
        <time>2026-07-24T12:53:57.461Z</time>
      </trkpt>
      <trkpt lat="53.821691" lon="10.671716">
        <ele>9.886562</ele>
        <time>2026-07-24T12:54:03.584Z</time>
      </trkpt>
      <trkpt lat="53.821859" lon="10.671647">
        <ele>9.902465</ele>
        <time>2026-07-24T12:54:06.336Z</time>
      </trkpt>
      <trkpt lat="53.823743" lon="10.671890">
        <ele>9.964224</ele>
        <time>2026-07-24T12:54:34.821Z</time>
      </trkpt>
      <trkpt lat="53.824243" lon="10.672055">
        <ele>9.646595</ele>
        <time>2026-07-24T12:54:41.271Z</time>
      </trkpt>
      <trkpt lat="53.824493" lon="10.672235">
        <ele>9.191837</ele>
        <time>2026-07-24T12:54:44.309Z</time>
      </trkpt>
      <trkpt lat="53.824887" lon="10.672682">
        <ele>8.244175</ele>
        <time>2026-07-24T12:54:49.541Z</time>
      </trkpt>
      <trkpt lat="53.825288" lon="10.673348">
        <ele>7.688312</ele>
        <time>2026-07-24T12:54:56.304Z</time>
      </trkpt>
      <trkpt lat="53.825581" lon="10.673648">
        <ele>7.865470</ele>
        <time>2026-07-24T12:55:02.206Z</time>
      </trkpt>
      <trkpt lat="53.825682" lon="10.673710">
        <ele>8.076003</ele>
        <time>2026-07-24T12:55:04.540Z</time>
      </trkpt>
      <trkpt lat="53.825792" lon="10.673746">
        <ele>8.346715</ele>
        <time>2026-07-24T12:55:07.385Z</time>
      </trkpt>
      <trkpt lat="53.825981" lon="10.673725">
        <ele>9.041434</ele>
        <time>2026-07-24T12:55:12.906Z</time>
      </trkpt>
      <trkpt lat="53.826918" lon="10.673164">
        <ele>13.897101</ele>
        <time>2026-07-24T12:55:47.664Z</time>
      </trkpt>
      <trkpt lat="53.827042" lon="10.673161">
        <ele>14.380708</ele>
        <time>2026-07-24T12:55:51.371Z</time>
      </trkpt>
      <trkpt lat="53.827270" lon="10.673297">
        <ele>15.050307</ele>
        <time>2026-07-24T12:55:57.403Z</time>
      </trkpt>
      <trkpt lat="53.827448" lon="10.673566">
        <ele>15.351545</ele>
        <time>2026-07-24T12:56:02.142Z</time>
      </trkpt>
      <trkpt lat="53.827494" lon="10.673699">
        <ele>15.349915</ele>
        <time>2026-07-24T12:56:03.658Z</time>
      </trkpt>
      <trkpt lat="53.827683" lon="10.674673">
        <ele>15.290306</ele>
        <time>2026-07-24T12:56:12.275Z</time>
      </trkpt>
      <trkpt lat="53.827788" lon="10.675067">
        <ele>15.199059</ele>
        <time>2026-07-24T12:56:15.749Z</time>
      </trkpt>
      <trkpt lat="53.827936" lon="10.675350">
        <ele>15.174417</ele>
        <time>2026-07-24T12:56:18.751Z</time>
      </trkpt>
      <trkpt lat="53.828109" lon="10.675507">
        <ele>15.295354</ele>
        <time>2026-07-24T12:56:22.213Z</time>
      </trkpt>
      <trkpt lat="53.828299" lon="10.675599">
        <ele>15.461788</ele>
        <time>2026-07-24T12:56:26.134Z</time>
      </trkpt>
      <trkpt lat="53.829363" lon="10.675924">
        <ele>15.390035</ele>
        <time>2026-07-24T12:56:41.696Z</time>
      </trkpt>
      <trkpt lat="53.830777" lon="10.676357">
        <ele>14.895581</ele>
        <time>2026-07-24T12:57:01.467Z</time>
      </trkpt>
      <trkpt lat="53.830998" lon="10.676394">
        <ele>14.815395</ele>
        <time>2026-07-24T12:57:04.348Z</time>
      </trkpt>
      <trkpt lat="53.832058" lon="10.676289">
        <ele>14.561574</ele>
        <time>2026-07-24T12:57:19.382Z</time>
      </trkpt>
      <trkpt lat="53.832405" lon="10.676267">
        <ele>14.173917</ele>
        <time>2026-07-24T12:57:23.395Z</time>
      </trkpt>
      <trkpt lat="53.834006" lon="10.676575">
        <ele>13.871055</ele>
        <time>2026-07-24T12:57:46.504Z</time>
      </trkpt>
      <trkpt lat="53.834729" lon="10.676710">
        <ele>13.385129</ele>
        <time>2026-07-24T12:57:55.793Z</time>
      </trkpt>
      <trkpt lat="53.836788" lon="10.677094">
        <ele>11.159037</ele>
        <time>2026-07-24T12:58:20.817Z</time>
      </trkpt>
      <trkpt lat="53.836849" lon="10.677122">
        <ele>11.178385</ele>
        <time>2026-07-24T12:58:21.740Z</time>
      </trkpt>
      <trkpt lat="53.837243" lon="10.677476">
        <ele>11.610545</ele>
        <time>2026-07-24T12:58:29.953Z</time>
      </trkpt>
      <trkpt lat="53.837760" lon="10.678047">
        <ele>12.892101</ele>
        <time>2026-07-24T12:58:45.120Z</time>
      </trkpt>
      <trkpt lat="53.838034" lon="10.678355">
        <ele>12.916611</ele>
        <time>2026-07-24T12:58:49.597Z</time>
      </trkpt>
      <trkpt lat="53.838309" lon="10.678573">
        <ele>12.902457</ele>
        <time>2026-07-24T12:58:54.193Z</time>
      </trkpt>
      <trkpt lat="53.839567" lon="10.679257">
        <ele>13.022027</ele>
        <time>2026-07-24T12:59:14.190Z</time>
      </trkpt>
      <trkpt lat="53.840048" lon="10.679494">
        <ele>13.288347</ele>
        <time>2026-07-24T12:59:22.662Z</time>
      </trkpt>
      <trkpt lat="53.840792" lon="10.679895">
        <ele>13.454369</ele>
        <time>2026-07-24T12:59:35.223Z</time>
      </trkpt>
      <trkpt lat="53.840973" lon="10.679948">
        <ele>13.373257</ele>
        <time>2026-07-24T12:59:37.586Z</time>
      </trkpt>
      <trkpt lat="53.841160" lon="10.679895">
        <ele>13.226978</ele>
        <time>2026-07-24T12:59:39.945Z</time>
      </trkpt>
      <trkpt lat="53.841252" lon="10.679838">
        <ele>13.185363</ele>
        <time>2026-07-24T12:59:41.054Z</time>
      </trkpt>
      <trkpt lat="53.841930" lon="10.679403">
        <ele>13.550190</ele>
        <time>2026-07-24T12:59:53.416Z</time>
      </trkpt>
      <trkpt lat="53.842083" lon="10.679127">
        <ele>13.829274</ele>
        <time>2026-07-24T12:59:58.251Z</time>
      </trkpt>
      <trkpt lat="53.842001" lon="10.679020">
        <ele>13.876492</ele>
        <time>2026-07-24T13:00:00.023Z</time>
      </trkpt>
      <trkpt lat="53.841985" lon="10.678901">
        <ele>13.876492</ele>
        <time>2026-07-24T13:00:01.235Z</time>
      </trkpt>
      <trkpt lat="53.841937" lon="10.678845">
        <ele>13.876492</ele>
        <time>2026-07-24T13:00:02.506Z</time>
      </trkpt>
    </trkseg>
  </trk>
</gpx>