<?xml version='1.0' encoding='UTF-8'?>
<gpx version="1.1" creator="https://www.komoot.de" xmlns="http://www.topografix.com/GPX/1/1" xmlns:xsi="http://www.w3.org/2001/XMLSchema-instance" xsi:schemaLocation="http://www.topografix.com/GPX/1/1 http://www.topografix.com/GPX/1/1/gpx.xsd">
  <metadata>
    <name>RST Training 20250814 - 28-30 km/h</name>
    <author>
      <link href="https://www.komoot.de">
        <text>komoot</text>
        <type>text/html</type>
      </link>
    </author>
  </metadata>
  <trk>
    <name>RST Training 20250814 - 28-30 km/h</name>
    <type>racebike</type>
    <trkseg>
      <trkpt lat="53.838831" lon="10.710014">
        <ele>15.748553</ele>
        <time>2026-10-02T06:51:47.377Z</time>
      </trkpt>
      <trkpt lat="53.838884" lon="10.709977">
        <ele>15.748553</ele>
        <time>2026-10-02T06:51:48.024Z</time>
      </trkpt>
      <trkpt lat="53.837765" lon="10.711209">
        <ele>14.867811</ele>
        <time>2026-10-02T06:52:00.695Z</time>
      </trkpt>
      <trkpt lat="53.836993" lon="10.712129">
        <ele>13.179731</ele>
        <time>2026-10-02T06:52:08.932Z</time>
      </trkpt>
      <trkpt lat="53.836917" lon="10.712209">
        <ele>13.019703</ele>
        <time>2026-10-02T06:52:09.703Z</time>
      </trkpt>
      <trkpt lat="53.836799" lon="10.712328">
        <ele>12.774096</ele>
        <time>2026-10-02T06:52:10.883Z</time>
      </trkpt>
      <trkpt lat="53.836772" lon="10.712352">
        <ele>12.719562</ele>
        <time>2026-10-02T06:52:11.148Z</time>
      </trkpt>
      <trkpt lat="53.836343" lon="10.712792">
        <ele>11.907949</ele>
        <time>2026-10-02T06:52:15.596Z</time>
      </trkpt>
      <trkpt lat="53.834692" lon="10.714620">
        <ele>9.349477</ele>
        <time>2026-10-02T06:52:33.887Z</time>
      </trkpt>
      <trkpt lat="53.834580" lon="10.714812">
        <ele>9.251051</ele>
        <time>2026-10-02T06:52:35.346Z</time>
      </trkpt>
      <trkpt lat="53.834357" lon="10.715099">
        <ele>9.078049</ele>
        <time>2026-10-02T06:52:38.035Z</time>
      </trkpt>
      <trkpt lat="53.834296" lon="10.715181">
        <ele>9.029945</ele>
        <time>2026-10-02T06:52:38.827Z</time>
      </trkpt>
      <trkpt lat="53.834208" lon="10.715199">
        <ele>8.975183</ele>
        <time>2026-10-02T06:52:39.776Z</time>
      </trkpt>
      <trkpt lat="53.834142" lon="10.715221">
        <ele>8.933627</ele>
        <time>2026-10-02T06:52:40.508Z</time>
      </trkpt>
      <trkpt lat="53.833716" lon="10.715696">
        <ele>8.618574</ele>
        <time>2026-10-02T06:52:47.179Z</time>
      </trkpt>
      <trkpt lat="53.833610" lon="10.715815">
        <ele>8.684808</ele>
        <time>2026-10-02T06:52:49.042Z</time>
      </trkpt>
      <trkpt lat="53.833093" lon="10.716338">
        <ele>9.384732</ele>
        <time>2026-10-02T06:52:58.071Z</time>
      </trkpt>
      <trkpt lat="53.833017" lon="10.716452">
        <ele>9.502717</ele>
        <time>2026-10-02T06:52:59.777Z</time>
      </trkpt>
      <trkpt lat="53.832947" lon="10.716464">
        <ele>9.584503</ele>
        <time>2026-10-02T06:53:00.958Z</time>
      </trkpt>
      <trkpt lat="53.832777" lon="10.716568">
        <ele>9.794601</ele>
        <time>2026-10-02T06:53:04.099Z</time>
      </trkpt>
      <trkpt lat="53.831560" lon="10.717294">
        <ele>11.150542</ele>
        <time>2026-10-02T06:53:24.867Z</time>
      </trkpt>
      <trkpt lat="53.831074" lon="10.717678">
        <ele>11.627686</ele>
        <time>2026-10-02T06:53:32.740Z</time>
      </trkpt>
      <trkpt lat="53.831049" lon="10.717695">
        <ele>11.651655</ele>
        <time>2026-10-02T06:53:33.160Z</time>
      </trkpt>
      <trkpt lat="53.830937" lon="10.717759">
        <ele>11.756827</ele>
        <time>2026-10-02T06:53:34.882Z</time>
      </trkpt>
      <trkpt lat="53.830754" lon="10.717788">
        <ele>11.920370</ele>
        <time>2026-10-02T06:53:37.573Z</time>
      </trkpt>
      <trkpt lat="53.827689" lon="10.719610">
        <ele>13.261736</ele>
        <time>2026-10-02T06:54:20.980Z</time>
      </trkpt>
      <trkpt lat="53.825429" lon="10.720973">
        <ele>12.851013</ele>
        <time>2026-10-02T06:54:46.397Z</time>
      </trkpt>
      <trkpt lat="53.825231" lon="10.721089">
        <ele>12.858599</ele>
        <time>2026-10-02T06:54:49.213Z</time>
      </trkpt>
      <trkpt lat="53.825067" lon="10.721242">
        <ele>13.034178</ele>
        <time>2026-10-02T06:54:51.922Z</time>
      </trkpt>
      <trkpt lat="53.824791" lon="10.721359">
        <ele>13.300995</ele>
        <time>2026-10-02T06:54:56.287Z</time>
      </trkpt>
      <trkpt lat="53.824635" lon="10.721459">
        <ele>13.457417</ele>
        <time>2026-10-02T06:54:58.931Z</time>
      </trkpt>
      <trkpt lat="53.823808" lon="10.721952">
        <ele>14.279604</ele>
        <time>2026-10-02T06:55:13.481Z</time>
      </trkpt>
      <trkpt lat="53.823231" lon="10.722360">
        <ele>14.546464</ele>
        <time>2026-10-02T06:55:22.172Z</time>
      </trkpt>
      <trkpt lat="53.823201" lon="10.722250">
        <ele>14.555925</ele>
        <time>2026-10-02T06:55:23.026Z</time>
      </trkpt>
      <trkpt lat="53.823072" lon="10.722364">
        <ele>14.575171</ele>
        <time>2026-10-02T06:55:24.743Z</time>
      </trkpt>
      <trkpt lat="53.822977" lon="10.722453">
        <ele>14.589531</ele>
        <time>2026-10-02T06:55:26.015Z</time>
      </trkpt>
      <trkpt lat="53.822603" lon="10.722914">
        <ele>14.650713</ele>
        <time>2026-10-02T06:55:31.194Z</time>
      </trkpt>
      <trkpt lat="53.822330" lon="10.723397">
        <ele>14.702928</ele>
        <time>2026-10-02T06:55:35.641Z</time>
      </trkpt>
      <trkpt lat="53.821647" lon="10.724737">
        <ele>14.716424</ele>
        <time>2026-10-02T06:55:48.083Z</time>
      </trkpt>
      <trkpt lat="53.821637" lon="10.724756">
        <ele>14.716142</ele>
        <time>2026-10-02T06:55:48.256Z</time>
      </trkpt>
      <trkpt lat="53.821297" lon="10.725423">
        <ele>14.706382</ele>
        <time>2026-10-02T06:55:54.585Z</time>
      </trkpt>
      <trkpt lat="53.821251" lon="10.725512">
        <ele>14.705072</ele>
        <time>2026-10-02T06:55:55.402Z</time>
      </trkpt>
      <trkpt lat="53.821193" lon="10.725425">
        <ele>14.703619</ele>
        <time>2026-10-02T06:55:56.317Z</time>
      </trkpt>
      <trkpt lat="53.821141" lon="10.725517">
        <ele>14.702208</ele>
        <time>2026-10-02T06:55:57.187Z</time>
      </trkpt>
      <trkpt lat="53.819641" lon="10.728449">
        <ele>14.248316</ele>
        <time>2026-10-02T06:56:22.711Z</time>
      </trkpt>
      <trkpt lat="53.819032" lon="10.729657">
        <ele>14.109671</ele>
        <time>2026-10-02T06:56:33.555Z</time>
      </trkpt>
      <trkpt lat="53.818932" lon="10.729854">
        <ele>14.086995</ele>
        <time>2026-10-02T06:56:35.375Z</time>
      </trkpt>
      <trkpt lat="53.818127" lon="10.731449">
        <ele>13.830289</ele>
        <time>2026-10-02T06:56:49.583Z</time>
      </trkpt>
      <trkpt lat="53.815645" lon="10.736300">
        <ele>13.277800</ele>
        <time>2026-10-02T06:57:31.696Z</time>
      </trkpt>
      <trkpt lat="53.815389" lon="10.736736">
        <ele>13.319098</ele>
        <time>2026-10-02T06:57:36.271Z</time>
      </trkpt>
      <trkpt lat="53.814551" lon="10.738399">
        <ele>13.715996</ele>
        <time>2026-10-02T06:57:54.853Z</time>
      </trkpt>
      <trkpt lat="53.814323" lon="10.738829">
        <ele>13.854531</ele>
        <time>2026-10-02T06:57:59.643Z</time>
      </trkpt>
      <trkpt lat="53.814230" lon="10.738952">
        <ele>13.902435</ele>
        <time>2026-10-02T06:58:01.212Z</time>
      </trkpt>
      <trkpt lat="53.814168" lon="10.739052">
        <ele>13.937194</ele>
        <time>2026-10-02T06:58:02.303Z</time>
      </trkpt>
      <trkpt lat="53.814125" lon="10.739222">
        <ele>13.981525</ele>
        <time>2026-10-02T06:58:03.662Z</time>
      </trkpt>
      <trkpt lat="53.813961" lon="10.739552">
        <ele>14.084918</ele>
        <time>2026-10-02T06:58:06.683Z</time>
      </trkpt>
      <trkpt lat="53.813070" lon="10.741302">
        <ele>13.016206</ele>
        <time>2026-10-02T06:58:20.030Z</time>
      </trkpt>
      <trkpt lat="53.812891" lon="10.741625">
        <ele>12.803312</ele>
        <time>2026-10-02T06:58:22.552Z</time>
      </trkpt>
      <trkpt lat="53.812547" lon="10.742211">
        <ele>12.525462</ele>
        <time>2026-10-02T06:58:27.505Z</time>
      </trkpt>
      <trkpt lat="53.812167" lon="10.742851">
        <ele>12.316835</ele>
        <time>2026-10-02T06:58:33.464Z</time>
      </trkpt>
      <trkpt lat="53.811102" lon="10.744648">
        <ele>11.767426</ele>
        <time>2026-10-02T06:58:50.210Z</time>
      </trkpt>
      <trkpt lat="53.810528" lon="10.745614">
        <ele>11.508015</ele>
        <time>2026-10-02T06:58:58.908Z</time>
      </trkpt>
      <trkpt lat="53.809602" lon="10.747123">
        <ele>11.056866</ele>
        <time>2026-10-02T06:59:13.199Z</time>
      </trkpt>
      <trkpt lat="53.809470" lon="10.747361">
        <ele>10.985811</ele>
        <time>2026-10-02T06:59:15.285Z</time>
      </trkpt>
      <trkpt lat="53.809182" lon="10.747712">
        <ele>10.855045</ele>
        <time>2026-10-02T06:59:19.054Z</time>
      </trkpt>
      <trkpt lat="53.808864" lon="10.748009">
        <ele>10.721209</ele>
        <time>2026-10-02T06:59:22.864Z</time>
      </trkpt>
      <trkpt lat="53.808560" lon="10.748195">
        <ele>10.750350</ele>
        <time>2026-10-02T06:59:26.233Z</time>
      </trkpt>
      <trkpt lat="53.808204" lon="10.748285">
        <ele>10.829092</ele>
        <time>2026-10-02T06:59:30.262Z</time>
      </trkpt>
      <trkpt lat="53.808121" lon="10.748353">
        <ele>10.849262</ele>
        <time>2026-10-02T06:59:31.372Z</time>
      </trkpt>
      <trkpt lat="53.807239" lon="10.748663">
        <ele>11.046319</ele>
        <time>2026-10-02T06:59:43.855Z</time>
      </trkpt>
      <trkpt lat="53.807057" lon="10.748754">
        <ele>11.087833</ele>
        <time>2026-10-02T06:59:46.613Z</time>
      </trkpt>
      <trkpt lat="53.806645" lon="10.749139">
        <ele>11.310812</ele>
        <time>2026-10-02T06:59:53.049Z</time>
      </trkpt>
      <trkpt lat="53.806590" lon="10.749195">
        <ele>11.341344</ele>
        <time>2026-10-02T06:59:53.894Z</time>
      </trkpt>
      <trkpt lat="53.806130" lon="10.749655">
        <ele>11.595501</ele>
        <time>2026-10-02T07:00:00.949Z</time>
      </trkpt>
      <trkpt lat="53.805826" lon="10.749872">
        <ele>11.752454</ele>
        <time>2026-10-02T07:00:05.290Z</time>
      </trkpt>
      <trkpt lat="53.805552" lon="10.749970">
        <ele>11.885687</ele>
        <time>2026-10-02T07:00:08.966Z</time>
      </trkpt>
      <trkpt lat="53.805136" lon="10.750022">
        <ele>11.953625</ele>
        <time>2026-10-02T07:00:14.577Z</time>
      </trkpt>
      <trkpt lat="53.804077" lon="10.750065">
        <ele>11.987196</ele>
        <time>2026-10-02T07:00:28.123Z</time>
      </trkpt>
      <trkpt lat="53.803408" lon="10.750061">
        <ele>11.725136</ele>
        <time>2026-10-02T07:00:35.091Z</time>
      </trkpt>
      <trkpt lat="53.803303" lon="10.750060">
        <ele>11.595432</ele>
        <time>2026-10-02T07:00:36.097Z</time>
      </trkpt>
      <trkpt lat="53.802926" lon="10.750051">
        <ele>11.129693</ele>
        <time>2026-10-02T07:00:39.624Z</time>
      </trkpt>
      <trkpt lat="53.802434" lon="10.750124">
        <ele>10.519618</ele>
        <time>2026-10-02T07:00:44.103Z</time>
      </trkpt>
      <trkpt lat="53.801715" lon="10.750319">
        <ele>9.667939</ele>
        <time>2026-10-02T07:00:50.848Z</time>
      </trkpt>
      <trkpt lat="53.801492" lon="10.750342">
        <ele>9.474721</ele>
        <time>2026-10-02T07:00:53.001Z</time>
      </trkpt>
      <trkpt lat="53.801379" lon="10.750428">
        <ele>9.367576</ele>
        <time>2026-10-02T07:00:54.221Z</time>
      </trkpt>
      <trkpt lat="53.801155" lon="10.750487">
        <ele>9.171522</ele>
        <time>2026-10-02T07:00:56.482Z</time>
      </trkpt>
      <trkpt lat="53.800599" lon="10.750636">
        <ele>8.684684</ele>
        <time>2026-10-02T07:01:02.282Z</time>
      </trkpt>
      <trkpt lat="53.800187" lon="10.750881">
        <ele>8.307033</ele>
        <time>2026-10-02T07:01:06.823Z</time>
      </trkpt>
      <trkpt lat="53.800036" lon="10.751007">
        <ele>8.237634</ele>
        <time>2026-10-02T07:01:08.548Z</time>
      </trkpt>
      <trkpt lat="53.799907" lon="10.751166">
        <ele>8.267761</ele>
        <time>2026-10-02T07:01:10.160Z</time>
      </trkpt>
      <trkpt lat="53.799627" lon="10.751654">
        <ele>8.343634</ele>
        <time>2026-10-02T07:01:14.218Z</time>
      </trkpt>
      <trkpt lat="53.799129" lon="10.752709">
        <ele>8.494245</ele>
        <time>2026-10-02T07:01:23.709Z</time>
      </trkpt>
      <trkpt lat="53.799036" lon="10.752903">
        <ele>8.522109</ele>
        <time>2026-10-02T07:01:25.915Z</time>
      </trkpt>
      <trkpt lat="53.798700" lon="10.753477">
        <ele>9.234985</ele>
        <time>2026-10-02T07:01:34.095Z</time>
      </trkpt>
      <trkpt lat="53.798506" lon="10.753700">
        <ele>9.846129</ele>
        <time>2026-10-02T07:01:38.770Z</time>
      </trkpt>
      <trkpt lat="53.798365" lon="10.753864">
        <ele>10.291981</ele>
        <time>2026-10-02T07:01:42.445Z</time>
      </trkpt>
      <trkpt lat="53.797451" lon="10.754774">
        <ele>13.055516</ele>
        <time>2026-10-02T07:02:06.175Z</time>
      </trkpt>
      <trkpt lat="53.796911" lon="10.755164">
        <ele>14.027492</ele>
        <time>2026-10-02T07:02:17.482Z</time>
      </trkpt>
      <trkpt lat="53.796793" lon="10.755240">
        <ele>14.218888</ele>
        <time>2026-10-02T07:02:19.709Z</time>
      </trkpt>
      <trkpt lat="53.796530" lon="10.755315">
        <ele>14.623214</ele>
        <time>2026-10-02T07:02:24.264Z</time>
      </trkpt>
      <trkpt lat="53.795781" lon="10.755645">
        <ele>15.796522</ele>
        <time>2026-10-02T07:02:35.680Z</time>
      </trkpt>
      <trkpt lat="53.795491" lon="10.755794">
        <ele>16.059033</ele>
        <time>2026-10-02T07:02:39.668Z</time>
      </trkpt>
      <trkpt lat="53.794490" lon="10.756232">
        <ele>16.515201</ele>
        <time>2026-10-02T07:02:53.962Z</time>
      </trkpt>
      <trkpt lat="53.794141" lon="10.756346">
        <ele>16.672025</ele>
        <time>2026-10-02T07:02:58.314Z</time>
      </trkpt>
      <trkpt lat="53.794077" lon="10.756295">
        <ele>16.703234</ele>
        <time>2026-10-02T07:02:59.144Z</time>
      </trkpt>
      <trkpt lat="53.793952" lon="10.756091">
        <ele>16.774805</ele>
        <time>2026-10-02T07:03:01.113Z</time>
      </trkpt>
      <trkpt lat="53.793884" lon="10.756089">
        <ele>16.786075</ele>
        <time>2026-10-02T07:03:01.912Z</time>
      </trkpt>
      <trkpt lat="53.793813" lon="10.756122">
        <ele>16.798276</ele>
        <time>2026-10-02T07:03:02.794Z</time>
      </trkpt>
      <trkpt lat="53.793762" lon="10.756187">
        <ele>16.808854</ele>
        <time>2026-10-02T07:03:03.576Z</time>
      </trkpt>
      <trkpt lat="53.793684" lon="10.756477">
        <ele>16.840044</ele>
        <time>2026-10-02T07:03:05.943Z</time>
      </trkpt>
      <trkpt lat="53.793600" lon="10.756561">
        <ele>16.856210</ele>
        <time>2026-10-02T07:03:07.216Z</time>
      </trkpt>
      <trkpt lat="53.793082" lon="10.756824">
        <ele>16.945824</ele>
        <time>2026-10-02T07:03:13.990Z</time>
      </trkpt>
      <trkpt lat="53.792597" lon="10.756970">
        <ele>17.027453</ele>
        <time>2026-10-02T07:03:21.676Z</time>
      </trkpt>
      <trkpt lat="53.792306" lon="10.756979">
        <ele>17.084679</ele>
        <time>2026-10-02T07:03:25.117Z</time>
      </trkpt>
      <trkpt lat="53.792136" lon="10.756743">
        <ele>17.177082</ele>
        <time>2026-10-02T07:03:28.078Z</time>
      </trkpt>
      <trkpt lat="53.791973" lon="10.756701">
        <ele>17.246380</ele>
        <time>2026-10-02T07:03:30.537Z</time>
      </trkpt>
      <trkpt lat="53.791945" lon="10.756700">
        <ele>17.258151</ele>
        <time>2026-10-02T07:03:30.962Z</time>
      </trkpt>
      <trkpt lat="53.791919" lon="10.756700">
        <ele>17.269079</ele>
        <time>2026-10-02T07:03:31.365Z</time>
      </trkpt>
      <trkpt lat="53.791890" lon="10.756690">
        <ele>17.281518</ele>
        <time>2026-10-02T07:03:31.831Z</time>
      </trkpt>
      <trkpt lat="53.791868" lon="10.756673">
        <ele>17.291682</ele>
        <time>2026-10-02T07:03:32.193Z</time>
      </trkpt>
      <trkpt lat="53.791844" lon="10.756652">
        <ele>17.303037</ele>
        <time>2026-10-02T07:03:32.608Z</time>
      </trkpt>
      <trkpt lat="53.791809" lon="10.756670">
        <ele>17.318411</ele>
        <time>2026-10-02T07:03:33.155Z</time>
      </trkpt>
      <trkpt lat="53.791710" lon="10.756893">
        <ele>17.387670</ele>
        <time>2026-10-02T07:03:35.642Z</time>
      </trkpt>
      <trkpt lat="53.791539" lon="10.757021">
        <ele>17.466254</ele>
        <time>2026-10-02T07:03:38.444Z</time>
      </trkpt>
      <trkpt lat="53.791143" lon="10.757039">
        <ele>17.632752</ele>
        <time>2026-10-02T07:03:44.057Z</time>
      </trkpt>
      <trkpt lat="53.790897" lon="10.757005">
        <ele>17.736490</ele>
        <time>2026-10-02T07:03:47.306Z</time>
      </trkpt>
      <trkpt lat="53.790420" lon="10.756932">
        <ele>17.532245</ele>
        <time>2026-10-02T07:03:53.082Z</time>
      </trkpt>
      <trkpt lat="53.787739" lon="10.756185">
        <ele>14.275418</ele>
        <time>2026-10-02T07:04:18.231Z</time>
      </trkpt>
      <trkpt lat="53.787720" lon="10.756312">
        <ele>14.172934</ele>
        <time>2026-10-02T07:04:18.982Z</time>
      </trkpt>
      <trkpt lat="53.787452" lon="10.756234">
        <ele>13.812861</ele>
        <time>2026-10-02T07:04:21.650Z</time>
      </trkpt>
      <trkpt lat="53.787399" lon="10.756476">
        <ele>13.610962</ele>
        <time>2026-10-02T07:04:23.162Z</time>
      </trkpt>
      <trkpt lat="53.786088" lon="10.759464">
        <ele>10.672264</ele>
        <time>2026-10-02T07:04:44.180Z</time>
      </trkpt>
      <trkpt lat="53.785874" lon="10.759968">
        <ele>9.882355</ele>
        <time>2026-10-02T07:04:47.347Z</time>
      </trkpt>
      <trkpt lat="53.785322" lon="10.761274">
        <ele>7.838652</ele>
        <time>2026-10-02T07:04:55.470Z</time>
      </trkpt>
      <trkpt lat="53.785336" lon="10.761332">
        <ele>7.758912</ele>
        <time>2026-10-02T07:04:57.544Z</time>
      </trkpt>
      <trkpt lat="53.785275" lon="10.761483">
        <ele>7.526103</ele>
        <time>2026-10-02T07:04:58.422Z</time>
      </trkpt>
      <trkpt lat="53.785277" lon="10.761634">
        <ele>7.346757</ele>
        <time>2026-10-02T07:04:59.161Z</time>
      </trkpt>
      <trkpt lat="53.785171" lon="10.761868">
        <ele>7.028490</ele>
        <time>2026-10-02T07:05:00.601Z</time>
      </trkpt>
      <trkpt lat="53.785138" lon="10.762119">
        <ele>6.750942</ele>
        <time>2026-10-02T07:05:01.872Z</time>
      </trkpt>
      <trkpt lat="53.785024" lon="10.762228">
        <ele>6.511741</ele>
        <time>2026-10-02T07:05:02.980Z</time>
      </trkpt>
      <trkpt lat="53.784822" lon="10.762686">
        <ele>5.894835</ele>
        <time>2026-10-02T07:05:05.906Z</time>
      </trkpt>
      <trkpt lat="53.784755" lon="10.762708">
        <ele>5.770150</ele>
        <time>2026-10-02T07:05:06.489Z</time>
      </trkpt>
      <trkpt lat="53.783845" lon="10.764862">
        <ele>3.951791</ele>
        <time>2026-10-02T07:05:21.371Z</time>
      </trkpt>
      <trkpt lat="53.783296" lon="10.766154">
        <ele>3.697218</ele>
        <time>2026-10-02T07:05:37.116Z</time>
      </trkpt>
      <trkpt lat="53.783156" lon="10.766474">
        <ele>3.674160</ele>
        <time>2026-10-02T07:05:41.330Z</time>
      </trkpt>
      <trkpt lat="53.782998" lon="10.766801">
        <ele>3.831353</ele>
        <time>2026-10-02T07:05:45.736Z</time>
      </trkpt>
      <trkpt lat="53.782787" lon="10.767134">
        <ele>4.013055</ele>
        <time>2026-10-02T07:05:51.003Z</time>
      </trkpt>
      <trkpt lat="53.782513" lon="10.767565">
        <ele>4.248649</ele>
        <time>2026-10-02T07:05:58.126Z</time>
      </trkpt>
      <trkpt lat="53.782331" lon="10.767779">
        <ele>4.388224</ele>
        <time>2026-10-02T07:06:03.557Z</time>
      </trkpt>
      <trkpt lat="53.782134" lon="10.767944">
        <ele>4.526660</ele>
        <time>2026-10-02T07:06:08.918Z</time>
      </trkpt>
      <trkpt lat="53.779612" lon="10.769187">
        <ele>5.419279</ele>
        <time>2026-10-02T07:07:11.787Z</time>
      </trkpt>
      <trkpt lat="53.778577" lon="10.769696">
        <ele>4.949187</ele>
        <time>2026-10-02T07:07:33.370Z</time>
      </trkpt>
      <trkpt lat="53.777499" lon="10.770578">
        <ele>5.018206</ele>
        <time>2026-10-02T07:07:57.923Z</time>
      </trkpt>
      <trkpt lat="53.777020" lon="10.770877">
        <ele>5.129184</ele>
        <time>2026-10-02T07:08:10.150Z</time>
      </trkpt>
      <trkpt lat="53.776617" lon="10.771034">
        <ele>5.284772</ele>
        <time>2026-10-02T07:08:20.895Z</time>
      </trkpt>
      <trkpt lat="53.775654" lon="10.771144">
        <ele>7.596207</ele>
        <time>2026-10-02T07:08:49.029Z</time>
      </trkpt>
      <trkpt lat="53.774647" lon="10.770739">
        <ele>10.216543</ele>
        <time>2026-10-02T07:09:22.059Z</time>
      </trkpt>
      <trkpt lat="53.773127" lon="10.769979">
        <ele>14.966850</ele>
        <time>2026-10-02T07:10:03.205Z</time>
      </trkpt>
      <trkpt lat="53.772934" lon="10.769941">
        <ele>15.403718</ele>
        <time>2026-10-02T07:10:08.066Z</time>
      </trkpt>
      <trkpt lat="53.772538" lon="10.769997">
        <ele>16.297187</ele>
        <time>2026-10-02T07:10:17.791Z</time>
      </trkpt>
      <trkpt lat="53.772320" lon="10.770124">
        <ele>16.815575</ele>
        <time>2026-10-02T07:10:23.232Z</time>
      </trkpt>
      <trkpt lat="53.772193" lon="10.770255">
        <ele>17.149997</ele>
        <time>2026-10-02T07:10:26.653Z</time>
      </trkpt>
      <trkpt lat="53.772118" lon="10.770320">
        <ele>17.339459</ele>
        <time>2026-10-02T07:10:28.598Z</time>
      </trkpt>
      <trkpt lat="53.772003" lon="10.770346">
        <ele>17.600323</ele>
        <time>2026-10-02T07:10:31.201Z</time>
      </trkpt>
      <trkpt lat="53.771682" lon="10.770744">
        <ele>18.495086</ele>
        <time>2026-10-02T07:10:40.062Z</time>
      </trkpt>
      <trkpt lat="53.771416" lon="10.771287">
        <ele>19.231267</ele>
        <time>2026-10-02T07:10:49.198Z</time>
      </trkpt>
      <trkpt lat="53.771291" lon="10.771676">
        <ele>19.563680</ele>
        <time>2026-10-02T07:10:54.789Z</time>
      </trkpt>
      <trkpt lat="53.771166" lon="10.772175">
        <ele>19.970562</ele>
        <time>2026-10-02T07:11:01.420Z</time>
      </trkpt>
      <trkpt lat="53.770654" lon="10.774601">
        <ele>21.219607</ele>
        <time>2026-10-02T07:11:30.992Z</time>
      </trkpt>
      <trkpt lat="53.770651" lon="10.774738">
        <ele>21.214000</ele>
        <time>2026-10-02T07:11:32.360Z</time>
      </trkpt>
      <trkpt lat="53.770676" lon="10.774869">
        <ele>21.208371</ele>
        <time>2026-10-02T07:11:33.712Z</time>
      </trkpt>
      <trkpt lat="53.770626" lon="10.774959">
        <ele>21.203320</ele>
        <time>2026-10-02T07:11:34.890Z</time>
      </trkpt>
      <trkpt lat="53.770533" lon="10.774622">
        <ele>21.188111</ele>
        <time>2026-10-02T07:11:37.435Z</time>
      </trkpt>
      <trkpt lat="53.770487" lon="10.774623">
        <ele>21.184928</ele>
        <time>2026-10-02T07:11:37.953Z</time>
      </trkpt>
      <trkpt lat="53.770430" lon="10.774551">
        <ele>21.180006</ele>
        <time>2026-10-02T07:11:38.764Z</time>
      </trkpt>
      <trkpt lat="53.770179" lon="10.774069">
        <ele>21.153737</ele>
        <time>2026-10-02T07:11:42.841Z</time>
      </trkpt>
      <trkpt lat="53.769898" lon="10.773526">
        <ele>20.994103</ele>
        <time>2026-10-02T07:11:47.010Z</time>
      </trkpt>
      <trkpt lat="53.769582" lon="10.772965">
        <ele>20.309408</ele>
        <time>2026-10-02T07:11:51.233Z</time>
      </trkpt>
      <trkpt lat="53.769100" lon="10.772254">
        <ele>19.353497</ele>
        <time>2026-10-02T07:11:56.953Z</time>
      </trkpt>
      <trkpt lat="53.768570" lon="10.771451">
        <ele>18.280363</ele>
        <time>2026-10-02T07:12:03.395Z</time>
      </trkpt>
      <trkpt lat="53.768410" lon="10.771131">
        <ele>17.886563</ele>
        <time>2026-10-02T07:12:05.734Z</time>
      </trkpt>
      <trkpt lat="53.768342" lon="10.770938">
        <ele>17.675459</ele>
        <time>2026-10-02T07:12:06.998Z</time>
      </trkpt>
      <trkpt lat="53.768327" lon="10.770823">
        <ele>17.564813</ele>
        <time>2026-10-02T07:12:07.649Z</time>
      </trkpt>
      <trkpt lat="53.768324" lon="10.770648">
        <ele>17.400325</ele>
        <time>2026-10-02T07:12:08.630Z</time>
      </trkpt>
      <trkpt lat="53.768441" lon="10.769650">
        <ele>16.444400</ele>
        <time>2026-10-02T07:12:14.138Z</time>
      </trkpt>
      <trkpt lat="53.768456" lon="10.769397">
        <ele>16.205505</ele>
        <time>2026-10-02T07:12:15.480Z</time>
      </trkpt>
      <trkpt lat="53.768433" lon="10.769102">
        <ele>15.925941</ele>
        <time>2026-10-02T07:12:17.045Z</time>
      </trkpt>
      <trkpt lat="53.767973" lon="10.769435">
        <ele>15.515222</ele>
        <time>2026-10-02T07:12:21.435Z</time>
      </trkpt>
      <trkpt lat="53.767632" lon="10.769564">
        <ele>15.432335</ele>
        <time>2026-10-02T07:12:24.639Z</time>
      </trkpt>
      <trkpt lat="53.767075" lon="10.769644">
        <ele>15.299731</ele>
        <time>2026-10-02T07:12:30.315Z</time>
      </trkpt>
      <trkpt lat="53.767066" lon="10.769799">
        <ele>15.277894</ele>
        <time>2026-10-02T07:12:31.477Z</time>
      </trkpt>
      <trkpt lat="53.766864" lon="10.769906">
        <ele>15.227683</ele>
        <time>2026-10-02T07:12:34.503Z</time>
      </trkpt>
      <trkpt lat="53.766602" lon="10.770142">
        <ele>15.157273</ele>
        <time>2026-10-02T07:12:39.643Z</time>
      </trkpt>
      <trkpt lat="53.766498" lon="10.770276">
        <ele>15.646124</ele>
        <time>2026-10-02T07:12:42.211Z</time>
      </trkpt>
      <trkpt lat="53.766357" lon="10.770592">
        <ele>16.560372</ele>
        <time>2026-10-02T07:12:47.219Z</time>
      </trkpt>
      <trkpt lat="53.766200" lon="10.771218">
        <ele>18.130623</ele>
        <time>2026-10-02T07:12:56.902Z</time>
      </trkpt>
      <trkpt lat="53.766075" lon="10.771981">
        <ele>19.958912</ele>
        <time>2026-10-02T07:13:08.811Z</time>
      </trkpt>
      <trkpt lat="53.765786" lon="10.773197">
        <ele>23.271521</ele>
        <time>2026-10-02T07:13:30.587Z</time>
      </trkpt>
      <trkpt lat="53.765382" lon="10.775051">
        <ele>29.461349</ele>
        <time>2026-10-02T07:14:05.939Z</time>
      </trkpt>
      <trkpt lat="53.765382" lon="10.775281">
        <ele>30.181839</ele>
        <time>2026-10-02T07:14:09.935Z</time>
      </trkpt>
      <trkpt lat="53.765232" lon="10.775782">
        <ele>31.872297</ele>
        <time>2026-10-02T07:14:19.061Z</time>
      </trkpt>
      <trkpt lat="53.765133" lon="10.776546">
        <ele>33.577697</ele>
        <time>2026-10-02T07:14:30.536Z</time>
      </trkpt>
      <trkpt lat="53.765048" lon="10.776869">
        <ele>34.348616</ele>
        <time>2026-10-02T07:14:35.310Z</time>
      </trkpt>
      <trkpt lat="53.764928" lon="10.777230">
        <ele>35.251680</ele>
        <time>2026-10-02T07:14:40.709Z</time>
      </trkpt>
      <trkpt lat="53.764678" lon="10.778436">
        <ele>38.038306</ele>
        <time>2026-10-02T07:14:56.823Z</time>
      </trkpt>
      <trkpt lat="53.764006" lon="10.781540">
        <ele>46.171149</ele>
        <time>2026-10-02T07:15:45.210Z</time>
      </trkpt>
      <trkpt lat="53.763676" lon="10.783249">
        <ele>52.676346</ele>
        <time>2026-10-02T07:16:17.557Z</time>
      </trkpt>
      <trkpt lat="53.763412" lon="10.784242">
        <ele>56.615994</ele>
        <time>2026-10-02T07:16:39.964Z</time>
      </trkpt>
      <trkpt lat="53.763160" lon="10.784807">
        <ele>59.654218</ele>
        <time>2026-10-02T07:16:55.272Z</time>
      </trkpt>
      <trkpt lat="53.763020" lon="10.785237">
        <ele>61.779243</ele>
        <time>2026-10-02T07:17:06.104Z</time>
      </trkpt>
      <trkpt lat="53.762954" lon="10.785349">
        <ele>62.463818</ele>
        <time>2026-10-02T07:17:09.604Z</time>
      </trkpt>
      <trkpt lat="53.762813" lon="10.785378">
        <ele>63.503951</ele>
        <time>2026-10-02T07:17:14.905Z</time>
      </trkpt>
      <trkpt lat="53.762680" lon="10.785474">
        <ele>64.562849</ele>
        <time>2026-10-02T07:17:20.312Z</time>
      </trkpt>
      <trkpt lat="53.762296" lon="10.786062">
        <ele>68.355751</ele>
        <time>2026-10-02T07:17:39.065Z</time>
      </trkpt>
      <trkpt lat="53.761904" lon="10.786727">
        <ele>71.058082</ele>
        <time>2026-10-02T07:17:56.756Z</time>
      </trkpt>
      <trkpt lat="53.761689" lon="10.787195">
        <ele>72.226881</ele>
        <time>2026-10-02T07:18:06.168Z</time>
      </trkpt>
      <trkpt lat="53.761553" lon="10.787594">
        <ele>73.135122</ele>
        <time>2026-10-02T07:18:12.643Z</time>
      </trkpt>
      <trkpt lat="53.761009" lon="10.789952">
        <ele>75.806783</ele>
        <time>2026-10-02T07:18:35.778Z</time>
      </trkpt>
      <trkpt lat="53.760859" lon="10.790772">
        <ele>75.721802</ele>
        <time>2026-10-02T07:18:40.976Z</time>
      </trkpt>
      <trkpt lat="53.760815" lon="10.791417">
        <ele>75.657521</ele>
        <time>2026-10-02T07:18:44.719Z</time>
      </trkpt>
      <trkpt lat="53.760821" lon="10.791797">
        <ele>75.619887</ele>
        <time>2026-10-02T07:18:46.837Z</time>
      </trkpt>
      <trkpt lat="53.760921" lon="10.792646">
        <ele>74.925076</ele>
        <time>2026-10-02T07:18:51.620Z</time>
      </trkpt>
      <trkpt lat="53.761916" lon="10.796448">
        <ele>71.259743</ele>
        <time>2026-10-02T07:19:14.377Z</time>
      </trkpt>
      <trkpt lat="53.761822" lon="10.796497">
        <ele>71.103688</ele>
        <time>2026-10-02T07:19:16.855Z</time>
      </trkpt>
      <trkpt lat="53.762116" lon="10.797637">
        <ele>69.927527</ele>
        <time>2026-10-02T07:19:23.438Z</time>
      </trkpt>
      <trkpt lat="53.762233" lon="10.798267">
        <ele>69.287847</ele>
        <time>2026-10-02T07:19:26.894Z</time>
      </trkpt>
      <trkpt lat="53.762288" lon="10.799042">
        <ele>68.531726</ele>
        <time>2026-10-02T07:19:31.134Z</time>
      </trkpt>
      <trkpt lat="53.762295" lon="10.799524">
        <ele>68.064680</ele>
        <time>2026-10-02T07:19:33.769Z</time>
      </trkpt>
      <trkpt lat="53.762260" lon="10.810511">
        <ele>58.241538</ele>
        <time>2026-10-02T07:20:33.346Z</time>
      </trkpt>
      <trkpt lat="53.762244" lon="10.815352">
        <ele>55.121470</ele>
        <time>2026-10-02T07:21:00.699Z</time>
      </trkpt>
      <trkpt lat="53.762204" lon="10.816067">
        <ele>55.138843</ele>
        <time>2026-10-02T07:21:06.146Z</time>
      </trkpt>
      <trkpt lat="53.762080" lon="10.817016">
        <ele>55.366050</ele>
        <time>2026-10-02T07:21:14.061Z</time>
      </trkpt>
      <trkpt lat="53.762041" lon="10.817222">
        <ele>55.416617</ele>
        <time>2026-10-02T07:21:15.914Z</time>
      </trkpt>
      <trkpt lat="53.761708" lon="10.818878">
        <ele>55.568023</ele>
        <time>2026-10-02T07:21:30.453Z</time>
      </trkpt>
      <trkpt lat="53.761525" lon="10.819706">
        <ele>55.235236</ele>
        <time>2026-10-02T07:21:36.394Z</time>
      </trkpt>
      <trkpt lat="53.761440" lon="10.819940">
        <ele>55.131841</ele>
        <time>2026-10-02T07:21:38.064Z</time>
      </trkpt>
      <trkpt lat="53.761317" lon="10.820181">
        <ele>55.011976</ele>
        <time>2026-10-02T07:21:39.931Z</time>
      </trkpt>
      <trkpt lat="53.761180" lon="10.820380">
        <ele>54.896978</ele>
        <time>2026-10-02T07:21:41.668Z</time>
      </trkpt>
      <trkpt lat="53.760958" lon="10.820655">
        <ele>54.721746</ele>
        <time>2026-10-02T07:21:44.282Z</time>
      </trkpt>
      <trkpt lat="53.760484" lon="10.821268">
        <ele>53.978336</ele>
        <time>2026-10-02T07:21:49.628Z</time>
      </trkpt>
      <trkpt lat="53.760331" lon="10.821456">
        <ele>53.675281</ele>
        <time>2026-10-02T07:21:51.282Z</time>
      </trkpt>
      <trkpt lat="53.759654" lon="10.822060">
        <ele>52.448686</ele>
        <time>2026-10-02T07:21:57.992Z</time>
      </trkpt>
      <trkpt lat="53.759509" lon="10.822283">
        <ele>52.134628</ele>
        <time>2026-10-02T07:21:59.772Z</time>
      </trkpt>
      <trkpt lat="53.759454" lon="10.822580">
        <ele>51.839768</ele>
        <time>2026-10-02T07:22:01.524Z</time>
      </trkpt>
      <trkpt lat="53.759447" lon="10.822818">
        <ele>51.722843</ele>
        <time>2026-10-02T07:22:02.923Z</time>
      </trkpt>
      <trkpt lat="53.759470" lon="10.822997">
        <ele>51.771570</ele>
        <time>2026-10-02T07:22:04.033Z</time>
      </trkpt>
      <trkpt lat="53.759699" lon="10.823655">
        <ele>51.974680</ele>
        <time>2026-10-02T07:22:09.117Z</time>
      </trkpt>
      <trkpt lat="53.759803" lon="10.823903">
        <ele>52.055561</ele>
        <time>2026-10-02T07:22:11.435Z</time>
      </trkpt>
      <trkpt lat="53.759912" lon="10.824142">
        <ele>52.135856</ele>
        <time>2026-10-02T07:22:13.938Z</time>
      </trkpt>
      <trkpt lat="53.760526" lon="10.825483">
        <ele>52.722986</ele>
        <time>2026-10-02T07:22:29.817Z</time>
      </trkpt>
      <trkpt lat="53.760572" lon="10.825708">
        <ele>52.895650</ele>
        <time>2026-10-02T07:22:32.333Z</time>
      </trkpt>
      <trkpt lat="53.760629" lon="10.825769">
        <ele>52.978398</ele>
        <time>2026-10-02T07:22:33.518Z</time>
      </trkpt>
      <trkpt lat="53.760695" lon="10.825908">
        <ele>53.107699</ele>
        <time>2026-10-02T07:22:35.366Z</time>
      </trkpt>
      <trkpt lat="53.760779" lon="10.826215">
        <ele>53.353042</ele>
        <time>2026-10-02T07:22:38.734Z</time>
      </trkpt>
      <trkpt lat="53.760876" lon="10.826556">
        <ele>53.627493</ele>
        <time>2026-10-02T07:22:42.386Z</time>
      </trkpt>
      <trkpt lat="53.760899" lon="10.826651">
        <ele>53.701945</ele>
        <time>2026-10-02T07:22:43.352Z</time>
      </trkpt>
      <trkpt lat="53.760992" lon="10.827165">
        <ele>54.091790</ele>
        <time>2026-10-02T07:22:48.173Z</time>
      </trkpt>
      <trkpt lat="53.761186" lon="10.828747">
        <ele>55.319891</ele>
        <time>2026-10-02T07:23:02.241Z</time>
      </trkpt>
      <trkpt lat="53.761244" lon="10.829075">
        <ele>55.593683</ele>
        <time>2026-10-02T07:23:05.220Z</time>
      </trkpt>
      <trkpt lat="53.761339" lon="10.829394">
        <ele>55.879337</ele>
        <time>2026-10-02T07:23:08.407Z</time>
      </trkpt>
      <trkpt lat="53.761548" lon="10.830086">
        <ele>56.500785</ele>
        <time>2026-10-02T07:23:15.904Z</time>
      </trkpt>
      <trkpt lat="53.761821" lon="10.830646">
        <ele>57.081264</ele>
        <time>2026-10-02T07:23:23.507Z</time>
      </trkpt>
      <trkpt lat="53.762270" lon="10.831401">
        <ele>58.509054</ele>
        <time>2026-10-02T07:23:35.790Z</time>
      </trkpt>
      <trkpt lat="53.762594" lon="10.832024">
        <ele>59.652812</ele>
        <time>2026-10-02T07:23:45.506Z</time>
      </trkpt>
      <trkpt lat="53.763678" lon="10.834517">
        <ele>63.565154</ele>
        <time>2026-10-02T07:24:21.115Z</time>
      </trkpt>
      <trkpt lat="53.763848" lon="10.835033">
        <ele>64.267693</ele>
        <time>2026-10-02T07:24:27.504Z</time>
      </trkpt>
      <trkpt lat="53.764022" lon="10.835668">
        <ele>64.989380</ele>
        <time>2026-10-02T07:24:34.592Z</time>
      </trkpt>
      <trkpt lat="53.764985" lon="10.840222">
        <ele>65.459158</ele>
        <time>2026-10-02T07:25:10.260Z</time>
      </trkpt>
      <trkpt lat="53.765770" lon="10.843755">
        <ele>63.576388</ele>
        <time>2026-10-02T07:25:32.492Z</time>
      </trkpt>
      <trkpt lat="53.766045" lon="10.845009">
        <ele>62.194709</ele>
        <time>2026-10-02T07:25:39.368Z</time>
      </trkpt>
      <trkpt lat="53.766225" lon="10.845616">
        <ele>61.384305</ele>
        <time>2026-10-02T07:25:42.732Z</time>
      </trkpt>
      <trkpt lat="53.766448" lon="10.846148">
        <ele>60.606017</ele>
        <time>2026-10-02T07:25:46.006Z</time>
      </trkpt>
      <trkpt lat="53.766722" lon="10.846736">
        <ele>59.712508</ele>
        <time>2026-10-02T07:25:49.977Z</time>
      </trkpt>
      <trkpt lat="53.767022" lon="10.847284">
        <ele>59.325116</ele>
        <time>2026-10-02T07:25:54.235Z</time>
      </trkpt>
      <trkpt lat="53.767316" lon="10.847723">
        <ele>58.997154</ele>
        <time>2026-10-02T07:25:58.152Z</time>
      </trkpt>
      <trkpt lat="53.767824" lon="10.848282">
        <ele>58.490322</ele>
        <time>2026-10-02T07:26:04.529Z</time>
      </trkpt>
      <trkpt lat="53.768169" lon="10.848681">
        <ele>58.138447</ele>
        <time>2026-10-02T07:26:08.976Z</time>
      </trkpt>
      <trkpt lat="53.768904" lon="10.849431">
        <ele>57.374081</ele>
        <time>2026-10-02T07:26:17.768Z</time>
      </trkpt>
      <trkpt lat="53.769181" lon="10.849795">
        <ele>57.061744</ele>
        <time>2026-10-02T07:26:21.275Z</time>
      </trkpt>
      <trkpt lat="53.769521" lon="10.850435">
        <ele>56.608813</ele>
        <time>2026-10-02T07:26:26.288Z</time>
      </trkpt>
      <trkpt lat="53.770510" lon="10.852469">
        <ele>53.966983</ele>
        <time>2026-10-02T07:26:40.277Z</time>
      </trkpt>
      <trkpt lat="53.770646" lon="10.852866">
        <ele>53.501344</ele>
        <time>2026-10-02T07:26:42.625Z</time>
      </trkpt>
      <trkpt lat="53.770703" lon="10.853227">
        <ele>53.157353</ele>
        <time>2026-10-02T07:26:44.557Z</time>
      </trkpt>
      <trkpt lat="53.770721" lon="10.853646">
        <ele>52.772129</ele>
        <time>2026-10-02T07:26:46.739Z</time>
      </trkpt>
      <trkpt lat="53.770676" lon="10.856905">
        <ele>50.049677</ele>
        <time>2026-10-02T07:27:04.773Z</time>
      </trkpt>
      <trkpt lat="53.770699" lon="10.857298">
        <ele>49.793269</ele>
        <time>2026-10-02T07:27:06.976Z</time>
      </trkpt>
      <trkpt lat="53.770798" lon="10.857693">
        <ele>49.514702</ele>
        <time>2026-10-02T07:27:09.324Z</time>
      </trkpt>
      <trkpt lat="53.770960" lon="10.858125">
        <ele>49.182526</ele>
        <time>2026-10-02T07:27:12.164Z</time>
      </trkpt>
      <trkpt lat="53.771533" lon="10.859138">
        <ele>48.810790</ele>
        <time>2026-10-02T07:27:20.678Z</time>
      </trkpt>
      <trkpt lat="53.772758" lon="10.860668">
        <ele>49.172488</ele>
        <time>2026-10-02T07:27:41.745Z</time>
      </trkpt>
      <trkpt lat="53.773757" lon="10.861918">
        <ele>49.691115</ele>
        <time>2026-10-02T07:27:58.586Z</time>
      </trkpt>
      <trkpt lat="53.773859" lon="10.862100">
        <ele>49.752990</ele>
        <time>2026-10-02T07:28:00.270Z</time>
      </trkpt>
      <trkpt lat="53.773886" lon="10.862213">
        <ele>49.783057</ele>
        <time>2026-10-02T07:28:01.061Z</time>
      </trkpt>
      <trkpt lat="53.773869" lon="10.862347">
        <ele>49.816866</ele>
        <time>2026-10-02T07:28:02.067Z</time>
      </trkpt>
      <trkpt lat="53.773793" lon="10.862519">
        <ele>49.867880</ele>
        <time>2026-10-02T07:28:03.563Z</time>
      </trkpt>
      <trkpt lat="53.773342" lon="10.863389">
        <ele>49.841966</ele>
        <time>2026-10-02T07:28:11.898Z</time>
      </trkpt>
      <trkpt lat="53.773108" lon="10.863850">
        <ele>49.828358</ele>
        <time>2026-10-02T07:28:16.311Z</time>
      </trkpt>
      <trkpt lat="53.772989" lon="10.864234">
        <ele>49.818648</ele>
        <time>2026-10-02T07:28:19.251Z</time>
      </trkpt>
      <trkpt lat="53.772895" lon="10.864703">
        <ele>49.807558</ele>
        <time>2026-10-02T07:28:22.668Z</time>
      </trkpt>
      <trkpt lat="53.772718" lon="10.866133">
        <ele>49.281255</ele>
        <time>2026-10-02T07:28:31.927Z</time>
      </trkpt>
      <trkpt lat="53.772609" lon="10.867041">
        <ele>48.851683</ele>
        <time>2026-10-02T07:28:37.286Z</time>
      </trkpt>
      <trkpt lat="53.772590" lon="10.867146">
        <ele>48.800771</ele>
        <time>2026-10-02T07:28:37.960Z</time>
      </trkpt>
      <trkpt lat="53.772493" lon="10.867432">
        <ele>48.647889</ele>
        <time>2026-10-02T07:28:39.855Z</time>
      </trkpt>
      <trkpt lat="53.772388" lon="10.867629">
        <ele>48.524896</ele>
        <time>2026-10-02T07:28:41.361Z</time>
      </trkpt>
      <trkpt lat="53.772262" lon="10.867737">
        <ele>48.414090</ele>
        <time>2026-10-02T07:28:42.698Z</time>
      </trkpt>
      <trkpt lat="53.771914" lon="10.867940">
        <ele>48.210624</ele>
        <time>2026-10-02T07:28:46.190Z</time>
      </trkpt>
      <trkpt lat="53.771748" lon="10.867983">
        <ele>48.121524</ele>
        <time>2026-10-02T07:28:47.842Z</time>
      </trkpt>
      <trkpt lat="53.771623" lon="10.867947">
        <ele>48.054250</ele>
        <time>2026-10-02T07:28:49.131Z</time>
      </trkpt>
      <trkpt lat="53.771379" lon="10.867787">
        <ele>47.915411</ele>
        <time>2026-10-02T07:28:51.810Z</time>
      </trkpt>
      <trkpt lat="53.771285" lon="10.867759">
        <ele>47.864771</ele>
        <time>2026-10-02T07:28:52.815Z</time>
      </trkpt>
      <trkpt lat="53.771187" lon="10.867794">
        <ele>47.811630</ele>
        <time>2026-10-02T07:28:53.860Z</time>
      </trkpt>
      <trkpt lat="53.771052" lon="10.867960">
        <ele>47.723087</ele>
        <time>2026-10-02T07:28:55.710Z</time>
      </trkpt>
      <trkpt lat="53.770887" lon="10.868309">
        <ele>47.582944</ele>
        <time>2026-10-02T07:28:58.638Z</time>
      </trkpt>
      <trkpt lat="53.770750" lon="10.868600">
        <ele>47.466282</ele>
        <time>2026-10-02T07:29:01.193Z</time>
      </trkpt>
      <trkpt lat="53.770655" lon="10.868803">
        <ele>47.463843</ele>
        <time>2026-10-02T07:29:03.095Z</time>
      </trkpt>
      <trkpt lat="53.770605" lon="10.868909">
        <ele>47.489005</ele>
        <time>2026-10-02T07:29:04.068Z</time>
      </trkpt>
      <trkpt lat="53.770589" lon="10.868946">
        <ele>47.497511</ele>
        <time>2026-10-02T07:29:04.444Z</time>
      </trkpt>
      <trkpt lat="53.770517" lon="10.869118">
        <ele>47.536615</ele>
        <time>2026-10-02T07:29:06.116Z</time>
      </trkpt>
      <trkpt lat="53.770269" lon="10.869726">
        <ele>47.673674</ele>
        <time>2026-10-02T07:29:12.368Z</time>
      </trkpt>
      <trkpt lat="53.770052" lon="10.870337">
        <ele>47.805926</ele>
        <time>2026-10-02T07:29:18.484Z</time>
      </trkpt>
      <trkpt lat="53.769985" lon="10.870597">
        <ele>47.858550</ele>
        <time>2026-10-02T07:29:20.910Z</time>
      </trkpt>
      <trkpt lat="53.769424" lon="10.873106">
        <ele>46.905085</ele>
        <time>2026-10-02T07:29:38.465Z</time>
      </trkpt>
      <trkpt lat="53.769245" lon="10.873094">
        <ele>46.732773</ele>
        <time>2026-10-02T07:29:40.010Z</time>
      </trkpt>
      <trkpt lat="53.768890" lon="10.872926">
        <ele>46.378199</ele>
        <time>2026-10-02T07:29:43.181Z</time>
      </trkpt>
      <trkpt lat="53.768857" lon="10.873144">
        <ele>46.247677</ele>
        <time>2026-10-02T07:29:44.326Z</time>
      </trkpt>
      <trkpt lat="53.768774" lon="10.873736">
        <ele>45.854310</ele>
        <time>2026-10-02T07:29:48.837Z</time>
      </trkpt>
      <trkpt lat="53.768712" lon="10.874035">
        <ele>45.649445</ele>
        <time>2026-10-02T07:29:51.216Z</time>
      </trkpt>
      <trkpt lat="53.768624" lon="10.874268">
        <ele>45.470674</ele>
        <time>2026-10-02T07:29:53.318Z</time>
      </trkpt>
      <trkpt lat="53.768503" lon="10.874471">
        <ele>45.284275</ele>
        <time>2026-10-02T07:29:55.539Z</time>
      </trkpt>
      <trkpt lat="53.768054" lon="10.875053">
        <ele>44.665551</ele>
        <time>2026-10-02T07:30:03.556Z</time>
      </trkpt>
      <trkpt lat="53.767820" lon="10.875451">
        <ele>44.302598</ele>
        <time>2026-10-02T07:30:09.302Z</time>
      </trkpt>
      <trkpt lat="53.767573" lon="10.875976">
        <ele>44.225944</ele>
        <time>2026-10-02T07:30:16.228Z</time>
      </trkpt>
      <trkpt lat="53.766972" lon="10.877254">
        <ele>44.041365</ele>
        <time>2026-10-02T07:30:31.457Z</time>
      </trkpt>
      <trkpt lat="53.766419" lon="10.878355">
        <ele>43.720905</ele>
        <time>2026-10-02T07:30:44.135Z</time>
      </trkpt>
      <trkpt lat="53.766219" lon="10.879124">
        <ele>43.438500</ele>
        <time>2026-10-02T07:30:51.217Z</time>
      </trkpt>
      <trkpt lat="53.765892" lon="10.880112">
        <ele>43.057876</ele>
        <time>2026-10-02T07:31:00.869Z</time>
      </trkpt>
      <trkpt lat="53.765287" lon="10.881233">
        <ele>43.063179</ele>
        <time>2026-10-02T07:31:14.471Z</time>
      </trkpt>
      <trkpt lat="53.764634" lon="10.882364">
        <ele>43.239347</ele>
        <time>2026-10-02T07:31:30.912Z</time>
      </trkpt>
      <trkpt lat="53.764483" lon="10.882717">
        <ele>43.361160</ele>
        <time>2026-10-02T07:31:35.749Z</time>
      </trkpt>
      <trkpt lat="53.764382" lon="10.883066">
        <ele>43.630821</ele>
        <time>2026-10-02T07:31:40.145Z</time>
      </trkpt>
      <trkpt lat="53.764345" lon="10.883194">
        <ele>43.729700</ele>
        <time>2026-10-02T07:31:41.722Z</time>
      </trkpt>
      <trkpt lat="53.763830" lon="10.885166">
        <ele>45.225813</ele>
        <time>2026-10-02T07:32:07.675Z</time>
      </trkpt>
      <trkpt lat="53.763780" lon="10.885401">
        <ele>45.389642</ele>
        <time>2026-10-02T07:32:10.103Z</time>
      </trkpt>
      <trkpt lat="53.763769" lon="10.885466">
        <ele>45.403889</ele>
        <time>2026-10-02T07:32:10.848Z</time>
      </trkpt>
      <trkpt lat="53.763588" lon="10.886635">
        <ele>45.658527</ele>
        <time>2026-10-02T07:32:22.293Z</time>
      </trkpt>
      <trkpt lat="53.763508" lon="10.887527">
        <ele>45.848638</ele>
        <time>2026-10-02T07:32:28.771Z</time>
      </trkpt>
      <trkpt lat="53.763500" lon="10.887743">
        <ele>45.894243</ele>
        <time>2026-10-02T07:32:30.085Z</time>
      </trkpt>
      <trkpt lat="53.763485" lon="10.888049">
        <ele>45.958944</ele>
        <time>2026-10-02T07:32:31.935Z</time>
      </trkpt>
      <trkpt lat="53.763481" lon="10.888127">
        <ele>45.975441</ele>
        <time>2026-10-02T07:32:32.387Z</time>
      </trkpt>
      <trkpt lat="53.763477" lon="10.888203">
        <ele>45.991519</ele>
        <time>2026-10-02T07:32:32.863Z</time>
      </trkpt>
      <trkpt lat="53.763472" lon="10.888259">
        <ele>46.003453</ele>
        <time>2026-10-02T07:32:33.223Z</time>
      </trkpt>
      <trkpt lat="53.763414" lon="10.888664">
        <ele>45.798092</ele>
        <time>2026-10-02T07:32:35.720Z</time>
      </trkpt>
      <trkpt lat="53.763303" lon="10.889117">
        <ele>45.432443</ele>
        <time>2026-10-02T07:32:38.614Z</time>
      </trkpt>
      <trkpt lat="53.762630" lon="10.890923">
        <ele>43.840540</ele>
        <time>2026-10-02T07:32:50.145Z</time>
      </trkpt>
      <trkpt lat="53.762614" lon="10.891194">
        <ele>43.631091</ele>
        <time>2026-10-02T07:32:51.718Z</time>
      </trkpt>
      <trkpt lat="53.762621" lon="10.891349">
        <ele>43.509043</ele>
        <time>2026-10-02T07:32:52.552Z</time>
      </trkpt>
      <trkpt lat="53.762676" lon="10.891723">
        <ele>43.206459</ele>
        <time>2026-10-02T07:32:54.787Z</time>
      </trkpt>
      <trkpt lat="53.762668" lon="10.891999">
        <ele>42.989506</ele>
        <time>2026-10-02T07:32:56.316Z</time>
      </trkpt>
      <trkpt lat="53.762432" lon="10.893553">
        <ele>41.729810</ele>
        <time>2026-10-02T07:33:08.971Z</time>
      </trkpt>
      <trkpt lat="53.762168" lon="10.895106">
        <ele>40.432253</ele>
        <time>2026-10-02T07:33:21.885Z</time>
      </trkpt>
      <trkpt lat="53.761645" lon="10.898540">
        <ele>37.825877</ele>
        <time>2026-10-02T07:33:49.627Z</time>
      </trkpt>
      <trkpt lat="53.760924" lon="10.902953">
        <ele>35.747352</ele>
        <time>2026-10-02T07:34:28.667Z</time>
      </trkpt>
      <trkpt lat="53.760905" lon="10.903219">
        <ele>35.670609</ele>
        <time>2026-10-02T07:34:31.177Z</time>
      </trkpt>
      <trkpt lat="53.761007" lon="10.903749">
        <ele>35.510961</ele>
        <time>2026-10-02T07:34:36.480Z</time>
      </trkpt>
      <trkpt lat="53.761193" lon="10.904513">
        <ele>35.274301</ele>
        <time>2026-10-02T07:34:44.359Z</time>
      </trkpt>
      <trkpt lat="53.761235" lon="10.904869">
        <ele>35.170323</ele>
        <time>2026-10-02T07:34:47.683Z</time>
      </trkpt>
      <trkpt lat="53.761248" lon="10.905413">
        <ele>35.014381</ele>
        <time>2026-10-02T07:34:52.345Z</time>
      </trkpt>
      <trkpt lat="53.761325" lon="10.905993">
        <ele>34.760098</ele>
        <time>2026-10-02T07:34:57.107Z</time>
      </trkpt>
      <trkpt lat="53.761389" lon="10.906255">
        <ele>34.588628</ele>
        <time>2026-10-02T07:34:59.298Z</time>
      </trkpt>
      <trkpt lat="53.761621" lon="10.906771">
        <ele>34.196508</ele>
        <time>2026-10-02T07:35:04.331Z</time>
      </trkpt>
      <trkpt lat="53.761796" lon="10.907492">
        <ele>33.725081</ele>
        <time>2026-10-02T07:35:10.472Z</time>
      </trkpt>
      <trkpt lat="53.761852" lon="10.907801">
        <ele>33.529596</ele>
        <time>2026-10-02T07:35:13.074Z</time>
      </trkpt>
      <trkpt lat="53.761431" lon="10.907984">
        <ele>33.084840</ele>
        <time>2026-10-02T07:35:17.487Z</time>
      </trkpt>
      <trkpt lat="53.760404" lon="10.908757">
        <ele>32.822669</ele>
        <time>2026-10-02T07:35:30.821Z</time>
      </trkpt>
      <trkpt lat="53.760081" lon="10.909096">
        <ele>32.735455</ele>
        <time>2026-10-02T07:35:34.932Z</time>
      </trkpt>
      <trkpt lat="53.759929" lon="10.909372">
        <ele>32.684291</ele>
        <time>2026-10-02T07:35:37.318Z</time>
      </trkpt>
      <trkpt lat="53.759876" lon="10.909480">
        <ele>32.673703</ele>
        <time>2026-10-02T07:35:38.215Z</time>
      </trkpt>
      <trkpt lat="53.759645" lon="10.909354">
        <ele>32.951482</ele>
        <time>2026-10-02T07:35:40.913Z</time>
      </trkpt>
      <trkpt lat="53.759332" lon="10.909309">
        <ele>33.310994</ele>
        <time>2026-10-02T07:35:44.632Z</time>
      </trkpt>
      <trkpt lat="53.758826" lon="10.909166">
        <ele>33.898125</ele>
        <time>2026-10-02T07:35:52.126Z</time>
      </trkpt>
      <trkpt lat="53.757677" lon="10.908762">
        <ele>35.732600</ele>
        <time>2026-10-02T07:36:15.149Z</time>
      </trkpt>
      <trkpt lat="53.757179" lon="10.908542">
        <ele>36.882531</ele>
        <time>2026-10-02T07:36:26.132Z</time>
      </trkpt>
      <trkpt lat="53.756781" lon="10.908287">
        <ele>37.833380</ele>
        <time>2026-10-02T07:36:34.445Z</time>
      </trkpt>
      <trkpt lat="53.755763" lon="10.906814">
        <ele>39.575156</ele>
        <time>2026-10-02T07:36:55.780Z</time>
      </trkpt>
      <trkpt lat="53.755727" lon="10.906763">
        <ele>39.617042</ele>
        <time>2026-10-02T07:36:56.423Z</time>
      </trkpt>
      <trkpt lat="53.753764" lon="10.903847">
        <ele>40.860849</ele>
        <time>2026-10-02T07:37:30.175Z</time>
      </trkpt>
      <trkpt lat="53.753390" lon="10.903313">
        <ele>41.099825</ele>
        <time>2026-10-02T07:37:35.948Z</time>
      </trkpt>
      <trkpt lat="53.751973" lon="10.901194">
        <ele>42.064827</ele>
        <time>2026-10-02T07:38:02.190Z</time>
      </trkpt>
      <trkpt lat="53.751733" lon="10.900895">
        <ele>42.230261</ele>
        <time>2026-10-02T07:38:06.688Z</time>
      </trkpt>
      <trkpt lat="53.750386" lon="10.899467">
        <ele>43.027888</ele>
        <time>2026-10-02T07:38:27.515Z</time>
      </trkpt>
      <trkpt lat="53.749752" lon="10.898778">
        <ele>43.350328</ele>
        <time>2026-10-02T07:38:36.477Z</time>
      </trkpt>
      <trkpt lat="53.749398" lon="10.898341">
        <ele>43.598552</ele>
        <time>2026-10-02T07:38:42.490Z</time>
      </trkpt>
      <trkpt lat="53.748569" lon="10.896812">
        <ele>45.379168</ele>
        <time>2026-10-02T07:39:03.742Z</time>
      </trkpt>
      <trkpt lat="53.748233" lon="10.896351">
        <ele>46.007238</ele>
        <time>2026-10-02T07:39:11.310Z</time>
      </trkpt>
      <trkpt lat="53.747733" lon="10.895742">
        <ele>46.574781</ele>
        <time>2026-10-02T07:39:21.007Z</time>
      </trkpt>
      <trkpt lat="53.747463" lon="10.895342">
        <ele>46.876982</ele>
        <time>2026-10-02T07:39:26.140Z</time>
      </trkpt>
      <trkpt lat="53.747338" lon="10.895082">
        <ele>47.043802</ele>
        <time>2026-10-02T07:39:28.851Z</time>
      </trkpt>
      <trkpt lat="53.747150" lon="10.894563">
        <ele>47.346808</ele>
        <time>2026-10-02T07:39:33.699Z</time>
      </trkpt>
      <trkpt lat="53.746776" lon="10.892734">
        <ele>48.360281</ele>
        <time>2026-10-02T07:39:49.198Z</time>
      </trkpt>
      <trkpt lat="53.746607" lon="10.892065">
        <ele>48.749385</ele>
        <time>2026-10-02T07:39:55.347Z</time>
      </trkpt>
      <trkpt lat="53.746461" lon="10.891663">
        <ele>49.001713</ele>
        <time>2026-10-02T07:39:59.573Z</time>
      </trkpt>
      <trkpt lat="53.746176" lon="10.891037">
        <ele>49.546534</ele>
        <time>2026-10-02T07:40:07.401Z</time>
      </trkpt>
      <trkpt lat="53.745956" lon="10.890671">
        <ele>50.039197</ele>
        <time>2026-10-02T07:40:13.016Z</time>
      </trkpt>
      <trkpt lat="53.745655" lon="10.890298">
        <ele>50.634907</ele>
        <time>2026-10-02T07:40:20.090Z</time>
      </trkpt>
      <trkpt lat="53.745336" lon="10.889930">
        <ele>51.251357</ele>
        <time>2026-10-02T07:40:27.191Z</time>
      </trkpt>
      <trkpt lat="53.744748" lon="10.889342">
        <ele>52.117276</ele>
        <time>2026-10-02T07:40:38.377Z</time>
      </trkpt>
      <trkpt lat="53.744593" lon="10.889151">
        <ele>52.089917</ele>
        <time>2026-10-02T07:40:41.053Z</time>
      </trkpt>
      <trkpt lat="53.743931" lon="10.888100">
        <ele>51.960383</ele>
        <time>2026-10-02T07:40:50.573Z</time>
      </trkpt>
      <trkpt lat="53.743432" lon="10.887376">
        <ele>51.853005</ele>
        <time>2026-10-02T07:40:57.232Z</time>
      </trkpt>
      <trkpt lat="53.742017" lon="10.885546">
        <ele>51.313296</ele>
        <time>2026-10-02T07:41:17.705Z</time>
      </trkpt>
      <trkpt lat="53.741984" lon="10.885494">
        <ele>51.293359</ele>
        <time>2026-10-02T07:41:18.157Z</time>
      </trkpt>
      <trkpt lat="53.741774" lon="10.885139">
        <ele>51.162113</ele>
        <time>2026-10-02T07:41:21.139Z</time>
      </trkpt>
      <trkpt lat="53.741337" lon="10.884294">
        <ele>50.868697</ele>
        <time>2026-10-02T07:41:27.664Z</time>
      </trkpt>
      <trkpt lat="53.738977" lon="10.879651">
        <ele>49.875027</ele>
        <time>2026-10-02T07:42:11.092Z</time>
      </trkpt>
      <trkpt lat="53.738658" lon="10.879023">
        <ele>49.534930</ele>
        <time>2026-10-02T07:42:15.777Z</time>
      </trkpt>
      <trkpt lat="53.738621" lon="10.878951">
        <ele>49.495745</ele>
        <time>2026-10-02T07:42:16.285Z</time>
      </trkpt>
      <trkpt lat="53.737515" lon="10.876779">
        <ele>46.012795</ele>
        <time>2026-10-02T07:42:30.502Z</time>
      </trkpt>
      <trkpt lat="53.737454" lon="10.876659">
        <ele>45.807931</ele>
        <time>2026-10-02T07:42:31.338Z</time>
      </trkpt>
      <trkpt lat="53.737271" lon="10.876291">
        <ele>45.427345</ele>
        <time>2026-10-02T07:42:33.971Z</time>
      </trkpt>
      <trkpt lat="53.737013" lon="10.875889">
        <ele>45.354497</ele>
        <time>2026-10-02T07:42:37.460Z</time>
      </trkpt>
      <trkpt lat="53.736849" lon="10.875675">
        <ele>45.311483</ele>
        <time>2026-10-02T07:42:39.669Z</time>
      </trkpt>
      <trkpt lat="53.736801" lon="10.875623">
        <ele>45.299647</ele>
        <time>2026-10-02T07:42:40.306Z</time>
      </trkpt>
      <trkpt lat="53.736365" lon="10.875170">
        <ele>45.193393</ele>
        <time>2026-10-02T07:42:46.611Z</time>
      </trkpt>
      <trkpt lat="53.735197" lon="10.874061">
        <ele>45.558271</ele>
        <time>2026-10-02T07:43:06.007Z</time>
      </trkpt>
      <trkpt lat="53.734676" lon="10.873473">
        <ele>45.938190</ele>
        <time>2026-10-02T07:43:14.875Z</time>
      </trkpt>
      <trkpt lat="53.734624" lon="10.873370">
        <ele>45.986769</ele>
        <time>2026-10-02T07:43:15.962Z</time>
      </trkpt>
      <trkpt lat="53.734607" lon="10.873266">
        <ele>46.025478</ele>
        <time>2026-10-02T07:43:16.833Z</time>
      </trkpt>
      <trkpt lat="53.734616" lon="10.873123">
        <ele>46.077069</ele>
        <time>2026-10-02T07:43:17.988Z</time>
      </trkpt>
      <trkpt lat="53.734691" lon="10.872826">
        <ele>46.164759</ele>
        <time>2026-10-02T07:43:20.490Z</time>
      </trkpt>
      <trkpt lat="53.735025" lon="10.871746">
        <ele>46.062649</ele>
        <time>2026-10-02T07:43:28.332Z</time>
      </trkpt>
      <trkpt lat="53.735075" lon="10.871402">
        <ele>46.032969</ele>
        <time>2026-10-02T07:43:30.350Z</time>
      </trkpt>
      <trkpt lat="53.735076" lon="10.871159">
        <ele>46.012608</ele>
        <time>2026-10-02T07:43:31.751Z</time>
      </trkpt>
      <trkpt lat="53.735042" lon="10.870871">
        <ele>45.988002</ele>
        <time>2026-10-02T07:43:33.461Z</time>
      </trkpt>
      <trkpt lat="53.734910" lon="10.870093">
        <ele>45.920187</ele>
        <time>2026-10-02T07:43:38.981Z</time>
      </trkpt>
      <trkpt lat="53.734843" lon="10.869853">
        <ele>46.180753</ele>
        <time>2026-10-02T07:43:41.246Z</time>
      </trkpt>
      <trkpt lat="53.734653" lon="10.869328">
        <ele>46.968809</ele>
        <time>2026-10-02T07:43:47.208Z</time>
      </trkpt>
      <trkpt lat="53.734494" lon="10.869130">
        <ele>47.396280</ele>
        <time>2026-10-02T07:43:50.833Z</time>
      </trkpt>
      <trkpt lat="53.734415" lon="10.869297">
        <ele>47.670081</ele>
        <time>2026-10-02T07:43:53.364Z</time>
      </trkpt>
      <trkpt lat="53.733971" lon="10.869737">
        <ele>48.784131</ele>
        <time>2026-10-02T07:44:04.150Z</time>
      </trkpt>
      <trkpt lat="53.733451" lon="10.870205">
        <ele>50.078239</ele>
        <time>2026-10-02T07:44:17.372Z</time>
      </trkpt>
      <trkpt lat="53.733339" lon="10.870305">
        <ele>50.373122</ele>
        <time>2026-10-02T07:44:20.050Z</time>
      </trkpt>
      <trkpt lat="53.733199" lon="10.870436">
        <ele>50.745656</ele>
        <time>2026-10-02T07:44:23.381Z</time>
      </trkpt>
      <trkpt lat="53.733123" lon="10.870505">
        <ele>50.946495</ele>
        <time>2026-10-02T07:44:25.125Z</time>
      </trkpt>
      <trkpt lat="53.732284" lon="10.871098">
        <ele>53.063635</ele>
        <time>2026-10-02T07:44:42.491Z</time>
      </trkpt>
      <trkpt lat="53.732029" lon="10.871218">
        <ele>53.679877</ele>
        <time>2026-10-02T07:44:47.174Z</time>
      </trkpt>
      <trkpt lat="53.731571" lon="10.871338">
        <ele>54.380854</ele>
        <time>2026-10-02T07:44:55.020Z</time>
      </trkpt>
      <trkpt lat="53.731202" lon="10.871367">
        <ele>54.814627</ele>
        <time>2026-10-02T07:45:01.045Z</time>
      </trkpt>
      <trkpt lat="53.729862" lon="10.871261">
        <ele>56.167737</ele>
        <time>2026-10-02T07:45:21.158Z</time>
      </trkpt>
      <trkpt lat="53.728608" lon="10.871327">
        <ele>56.479045</ele>
        <time>2026-10-02T07:45:37.725Z</time>
      </trkpt>
      <trkpt lat="53.727304" lon="10.871599">
        <ele>55.478811</ele>
        <time>2026-10-02T07:45:50.659Z</time>
      </trkpt>
      <trkpt lat="53.726181" lon="10.872000">
        <ele>54.162016</ele>
        <time>2026-10-02T07:46:01.437Z</time>
      </trkpt>
      <trkpt lat="53.725468" lon="10.872143">
        <ele>53.209049</ele>
        <time>2026-10-02T07:46:07.980Z</time>
      </trkpt>
      <trkpt lat="53.724517" lon="10.872034">
        <ele>52.189719</ele>
        <time>2026-10-02T07:46:17.011Z</time>
      </trkpt>
      <trkpt lat="53.723231" lon="10.871467">
        <ele>51.837447</ele>
        <time>2026-10-02T07:46:32.703Z</time>
      </trkpt>
      <trkpt lat="53.721853" lon="10.871049">
        <ele>51.038056</ele>
        <time>2026-10-02T07:46:48.988Z</time>
      </trkpt>
      <trkpt lat="53.720316" lon="10.871087">
        <ele>48.888496</ele>
        <time>2026-10-02T07:47:02.979Z</time>
      </trkpt>
      <trkpt lat="53.719364" lon="10.871302">
        <ele>47.038843</ele>
        <time>2026-10-02T07:47:11.167Z</time>
      </trkpt>
      <trkpt lat="53.717669" lon="10.872302">
        <ele>44.112417</ele>
        <time>2026-10-02T07:47:27.040Z</time>
      </trkpt>
      <trkpt lat="53.717149" lon="10.872496">
        <ele>44.828392</ele>
        <time>2026-10-02T07:47:33.581Z</time>
      </trkpt>
      <trkpt lat="53.716570" lon="10.872553">
        <ele>45.608177</ele>
        <time>2026-10-02T07:47:43.816Z</time>
      </trkpt>
      <trkpt lat="53.716439" lon="10.872559">
        <ele>45.784371</ele>
        <time>2026-10-02T07:47:46.530Z</time>
      </trkpt>
      <trkpt lat="53.715638" lon="10.872351">
        <ele>46.940798</ele>
        <time>2026-10-02T07:48:03.918Z</time>
      </trkpt>
      <trkpt lat="53.715450" lon="10.872340">
        <ele>47.233741</ele>
        <time>2026-10-02T07:48:07.882Z</time>
      </trkpt>
      <trkpt lat="53.715258" lon="10.872368">
        <ele>47.533850</ele>
        <time>2026-10-02T07:48:11.738Z</time>
      </trkpt>
      <trkpt lat="53.714976" lon="10.872480">
        <ele>47.984969</ele>
        <time>2026-10-02T07:48:16.951Z</time>
      </trkpt>
      <trkpt lat="53.714697" lon="10.872678">
        <ele>48.456213</ele>
        <time>2026-10-02T07:48:21.687Z</time>
      </trkpt>
      <trkpt lat="53.714548" lon="10.872970">
        <ele>48.811543</ele>
        <time>2026-10-02T07:48:24.785Z</time>
      </trkpt>
      <trkpt lat="53.714406" lon="10.873363">
        <ele>49.235906</ele>
        <time>2026-10-02T07:48:28.062Z</time>
      </trkpt>
      <trkpt lat="53.714271" lon="10.874169">
        <ele>48.915706</ele>
        <time>2026-10-02T07:48:33.285Z</time>
      </trkpt>
      <trkpt lat="53.713641" lon="10.881184">
        <ele>46.025251</ele>
        <time>2026-10-02T07:49:15.622Z</time>
      </trkpt>
      <trkpt lat="53.712998" lon="10.888217">
        <ele>43.952324</ele>
        <time>2026-10-02T07:50:00.422Z</time>
      </trkpt>
      <trkpt lat="53.712460" lon="10.894143">
        <ele>44.122190</ele>
        <time>2026-10-02T07:50:43.368Z</time>
      </trkpt>
      <trkpt lat="53.712392" lon="10.894633">
        <ele>44.139209</ele>
        <time>2026-10-02T07:50:47.092Z</time>
      </trkpt>
      <trkpt lat="53.710388" lon="10.904158">
        <ele>44.477041</ele>
        <time>2026-10-02T07:51:58.117Z</time>
      </trkpt>
      <trkpt lat="53.709733" lon="10.907176">
        <ele>45.208270</ele>
        <time>2026-10-02T07:52:24.634Z</time>
      </trkpt>
      <trkpt lat="53.709259" lon="10.909162">
        <ele>45.815042</ele>
        <time>2026-10-02T07:52:40.343Z</time>
      </trkpt>
      <trkpt lat="53.709003" lon="10.909888">
        <ele>46.169900</ele>
        <time>2026-10-02T07:52:46.979Z</time>
      </trkpt>
      <trkpt lat="53.708251" lon="10.911685">
        <ele>47.091833</ele>
        <time>2026-10-02T07:53:06.762Z</time>
      </trkpt>
      <trkpt lat="53.707633" lon="10.913163">
        <ele>47.844214</ele>
        <time>2026-10-02T07:53:22.438Z</time>
      </trkpt>
      <trkpt lat="53.707175" lon="10.914178">
        <ele>48.137023</ele>
        <time>2026-10-02T07:53:31.893Z</time>
      </trkpt>
      <trkpt lat="53.706429" lon="10.915705">
        <ele>48.148285</ele>
        <time>2026-10-02T07:53:45.363Z</time>
      </trkpt>
      <trkpt lat="53.706494" lon="10.915809">
        <ele>48.149145</ele>
        <time>2026-10-02T07:53:46.440Z</time>
      </trkpt>
      <trkpt lat="53.706485" lon="10.915863">
        <ele>48.149464</ele>
        <time>2026-10-02T07:53:46.849Z</time>
      </trkpt>
      <trkpt lat="53.706160" lon="10.916532">
        <ele>47.937693</ele>
        <time>2026-10-02T07:53:52.926Z</time>
      </trkpt>
      <trkpt lat="53.706028" lon="10.916826">
        <ele>47.805188</ele>
        <time>2026-10-02T07:53:55.389Z</time>
      </trkpt>
      <trkpt lat="53.706011" lon="10.917025">
        <ele>47.732989</ele>
        <time>2026-10-02T07:53:56.713Z</time>
      </trkpt>
      <trkpt lat="53.706037" lon="10.917730">
        <ele>47.479341</ele>
        <time>2026-10-02T07:54:01.235Z</time>
      </trkpt>
      <trkpt lat="53.706185" lon="10.919258">
        <ele>46.706620</ele>
        <time>2026-10-02T07:54:10.036Z</time>
      </trkpt>
      <trkpt lat="53.706425" lon="10.922790">
        <ele>43.932238</ele>
        <time>2026-10-02T07:54:29.005Z</time>
      </trkpt>
      <trkpt lat="53.706485" lon="10.923666">
        <ele>43.633066</ele>
        <time>2026-10-02T07:54:34.233Z</time>
      </trkpt>
      <trkpt lat="53.706527" lon="10.928122">
        <ele>44.184723</ele>
        <time>2026-10-02T07:55:10.004Z</time>
      </trkpt>
      <trkpt lat="53.706536" lon="10.928757">
        <ele>44.265020</ele>
        <time>2026-10-02T07:55:15.284Z</time>
      </trkpt>
      <trkpt lat="53.706661" lon="10.938517">
        <ele>45.353611</ele>
        <time>2026-10-02T07:56:26.465Z</time>
      </trkpt>
      <trkpt lat="53.706540" lon="10.938546">
        <ele>45.378233</ele>
        <time>2026-10-02T07:56:34.192Z</time>
      </trkpt>
      <trkpt lat="53.700147" lon="10.939597">
        <ele>47.064923</ele>
        <time>2026-10-02T07:57:56.353Z</time>
      </trkpt>
      <trkpt lat="53.698854" lon="10.939810">
        <ele>46.839522</ele>
        <time>2026-10-02T07:58:11.925Z</time>
      </trkpt>
      <trkpt lat="53.696932" lon="10.940116">
        <ele>45.005977</ele>
        <time>2026-10-02T07:58:30.669Z</time>
      </trkpt>
      <trkpt lat="53.696499" lon="10.940124">
        <ele>44.438838</ele>
        <time>2026-10-02T07:58:34.579Z</time>
      </trkpt>
      <trkpt lat="53.696129" lon="10.940123">
        <ele>43.904458</ele>
        <time>2026-10-02T07:58:37.902Z</time>
      </trkpt>
      <trkpt lat="53.693840" lon="10.940089">
        <ele>40.667762</ele>
        <time>2026-10-02T07:58:59.269Z</time>
      </trkpt>
      <trkpt lat="53.693568" lon="10.940161">
        <ele>40.287045</ele>
        <time>2026-10-02T07:59:01.786Z</time>
      </trkpt>
      <trkpt lat="53.693282" lon="10.940343">
        <ele>39.864417</ele>
        <time>2026-10-02T07:59:04.518Z</time>
      </trkpt>
      <trkpt lat="53.692356" lon="10.941450">
        <ele>40.087984</ele>
        <time>2026-10-02T07:59:15.690Z</time>
      </trkpt>
      <trkpt lat="53.692249" lon="10.941581">
        <ele>40.131807</ele>
        <time>2026-10-02T07:59:17.589Z</time>
      </trkpt>
      <trkpt lat="53.692071" lon="10.941819">
        <ele>40.207091</ele>
        <time>2026-10-02T07:59:21.385Z</time>
      </trkpt>
      <trkpt lat="53.691881" lon="10.942135">
        <ele>40.295517</ele>
        <time>2026-10-02T07:59:26.651Z</time>
      </trkpt>
      <trkpt lat="53.691795" lon="10.942350">
        <ele>40.407768</ele>
        <time>2026-10-02T07:59:29.908Z</time>
      </trkpt>
      <trkpt lat="53.691728" lon="10.942520">
        <ele>40.729432</ele>
        <time>2026-10-02T07:59:32.587Z</time>
      </trkpt>
      <trkpt lat="53.691404" lon="10.943663">
        <ele>42.725487</ele>
        <time>2026-10-02T07:59:50.019Z</time>
      </trkpt>
      <trkpt lat="53.691159" lon="10.944266">
        <ele>43.877401</ele>
        <time>2026-10-02T07:59:59.173Z</time>
      </trkpt>
      <trkpt lat="53.690883" lon="10.944786">
        <ele>44.977374</ele>
        <time>2026-10-02T08:00:06.977Z</time>
      </trkpt>
      <trkpt lat="53.690448" lon="10.945409">
        <ele>45.178208</ele>
        <time>2026-10-02T08:00:15.448Z</time>
      </trkpt>
      <trkpt lat="53.690134" lon="10.945743">
        <ele>45.218396</ele>
        <time>2026-10-02T08:00:20.187Z</time>
      </trkpt>
      <trkpt lat="53.689904" lon="10.945946">
        <ele>45.246500</ele>
        <time>2026-10-02T08:00:23.151Z</time>
      </trkpt>
      <trkpt lat="53.689510" lon="10.946192">
        <ele>45.291992</ele>
        <time>2026-10-02T08:00:27.672Z</time>
      </trkpt>
      <trkpt lat="53.687379" lon="10.947117">
        <ele>42.932458</ele>
        <time>2026-10-02T08:00:47.922Z</time>
      </trkpt>
      <trkpt lat="53.687069" lon="10.947279">
        <ele>42.969252</ele>
        <time>2026-10-02T08:00:51.203Z</time>
      </trkpt>
      <trkpt lat="53.685544" lon="10.949136">
        <ele>43.475055</ele>
        <time>2026-10-02T08:01:17.602Z</time>
      </trkpt>
      <trkpt lat="53.685102" lon="10.949514">
        <ele>43.783122</ele>
        <time>2026-10-02T08:01:25.508Z</time>
      </trkpt>
      <trkpt lat="53.684670" lon="10.949677">
        <ele>44.058358</ele>
        <time>2026-10-02T08:01:31.874Z</time>
      </trkpt>
      <trkpt lat="53.684382" lon="10.949726">
        <ele>44.229265</ele>
        <time>2026-10-02T08:01:35.575Z</time>
      </trkpt>
      <trkpt lat="53.684083" lon="10.949710">
        <ele>43.810711</ele>
        <time>2026-10-02T08:01:38.937Z</time>
      </trkpt>
      <trkpt lat="53.681733" lon="10.949255">
        <ele>40.181780</ele>
        <time>2026-10-02T08:01:59.983Z</time>
      </trkpt>
      <trkpt lat="53.681196" lon="10.949310">
        <ele>39.231644</ele>
        <time>2026-10-02T08:02:04.624Z</time>
      </trkpt>
      <trkpt lat="53.680748" lon="10.949542">
        <ele>38.546227</ele>
        <time>2026-10-02T08:02:08.906Z</time>
      </trkpt>
      <trkpt lat="53.680328" lon="10.949922">
        <ele>38.569450</ele>
        <time>2026-10-02T08:02:13.704Z</time>
      </trkpt>
      <trkpt lat="53.678545" lon="10.952628">
        <ele>39.060334</ele>
        <time>2026-10-02T08:02:47.154Z</time>
      </trkpt>
      <trkpt lat="53.678220" lon="10.953061">
        <ele>39.214738</ele>
        <time>2026-10-02T08:02:52.074Z</time>
      </trkpt>
      <trkpt lat="53.678193" lon="10.953099">
        <ele>39.227848</ele>
        <time>2026-10-02T08:02:52.505Z</time>
      </trkpt>
      <trkpt lat="53.677817" lon="10.953413">
        <ele>39.245487</ele>
        <time>2026-10-02T08:02:57.293Z</time>
      </trkpt>
      <trkpt lat="53.677538" lon="10.953517">
        <ele>39.174750</ele>
        <time>2026-10-02T08:03:00.486Z</time>
      </trkpt>
      <trkpt lat="53.676010" lon="10.953670">
        <ele>38.647323</ele>
        <time>2026-10-02T08:03:17.761Z</time>
      </trkpt>
      <trkpt lat="53.675991" lon="10.953411">
        <ele>38.513995</ele>
        <time>2026-10-02T08:03:21.968Z</time>
      </trkpt>
      <trkpt lat="53.675917" lon="10.953160">
        <ele>38.370760</ele>
        <time>2026-10-02T08:03:26.450Z</time>
      </trkpt>
      <trkpt lat="53.675496" lon="10.951709">
        <ele>37.545324</ele>
        <time>2026-10-02T08:03:51.898Z</time>
      </trkpt>
      <trkpt lat="53.675308" lon="10.950904">
        <ele>37.171366</ele>
        <time>2026-10-02T08:04:05.784Z</time>
      </trkpt>
      <trkpt lat="53.675091" lon="10.949970">
        <ele>36.832444</ele>
        <time>2026-10-02T08:04:22.546Z</time>
      </trkpt>
      <trkpt lat="53.674928" lon="10.948951">
        <ele>36.475877</ele>
        <time>2026-10-02T08:04:40.418Z</time>
      </trkpt>
      <trkpt lat="53.674901" lon="10.948618">
        <ele>36.362334</ele>
        <time>2026-10-02T08:04:45.992Z</time>
      </trkpt>
      <trkpt lat="53.674854" lon="10.947896">
        <ele>36.301678</ele>
        <time>2026-10-02T08:04:58.054Z</time>
      </trkpt>
      <trkpt lat="53.674891" lon="10.947574">
        <ele>36.317520</ele>
        <time>2026-10-02T08:05:03.642Z</time>
      </trkpt>
      <trkpt lat="53.675001" lon="10.947197">
        <ele>36.337818</ele>
        <time>2026-10-02T08:05:10.923Z</time>
      </trkpt>
      <trkpt lat="53.675205" lon="10.946745">
        <ele>36.365264</ele>
        <time>2026-10-02T08:05:21.012Z</time>
      </trkpt>
      <trkpt lat="53.675750" lon="10.945407">
        <ele>36.553258</ele>
        <time>2026-10-02T08:05:51.095Z</time>
      </trkpt>
      <trkpt lat="53.675915" lon="10.944871">
        <ele>36.755547</ele>
        <time>2026-10-02T08:06:02.706Z</time>
      </trkpt>
      <trkpt lat="53.676089" lon="10.943859">
        <ele>37.108435</ele>
        <time>2026-10-02T08:06:22.799Z</time>
      </trkpt>
      <trkpt lat="53.676113" lon="10.943548">
        <ele>37.213463</ele>
        <time>2026-10-02T08:06:28.631Z</time>
      </trkpt>
      <trkpt lat="53.676108" lon="10.943268">
        <ele>37.307272</ele>
        <time>2026-10-02T08:06:33.655Z</time>
      </trkpt>
      <trkpt lat="53.676108" lon="10.943258">
        <ele>37.310621</ele>
        <time>2026-10-02T08:06:33.846Z</time>
      </trkpt>
      <trkpt lat="53.676091" lon="10.942234">
        <ele>37.674894</ele>
        <time>2026-10-02T08:06:51.943Z</time>
      </trkpt>
      <trkpt lat="53.676092" lon="10.941962">
        <ele>37.775118</ele>
        <time>2026-10-02T08:06:56.881Z</time>
      </trkpt>
      <trkpt lat="53.675877" lon="10.941860">
        <ele>37.914037</ele>
        <time>2026-10-02T08:06:59.832Z</time>
      </trkpt>
      <trkpt lat="53.675753" lon="10.941737">
        <ele>38.003500</ele>
        <time>2026-10-02T08:07:01.812Z</time>
      </trkpt>
      <trkpt lat="53.675655" lon="10.941577">
        <ele>38.088304</ele>
        <time>2026-10-02T08:07:03.733Z</time>
      </trkpt>
      <trkpt lat="53.675483" lon="10.941204">
        <ele>38.262478</ele>
        <time>2026-10-02T08:07:07.774Z</time>
      </trkpt>
      <trkpt lat="53.674796" lon="10.939443">
        <ele>39.643844</ele>
        <time>2026-10-02T08:07:26.925Z</time>
      </trkpt>
      <trkpt lat="53.674652" lon="10.939168">
        <ele>39.949912</ele>
        <time>2026-10-02T08:07:30.631Z</time>
      </trkpt>
      <trkpt lat="53.674263" lon="10.938626">
        <ele>40.659936</ele>
        <time>2026-10-02T08:07:39.314Z</time>
      </trkpt>
      <trkpt lat="53.673946" lon="10.938292">
        <ele>41.246134</ele>
        <time>2026-10-02T08:07:45.652Z</time>
      </trkpt>
      <trkpt lat="53.673656" lon="10.938151">
        <ele>41.945528</ele>
        <time>2026-10-02T08:07:50.618Z</time>
      </trkpt>
      <trkpt lat="53.673408" lon="10.938063">
        <ele>42.532826</ele>
        <time>2026-10-02T08:07:55.025Z</time>
      </trkpt>
      <trkpt lat="53.673063" lon="10.937998">
        <ele>43.337326</ele>
        <time>2026-10-02T08:08:01.476Z</time>
      </trkpt>
      <trkpt lat="53.672655" lon="10.937935">
        <ele>44.286811</ele>
        <time>2026-10-02T08:08:08.983Z</time>
      </trkpt>
      <trkpt lat="53.671484" lon="10.938032">
        <ele>48.664884</ele>
        <time>2026-10-02T08:08:36.443Z</time>
      </trkpt>
      <trkpt lat="53.671165" lon="10.937981">
        <ele>50.115276</ele>
        <time>2026-10-02T08:08:45.846Z</time>
      </trkpt>
      <trkpt lat="53.670803" lon="10.937884">
        <ele>51.774360</ele>
        <time>2026-10-02T08:08:56.916Z</time>
      </trkpt>
      <trkpt lat="53.670644" lon="10.937620">
        <ele>52.783885</ele>
        <time>2026-10-02T08:09:03.743Z</time>
      </trkpt>
      <trkpt lat="53.670589" lon="10.937367">
        <ele>53.449507</ele>
        <time>2026-10-02T08:09:08.460Z</time>
      </trkpt>
      <trkpt lat="53.670538" lon="10.937133">
        <ele>53.751067</ele>
        <time>2026-10-02T08:09:12.685Z</time>
      </trkpt>
      <trkpt lat="53.670368" lon="10.935968">
        <ele>55.202210</ele>
        <time>2026-10-02T08:09:28.922Z</time>
      </trkpt>
      <trkpt lat="53.670005" lon="10.933907">
        <ele>56.569791</ele>
        <time>2026-10-02T08:09:44.511Z</time>
      </trkpt>
      <trkpt lat="53.669905" lon="10.933011">
        <ele>55.805192</ele>
        <time>2026-10-02T08:09:49.623Z</time>
      </trkpt>
      <trkpt lat="53.669819" lon="10.932469">
        <ele>55.334652</ele>
        <time>2026-10-02T08:09:52.506Z</time>
      </trkpt>
      <trkpt lat="53.669623" lon="10.931648">
        <ele>54.592363</ele>
        <time>2026-10-02T08:09:57.031Z</time>
      </trkpt>
      <trkpt lat="53.669407" lon="10.931006">
        <ele>53.854219</ele>
        <time>2026-10-02T08:10:00.770Z</time>
      </trkpt>
      <trkpt lat="53.668915" lon="10.929960">
        <ele>52.494224</ele>
        <time>2026-10-02T08:10:07.522Z</time>
      </trkpt>
      <trkpt lat="53.668150" lon="10.927704">
        <ele>51.583472</ele>
        <time>2026-10-02T08:10:23.518Z</time>
      </trkpt>
      <trkpt lat="53.666194" lon="10.922788">
        <ele>53.497267</ele>
        <time>2026-10-02T08:11:16.888Z</time>
      </trkpt>
      <trkpt lat="53.665464" lon="10.920770">
        <ele>52.802073</ele>
        <time>2026-10-02T08:11:30.371Z</time>
      </trkpt>
      <trkpt lat="53.665350" lon="10.920488">
        <ele>52.544248</ele>
        <time>2026-10-02T08:11:32.134Z</time>
      </trkpt>
      <trkpt lat="53.664900" lon="10.919623">
        <ele>51.674886</ele>
        <time>2026-10-02T08:11:38.450Z</time>
      </trkpt>
      <trkpt lat="53.664626" lon="10.919114">
        <ele>51.155504</ele>
        <time>2026-10-02T08:11:42.591Z</time>
      </trkpt>
      <trkpt lat="53.664124" lon="10.918239">
        <ele>49.194378</ele>
        <time>2026-10-02T08:11:49.536Z</time>
      </trkpt>
      <trkpt lat="53.664014" lon="10.918108">
        <ele>48.808173</ele>
        <time>2026-10-02T08:11:50.718Z</time>
      </trkpt>
      <trkpt lat="53.663867" lon="10.917935">
        <ele>48.294076</ele>
        <time>2026-10-02T08:11:52.212Z</time>
      </trkpt>
      <trkpt lat="53.663725" lon="10.917766">
        <ele>47.795626</ele>
        <time>2026-10-02T08:11:53.609Z</time>
      </trkpt>
      <trkpt lat="53.663411" lon="10.917377">
        <ele>46.678232</ele>
        <time>2026-10-02T08:11:56.606Z</time>
      </trkpt>
      <trkpt lat="53.663233" lon="10.917111">
        <ele>45.996201</ele>
        <time>2026-10-02T08:11:58.393Z</time>
      </trkpt>
      <trkpt lat="53.663092" lon="10.916841">
        <ele>45.461860</ele>
        <time>2026-10-02T08:11:59.988Z</time>
      </trkpt>
      <trkpt lat="53.662919" lon="10.916397">
        <ele>44.692005</ele>
        <time>2026-10-02T08:12:02.365Z</time>
      </trkpt>
      <trkpt lat="53.662777" lon="10.915840">
        <ele>43.813532</ele>
        <time>2026-10-02T08:12:05.157Z</time>
      </trkpt>
      <trkpt lat="53.662578" lon="10.915058">
        <ele>42.580545</ele>
        <time>2026-10-02T08:12:09.588Z</time>
      </trkpt>
      <trkpt lat="53.662357" lon="10.914421">
        <ele>41.511131</ele>
        <time>2026-10-02T08:12:15.134Z</time>
      </trkpt>
      <trkpt lat="53.662267" lon="10.914248">
        <ele>41.682945</ele>
        <time>2026-10-02T08:12:17.317Z</time>
      </trkpt>
      <trkpt lat="53.662209" lon="10.914157">
        <ele>41.782914</ele>
        <time>2026-10-02T08:12:18.702Z</time>
      </trkpt>
      <trkpt lat="53.661917" lon="10.913818">
        <ele>42.230320</ele>
        <time>2026-10-02T08:12:25.048Z</time>
      </trkpt>
      <trkpt lat="53.661569" lon="10.913236">
        <ele>42.848792</ele>
        <time>2026-10-02T08:12:33.852Z</time>
      </trkpt>
      <trkpt lat="53.661308" lon="10.912698">
        <ele>43.368893</ele>
        <time>2026-10-02T08:12:40.923Z</time>
      </trkpt>
      <trkpt lat="53.661228" lon="10.912433">
        <ele>43.591361</ele>
        <time>2026-10-02T08:12:43.667Z</time>
      </trkpt>
      <trkpt lat="53.661124" lon="10.912075">
        <ele>43.738018</ele>
        <time>2026-10-02T08:12:47.057Z</time>
      </trkpt>
      <trkpt lat="53.661022" lon="10.911605">
        <ele>43.587883</ele>
        <time>2026-10-02T08:12:51.045Z</time>
      </trkpt>
      <trkpt lat="53.660970" lon="10.910690">
        <ele>43.312168</ele>
        <time>2026-10-02T08:12:57.157Z</time>
      </trkpt>
      <trkpt lat="53.661008" lon="10.909934">
        <ele>43.084590</ele>
        <time>2026-10-02T08:13:01.550Z</time>
      </trkpt>
      <trkpt lat="53.661317" lon="10.907952">
        <ele>41.846099</ele>
        <time>2026-10-02T08:13:12.520Z</time>
      </trkpt>
      <trkpt lat="53.661363" lon="10.907542">
        <ele>41.526282</ele>
        <time>2026-10-02T08:13:14.775Z</time>
      </trkpt>
      <trkpt lat="53.661375" lon="10.907328">
        <ele>41.361535</ele>
        <time>2026-10-02T08:13:15.977Z</time>
      </trkpt>
      <trkpt lat="53.661358" lon="10.907037">
        <ele>41.137424</ele>
        <time>2026-10-02T08:13:17.629Z</time>
      </trkpt>
      <trkpt lat="53.661255" lon="10.906305">
        <ele>40.560801</ele>
        <time>2026-10-02T08:13:22.026Z</time>
      </trkpt>
      <trkpt lat="53.661139" lon="10.905944">
        <ele>40.583328</ele>
        <time>2026-10-02T08:13:24.582Z</time>
      </trkpt>
      <trkpt lat="53.661023" lon="10.905764">
        <ele>40.609813</ele>
        <time>2026-10-02T08:13:26.312Z</time>
      </trkpt>
      <trkpt lat="53.660615" lon="10.905209">
        <ele>40.697888</ele>
        <time>2026-10-02T08:13:32.767Z</time>
      </trkpt>
      <trkpt lat="53.660489" lon="10.904962">
        <ele>40.730347</ele>
        <time>2026-10-02T08:13:35.418Z</time>
      </trkpt>
      <trkpt lat="53.660124" lon="10.903995">
        <ele>40.844531</ele>
        <time>2026-10-02T08:13:45.046Z</time>
      </trkpt>
      <trkpt lat="53.660014" lon="10.903702">
        <ele>40.857449</ele>
        <time>2026-10-02T08:13:47.909Z</time>
      </trkpt>
      <trkpt lat="53.659807" lon="10.903038">
        <ele>40.882044</ele>
        <time>2026-10-02T08:13:53.889Z</time>
      </trkpt>
      <trkpt lat="53.659568" lon="10.902636">
        <ele>40.900711</ele>
        <time>2026-10-02T08:13:58.081Z</time>
      </trkpt>
      <trkpt lat="53.659413" lon="10.902479">
        <ele>40.910712</ele>
        <time>2026-10-02T08:14:00.208Z</time>
      </trkpt>
      <trkpt lat="53.659309" lon="10.902059">
        <ele>40.925634</ele>
        <time>2026-10-02T08:14:03.226Z</time>
      </trkpt>
      <trkpt lat="53.659320" lon="10.901587">
        <ele>40.941118</ele>
        <time>2026-10-02T08:14:06.206Z</time>
      </trkpt>
      <trkpt lat="53.659693" lon="10.900504">
        <ele>40.795947</ele>
        <time>2026-10-02T08:14:13.689Z</time>
      </trkpt>
      <trkpt lat="53.660159" lon="10.899333">
        <ele>40.601938</ele>
        <time>2026-10-02T08:14:22.985Z</time>
      </trkpt>
      <trkpt lat="53.660200" lon="10.899123">
        <ele>40.571527</ele>
        <time>2026-10-02T08:14:24.662Z</time>
      </trkpt>
      <trkpt lat="53.660190" lon="10.898896">
        <ele>40.540219</ele>
        <time>2026-10-02T08:14:26.457Z</time>
      </trkpt>
      <trkpt lat="53.659610" lon="10.897183">
        <ele>40.991584</ele>
        <time>2026-10-02T08:14:42.544Z</time>
      </trkpt>
      <trkpt lat="53.659620" lon="10.896816">
        <ele>41.081516</ele>
        <time>2026-10-02T08:14:45.376Z</time>
      </trkpt>
      <trkpt lat="53.659672" lon="10.896467">
        <ele>41.169606</ele>
        <time>2026-10-02T08:14:48.165Z</time>
      </trkpt>
      <trkpt lat="53.660034" lon="10.895505">
        <ele>41.492139</ele>
        <time>2026-10-02T08:14:56.858Z</time>
      </trkpt>
      <trkpt lat="53.660480" lon="10.894160">
        <ele>41.962465</ele>
        <time>2026-10-02T08:15:08.656Z</time>
      </trkpt>
      <trkpt lat="53.660873" lon="10.893233">
        <ele>42.249128</ele>
        <time>2026-10-02T08:15:19.149Z</time>
      </trkpt>
      <trkpt lat="53.661174" lon="10.892901">
        <ele>42.333357</ele>
        <time>2026-10-02T08:15:24.002Z</time>
      </trkpt>
      <trkpt lat="53.661555" lon="10.892594">
        <ele>42.432253</ele>
        <time>2026-10-02T08:15:29.312Z</time>
      </trkpt>
      <trkpt lat="53.662085" lon="10.892167">
        <ele>42.569821</ele>
        <time>2026-10-02T08:15:36.374Z</time>
      </trkpt>
      <trkpt lat="53.662882" lon="10.891311">
        <ele>42.547292</ele>
        <time>2026-10-02T08:15:46.314Z</time>
      </trkpt>
      <trkpt lat="53.663100" lon="10.890909">
        <ele>42.515522</ele>
        <time>2026-10-02T08:15:49.882Z</time>
      </trkpt>
      <trkpt lat="53.663214" lon="10.890367">
        <ele>42.481992</ele>
        <time>2026-10-02T08:15:54.001Z</time>
      </trkpt>
      <trkpt lat="53.663220" lon="10.889712">
        <ele>42.443802</ele>
        <time>2026-10-02T08:15:58.980Z</time>
      </trkpt>
      <trkpt lat="53.662951" lon="10.888443">
        <ele>42.901103</ele>
        <time>2026-10-02T08:16:09.727Z</time>
      </trkpt>
      <trkpt lat="53.662554" lon="10.886912">
        <ele>43.479838</ele>
        <time>2026-10-02T08:16:24.120Z</time>
      </trkpt>
      <trkpt lat="53.662469" lon="10.886337">
        <ele>43.517175</ele>
        <time>2026-10-02T08:16:28.695Z</time>
      </trkpt>
      <trkpt lat="53.662383" lon="10.886050">
        <ele>43.530867</ele>
        <time>2026-10-02T08:16:31.114Z</time>
      </trkpt>
      <trkpt lat="53.662355" lon="10.885787">
        <ele>43.542243</ele>
        <time>2026-10-02T08:16:33.101Z</time>
      </trkpt>
      <trkpt lat="53.662509" lon="10.881518">
        <ele>43.895139</ele>
        <time>2026-10-02T08:17:02.048Z</time>
      </trkpt>
      <trkpt lat="53.662590" lon="10.880641">
        <ele>44.218262</ele>
        <time>2026-10-02T08:17:09.551Z</time>
      </trkpt>
      <trkpt lat="53.663039" lon="10.877536">
        <ele>47.349175</ele>
        <time>2026-10-02T08:17:44.520Z</time>
      </trkpt>
      <trkpt lat="53.663055" lon="10.877316">
        <ele>47.444637</ele>
        <time>2026-10-02T08:17:46.889Z</time>
      </trkpt>
      <trkpt lat="53.663040" lon="10.877057">
        <ele>47.556716</ele>
        <time>2026-10-02T08:17:49.564Z</time>
      </trkpt>
      <trkpt lat="53.662998" lon="10.876837">
        <ele>47.656263</ele>
        <time>2026-10-02T08:17:51.866Z</time>
      </trkpt>
      <trkpt lat="53.662926" lon="10.876623">
        <ele>47.762252</ele>
        <time>2026-10-02T08:17:54.212Z</time>
      </trkpt>
      <trkpt lat="53.662708" lon="10.876313">
        <ele>47.969456</ele>
        <time>2026-10-02T08:17:58.476Z</time>
      </trkpt>
      <trkpt lat="53.660440" lon="10.874537">
        <ele>47.575225</ele>
        <time>2026-10-02T08:18:24.721Z</time>
      </trkpt>
      <trkpt lat="53.660317" lon="10.874377">
        <ele>47.548585</ele>
        <time>2026-10-02T08:18:26.381Z</time>
      </trkpt>
      <trkpt lat="53.660158" lon="10.873982">
        <ele>47.506019</ele>
        <time>2026-10-02T08:18:29.493Z</time>
      </trkpt>
      <trkpt lat="53.660134" lon="10.873536">
        <ele>47.466098</ele>
        <time>2026-10-02T08:18:32.518Z</time>
      </trkpt>
      <trkpt lat="53.660143" lon="10.873340">
        <ele>47.448574</ele>
        <time>2026-10-02T08:18:33.866Z</time>
      </trkpt>
      <trkpt lat="53.660198" lon="10.873017">
        <ele>47.418616</ele>
        <time>2026-10-02T08:18:36.255Z</time>
      </trkpt>
      <trkpt lat="53.661075" lon="10.869090">
        <ele>47.165027</ele>
        <time>2026-10-02T08:19:05.720Z</time>
      </trkpt>
      <trkpt lat="53.661108" lon="10.868775">
        <ele>47.115058</ele>
        <time>2026-10-02T08:19:07.761Z</time>
      </trkpt>
      <trkpt lat="53.661108" lon="10.868428">
        <ele>47.018245</ele>
        <time>2026-10-02T08:19:09.943Z</time>
      </trkpt>
      <trkpt lat="53.661029" lon="10.867781">
        <ele>46.833937</ele>
        <time>2026-10-02T08:19:14.020Z</time>
      </trkpt>
      <trkpt lat="53.660754" lon="10.866222">
        <ele>46.380107</ele>
        <time>2026-10-02T08:19:23.948Z</time>
      </trkpt>
      <trkpt lat="53.660721" lon="10.865797">
        <ele>46.313349</ele>
        <time>2026-10-02T08:19:26.716Z</time>
      </trkpt>
      <trkpt lat="53.660767" lon="10.865386">
        <ele>46.320812</ele>
        <time>2026-10-02T08:19:29.477Z</time>
      </trkpt>
      <trkpt lat="53.660919" lon="10.864832">
        <ele>46.331706</ele>
        <time>2026-10-02T08:19:33.633Z</time>
      </trkpt>
      <trkpt lat="53.661362" lon="10.863551">
        <ele>46.358173</ele>
        <time>2026-10-02T08:19:44.541Z</time>
      </trkpt>
      <trkpt lat="53.662285" lon="10.861146">
        <ele>47.055382</ele>
        <time>2026-10-02T08:20:07.581Z</time>
      </trkpt>
      <trkpt lat="53.662447" lon="10.860506">
        <ele>47.208827</ele>
        <time>2026-10-02T08:20:13.048Z</time>
      </trkpt>
      <trkpt lat="53.662472" lon="10.860121">
        <ele>47.234761</ele>
        <time>2026-10-02T08:20:15.994Z</time>
      </trkpt>
      <trkpt lat="53.662046" lon="10.854673">
        <ele>47.855960</ele>
        <time>2026-10-02T08:20:54.603Z</time>
      </trkpt>
      <trkpt lat="53.661878" lon="10.852765">
        <ele>49.829990</ele>
        <time>2026-10-02T08:21:15.590Z</time>
      </trkpt>
      <trkpt lat="53.661470" lon="10.847393">
        <ele>55.318579</ele>
        <time>2026-10-02T08:22:13.389Z</time>
      </trkpt>
      <trkpt lat="53.661431" lon="10.846655">
        <ele>55.830220</ele>
        <time>2026-10-02T08:22:19.854Z</time>
      </trkpt>
      <trkpt lat="53.661463" lon="10.844207">
        <ele>56.878962</ele>
        <time>2026-10-02T08:22:39.100Z</time>
      </trkpt>
      <trkpt lat="53.661564" lon="10.836941">
        <ele>58.056624</ele>
        <time>2026-10-02T08:23:35.569Z</time>
      </trkpt>
      <trkpt lat="53.661561" lon="10.836597">
        <ele>58.065673</ele>
        <time>2026-10-02T08:23:37.674Z</time>
      </trkpt>
      <trkpt lat="53.661516" lon="10.836366">
        <ele>57.814074</ele>
        <time>2026-10-02T08:23:39.100Z</time>
      </trkpt>
      <trkpt lat="53.661440" lon="10.836225">
        <ele>57.528490</ele>
        <time>2026-10-02T08:23:40.169Z</time>
      </trkpt>
      <trkpt lat="53.661001" lon="10.835880">
        <ele>56.304012</ele>
        <time>2026-10-02T08:23:44.436Z</time>
      </trkpt>
      <trkpt lat="53.660663" lon="10.835484">
        <ele>55.263603</ele>
        <time>2026-10-02T08:23:47.815Z</time>
      </trkpt>
      <trkpt lat="53.659929" lon="10.834309">
        <ele>52.337629</ele>
        <time>2026-10-02T08:23:55.877Z</time>
      </trkpt>
      <trkpt lat="53.659681" lon="10.833790">
        <ele>50.887339</ele>
        <time>2026-10-02T08:23:58.997Z</time>
      </trkpt>
      <trkpt lat="53.659503" lon="10.833273">
        <ele>49.586678</ele>
        <time>2026-10-02T08:24:01.820Z</time>
      </trkpt>
      <trkpt lat="53.659363" lon="10.832697">
        <ele>48.232411</ele>
        <time>2026-10-02T08:24:04.754Z</time>
      </trkpt>
      <trkpt lat="53.659316" lon="10.832493">
        <ele>47.756291</ele>
        <time>2026-10-02T08:24:05.784Z</time>
      </trkpt>
      <trkpt lat="53.659118" lon="10.831770">
        <ele>46.167361</ele>
        <time>2026-10-02T08:24:09.491Z</time>
      </trkpt>
      <trkpt lat="53.658701" lon="10.830719">
        <ele>43.858321</ele>
        <time>2026-10-02T08:24:15.304Z</time>
      </trkpt>
      <trkpt lat="53.658292" lon="10.829780">
        <ele>41.730832</ele>
        <time>2026-10-02T08:24:21.035Z</time>
      </trkpt>
      <trkpt lat="53.658046" lon="10.829342">
        <ele>41.359814</ele>
        <time>2026-10-02T08:24:24.496Z</time>
      </trkpt>
      <trkpt lat="53.657355" lon="10.828239">
        <ele>41.295899</ele>
        <time>2026-10-02T08:24:38.166Z</time>
      </trkpt>
      <trkpt lat="53.657137" lon="10.827974">
        <ele>41.277845</ele>
        <time>2026-10-02T08:24:41.944Z</time>
      </trkpt>
      <trkpt lat="53.656778" lon="10.827689">
        <ele>41.222734</ele>
        <time>2026-10-02T08:24:46.659Z</time>
      </trkpt>
      <trkpt lat="53.656551" lon="10.827609">
        <ele>41.097952</ele>
        <time>2026-10-02T08:24:48.942Z</time>
      </trkpt>
      <trkpt lat="53.656151" lon="10.827618">
        <ele>40.882698</ele>
        <time>2026-10-02T08:24:52.872Z</time>
      </trkpt>
      <trkpt lat="53.656119" lon="10.827364">
        <ele>40.799890</ele>
        <time>2026-10-02T08:24:54.379Z</time>
      </trkpt>
      <trkpt lat="53.655909" lon="10.826708">
        <ele>40.562131</ele>
        <time>2026-10-02T08:24:58.479Z</time>
      </trkpt>
      <trkpt lat="53.655793" lon="10.825900">
        <ele>40.297016</ele>
        <time>2026-10-02T08:25:03.919Z</time>
      </trkpt>
      <trkpt lat="53.655699" lon="10.825520">
        <ele>40.463005</ele>
        <time>2026-10-02T08:25:07.245Z</time>
      </trkpt>
      <trkpt lat="53.655635" lon="10.825319">
        <ele>40.567977</ele>
        <time>2026-10-02T08:25:09.190Z</time>
      </trkpt>
      <trkpt lat="53.655354" lon="10.824575">
        <ele>40.973856</ele>
        <time>2026-10-02T08:25:17.510Z</time>
      </trkpt>
      <trkpt lat="53.655305" lon="10.824433">
        <ele>41.049451</ele>
        <time>2026-10-02T08:25:19.027Z</time>
      </trkpt>
      <trkpt lat="53.655268" lon="10.824319">
        <ele>41.109247</ele>
        <time>2026-10-02T08:25:20.172Z</time>
      </trkpt>
      <trkpt lat="53.655241" lon="10.824050">
        <ele>41.234765</ele>
        <time>2026-10-02T08:25:22.584Z</time>
      </trkpt>
      <trkpt lat="53.655276" lon="10.823719">
        <ele>41.389448</ele>
        <time>2026-10-02T08:25:25.379Z</time>
      </trkpt>
      <trkpt lat="53.655396" lon="10.823444">
        <ele>41.546559</ele>
        <time>2026-10-02T08:25:28.276Z</time>
      </trkpt>
      <trkpt lat="53.655698" lon="10.822821">
        <ele>42.015012</ele>
        <time>2026-10-02T08:25:35.115Z</time>
      </trkpt>
      <trkpt lat="53.655806" lon="10.822407">
        <ele>42.310725</ele>
        <time>2026-10-02T08:25:39.169Z</time>
      </trkpt>
      <trkpt lat="53.655829" lon="10.822295">
        <ele>42.388216</ele>
        <time>2026-10-02T08:25:40.270Z</time>
      </trkpt>
      <trkpt lat="53.655900" lon="10.821901">
        <ele>42.657436</ele>
        <time>2026-10-02T08:25:44.121Z</time>
      </trkpt>
      <trkpt lat="53.656139" lon="10.820597">
        <ele>43.549755</ele>
        <time>2026-10-02T08:25:57.058Z</time>
      </trkpt>
      <trkpt lat="53.656184" lon="10.820335">
        <ele>43.712173</ele>
        <time>2026-10-02T08:25:59.705Z</time>
      </trkpt>
      <trkpt lat="53.656509" lon="10.818426">
        <ele>44.668019</ele>
        <time>2026-10-02T08:26:17.365Z</time>
      </trkpt>
      <trkpt lat="53.656707" lon="10.817262">
        <ele>45.112790</ele>
        <time>2026-10-02T08:26:26.795Z</time>
      </trkpt>
      <trkpt lat="53.657221" lon="10.814232">
        <ele>44.779019</ele>
        <time>2026-10-02T08:26:48.149Z</time>
      </trkpt>
      <trkpt lat="53.657798" lon="10.809949">
        <ele>42.970303</ele>
        <time>2026-10-02T08:27:14.072Z</time>
      </trkpt>
      <trkpt lat="53.658206" lon="10.807740">
        <ele>42.504995</ele>
        <time>2026-10-02T08:27:29.241Z</time>
      </trkpt>
      <trkpt lat="53.658540" lon="10.805772">
        <ele>42.531824</ele>
        <time>2026-10-02T08:27:44.468Z</time>
      </trkpt>
      <trkpt lat="53.658543" lon="10.805439">
        <ele>42.484498</ele>
        <time>2026-10-02T08:27:46.857Z</time>
      </trkpt>
      <trkpt lat="53.658863" lon="10.805226">
        <ele>42.402008</ele>
        <time>2026-10-02T08:27:50.900Z</time>
      </trkpt>
      <trkpt lat="53.659229" lon="10.804986">
        <ele>42.307847</ele>
        <time>2026-10-02T08:27:55.419Z</time>
      </trkpt>
      <trkpt lat="53.659663" lon="10.804594">
        <ele>42.189804</ele>
        <time>2026-10-02T08:28:00.961Z</time>
      </trkpt>
      <trkpt lat="53.660384" lon="10.803517">
        <ele>41.866443</ele>
        <time>2026-10-02T08:28:10.682Z</time>
      </trkpt>
      <trkpt lat="53.661407" lon="10.801712">
        <ele>41.649677</ele>
        <time>2026-10-02T08:28:26.719Z</time>
      </trkpt>
      <trkpt lat="53.662512" lon="10.799567">
        <ele>42.995187</ele>
        <time>2026-10-02T08:28:53.782Z</time>
      </trkpt>
      <trkpt lat="53.662837" lon="10.798793">
        <ele>42.942903</ele>
        <time>2026-10-02T08:29:01.965Z</time>
      </trkpt>
      <trkpt lat="53.662980" lon="10.798539">
        <ele>42.923592</ele>
        <time>2026-10-02T08:29:04.467Z</time>
      </trkpt>
      <trkpt lat="53.663372" lon="10.797842">
        <ele>42.870629</ele>
        <time>2026-10-02T08:29:10.289Z</time>
      </trkpt>
      <trkpt lat="53.664738" lon="10.796343">
        <ele>41.059829</ele>
        <time>2026-10-02T08:29:25.146Z</time>
      </trkpt>
      <trkpt lat="53.664949" lon="10.796148">
        <ele>40.739233</ele>
        <time>2026-10-02T08:29:27.422Z</time>
      </trkpt>
      <trkpt lat="53.666371" lon="10.794742">
        <ele>39.374257</ele>
        <time>2026-10-02T08:29:44.482Z</time>
      </trkpt>
      <trkpt lat="53.666867" lon="10.794301">
        <ele>38.923406</ele>
        <time>2026-10-02T08:29:50.189Z</time>
      </trkpt>
      <trkpt lat="53.668896" lon="10.793033">
        <ele>37.203681</ele>
        <time>2026-10-02T08:30:11.402Z</time>
      </trkpt>
      <trkpt lat="53.670415" lon="10.792347">
        <ele>36.657401</ele>
        <time>2026-10-02T08:30:28.793Z</time>
      </trkpt>
      <trkpt lat="53.671444" lon="10.792075">
        <ele>36.762873</ele>
        <time>2026-10-02T08:30:42.052Z</time>
      </trkpt>
      <trkpt lat="53.671968" lon="10.791931">
        <ele>36.811578</ele>
        <time>2026-10-02T08:30:49.012Z</time>
      </trkpt>
      <trkpt lat="53.674765" lon="10.791000">
        <ele>36.652579</ele>
        <time>2026-10-02T08:31:22.666Z</time>
      </trkpt>
      <trkpt lat="53.675404" lon="10.790580">
        <ele>36.490625</ele>
        <time>2026-10-02T08:31:29.825Z</time>
      </trkpt>
      <trkpt lat="53.677280" lon="10.788013">
        <ele>35.353666</ele>
        <time>2026-10-02T08:31:55.084Z</time>
      </trkpt>
      <trkpt lat="53.677673" lon="10.787796">
        <ele>35.269827</ele>
        <time>2026-10-02T08:31:59.688Z</time>
      </trkpt>
      <trkpt lat="53.677993" lon="10.787606">
        <ele>35.201048</ele>
        <time>2026-10-02T08:32:03.609Z</time>
      </trkpt>
      <trkpt lat="53.680285" lon="10.787702">
        <ele>35.575936</ele>
        <time>2026-10-02T08:32:32.872Z</time>
      </trkpt>
      <trkpt lat="53.682117" lon="10.787800">
        <ele>35.953227</ele>
        <time>2026-10-02T08:32:55.598Z</time>
      </trkpt>
      <trkpt lat="53.684052" lon="10.787923">
        <ele>36.473592</ele>
        <time>2026-10-02T08:33:20.850Z</time>
      </trkpt>
      <trkpt lat="53.684333" lon="10.787951">
        <ele>36.468410</ele>
        <time>2026-10-02T08:33:24.283Z</time>
      </trkpt>
      <trkpt lat="53.685454" lon="10.788063">
        <ele>36.447737</ele>
        <time>2026-10-02T08:33:36.905Z</time>
      </trkpt>
      <trkpt lat="53.685562" lon="10.788060">
        <ele>36.445749</ele>
        <time>2026-10-02T08:33:38.127Z</time>
      </trkpt>
      <trkpt lat="53.685881" lon="10.788085">
        <ele>36.446489</ele>
        <time>2026-10-02T08:33:41.860Z</time>
      </trkpt>
      <trkpt lat="53.686231" lon="10.788113">
        <ele>36.447478</ele>
        <time>2026-10-02T08:33:46.038Z</time>
      </trkpt>
      <trkpt lat="53.687029" lon="10.788177">
        <ele>36.449735</ele>
        <time>2026-10-02T08:33:55.601Z</time>
      </trkpt>
      <trkpt lat="53.687679" lon="10.788221">
        <ele>36.496582</ele>
        <time>2026-10-02T08:34:03.470Z</time>
      </trkpt>
      <trkpt lat="53.688504" lon="10.788274">
        <ele>36.617685</ele>
        <time>2026-10-02T08:34:13.242Z</time>
      </trkpt>
      <trkpt lat="53.688535" lon="10.788276">
        <ele>36.622235</ele>
        <time>2026-10-02T08:34:13.643Z</time>
      </trkpt>
      <trkpt lat="53.689261" lon="10.788324">
        <ele>36.712066</ele>
        <time>2026-10-02T08:34:22.981Z</time>
      </trkpt>
      <trkpt lat="53.689647" lon="10.788352">
        <ele>36.702328</ele>
        <time>2026-10-02T08:34:28.249Z</time>
      </trkpt>
      <trkpt lat="53.689920" lon="10.788372">
        <ele>36.695441</ele>
        <time>2026-10-02T08:34:31.874Z</time>
      </trkpt>
      <trkpt lat="53.689985" lon="10.788377">
        <ele>36.693800</ele>
        <time>2026-10-02T08:34:32.714Z</time>
      </trkpt>
      <trkpt lat="53.690079" lon="10.788383">
        <ele>36.691430</ele>
        <time>2026-10-02T08:34:33.904Z</time>
      </trkpt>
      <trkpt lat="53.690305" lon="10.788400">
        <ele>36.685728</ele>
        <time>2026-10-02T08:34:36.701Z</time>
      </trkpt>
      <trkpt lat="53.690442" lon="10.788410">
        <ele>36.682271</ele>
        <time>2026-10-02T08:34:38.334Z</time>
      </trkpt>
      <trkpt lat="53.690644" lon="10.788424">
        <ele>36.677176</ele>
        <time>2026-10-02T08:34:40.457Z</time>
      </trkpt>
      <trkpt lat="53.690875" lon="10.788441">
        <ele>36.671348</ele>
        <time>2026-10-02T08:34:42.799Z</time>
      </trkpt>
      <trkpt lat="53.691590" lon="10.788492">
        <ele>36.357951</ele>
        <time>2026-10-02T08:34:49.887Z</time>
      </trkpt>
      <trkpt lat="53.691651" lon="10.788449">
        <ele>36.325290</ele>
        <time>2026-10-02T08:34:50.517Z</time>
      </trkpt>
      <trkpt lat="53.691693" lon="10.788372">
        <ele>36.294660</ele>
        <time>2026-10-02T08:34:51.113Z</time>
      </trkpt>
      <trkpt lat="53.691842" lon="10.788534">
        <ele>36.207100</ele>
        <time>2026-10-02T08:34:52.875Z</time>
      </trkpt>
      <trkpt lat="53.692281" lon="10.788750">
        <ele>35.981168</ele>
        <time>2026-10-02T08:34:57.776Z</time>
      </trkpt>
      <trkpt lat="53.692771" lon="10.788972">
        <ele>35.788187</ele>
        <time>2026-10-02T08:35:05.989Z</time>
      </trkpt>
      <trkpt lat="53.693112" lon="10.789083">
        <ele>35.814719</ele>
        <time>2026-10-02T08:35:12.017Z</time>
      </trkpt>
      <trkpt lat="53.693438" lon="10.789317">
        <ele>35.841783</ele>
        <time>2026-10-02T08:35:18.164Z</time>
      </trkpt>
      <trkpt lat="53.693927" lon="10.789833">
        <ele>35.885836</ele>
        <time>2026-10-02T08:35:27.943Z</time>
      </trkpt>
      <trkpt lat="53.694503" lon="10.790535">
        <ele>36.053235</ele>
        <time>2026-10-02T08:35:35.685Z</time>
      </trkpt>
      <trkpt lat="53.695042" lon="10.790477">
        <ele>36.304548</ele>
        <time>2026-10-02T08:35:42.173Z</time>
      </trkpt>
      <trkpt lat="53.695363" lon="10.790434">
        <ele>36.454383</ele>
        <time>2026-10-02T08:35:46.552Z</time>
      </trkpt>
      <trkpt lat="53.695715" lon="10.790394">
        <ele>36.618544</ele>
        <time>2026-10-02T08:35:51.706Z</time>
      </trkpt>
      <trkpt lat="53.695958" lon="10.790366">
        <ele>36.731878</ele>
        <time>2026-10-02T08:35:55.523Z</time>
      </trkpt>
      <trkpt lat="53.697347" lon="10.790185">
        <ele>38.285793</ele>
        <time>2026-10-02T08:36:18.579Z</time>
      </trkpt>
      <trkpt lat="53.697445" lon="10.790175">
        <ele>38.397644</ele>
        <time>2026-10-02T08:36:20.010Z</time>
      </trkpt>
      <trkpt lat="53.698009" lon="10.790101">
        <ele>38.755980</ele>
        <time>2026-10-02T08:36:27.869Z</time>
      </trkpt>
      <trkpt lat="53.698372" lon="10.790055">
        <ele>38.672481</ele>
        <time>2026-10-02T08:36:32.339Z</time>
      </trkpt>
      <trkpt lat="53.698850" lon="10.789993">
        <ele>38.562515</ele>
        <time>2026-10-02T08:36:37.616Z</time>
      </trkpt>
      <trkpt lat="53.699001" lon="10.789977">
        <ele>38.527810</ele>
        <time>2026-10-02T08:36:39.175Z</time>
      </trkpt>
      <trkpt lat="53.699596" lon="10.789921">
        <ele>38.390089</ele>
        <time>2026-10-02T08:36:45.141Z</time>
      </trkpt>
      <trkpt lat="53.700222" lon="10.789843">
        <ele>37.644853</ele>
        <time>2026-10-02T08:36:51.430Z</time>
      </trkpt>
      <trkpt lat="53.700355" lon="10.789824">
        <ele>37.486385</ele>
        <time>2026-10-02T08:36:52.751Z</time>
      </trkpt>
      <trkpt lat="53.700560" lon="10.789789">
        <ele>37.241759</ele>
        <time>2026-10-02T08:36:54.756Z</time>
      </trkpt>
      <trkpt lat="53.700634" lon="10.789778">
        <ele>37.153564</ele>
        <time>2026-10-02T08:36:55.449Z</time>
      </trkpt>
      <trkpt lat="53.700775" lon="10.789763">
        <ele>36.985830</ele>
        <time>2026-10-02T08:36:56.743Z</time>
      </trkpt>
      <trkpt lat="53.700972" lon="10.789736">
        <ele>36.751174</ele>
        <time>2026-10-02T08:36:58.520Z</time>
      </trkpt>
      <trkpt lat="53.701596" lon="10.789652">
        <ele>36.098376</ele>
        <time>2026-10-02T08:37:04.270Z</time>
      </trkpt>
      <trkpt lat="53.701753" lon="10.789570">
        <ele>35.974400</ele>
        <time>2026-10-02T08:37:05.786Z</time>
      </trkpt>
      <trkpt lat="53.701909" lon="10.789454">
        <ele>35.845813</ele>
        <time>2026-10-02T08:37:07.382Z</time>
      </trkpt>
      <trkpt lat="53.702145" lon="10.789257">
        <ele>35.647219</ele>
        <time>2026-10-02T08:37:09.877Z</time>
      </trkpt>
      <trkpt lat="53.702402" lon="10.789056">
        <ele>35.433561</ele>
        <time>2026-10-02T08:37:12.611Z</time>
      </trkpt>
      <trkpt lat="53.702585" lon="10.788945">
        <ele>35.286873</ele>
        <time>2026-10-02T08:37:14.540Z</time>
      </trkpt>
      <trkpt lat="53.702763" lon="10.788882">
        <ele>35.149671</ele>
        <time>2026-10-02T08:37:16.385Z</time>
      </trkpt>
      <trkpt lat="53.704034" lon="10.788648">
        <ele>35.371663</ele>
        <time>2026-10-02T08:37:34.823Z</time>
      </trkpt>
      <trkpt lat="53.704321" lon="10.788534">
        <ele>35.518930</ele>
        <time>2026-10-02T08:37:39.326Z</time>
      </trkpt>
      <trkpt lat="53.704633" lon="10.788358">
        <ele>35.683234</ele>
        <time>2026-10-02T08:37:44.028Z</time>
      </trkpt>
      <trkpt lat="53.704834" lon="10.788245">
        <ele>35.789048</ele>
        <time>2026-10-02T08:37:46.619Z</time>
      </trkpt>
      <trkpt lat="53.705656" lon="10.787703">
        <ele>35.167050</ele>
        <time>2026-10-02T08:37:55.609Z</time>
      </trkpt>
      <trkpt lat="53.706151" lon="10.787346">
        <ele>34.775090</ele>
        <time>2026-10-02T08:38:00.604Z</time>
      </trkpt>
      <trkpt lat="53.706424" lon="10.787117">
        <ele>34.553119</ele>
        <time>2026-10-02T08:38:03.472Z</time>
      </trkpt>
      <trkpt lat="53.707046" lon="10.786449">
        <ele>34.443725</ele>
        <time>2026-10-02T08:38:11.754Z</time>
      </trkpt>
      <trkpt lat="53.707221" lon="10.786366">
        <ele>34.431409</ele>
        <time>2026-10-02T08:38:14.422Z</time>
      </trkpt>
      <trkpt lat="53.707478" lon="10.786329">
        <ele>34.413933</ele>
        <time>2026-10-02T08:38:17.801Z</time>
      </trkpt>
      <trkpt lat="53.707873" lon="10.786364">
        <ele>34.387132</ele>
        <time>2026-10-02T08:38:22.646Z</time>
      </trkpt>
      <trkpt lat="53.709216" lon="10.786520">
        <ele>34.756581</ele>
        <time>2026-10-02T08:38:38.255Z</time>
      </trkpt>
      <trkpt lat="53.709428" lon="10.786578">
        <ele>34.838099</ele>
        <time>2026-10-02T08:38:40.960Z</time>
      </trkpt>
      <trkpt lat="53.709908" lon="10.786857">
        <ele>35.030777</ele>
        <time>2026-10-02T08:38:48.337Z</time>
      </trkpt>
      <trkpt lat="53.710536" lon="10.787296">
        <ele>35.457686</ele>
        <time>2026-10-02T08:39:00.007Z</time>
      </trkpt>
      <trkpt lat="53.711297" lon="10.787829">
        <ele>35.990185</ele>
        <time>2026-10-02T08:39:13.079Z</time>
      </trkpt>
      <trkpt lat="53.711909" lon="10.788179">
        <ele>35.496255</ele>
        <time>2026-10-02T08:39:19.464Z</time>
      </trkpt>
      <trkpt lat="53.712117" lon="10.788271">
        <ele>34.991375</ele>
        <time>2026-10-02T08:39:21.279Z</time>
      </trkpt>
      <trkpt lat="53.712480" lon="10.788358">
        <ele>34.130452</ele>
        <time>2026-10-02T08:39:24.189Z</time>
      </trkpt>
      <trkpt lat="53.712894" lon="10.788410">
        <ele>33.155621</ele>
        <time>2026-10-02T08:39:27.391Z</time>
      </trkpt>
      <trkpt lat="53.713052" lon="10.788387">
        <ele>32.783234</ele>
        <time>2026-10-02T08:39:28.644Z</time>
      </trkpt>
      <trkpt lat="53.713321" lon="10.788263">
        <ele>32.128488</ele>
        <time>2026-10-02T08:39:30.999Z</time>
      </trkpt>
      <trkpt lat="53.713534" lon="10.788073">
        <ele>32.208868</ele>
        <time>2026-10-02T08:39:33.393Z</time>
      </trkpt>
      <trkpt lat="53.713727" lon="10.787795">
        <ele>32.519321</ele>
        <time>2026-10-02T08:39:36.561Z</time>
      </trkpt>
      <trkpt lat="53.713794" lon="10.787643">
        <ele>32.656628</ele>
        <time>2026-10-02T08:39:38.068Z</time>
      </trkpt>
      <trkpt lat="53.713918" lon="10.787268">
        <ele>32.967832</ele>
        <time>2026-10-02T08:39:41.979Z</time>
      </trkpt>
      <trkpt lat="53.713935" lon="10.787185">
        <ele>33.031462</ele>
        <time>2026-10-02T08:39:42.833Z</time>
      </trkpt>
      <trkpt lat="53.714065" lon="10.786574">
        <ele>33.501846</ele>
        <time>2026-10-02T08:39:50.166Z</time>
      </trkpt>
      <trkpt lat="53.714153" lon="10.786366">
        <ele>33.687080</ele>
        <time>2026-10-02T08:39:53.443Z</time>
      </trkpt>
      <trkpt lat="53.714015" lon="10.786150">
        <ele>33.917351</ele>
        <time>2026-10-02T08:39:57.701Z</time>
      </trkpt>
      <trkpt lat="53.713833" lon="10.785719">
        <ele>34.353718</ele>
        <time>2026-10-02T08:40:05.110Z</time>
      </trkpt>
      <trkpt lat="53.713686" lon="10.785107">
        <ele>35.058491</ele>
        <time>2026-10-02T08:40:12.856Z</time>
      </trkpt>
      <trkpt lat="53.713653" lon="10.784811">
        <ele>35.379895</ele>
        <time>2026-10-02T08:40:15.707Z</time>
      </trkpt>
      <trkpt lat="53.713626" lon="10.784286">
        <ele>35.942211</ele>
        <time>2026-10-02T08:40:20.337Z</time>
      </trkpt>
      <trkpt lat="53.713652" lon="10.783619">
        <ele>36.655480</ele>
        <time>2026-10-02T08:40:26.861Z</time>
      </trkpt>
      <trkpt lat="53.713701" lon="10.783413">
        <ele>36.892384</ele>
        <time>2026-10-02T08:40:29.105Z</time>
      </trkpt>
      <trkpt lat="53.713782" lon="10.783164">
        <ele>37.195573</ele>
        <time>2026-10-02T08:40:31.978Z</time>
      </trkpt>
      <trkpt lat="53.713832" lon="10.782803">
        <ele>37.508792</ele>
        <time>2026-10-02T08:40:35.743Z</time>
      </trkpt>
      <trkpt lat="53.713820" lon="10.782640">
        <ele>37.593193</ele>
        <time>2026-10-02T08:40:37.352Z</time>
      </trkpt>
      <trkpt lat="53.713751" lon="10.782366">
        <ele>37.746201</ele>
        <time>2026-10-02T08:40:40.276Z</time>
      </trkpt>
      <trkpt lat="53.713323" lon="10.781207">
        <ele>38.448168</ele>
        <time>2026-10-02T08:40:52.491Z</time>
      </trkpt>
      <trkpt lat="53.713293" lon="10.781126">
        <ele>38.497268</ele>
        <time>2026-10-02T08:40:53.277Z</time>
      </trkpt>
      <trkpt lat="53.713189" lon="10.780851">
        <ele>38.664961</ele>
        <time>2026-10-02T08:40:55.914Z</time>
      </trkpt>
      <trkpt lat="53.713082" lon="10.780562">
        <ele>38.840128</ele>
        <time>2026-10-02T08:40:58.429Z</time>
      </trkpt>
      <trkpt lat="53.712809" lon="10.779831">
        <ele>39.157300</ele>
        <time>2026-10-02T08:41:04.498Z</time>
      </trkpt>
      <trkpt lat="53.712789" lon="10.779655">
        <ele>39.209118</ele>
        <time>2026-10-02T08:41:05.704Z</time>
      </trkpt>
      <trkpt lat="53.712848" lon="10.779538">
        <ele>39.253562</ele>
        <time>2026-10-02T08:41:06.723Z</time>
      </trkpt>
      <trkpt lat="53.713043" lon="10.779394">
        <ele>39.357531</ele>
        <time>2026-10-02T08:41:09.178Z</time>
      </trkpt>
      <trkpt lat="53.713826" lon="10.778854">
        <ele>39.770703</ele>
        <time>2026-10-02T08:41:20.644Z</time>
      </trkpt>
      <trkpt lat="53.713995" lon="10.778605">
        <ele>39.896278</ele>
        <time>2026-10-02T08:41:24.249Z</time>
      </trkpt>
      <trkpt lat="53.714044" lon="10.778480">
        <ele>40.030894</ele>
        <time>2026-10-02T08:41:25.709Z</time>
      </trkpt>
      <trkpt lat="53.714123" lon="10.778132">
        <ele>40.365539</ele>
        <time>2026-10-02T08:41:29.417Z</time>
      </trkpt>
      <trkpt lat="53.714425" lon="10.775791">
        <ele>42.516721</ele>
        <time>2026-10-02T08:41:54.303Z</time>
      </trkpt>
      <trkpt lat="53.714435" lon="10.775565">
        <ele>42.674876</ele>
        <time>2026-10-02T08:41:56.547Z</time>
      </trkpt>
      <trkpt lat="53.717405" lon="10.775424">
        <ele>45.033898</ele>
        <time>2026-10-02T08:42:39.439Z</time>
      </trkpt>
      <trkpt lat="53.722033" lon="10.774622">
        <ele>45.958152</ele>
        <time>2026-10-02T08:43:36.778Z</time>
      </trkpt>
      <trkpt lat="53.723616" lon="10.774341">
        <ele>46.014204</ele>
        <time>2026-10-02T08:43:56.091Z</time>
      </trkpt>
      <trkpt lat="53.727193" lon="10.773706">
        <ele>44.537395</ele>
        <time>2026-10-02T08:44:36.689Z</time>
      </trkpt>
      <trkpt lat="53.730017" lon="10.773248">
        <ele>38.290037</ele>
        <time>2026-10-02T08:45:00.215Z</time>
      </trkpt>
      <trkpt lat="53.731210" lon="10.773022">
        <ele>38.005156</ele>
        <time>2026-10-02T08:45:12.513Z</time>
      </trkpt>
      <trkpt lat="53.731068" lon="10.773784">
        <ele>38.468863</ele>
        <time>2026-10-02T08:45:20.247Z</time>
      </trkpt>
      <trkpt lat="53.731008" lon="10.774520">
        <ele>38.900092</ele>
        <time>2026-10-02T08:45:28.786Z</time>
      </trkpt>
      <trkpt lat="53.730952" lon="10.779372">
        <ele>47.399858</ele>
        <time>2026-10-02T08:46:35.284Z</time>
      </trkpt>
      <trkpt lat="53.732974" lon="10.780210">
        <ele>51.016236</ele>
        <time>2026-10-02T08:47:07.591Z</time>
      </trkpt>
      <trkpt lat="53.734069" lon="10.780595">
        <ele>52.654435</ele>
        <time>2026-10-02T08:47:26.638Z</time>
      </trkpt>
      <trkpt lat="53.734552" lon="10.780955">
        <ele>53.534041</ele>
        <time>2026-10-02T08:47:36.107Z</time>
      </trkpt>
      <trkpt lat="53.734993" lon="10.781210">
        <ele>54.310703</ele>
        <time>2026-10-02T08:47:44.170Z</time>
      </trkpt>
      <trkpt lat="53.735269" lon="10.781322">
        <ele>54.777432</ele>
        <time>2026-10-02T08:47:48.946Z</time>
      </trkpt>
      <trkpt lat="53.736245" lon="10.781505">
        <ele>55.618131</ele>
        <time>2026-10-02T08:48:04.343Z</time>
      </trkpt>
      <trkpt lat="53.736635" lon="10.781684">
        <ele>55.964104</ele>
        <time>2026-10-02T08:48:10.135Z</time>
      </trkpt>
      <trkpt lat="53.737340" lon="10.782121">
        <ele>55.967449</ele>
        <time>2026-10-02T08:48:19.372Z</time>
      </trkpt>
      <trkpt lat="53.738253" lon="10.782576">
        <ele>55.023383</ele>
        <time>2026-10-02T08:48:28.714Z</time>
      </trkpt>
      <trkpt lat="53.740122" lon="10.783667">
        <ele>52.119570</ele>
        <time>2026-10-02T08:48:46.215Z</time>
      </trkpt>
      <trkpt lat="53.740332" lon="10.783892">
        <ele>51.714255</ele>
        <time>2026-10-02T08:48:48.607Z</time>
      </trkpt>
      <trkpt lat="53.741020" lon="10.784975">
        <ele>50.818755</ele>
        <time>2026-10-02T08:48:58.138Z</time>
      </trkpt>
      <trkpt lat="53.741262" lon="10.785235">
        <ele>50.562093</ele>
        <time>2026-10-02T08:49:01.142Z</time>
      </trkpt>
      <trkpt lat="53.741406" lon="10.785318">
        <ele>50.425906</ele>
        <time>2026-10-02T08:49:02.700Z</time>
      </trkpt>
      <trkpt lat="53.742616" lon="10.785401">
        <ele>48.511322</ele>
        <time>2026-10-02T08:49:14.507Z</time>
      </trkpt>
      <trkpt lat="53.743248" lon="10.785606">
        <ele>47.190566</ele>
        <time>2026-10-02T08:49:20.017Z</time>
      </trkpt>
      <trkpt lat="53.744962" lon="10.785863">
        <ele>42.600730</ele>
        <time>2026-10-02T08:49:33.893Z</time>
      </trkpt>
      <trkpt lat="53.745864" lon="10.786224">
        <ele>40.670025</ele>
        <time>2026-10-02T08:49:45.519Z</time>
      </trkpt>
      <trkpt lat="53.746266" lon="10.786335">
        <ele>40.226560</ele>
        <time>2026-10-02T08:49:50.818Z</time>
      </trkpt>
      <trkpt lat="53.746731" lon="10.786429">
        <ele>39.716697</ele>
        <time>2026-10-02T08:49:57.109Z</time>
      </trkpt>
      <trkpt lat="53.747212" lon="10.786367">
        <ele>39.191499</ele>
        <time>2026-10-02T08:50:04.196Z</time>
      </trkpt>
      <trkpt lat="53.747233" lon="10.786368">
        <ele>39.168627</ele>
        <time>2026-10-02T08:50:04.581Z</time>
      </trkpt>
      <trkpt lat="53.747380" lon="10.786440">
        <ele>39.624166</ele>
        <time>2026-10-02T08:50:07.400Z</time>
      </trkpt>
      <trkpt lat="53.747875" lon="10.786749">
        <ele>41.313203</ele>
        <time>2026-10-02T08:50:17.141Z</time>
      </trkpt>
      <trkpt lat="53.747983" lon="10.786748">
        <ele>41.658923</ele>
        <time>2026-10-02T08:50:19.550Z</time>
      </trkpt>
      <trkpt lat="53.748537" lon="10.786644">
        <ele>43.443204</ele>
        <time>2026-10-02T08:50:33.993Z</time>
      </trkpt>
      <trkpt lat="53.748929" lon="10.786660">
        <ele>44.698386</ele>
        <time>2026-10-02T08:50:45.018Z</time>
      </trkpt>
      <trkpt lat="53.749935" lon="10.786918">
        <ele>48.564590</ele>
        <time>2026-10-02T08:51:12.683Z</time>
      </trkpt>
      <trkpt lat="53.750620" lon="10.787160">
        <ele>51.253782</ele>
        <time>2026-10-02T08:51:28.417Z</time>
      </trkpt>
      <trkpt lat="53.751090" lon="10.787418">
        <ele>52.354289</ele>
        <time>2026-10-02T08:51:37.544Z</time>
      </trkpt>
      <trkpt lat="53.751565" lon="10.787795">
        <ele>53.154061</ele>
        <time>2026-10-02T08:51:45.715Z</time>
      </trkpt>
      <trkpt lat="53.751872" lon="10.787971">
        <ele>53.648153</ele>
        <time>2026-10-02T08:51:50.366Z</time>
      </trkpt>
      <trkpt lat="53.752483" lon="10.788117">
        <ele>54.592742</ele>
        <time>2026-10-02T08:52:00.054Z</time>
      </trkpt>
      <trkpt lat="53.752807" lon="10.788226">
        <ele>55.210876</ele>
        <time>2026-10-02T08:52:05.889Z</time>
      </trkpt>
      <trkpt lat="53.752987" lon="10.788330">
        <ele>55.566797</ele>
        <time>2026-10-02T08:52:09.393Z</time>
      </trkpt>
      <trkpt lat="53.753640" lon="10.788987">
        <ele>56.988523</ele>
        <time>2026-10-02T08:52:23.816Z</time>
      </trkpt>
      <trkpt lat="53.754328" lon="10.789397">
        <ele>58.221865</ele>
        <time>2026-10-02T08:52:36.886Z</time>
      </trkpt>
      <trkpt lat="53.754926" lon="10.789712">
        <ele>59.023933</ele>
        <time>2026-10-02T08:52:46.409Z</time>
      </trkpt>
      <trkpt lat="53.756049" lon="10.790305">
        <ele>60.631588</ele>
        <time>2026-10-02T08:53:04.498Z</time>
      </trkpt>
      <trkpt lat="53.757068" lon="10.790660">
        <ele>62.427360</ele>
        <time>2026-10-02T08:53:22.854Z</time>
      </trkpt>
      <trkpt lat="53.757308" lon="10.790765">
        <ele>62.855246</ele>
        <time>2026-10-02T08:53:27.380Z</time>
      </trkpt>
      <trkpt lat="53.757483" lon="10.790904">
        <ele>63.188952</ele>
        <time>2026-10-02T08:53:30.874Z</time>
      </trkpt>
      <trkpt lat="53.758527" lon="10.792170">
        <ele>66.099930</ele>
        <time>2026-10-02T08:53:53.812Z</time>
      </trkpt>
      <trkpt lat="53.758759" lon="10.792377">
        <ele>66.705004</ele>
        <time>2026-10-02T08:53:58.994Z</time>
      </trkpt>
      <trkpt lat="53.758909" lon="10.792468">
        <ele>67.072610</ele>
        <time>2026-10-02T08:54:02.281Z</time>
      </trkpt>
      <trkpt lat="53.760843" lon="10.792684">
        <ele>73.423294</ele>
        <time>2026-10-02T08:54:47.447Z</time>
      </trkpt>
      <trkpt lat="53.760921" lon="10.792646">
        <ele>73.625242</ele>
        <time>2026-10-02T08:54:49.278Z</time>
      </trkpt>
      <trkpt lat="53.760821" lon="10.791797">
        <ele>74.387957</ele>
        <time>2026-10-02T08:54:59.834Z</time>
      </trkpt>
      <trkpt lat="53.760815" lon="10.791417">
        <ele>74.722876</ele>
        <time>2026-10-02T08:55:04.105Z</time>
      </trkpt>
      <trkpt lat="53.760859" lon="10.790772">
        <ele>75.294925</ele>
        <time>2026-10-02T08:55:10.534Z</time>
      </trkpt>
      <trkpt lat="53.761009" lon="10.789952">
        <ele>76.051183</ele>
        <time>2026-10-02T08:55:17.675Z</time>
      </trkpt>
      <trkpt lat="53.761553" lon="10.787594">
        <ele>73.571221</ele>
        <time>2026-10-02T08:55:32.073Z</time>
      </trkpt>
      <trkpt lat="53.761689" lon="10.787195">
        <ele>73.036604</ele>
        <time>2026-10-02T08:55:34.222Z</time>
      </trkpt>
      <trkpt lat="53.761904" lon="10.786727">
        <ele>71.469057</ele>
        <time>2026-10-02T08:55:36.895Z</time>
      </trkpt>
      <trkpt lat="53.762296" lon="10.786062">
        <ele>67.777086</ele>
        <time>2026-10-02T08:55:40.946Z</time>
      </trkpt>
      <trkpt lat="53.762680" lon="10.785474">
        <ele>64.332543</ele>
        <time>2026-10-02T08:55:44.628Z</time>
      </trkpt>
      <trkpt lat="53.762813" lon="10.785378">
        <ele>63.370899</ele>
        <time>2026-10-02T08:55:45.651Z</time>
      </trkpt>
      <trkpt lat="53.762954" lon="10.785349">
        <ele>62.426297</ele>
        <time>2026-10-02T08:55:46.653Z</time>
      </trkpt>
      <trkpt lat="53.763020" lon="10.785237">
        <ele>61.804597</ele>
        <time>2026-10-02T08:55:47.317Z</time>
      </trkpt>
      <trkpt lat="53.763160" lon="10.784807">
        <ele>59.849987</ele>
        <time>2026-10-02T08:55:49.369Z</time>
      </trkpt>
      <trkpt lat="53.763412" lon="10.784242">
        <ele>56.989351</ele>
        <time>2026-10-02T08:55:52.337Z</time>
      </trkpt>
      <trkpt lat="53.763676" lon="10.783249">
        <ele>52.588773</ele>
        <time>2026-10-02T08:55:56.951Z</time>
      </trkpt>
      <trkpt lat="53.764006" lon="10.781540">
        <ele>46.379907</ele>
        <time>2026-10-02T08:56:04.792Z</time>
      </trkpt>
      <trkpt lat="53.764678" lon="10.778436">
        <ele>38.138142</ele>
        <time>2026-10-02T08:56:20.042Z</time>
      </trkpt>
      <trkpt lat="53.764928" lon="10.777230">
        <ele>35.468499</ele>
        <time>2026-10-02T08:56:26.250Z</time>
      </trkpt>
      <trkpt lat="53.765048" lon="10.776869">
        <ele>34.603347</ele>
        <time>2026-10-02T08:56:28.236Z</time>
      </trkpt>
      <trkpt lat="53.765133" lon="10.776546">
        <ele>33.829771</ele>
        <time>2026-10-02T08:56:29.915Z</time>
      </trkpt>
      <trkpt lat="53.765232" lon="10.775782">
        <ele>31.535009</ele>
        <time>2026-10-02T08:56:33.516Z</time>
      </trkpt>
      <trkpt lat="53.765382" lon="10.775281">
        <ele>29.887302</ele>
        <time>2026-10-02T08:56:36.028Z</time>
      </trkpt>
      <trkpt lat="53.765382" lon="10.775051">
        <ele>29.212498</ele>
        <time>2026-10-02T08:56:37.044Z</time>
      </trkpt>
      <trkpt lat="53.765786" lon="10.773197">
        <ele>23.504271</ele>
        <time>2026-10-02T08:56:45.673Z</time>
      </trkpt>
      <trkpt lat="53.766075" lon="10.771981">
        <ele>19.872083</ele>
        <time>2026-10-02T08:56:51.500Z</time>
      </trkpt>
      <trkpt lat="53.766200" lon="10.771218">
        <ele>17.677827</ele>
        <time>2026-10-02T08:56:55.120Z</time>
      </trkpt>
      <trkpt lat="53.766357" lon="10.770592">
        <ele>16.421568</ele>
        <time>2026-10-02T08:56:58.289Z</time>
      </trkpt>
      <trkpt lat="53.766498" lon="10.770276">
        <ele>16.189006</ele>
        <time>2026-10-02T08:57:00.209Z</time>
      </trkpt>
      <trkpt lat="53.766602" lon="10.770142">
        <ele>16.059097</ele>
        <time>2026-10-02T08:57:01.319Z</time>
      </trkpt>
      <trkpt lat="53.766864" lon="10.769906">
        <ele>15.764132</ele>
        <time>2026-10-02T08:57:03.994Z</time>
      </trkpt>
      <trkpt lat="53.767066" lon="10.769799">
        <ele>15.553786</ele>
        <time>2026-10-02T08:57:06.145Z</time>
      </trkpt>
      <trkpt lat="53.767075" lon="10.769644">
        <ele>15.462305</ele>
        <time>2026-10-02T08:57:07.180Z</time>
      </trkpt>
      <trkpt lat="53.767632" lon="10.769564">
        <ele>14.906796</ele>
        <time>2026-10-02T08:57:15.147Z</time>
      </trkpt>
      <trkpt lat="53.767973" lon="10.769435">
        <ele>15.189636</ele>
        <time>2026-10-02T08:57:21.041Z</time>
      </trkpt>
      <trkpt lat="53.768433" lon="10.769102">
        <ele>15.978490</ele>
        <time>2026-10-02T08:57:30.167Z</time>
      </trkpt>
      <trkpt lat="53.768456" lon="10.769397">
        <ele>16.255773</ele>
        <time>2026-10-02T08:57:33.301Z</time>
      </trkpt>
      <trkpt lat="53.768441" lon="10.769650">
        <ele>16.492720</ele>
        <time>2026-10-02T08:57:35.956Z</time>
      </trkpt>
      <trkpt lat="53.768324" lon="10.770648">
        <ele>17.440849</ele>
        <time>2026-10-02T08:57:46.071Z</time>
      </trkpt>
      <trkpt lat="53.768327" lon="10.770823">
        <ele>17.603996</ele>
        <time>2026-10-02T08:57:47.725Z</time>
      </trkpt>
      <trkpt lat="53.768342" lon="10.770938">
        <ele>17.712875</ele>
        <time>2026-10-02T08:57:48.839Z</time>
      </trkpt>
      <trkpt lat="53.768410" lon="10.771131">
        <ele>17.919835</ele>
        <time>2026-10-02T08:57:50.925Z</time>
      </trkpt>
      <trkpt lat="53.768570" lon="10.771451">
        <ele>18.305904</ele>
        <time>2026-10-02T08:57:54.894Z</time>
      </trkpt>
      <trkpt lat="53.768931" lon="10.771997">
        <ele>19.060502</ele>
        <time>2026-10-02T08:58:03.145Z</time>
      </trkpt>
      <trkpt lat="53.769100" lon="10.772254">
        <ele>19.414619</ele>
        <time>2026-10-02T08:58:07.104Z</time>
      </trkpt>
      <trkpt lat="53.769582" lon="10.772965">
        <ele>20.411160</ele>
        <time>2026-10-02T08:58:18.370Z</time>
      </trkpt>
      <trkpt lat="53.769898" lon="10.773526">
        <ele>20.715054</ele>
        <time>2026-10-02T08:58:25.995Z</time>
      </trkpt>
      <trkpt lat="53.770430" lon="10.774551">
        <ele>21.217423</ele>
        <time>2026-10-02T08:58:37.455Z</time>
      </trkpt>
      <trkpt lat="53.770487" lon="10.774623">
        <ele>21.261746</ele>
        <time>2026-10-02T08:58:38.343Z</time>
      </trkpt>
      <trkpt lat="53.770533" lon="10.774622">
        <ele>21.290411</ele>
        <time>2026-10-02T08:58:38.911Z</time>
      </trkpt>
      <trkpt lat="53.770626" lon="10.774959">
        <ele>21.427379</ele>
        <time>2026-10-02T08:58:41.572Z</time>
      </trkpt>
      <trkpt lat="53.770676" lon="10.774869">
        <ele>21.472867</ele>
        <time>2026-10-02T08:58:42.740Z</time>
      </trkpt>
      <trkpt lat="53.770651" lon="10.774738">
        <ele>21.523563</ele>
        <time>2026-10-02T08:58:44.026Z</time>
      </trkpt>
      <trkpt lat="53.770654" lon="10.774601">
        <ele>21.544910</ele>
        <time>2026-10-02T08:58:45.290Z</time>
      </trkpt>
      <trkpt lat="53.771166" lon="10.772175">
        <ele>20.055358</ele>
        <time>2026-10-02T08:59:06.379Z</time>
      </trkpt>
      <trkpt lat="53.771291" lon="10.771676">
        <ele>19.682510</ele>
        <time>2026-10-02T08:59:10.634Z</time>
      </trkpt>
      <trkpt lat="53.771416" lon="10.771287">
        <ele>19.176872</ele>
        <time>2026-10-02T08:59:14.035Z</time>
      </trkpt>
      <trkpt lat="53.771682" lon="10.770744">
        <ele>18.371471</ele>
        <time>2026-10-02T08:59:19.379Z</time>
      </trkpt>
      <trkpt lat="53.772003" lon="10.770346">
        <ele>17.602530</ele>
        <time>2026-10-02T08:59:24.439Z</time>
      </trkpt>
      <trkpt lat="53.772118" lon="10.770320">
        <ele>17.378349</ele>
        <time>2026-10-02T08:59:25.902Z</time>
      </trkpt>
      <trkpt lat="53.772193" lon="10.770255">
        <ele>17.215528</ele>
        <time>2026-10-02T08:59:26.962Z</time>
      </trkpt>
      <trkpt lat="53.772320" lon="10.770124">
        <ele>16.928133</ele>
        <time>2026-10-02T08:59:28.804Z</time>
      </trkpt>
      <trkpt lat="53.772538" lon="10.769997">
        <ele>16.482641</ele>
        <time>2026-10-02T08:59:31.651Z</time>
      </trkpt>
      <trkpt lat="53.772934" lon="10.769941">
        <ele>15.411203</ele>
        <time>2026-10-02T08:59:36.456Z</time>
      </trkpt>
      <trkpt lat="53.773127" lon="10.769979">
        <ele>14.849750</ele>
        <time>2026-10-02T08:59:38.772Z</time>
      </trkpt>
      <trkpt lat="53.774647" lon="10.770739">
        <ele>10.309467</ele>
        <time>2026-10-02T08:59:57.405Z</time>
      </trkpt>
      <trkpt lat="53.775654" lon="10.771144">
        <ele>7.456332</ele>
        <time>2026-10-02T09:00:15.085Z</time>
      </trkpt>
      <trkpt lat="53.776617" lon="10.771034">
        <ele>5.721001</ele>
        <time>2026-10-02T09:00:32.419Z</time>
      </trkpt>
      <trkpt lat="53.777020" lon="10.770877">
        <ele>5.347297</ele>
        <time>2026-10-02T09:00:40.459Z</time>
      </trkpt>
      <trkpt lat="53.777499" lon="10.770578">
        <ele>4.885932</ele>
        <time>2026-10-02T09:00:51.050Z</time>
      </trkpt>
      <trkpt lat="53.778577" lon="10.769696">
        <ele>5.019113</ele>
        <time>2026-10-02T09:01:20.185Z</time>
      </trkpt>
      <trkpt lat="53.779612" lon="10.769187">
        <ele>5.550657</ele>
        <time>2026-10-02T09:01:47.091Z</time>
      </trkpt>
      <trkpt lat="53.782134" lon="10.767944">
        <ele>4.481335</ele>
        <time>2026-10-02T09:02:41.659Z</time>
      </trkpt>
      <trkpt lat="53.782331" lon="10.767779">
        <ele>4.344491</ele>
        <time>2026-10-02T09:02:46.152Z</time>
      </trkpt>
      <trkpt lat="53.782513" lon="10.767565">
        <ele>4.206522</ele>
        <time>2026-10-02T09:02:50.666Z</time>
      </trkpt>
      <trkpt lat="53.782787" lon="10.767134">
        <ele>3.973638</ele>
        <time>2026-10-02T09:02:55.930Z</time>
      </trkpt>
      <trkpt lat="53.782998" lon="10.766801">
        <ele>3.906818</ele>
        <time>2026-10-02T09:03:00.115Z</time>
      </trkpt>
      <trkpt lat="53.783156" lon="10.766474">
        <ele>3.871317</ele>
        <time>2026-10-02T09:03:03.833Z</time>
      </trkpt>
      <trkpt lat="53.783296" lon="10.766154">
        <ele>3.837853</ele>
        <time>2026-10-02T09:03:07.311Z</time>
      </trkpt>
      <trkpt lat="53.783390" lon="10.765934">
        <ele>3.815036</ele>
        <time>2026-10-02T09:03:09.736Z</time>
      </trkpt>
      <trkpt lat="53.783845" lon="10.764862">
        <ele>3.704107</ele>
        <time>2026-10-02T09:03:22.021Z</time>
      </trkpt>
      <trkpt lat="53.784755" lon="10.762708">
        <ele>5.805263</ele>
        <time>2026-10-02T09:03:46.670Z</time>
      </trkpt>
      <trkpt lat="53.784822" lon="10.762686">
        <ele>5.906782</ele>
        <time>2026-10-02T09:03:47.986Z</time>
      </trkpt>
      <trkpt lat="53.785024" lon="10.762228">
        <ele>6.466879</ele>
        <time>2026-10-02T09:03:54.556Z</time>
      </trkpt>
      <trkpt lat="53.785138" lon="10.762119">
        <ele>6.890304</ele>
        <time>2026-10-02T09:03:57.308Z</time>
      </trkpt>
      <trkpt lat="53.785171" lon="10.761868">
        <ele>7.381608</ele>
        <time>2026-10-02T09:04:00.585Z</time>
      </trkpt>
      <trkpt lat="53.785277" lon="10.761634">
        <ele>7.944991</ele>
        <time>2026-10-02T09:04:04.479Z</time>
      </trkpt>
      <trkpt lat="53.785275" lon="10.761483">
        <ele>8.233571</ele>
        <time>2026-10-02T09:04:06.532Z</time>
      </trkpt>
      <trkpt lat="53.785336" lon="10.761332">
        <ele>8.583073</ele>
        <time>2026-10-02T09:04:09.092Z</time>
      </trkpt>
      <trkpt lat="53.785777" lon="10.760315">
        <ele>10.993390</ele>
        <time>2026-10-02T09:04:26.475Z</time>
      </trkpt>
      <trkpt lat="53.785935" lon="10.760169">
        <ele>11.575536</ele>
        <time>2026-10-02T09:04:30.504Z</time>
      </trkpt>
      <trkpt lat="53.786305" lon="10.759368">
        <ele>12.824383</ele>
        <time>2026-10-02T09:04:44.379Z</time>
      </trkpt>
      <trkpt lat="53.786480" lon="10.759076">
        <ele>13.208126</ele>
        <time>2026-10-02T09:04:49.359Z</time>
      </trkpt>
      <trkpt lat="53.786657" lon="10.758713">
        <ele>13.642360</ele>
        <time>2026-10-02T09:04:54.419Z</time>
      </trkpt>
      <trkpt lat="53.786809" lon="10.758135">
        <ele>14.226059</ele>
        <time>2026-10-02T09:05:00.211Z</time>
      </trkpt>
      <trkpt lat="53.787525" lon="10.756523">
        <ele>15.237988</ele>
        <time>2026-10-02T09:05:12.949Z</time>
      </trkpt>
      <trkpt lat="53.787572" lon="10.756475">
        <ele>15.257655</ele>
        <time>2026-10-02T09:05:13.525Z</time>
      </trkpt>
      <trkpt lat="53.787687" lon="10.756490">
        <ele>15.298979</ele>
        <time>2026-10-02T09:05:14.804Z</time>
      </trkpt>
      <trkpt lat="53.787720" lon="10.756312">
        <ele>15.338466</ele>
        <time>2026-10-02T09:05:16.055Z</time>
      </trkpt>
      <trkpt lat="53.787739" lon="10.756185">
        <ele>15.366195</ele>
        <time>2026-10-02T09:05:16.961Z</time>
      </trkpt>
      <trkpt lat="53.790420" lon="10.756932">
        <ele>17.620537</ele>
        <time>2026-10-02T09:06:00.099Z</time>
      </trkpt>
      <trkpt lat="53.790897" lon="10.757005">
        <ele>17.517989</ele>
        <time>2026-10-02T09:06:05.688Z</time>
      </trkpt>
      <trkpt lat="53.791143" lon="10.757039">
        <ele>17.465143</ele>
        <time>2026-10-02T09:06:08.369Z</time>
      </trkpt>
      <trkpt lat="53.791539" lon="10.757021">
        <ele>17.380324</ele>
        <time>2026-10-02T09:06:12.407Z</time>
      </trkpt>
      <trkpt lat="53.791710" lon="10.756893">
        <ele>17.340291</ele>
        <time>2026-10-02T09:06:14.244Z</time>
      </trkpt>
      <trkpt lat="53.791809" lon="10.756670">
        <ele>17.305009</ele>
        <time>2026-10-02T09:06:15.850Z</time>
      </trkpt>
      <trkpt lat="53.791844" lon="10.756652">
        <ele>17.297177</ele>
        <time>2026-10-02T09:06:16.201Z</time>
      </trkpt>
      <trkpt lat="53.791868" lon="10.756673">
        <ele>17.291393</ele>
        <time>2026-10-02T09:06:16.471Z</time>
      </trkpt>
      <trkpt lat="53.791890" lon="10.756690">
        <ele>17.286215</ele>
        <time>2026-10-02T09:06:16.701Z</time>
      </trkpt>
      <trkpt lat="53.791919" lon="10.756700">
        <ele>17.279878</ele>
        <time>2026-10-02T09:06:16.984Z</time>
      </trkpt>
      <trkpt lat="53.791945" lon="10.756700">
        <ele>17.274285</ele>
        <time>2026-10-02T09:06:17.234Z</time>
      </trkpt>
      <trkpt lat="53.791973" lon="10.756701">
        <ele>17.267741</ele>
        <time>2026-10-02T09:06:17.502Z</time>
      </trkpt>
      <trkpt lat="53.792136" lon="10.756743">
        <ele>17.229214</ele>
        <time>2026-10-02T09:06:19.138Z</time>
      </trkpt>
      <trkpt lat="53.792306" lon="10.756979">
        <ele>17.177841</ele>
        <time>2026-10-02T09:06:21.465Z</time>
      </trkpt>
      <trkpt lat="53.792597" lon="10.756970">
        <ele>17.109831</ele>
        <time>2026-10-02T09:06:24.929Z</time>
      </trkpt>
      <trkpt lat="53.793082" lon="10.756824">
        <ele>16.994723</ele>
        <time>2026-10-02T09:06:33.174Z</time>
      </trkpt>
      <trkpt lat="53.793600" lon="10.756561">
        <ele>16.868355</ele>
        <time>2026-10-02T09:06:39.268Z</time>
      </trkpt>
      <trkpt lat="53.793684" lon="10.756477">
        <ele>16.842011</ele>
        <time>2026-10-02T09:06:40.337Z</time>
      </trkpt>
      <trkpt lat="53.793762" lon="10.756187">
        <ele>16.780188</ele>
        <time>2026-10-02T09:06:42.447Z</time>
      </trkpt>
      <trkpt lat="53.793813" lon="10.756122">
        <ele>16.759220</ele>
        <time>2026-10-02T09:06:43.186Z</time>
      </trkpt>
      <trkpt lat="53.793884" lon="10.756089">
        <ele>16.735036</ele>
        <time>2026-10-02T09:06:44.044Z</time>
      </trkpt>
      <trkpt lat="53.793952" lon="10.756091">
        <ele>16.712698</ele>
        <time>2026-10-02T09:06:44.866Z</time>
      </trkpt>
      <trkpt lat="53.794077" lon="10.756295">
        <ele>16.655670</ele>
        <time>2026-10-02T09:06:47.010Z</time>
      </trkpt>
      <trkpt lat="53.794141" lon="10.756346">
        <ele>16.632436</ele>
        <time>2026-10-02T09:06:47.862Z</time>
      </trkpt>
      <trkpt lat="53.794490" lon="10.756232">
        <ele>16.515690</ele>
        <time>2026-10-02T09:06:51.952Z</time>
      </trkpt>
      <trkpt lat="53.795491" lon="10.755794">
        <ele>15.972225</ele>
        <time>2026-10-02T09:07:02.702Z</time>
      </trkpt>
      <trkpt lat="53.795781" lon="10.755645">
        <ele>15.640549</ele>
        <time>2026-10-02T09:07:05.973Z</time>
      </trkpt>
      <trkpt lat="53.796530" lon="10.755315">
        <ele>14.793524</ele>
        <time>2026-10-02T09:07:13.648Z</time>
      </trkpt>
      <trkpt lat="53.796793" lon="10.755240">
        <ele>14.501636</ele>
        <time>2026-10-02T09:07:16.070Z</time>
      </trkpt>
      <trkpt lat="53.796911" lon="10.755164">
        <ele>14.363465</ele>
        <time>2026-10-02T09:07:17.194Z</time>
      </trkpt>
      <trkpt lat="53.797451" lon="10.754774">
        <ele>12.882894</ele>
        <time>2026-10-02T09:07:22.225Z</time>
      </trkpt>
      <trkpt lat="53.798365" lon="10.753864">
        <ele>10.028463</ele>
        <time>2026-10-02T09:07:30.785Z</time>
      </trkpt>
      <trkpt lat="53.798506" lon="10.753700">
        <ele>9.567946</ele>
        <time>2026-10-02T09:07:32.189Z</time>
      </trkpt>
      <trkpt lat="53.798700" lon="10.753477">
        <ele>9.297638</ele>
        <time>2026-10-02T09:07:34.170Z</time>
      </trkpt>
      <trkpt lat="53.799036" lon="10.752903">
        <ele>8.910948</ele>
        <time>2026-10-02T09:07:38.503Z</time>
      </trkpt>
      <trkpt lat="53.799129" lon="10.752709">
        <ele>8.791394</ele>
        <time>2026-10-02T09:07:39.951Z</time>
      </trkpt>
      <trkpt lat="53.799627" lon="10.751654">
        <ele>8.145183</ele>
        <time>2026-10-02T09:07:49.373Z</time>
      </trkpt>
      <trkpt lat="53.799907" lon="10.751166">
        <ele>8.142262</ele>
        <time>2026-10-02T09:07:55.158Z</time>
      </trkpt>
      <trkpt lat="53.800036" lon="10.751007">
        <ele>8.249645</ele>
        <time>2026-10-02T09:07:57.443Z</time>
      </trkpt>
      <trkpt lat="53.800187" lon="10.750881">
        <ele>8.362938</ele>
        <time>2026-10-02T09:07:59.819Z</time>
      </trkpt>
      <trkpt lat="53.800599" lon="10.750636">
        <ele>8.656816</ele>
        <time>2026-10-02T09:08:05.848Z</time>
      </trkpt>
      <trkpt lat="53.801155" lon="10.750487">
        <ele>9.035660</ele>
        <time>2026-10-02T09:08:13.695Z</time>
      </trkpt>
      <trkpt lat="53.801379" lon="10.750428">
        <ele>9.188225</ele>
        <time>2026-10-02T09:08:17.033Z</time>
      </trkpt>
      <trkpt lat="53.801492" lon="10.750342">
        <ele>9.327845</ele>
        <time>2026-10-02T09:08:18.822Z</time>
      </trkpt>
      <trkpt lat="53.801715" lon="10.750319">
        <ele>9.607799</ele>
        <time>2026-10-02T09:08:22.104Z</time>
      </trkpt>
      <trkpt lat="53.802434" lon="10.750124">
        <ele>10.520243</ele>
        <time>2026-10-02T09:08:33.905Z</time>
      </trkpt>
      <trkpt lat="53.802441" lon="10.750208">
        <ele>10.583022</ele>
        <time>2026-10-02T09:08:38.507Z</time>
      </trkpt>
      <trkpt lat="53.802764" lon="10.750165">
        <ele>10.989014</ele>
        <time>2026-10-02T09:08:44.043Z</time>
      </trkpt>
      <trkpt lat="53.802925" lon="10.750143">
        <ele>11.191415</ele>
        <time>2026-10-02T09:08:46.781Z</time>
      </trkpt>
      <trkpt lat="53.802926" lon="10.750051">
        <ele>11.259508</ele>
        <time>2026-10-02T09:08:51.942Z</time>
      </trkpt>
      <trkpt lat="53.803303" lon="10.750060">
        <ele>11.543138</ele>
        <time>2026-10-02T09:08:57.885Z</time>
      </trkpt>
      <trkpt lat="53.803408" lon="10.750061">
        <ele>11.583298</ele>
        <time>2026-10-02T09:08:59.557Z</time>
      </trkpt>
      <trkpt lat="53.804077" lon="10.750065">
        <ele>11.839169</ele>
        <time>2026-10-02T09:09:08.914Z</time>
      </trkpt>
      <trkpt lat="53.805136" lon="10.750022">
        <ele>12.040580</ele>
        <time>2026-10-02T09:09:20.617Z</time>
      </trkpt>
      <trkpt lat="53.805552" lon="10.749970">
        <ele>11.862281</ele>
        <time>2026-10-02T09:09:25.050Z</time>
      </trkpt>
      <trkpt lat="53.805826" lon="10.749872">
        <ele>11.742579</ele>
        <time>2026-10-02T09:09:28.076Z</time>
      </trkpt>
      <trkpt lat="53.806130" lon="10.749655">
        <ele>11.601565</ele>
        <time>2026-10-02T09:09:31.641Z</time>
      </trkpt>
      <trkpt lat="53.806590" lon="10.749195">
        <ele>11.373192</ele>
        <time>2026-10-02T09:09:37.386Z</time>
      </trkpt>
      <trkpt lat="53.806645" lon="10.749139">
        <ele>11.345632</ele>
        <time>2026-10-02T09:09:38.086Z</time>
      </trkpt>
      <trkpt lat="53.807057" lon="10.748754">
        <ele>11.143550</ele>
        <time>2026-10-02T09:09:43.003Z</time>
      </trkpt>
      <trkpt lat="53.807239" lon="10.748663">
        <ele>11.062056</ele>
        <time>2026-10-02T09:09:44.902Z</time>
      </trkpt>
      <trkpt lat="53.808121" lon="10.748353">
        <ele>10.675214</ele>
        <time>2026-10-02T09:09:54.243Z</time>
      </trkpt>
      <trkpt lat="53.808204" lon="10.748285">
        <ele>10.635618</ele>
        <time>2026-10-02T09:09:55.327Z</time>
      </trkpt>
      <trkpt lat="53.808560" lon="10.748195">
        <ele>10.701714</ele>
        <time>2026-10-02T09:09:59.878Z</time>
      </trkpt>
      <trkpt lat="53.808864" lon="10.748009">
        <ele>10.806331</ele>
        <time>2026-10-02T09:10:04.302Z</time>
      </trkpt>
      <trkpt lat="53.809182" lon="10.747712">
        <ele>10.923869</ele>
        <time>2026-10-02T09:10:09.253Z</time>
      </trkpt>
      <trkpt lat="53.809470" lon="10.747361">
        <ele>11.038712</ele>
        <time>2026-10-02T09:10:14.036Z</time>
      </trkpt>
      <trkpt lat="53.809602" lon="10.747123">
        <ele>11.101114</ele>
        <time>2026-10-02T09:10:16.564Z</time>
      </trkpt>
      <trkpt lat="53.810528" lon="10.745614">
        <ele>11.515826</ele>
        <time>2026-10-02T09:10:32.879Z</time>
      </trkpt>
      <trkpt lat="53.811102" lon="10.744648">
        <ele>11.776308</ele>
        <time>2026-10-02T09:10:43.586Z</time>
      </trkpt>
      <trkpt lat="53.812167" lon="10.742851">
        <ele>12.232470</ele>
        <time>2026-10-02T09:11:02.670Z</time>
      </trkpt>
      <trkpt lat="53.812547" lon="10.742211">
        <ele>12.529676</ele>
        <time>2026-10-02T09:11:09.462Z</time>
      </trkpt>
      <trkpt lat="53.812891" lon="10.741625">
        <ele>12.925914</ele>
        <time>2026-10-02T09:11:16.430Z</time>
      </trkpt>
      <trkpt lat="53.813070" lon="10.741302">
        <ele>13.138330</ele>
        <time>2026-10-02T09:11:20.449Z</time>
      </trkpt>
      <trkpt lat="53.813961" lon="10.739552">
        <ele>13.804389</ele>
        <time>2026-10-02T09:11:41.058Z</time>
      </trkpt>
      <trkpt lat="53.814125" lon="10.739222">
        <ele>13.817065</ele>
        <time>2026-10-02T09:11:44.204Z</time>
      </trkpt>
      <trkpt lat="53.814168" lon="10.739052">
        <ele>13.822500</ele>
        <time>2026-10-02T09:11:45.505Z</time>
      </trkpt>
      <trkpt lat="53.814230" lon="10.738952">
        <ele>13.826761</ele>
        <time>2026-10-02T09:11:46.502Z</time>
      </trkpt>
      <trkpt lat="53.814323" lon="10.738829">
        <ele>13.832634</ele>
        <time>2026-10-02T09:11:47.834Z</time>
      </trkpt>
      <trkpt lat="53.814551" lon="10.738399">
        <ele>13.849618</ele>
        <time>2026-10-02T09:11:51.446Z</time>
      </trkpt>
      <trkpt lat="53.814619" lon="10.738491">
        <ele>13.853950</ele>
        <time>2026-10-02T09:11:58.908Z</time>
      </trkpt>
      <trkpt lat="53.815017" lon="10.737711">
        <ele>13.705256</ele>
        <time>2026-10-02T09:12:04.838Z</time>
      </trkpt>
      <trkpt lat="53.815123" lon="10.737502">
        <ele>13.637822</ele>
        <time>2026-10-02T09:12:06.498Z</time>
      </trkpt>
      <trkpt lat="53.815468" lon="10.736837">
        <ele>13.421160</ele>
        <time>2026-10-02T09:12:12.028Z</time>
      </trkpt>
      <trkpt lat="53.815389" lon="10.736736">
        <ele>13.380129</ele>
        <time>2026-10-02T09:12:13.558Z</time>
      </trkpt>
      <trkpt lat="53.815645" lon="10.736300">
        <ele>13.229635</ele>
        <time>2026-10-02T09:12:17.475Z</time>
      </trkpt>
      <trkpt lat="53.818127" lon="10.731449">
        <ele>13.880817</ele>
        <time>2026-10-02T09:13:05.571Z</time>
      </trkpt>
      <trkpt lat="53.818932" lon="10.729854">
        <ele>14.068608</ele>
        <time>2026-10-02T09:13:20.792Z</time>
      </trkpt>
      <trkpt lat="53.819032" lon="10.729657">
        <ele>14.091137</ele>
        <time>2026-10-02T09:13:22.600Z</time>
      </trkpt>
      <trkpt lat="53.819641" lon="10.728449">
        <ele>14.260812</ele>
        <time>2026-10-02T09:13:34.021Z</time>
      </trkpt>
      <trkpt lat="53.821141" lon="10.725517">
        <ele>14.645320</ele>
        <time>2026-10-02T09:14:03.052Z</time>
      </trkpt>
      <trkpt lat="53.821193" lon="10.725425">
        <ele>14.652770</ele>
        <time>2026-10-02T09:14:03.971Z</time>
      </trkpt>
      <trkpt lat="53.821251" lon="10.725512">
        <ele>14.660447</ele>
        <time>2026-10-02T09:14:04.915Z</time>
      </trkpt>
      <trkpt lat="53.821297" lon="10.725423">
        <ele>14.667366</ele>
        <time>2026-10-02T09:14:05.747Z</time>
      </trkpt>
      <trkpt lat="53.821637" lon="10.724756">
        <ele>14.718914</ele>
        <time>2026-10-02T09:14:11.777Z</time>
      </trkpt>
      <trkpt lat="53.821647" lon="10.724737">
        <ele>14.720403</ele>
        <time>2026-10-02T09:14:11.947Z</time>
      </trkpt>
      <trkpt lat="53.822330" lon="10.723397">
        <ele>14.762687</ele>
        <time>2026-10-02T09:14:24.305Z</time>
      </trkpt>
      <trkpt lat="53.822603" lon="10.722914">
        <ele>14.776444</ele>
        <time>2026-10-02T09:14:29.245Z</time>
      </trkpt>
      <trkpt lat="53.822977" lon="10.722453">
        <ele>14.782250</ele>
        <time>2026-10-02T09:14:35.066Z</time>
      </trkpt>
      <trkpt lat="53.823072" lon="10.722364">
        <ele>14.695951</ele>
        <time>2026-10-02T09:14:36.386Z</time>
      </trkpt>
      <trkpt lat="53.823201" lon="10.722250">
        <ele>14.580288</ele>
        <time>2026-10-02T09:14:38.110Z</time>
      </trkpt>
      <trkpt lat="53.823231" lon="10.722360">
        <ele>14.523428</ele>
        <time>2026-10-02T09:14:38.964Z</time>
      </trkpt>
      <trkpt lat="53.823808" lon="10.721952">
        <ele>14.026389</ele>
        <time>2026-10-02T09:14:45.432Z</time>
      </trkpt>
      <trkpt lat="53.824635" lon="10.721459">
        <ele>13.352934</ele>
        <time>2026-10-02T09:14:53.528Z</time>
      </trkpt>
      <trkpt lat="53.824791" lon="10.721359">
        <ele>13.315151</ele>
        <time>2026-10-02T09:14:55.107Z</time>
      </trkpt>
      <trkpt lat="53.825067" lon="10.721242">
        <ele>13.250703</ele>
        <time>2026-10-02T09:14:57.849Z</time>
      </trkpt>
      <trkpt lat="53.825231" lon="10.721089">
        <ele>13.208293</ele>
        <time>2026-10-02T09:14:59.733Z</time>
      </trkpt>
      <trkpt lat="53.825429" lon="10.720973">
        <ele>13.160835</ele>
        <time>2026-10-02T09:15:01.955Z</time>
      </trkpt>
      <trkpt lat="53.827689" lon="10.719610">
        <ele>13.366261</ele>
        <time>2026-10-02T09:15:34.266Z</time>
      </trkpt>
      <trkpt lat="53.830754" lon="10.717788">
        <ele>11.915529</ele>
        <time>2026-10-02T09:16:08.897Z</time>
      </trkpt>
      <trkpt lat="53.830937" lon="10.717759">
        <ele>11.795264</ele>
        <time>2026-10-02T09:16:10.730Z</time>
      </trkpt>
      <trkpt lat="53.831049" lon="10.717695">
        <ele>11.717923</ele>
        <time>2026-10-02T09:16:11.914Z</time>
      </trkpt>
      <trkpt lat="53.831074" lon="10.717678">
        <ele>11.700297</ele>
        <time>2026-10-02T09:16:12.185Z</time>
      </trkpt>
      <trkpt lat="53.831560" lon="10.717294">
        <ele>11.228053</ele>
        <time>2026-10-02T09:16:17.506Z</time>
      </trkpt>
      <trkpt lat="53.832777" lon="10.716568">
        <ele>9.627445</ele>
        <time>2026-10-02T09:16:29.607Z</time>
      </trkpt>
      <trkpt lat="53.832947" lon="10.716464">
        <ele>9.403224</ele>
        <time>2026-10-02T09:16:31.228Z</time>
      </trkpt>
      <trkpt lat="53.833012" lon="10.716438">
        <ele>9.320371</ele>
        <time>2026-10-02T09:16:31.838Z</time>
      </trkpt>
      <trkpt lat="53.833085" lon="10.716305">
        <ele>9.242865</ele>
        <time>2026-10-02T09:16:32.823Z</time>
      </trkpt>
      <trkpt lat="53.833594" lon="10.715783">
        <ele>9.123831</ele>
        <time>2026-10-02T09:16:38.676Z</time>
      </trkpt>
      <trkpt lat="53.833701" lon="10.715666">
        <ele>9.098354</ele>
        <time>2026-10-02T09:16:39.928Z</time>
      </trkpt>
      <trkpt lat="53.834134" lon="10.715193">
        <ele>8.995283</ele>
        <time>2026-10-02T09:16:45.581Z</time>
      </trkpt>
      <trkpt lat="53.834206" lon="10.715169">
        <ele>8.980602</ele>
        <time>2026-10-02T09:16:46.573Z</time>
      </trkpt>
      <trkpt lat="53.834288" lon="10.715154">
        <ele>8.964101</ele>
        <time>2026-10-02T09:16:47.694Z</time>
      </trkpt>
      <trkpt lat="53.834347" lon="10.715080">
        <ele>8.949415</ele>
        <time>2026-10-02T09:16:48.766Z</time>
      </trkpt>
      <trkpt lat="53.834605" lon="10.714734">
        <ele>8.965019</ele>
        <time>2026-10-02T09:16:54.036Z</time>
      </trkpt>
      <trkpt lat="53.834711" lon="10.714546">
        <ele>9.182130</ele>
        <time>2026-10-02T09:16:56.745Z</time>
      </trkpt>
      <trkpt lat="53.836329" lon="10.712754">
        <ele>12.054006</ele>
        <time>2026-10-02T09:17:28.945Z</time>
      </trkpt>
      <trkpt lat="53.836670" lon="10.712399">
        <ele>12.782314</ele>
        <time>2026-10-02T09:17:35.849Z</time>
      </trkpt>
      <trkpt lat="53.836769" lon="10.712343">
        <ele>12.972249</ele>
        <time>2026-10-02T09:17:37.764Z</time>
      </trkpt>
      <trkpt lat="53.836799" lon="10.712328">
        <ele>13.029171</ele>
        <time>2026-10-02T09:17:38.336Z</time>
      </trkpt>
      <trkpt lat="53.836917" lon="10.712209">
        <ele>13.279059</ele>
        <time>2026-10-02T09:17:40.925Z</time>
      </trkpt>
      <trkpt lat="53.836993" lon="10.712129">
        <ele>13.441875</ele>
        <time>2026-10-02T09:17:42.561Z</time>
      </trkpt>
      <trkpt lat="53.837057" lon="10.711973">
        <ele>13.645907</ele>
        <time>2026-10-02T09:17:44.605Z</time>
      </trkpt>
      <trkpt lat="53.837749" lon="10.711168">
        <ele>14.711894</ele>
        <time>2026-10-02T09:17:59.937Z</time>
      </trkpt>
      <trkpt lat="53.838728" lon="10.710084">
        <ele>14.711894</ele>
        <time>2026-10-02T09:18:18.903Z</time>
      </trkpt>
      <trkpt lat="53.838831" lon="10.710014">
        <ele>14.711894</ele>
        <time>2026-10-02T09:18:20.268Z</time>
      </trkpt>
      <trkpt lat="53.838884" lon="10.709977">
        <ele>14.711894</ele>
        <time>2026-10-02T09:18:20.975Z</time>
      </trkpt>
    </trkseg>
  </trk>
</gpx>