<?xml version='1.0' encoding='UTF-8'?>
<gpx version="1.1" creator="https://www.komoot.de" xmlns="http://www.topografix.com/GPX/1/1" xmlns:xsi="http://www.w3.org/2001/XMLSchema-instance" xsi:schemaLocation="http://www.topografix.com/GPX/1/1 http://www.topografix.com/GPX/1/1/gpx.xsd">
  <metadata>
    <name>Angeln short</name>
    <author>
      <link href="https://www.komoot.de">
        <text>komoot</text>
        <type>text/html</type>
      </link>
    </author>
  </metadata>
  <trk>
    <name>Angeln short</name>
    <type>racebike</type>
    <trkseg>
      <trkpt lat="54.514201" lon="9.546691">
        <ele>10.226369</ele>
        <time>2026-07-22T08:15:27.566Z</time>
      </trkpt>
      <trkpt lat="54.515241" lon="9.546558">
        <ele>12.125732</ele>
        <time>2026-07-22T08:15:51.361Z</time>
      </trkpt>
      <trkpt lat="54.515578" lon="9.546522">
        <ele>12.944054</ele>
        <time>2026-07-22T08:15:59.597Z</time>
      </trkpt>
      <trkpt lat="54.515821" lon="9.546438">
        <ele>13.456058</ele>
        <time>2026-07-22T08:16:05.008Z</time>
      </trkpt>
      <trkpt lat="54.516151" lon="9.546201">
        <ele>14.578457</ele>
        <time>2026-07-22T08:16:13.733Z</time>
      </trkpt>
      <trkpt lat="54.516430" lon="9.545927">
        <ele>16.180339</ele>
        <time>2026-07-22T08:16:25.427Z</time>
      </trkpt>
      <trkpt lat="54.516687" lon="9.545576">
        <ele>17.113753</ele>
        <time>2026-07-22T08:16:32.367Z</time>
      </trkpt>
      <trkpt lat="54.517077" lon="9.544746">
        <ele>20.330314</ele>
        <time>2026-07-22T08:16:53.694Z</time>
      </trkpt>
      <trkpt lat="54.517168" lon="9.544540">
        <ele>20.993343</ele>
        <time>2026-07-22T08:16:57.831Z</time>
      </trkpt>
      <trkpt lat="54.517444" lon="9.544083">
        <ele>22.961804</ele>
        <time>2026-07-22T08:17:10.521Z</time>
      </trkpt>
      <trkpt lat="54.517815" lon="9.543672">
        <ele>25.047968</ele>
        <time>2026-07-22T08:17:24.536Z</time>
      </trkpt>
      <trkpt lat="54.517992" lon="9.543540">
        <ele>25.860105</ele>
        <time>2026-07-22T08:17:29.768Z</time>
      </trkpt>
      <trkpt lat="54.518351" lon="9.543355">
        <ele>27.705312</ele>
        <time>2026-07-22T08:17:42.062Z</time>
      </trkpt>
      <trkpt lat="54.518437" lon="9.543314">
        <ele>28.086891</ele>
        <time>2026-07-22T08:17:44.985Z</time>
      </trkpt>
      <trkpt lat="54.518660" lon="9.543271">
        <ele>28.815839</ele>
        <time>2026-07-22T08:17:50.781Z</time>
      </trkpt>
      <trkpt lat="54.518893" lon="9.543277">
        <ele>29.207525</ele>
        <time>2026-07-22T08:17:55.639Z</time>
      </trkpt>
      <trkpt lat="54.519097" lon="9.543301">
        <ele>29.484258</ele>
        <time>2026-07-22T08:17:59.827Z</time>
      </trkpt>
      <trkpt lat="54.519455" lon="9.543427">
        <ele>29.819062</ele>
        <time>2026-07-22T08:18:07.079Z</time>
      </trkpt>
      <trkpt lat="54.520247" lon="9.543699">
        <ele>29.226383</ele>
        <time>2026-07-22T08:18:18.736Z</time>
      </trkpt>
      <trkpt lat="54.520417" lon="9.543756">
        <ele>28.995454</ele>
        <time>2026-07-22T08:18:20.813Z</time>
      </trkpt>
      <trkpt lat="54.520808" lon="9.543891">
        <ele>28.842514</ele>
        <time>2026-07-22T08:18:27.451Z</time>
      </trkpt>
      <trkpt lat="54.521207" lon="9.544032">
        <ele>28.195733</ele>
        <time>2026-07-22T08:18:32.643Z</time>
      </trkpt>
      <trkpt lat="54.521248" lon="9.544044">
        <ele>28.123205</ele>
        <time>2026-07-22T08:18:33.167Z</time>
      </trkpt>
      <trkpt lat="54.521681" lon="9.544201">
        <ele>27.621662</ele>
        <time>2026-07-22T08:18:39.061Z</time>
      </trkpt>
      <trkpt lat="54.521702" lon="9.544208">
        <ele>27.605506</ele>
        <time>2026-07-22T08:18:39.483Z</time>
      </trkpt>
      <trkpt lat="54.522089" lon="9.544303">
        <ele>28.548726</ele>
        <time>2026-07-22T08:18:49.339Z</time>
      </trkpt>
      <trkpt lat="54.522317" lon="9.544294">
        <ele>29.046036</ele>
        <time>2026-07-22T08:18:54.205Z</time>
      </trkpt>
      <trkpt lat="54.522667" lon="9.544131">
        <ele>29.903006</ele>
        <time>2026-07-22T08:19:03.416Z</time>
      </trkpt>
      <trkpt lat="54.522869" lon="9.543982">
        <ele>30.272714</ele>
        <time>2026-07-22T08:19:07.495Z</time>
      </trkpt>
      <trkpt lat="54.523228" lon="9.543714">
        <ele>31.153900</ele>
        <time>2026-07-22T08:19:15.016Z</time>
      </trkpt>
      <trkpt lat="54.523525" lon="9.543438">
        <ele>32.372379</ele>
        <time>2026-07-22T08:19:23.284Z</time>
      </trkpt>
      <trkpt lat="54.523704" lon="9.543166">
        <ele>33.101578</ele>
        <time>2026-07-22T08:19:28.668Z</time>
      </trkpt>
      <trkpt lat="54.523754" lon="9.543250">
        <ele>33.288186</ele>
        <time>2026-07-22T08:19:29.867Z</time>
      </trkpt>
      <trkpt lat="54.524018" lon="9.542794">
        <ele>34.049860</ele>
        <time>2026-07-22T08:19:36.336Z</time>
      </trkpt>
      <trkpt lat="54.524158" lon="9.542534">
        <ele>34.717986</ele>
        <time>2026-07-22T08:19:41.425Z</time>
      </trkpt>
      <trkpt lat="54.524790" lon="9.541337">
        <ele>37.325192</ele>
        <time>2026-07-22T08:20:01.300Z</time>
      </trkpt>
      <trkpt lat="54.525036" lon="9.540984">
        <ele>37.324767</ele>
        <time>2026-07-22T08:20:04.602Z</time>
      </trkpt>
      <trkpt lat="54.525206" lon="9.540656">
        <ele>37.334816</ele>
        <time>2026-07-22T08:20:07.700Z</time>
      </trkpt>
      <trkpt lat="54.525290" lon="9.540381">
        <ele>37.450691</ele>
        <time>2026-07-22T08:20:10.113Z</time>
      </trkpt>
      <trkpt lat="54.525887" lon="9.539201">
        <ele>39.286421</ele>
        <time>2026-07-22T08:20:26.701Z</time>
      </trkpt>
      <trkpt lat="54.526092" lon="9.538766">
        <ele>40.731244</ele>
        <time>2026-07-22T08:20:35.048Z</time>
      </trkpt>
      <trkpt lat="54.526327" lon="9.538229">
        <ele>43.031865</ele>
        <time>2026-07-22T08:20:48.083Z</time>
      </trkpt>
      <trkpt lat="54.526594" lon="9.537659">
        <ele>44.544208</ele>
        <time>2026-07-22T08:20:57.628Z</time>
      </trkpt>
      <trkpt lat="54.526615" lon="9.537502">
        <ele>44.754882</ele>
        <time>2026-07-22T08:20:59.388Z</time>
      </trkpt>
      <trkpt lat="54.526744" lon="9.537179">
        <ele>45.175128</ele>
        <time>2026-07-22T08:21:03.286Z</time>
      </trkpt>
      <trkpt lat="54.526871" lon="9.536848">
        <ele>45.544418</ele>
        <time>2026-07-22T08:21:06.759Z</time>
      </trkpt>
      <trkpt lat="54.526966" lon="9.536752">
        <ele>45.761371</ele>
        <time>2026-07-22T08:21:08.826Z</time>
      </trkpt>
      <trkpt lat="54.527048" lon="9.536553">
        <ele>46.186201</ele>
        <time>2026-07-22T08:21:12.045Z</time>
      </trkpt>
      <trkpt lat="54.527104" lon="9.536404">
        <ele>46.497565</ele>
        <time>2026-07-22T08:21:14.212Z</time>
      </trkpt>
      <trkpt lat="54.527120" lon="9.536193">
        <ele>46.874065</ele>
        <time>2026-07-22T08:21:16.808Z</time>
      </trkpt>
      <trkpt lat="54.527529" lon="9.535177">
        <ele>49.697590</ele>
        <time>2026-07-22T08:21:34.802Z</time>
      </trkpt>
      <trkpt lat="54.528135" lon="9.533762">
        <ele>50.589260</ele>
        <time>2026-07-22T08:21:50.215Z</time>
      </trkpt>
      <trkpt lat="54.528230" lon="9.533584">
        <ele>50.423071</ele>
        <time>2026-07-22T08:21:51.392Z</time>
      </trkpt>
      <trkpt lat="54.528911" lon="9.532317">
        <ele>48.282946</ele>
        <time>2026-07-22T08:21:59.970Z</time>
      </trkpt>
      <trkpt lat="54.529087" lon="9.531906">
        <ele>48.409331</ele>
        <time>2026-07-22T08:22:04.467Z</time>
      </trkpt>
      <trkpt lat="54.529208" lon="9.531552">
        <ele>48.692163</ele>
        <time>2026-07-22T08:22:08.093Z</time>
      </trkpt>
      <trkpt lat="54.529382" lon="9.530937">
        <ele>49.078624</ele>
        <time>2026-07-22T08:22:14.026Z</time>
      </trkpt>
      <trkpt lat="54.529781" lon="9.529602">
        <ele>49.568566</ele>
        <time>2026-07-22T08:22:25.988Z</time>
      </trkpt>
      <trkpt lat="54.529821" lon="9.529469">
        <ele>49.598016</ele>
        <time>2026-07-22T08:22:27.171Z</time>
      </trkpt>
      <trkpt lat="54.529876" lon="9.529279">
        <ele>49.622990</ele>
        <time>2026-07-22T08:22:28.593Z</time>
      </trkpt>
      <trkpt lat="54.529910" lon="9.529160">
        <ele>49.638228</ele>
        <time>2026-07-22T08:22:29.469Z</time>
      </trkpt>
      <trkpt lat="54.530044" lon="9.528692">
        <ele>50.060411</ele>
        <time>2026-07-22T08:22:34.109Z</time>
      </trkpt>
      <trkpt lat="54.530327" lon="9.527954">
        <ele>51.718206</ele>
        <time>2026-07-22T08:22:46.803Z</time>
      </trkpt>
      <trkpt lat="54.530666" lon="9.527225">
        <ele>51.524975</ele>
        <time>2026-07-22T08:22:52.281Z</time>
      </trkpt>
      <trkpt lat="54.530720" lon="9.527126">
        <ele>51.456762</ele>
        <time>2026-07-22T08:22:53.042Z</time>
      </trkpt>
      <trkpt lat="54.530663" lon="9.527042">
        <ele>51.390280</ele>
        <time>2026-07-22T08:22:53.787Z</time>
      </trkpt>
      <trkpt lat="54.530877" lon="9.526678">
        <ele>51.063542</ele>
        <time>2026-07-22T08:22:56.705Z</time>
      </trkpt>
      <trkpt lat="54.531207" lon="9.526198">
        <ele>50.187275</ele>
        <time>2026-07-22T08:23:00.467Z</time>
      </trkpt>
      <trkpt lat="54.531450" lon="9.525921">
        <ele>49.443711</ele>
        <time>2026-07-22T08:23:02.937Z</time>
      </trkpt>
      <trkpt lat="54.531720" lon="9.525637">
        <ele>48.327111</ele>
        <time>2026-07-22T08:23:05.430Z</time>
      </trkpt>
      <trkpt lat="54.532015" lon="9.525372">
        <ele>47.283527</ele>
        <time>2026-07-22T08:23:08.154Z</time>
      </trkpt>
      <trkpt lat="54.532306" lon="9.525171">
        <ele>47.113074</ele>
        <time>2026-07-22T08:23:11.310Z</time>
      </trkpt>
      <trkpt lat="54.532377" lon="9.525497">
        <ele>47.103071</ele>
        <time>2026-07-22T08:23:14.837Z</time>
      </trkpt>
      <trkpt lat="54.532465" lon="9.525393">
        <ele>46.994508</ele>
        <time>2026-07-22T08:23:15.784Z</time>
      </trkpt>
      <trkpt lat="54.532538" lon="9.525217">
        <ele>46.778889</ele>
        <time>2026-07-22T08:23:16.794Z</time>
      </trkpt>
      <trkpt lat="54.532642" lon="9.525116">
        <ele>46.529133</ele>
        <time>2026-07-22T08:23:17.832Z</time>
      </trkpt>
      <trkpt lat="54.533282" lon="9.524821">
        <ele>45.731902</ele>
        <time>2026-07-22T08:23:24.212Z</time>
      </trkpt>
      <trkpt lat="54.533731" lon="9.524612">
        <ele>45.515314</ele>
        <time>2026-07-22T08:23:29.167Z</time>
      </trkpt>
      <trkpt lat="54.533879" lon="9.524616">
        <ele>45.511532</ele>
        <time>2026-07-22T08:23:30.821Z</time>
      </trkpt>
      <trkpt lat="54.535224" lon="9.524067">
        <ele>45.645280</ele>
        <time>2026-07-22T08:23:47.877Z</time>
      </trkpt>
      <trkpt lat="54.535415" lon="9.523925">
        <ele>45.443165</ele>
        <time>2026-07-22T08:23:49.969Z</time>
      </trkpt>
      <trkpt lat="54.536003" lon="9.523698">
        <ele>44.266938</ele>
        <time>2026-07-22T08:23:55.226Z</time>
      </trkpt>
      <trkpt lat="54.536362" lon="9.523485">
        <ele>43.305804</ele>
        <time>2026-07-22T08:23:58.434Z</time>
      </trkpt>
      <trkpt lat="54.536742" lon="9.523063">
        <ele>42.231936</ele>
        <time>2026-07-22T08:24:02.280Z</time>
      </trkpt>
      <trkpt lat="54.537743" lon="9.521437">
        <ele>40.332493</ele>
        <time>2026-07-22T08:24:15.079Z</time>
      </trkpt>
      <trkpt lat="54.537846" lon="9.521322">
        <ele>40.258200</ele>
        <time>2026-07-22T08:24:16.275Z</time>
      </trkpt>
      <trkpt lat="54.537928" lon="9.521182">
        <ele>40.256666</ele>
        <time>2026-07-22T08:24:17.678Z</time>
      </trkpt>
      <trkpt lat="54.538020" lon="9.520937">
        <ele>40.414400</ele>
        <time>2026-07-22T08:24:20.406Z</time>
      </trkpt>
      <trkpt lat="54.538640" lon="9.519928">
        <ele>41.673629</ele>
        <time>2026-07-22T08:24:34.799Z</time>
      </trkpt>
      <trkpt lat="54.538882" lon="9.519599">
        <ele>41.972665</ele>
        <time>2026-07-22T08:24:39.404Z</time>
      </trkpt>
      <trkpt lat="54.539228" lon="9.519230">
        <ele>42.091529</ele>
        <time>2026-07-22T08:24:44.446Z</time>
      </trkpt>
      <trkpt lat="54.539602" lon="9.518931">
        <ele>42.100000</ele>
        <time>2026-07-22T08:24:49.419Z</time>
      </trkpt>
      <trkpt lat="54.540008" lon="9.518704">
        <ele>42.110633</ele>
        <time>2026-07-22T08:24:54.418Z</time>
      </trkpt>
      <trkpt lat="54.540493" lon="9.518542">
        <ele>42.162408</ele>
        <time>2026-07-22T08:25:00.607Z</time>
      </trkpt>
      <trkpt lat="54.540764" lon="9.518498">
        <ele>41.996869</ele>
        <time>2026-07-22T08:25:03.345Z</time>
      </trkpt>
      <trkpt lat="54.541000" lon="9.518461">
        <ele>41.821273</ele>
        <time>2026-07-22T08:25:05.743Z</time>
      </trkpt>
      <trkpt lat="54.543895" lon="9.517960">
        <ele>40.768285</ele>
        <time>2026-07-22T08:25:37.525Z</time>
      </trkpt>
      <trkpt lat="54.544272" lon="9.517836">
        <ele>40.255253</ele>
        <time>2026-07-22T08:25:41.141Z</time>
      </trkpt>
      <trkpt lat="54.544669" lon="9.517505">
        <ele>39.282841</ele>
        <time>2026-07-22T08:25:44.964Z</time>
      </trkpt>
      <trkpt lat="54.547142" lon="9.514304">
        <ele>31.433993</ele>
        <time>2026-07-22T08:26:10.893Z</time>
      </trkpt>
      <trkpt lat="54.548174" lon="9.512954">
        <ele>30.852192</ele>
        <time>2026-07-22T08:26:25.301Z</time>
      </trkpt>
      <trkpt lat="54.548330" lon="9.512852">
        <ele>30.689865</ele>
        <time>2026-07-22T08:26:26.918Z</time>
      </trkpt>
      <trkpt lat="54.548690" lon="9.512354">
        <ele>29.989469</ele>
        <time>2026-07-22T08:26:31.137Z</time>
      </trkpt>
      <trkpt lat="54.549142" lon="9.511548">
        <ele>28.815451</ele>
        <time>2026-07-22T08:26:36.955Z</time>
      </trkpt>
      <trkpt lat="54.549259" lon="9.511235">
        <ele>28.492385</ele>
        <time>2026-07-22T08:26:38.937Z</time>
      </trkpt>
      <trkpt lat="54.549288" lon="9.511031">
        <ele>28.388647</ele>
        <time>2026-07-22T08:26:40.132Z</time>
      </trkpt>
      <trkpt lat="54.549443" lon="9.510665">
        <ele>28.257795</ele>
        <time>2026-07-22T08:26:43.082Z</time>
      </trkpt>
      <trkpt lat="54.550003" lon="9.509440">
        <ele>27.637466</ele>
        <time>2026-07-22T08:26:52.317Z</time>
      </trkpt>
      <trkpt lat="54.550059" lon="9.509316">
        <ele>27.592930</ele>
        <time>2026-07-22T08:26:53.236Z</time>
      </trkpt>
      <trkpt lat="54.552360" lon="9.504204">
        <ele>26.479663</ele>
        <time>2026-07-22T08:27:34.935Z</time>
      </trkpt>
      <trkpt lat="54.553005" lon="9.502743">
        <ele>24.010485</ele>
        <time>2026-07-22T08:27:43.851Z</time>
      </trkpt>
      <trkpt lat="54.553772" lon="9.501098">
        <ele>24.457266</ele>
        <time>2026-07-22T08:28:00.671Z</time>
      </trkpt>
      <trkpt lat="54.553961" lon="9.500748">
        <ele>25.103310</ele>
        <time>2026-07-22T08:28:05.612Z</time>
      </trkpt>
      <trkpt lat="54.554206" lon="9.500303">
        <ele>26.452606</ele>
        <time>2026-07-22T08:28:15.522Z</time>
      </trkpt>
      <trkpt lat="54.554754" lon="9.499349">
        <ele>26.405689</ele>
        <time>2026-07-22T08:28:24.028Z</time>
      </trkpt>
      <trkpt lat="54.555235" lon="9.498929">
        <ele>25.291738</ele>
        <time>2026-07-22T08:28:28.742Z</time>
      </trkpt>
      <trkpt lat="54.555372" lon="9.498844">
        <ele>25.150075</ele>
        <time>2026-07-22T08:28:29.952Z</time>
      </trkpt>
      <trkpt lat="54.557118" lon="9.497777">
        <ele>28.017323</ele>
        <time>2026-07-22T08:29:01.060Z</time>
      </trkpt>
      <trkpt lat="54.558139" lon="9.497177">
        <ele>31.910266</ele>
        <time>2026-07-22T08:29:27.177Z</time>
      </trkpt>
      <trkpt lat="54.559142" lon="9.496561">
        <ele>34.548856</ele>
        <time>2026-07-22T08:29:48.158Z</time>
      </trkpt>
      <trkpt lat="54.560458" lon="9.495754">
        <ele>35.442975</ele>
        <time>2026-07-22T08:30:07.828Z</time>
      </trkpt>
      <trkpt lat="54.560657" lon="9.495648">
        <ele>35.320027</ele>
        <time>2026-07-22T08:30:09.906Z</time>
      </trkpt>
      <trkpt lat="54.561015" lon="9.495566">
        <ele>34.538489</ele>
        <time>2026-07-22T08:30:13.014Z</time>
      </trkpt>
      <trkpt lat="54.561428" lon="9.495653">
        <ele>33.882731</ele>
        <time>2026-07-22T08:30:16.749Z</time>
      </trkpt>
      <trkpt lat="54.562007" lon="9.495860">
        <ele>33.746373</ele>
        <time>2026-07-22T08:30:23.317Z</time>
      </trkpt>
      <trkpt lat="54.562365" lon="9.495850">
        <ele>34.008889</ele>
        <time>2026-07-22T08:30:28.589Z</time>
      </trkpt>
      <trkpt lat="54.562554" lon="9.495802">
        <ele>34.216669</ele>
        <time>2026-07-22T08:30:31.657Z</time>
      </trkpt>
      <trkpt lat="54.563410" lon="9.495402">
        <ele>35.348427</ele>
        <time>2026-07-22T08:30:45.918Z</time>
      </trkpt>
      <trkpt lat="54.563644" lon="9.495251">
        <ele>35.377385</ele>
        <time>2026-07-22T08:30:49.368Z</time>
      </trkpt>
      <trkpt lat="54.564855" lon="9.493949">
        <ele>32.529748</ele>
        <time>2026-07-22T08:31:01.770Z</time>
      </trkpt>
      <trkpt lat="54.565152" lon="9.493726">
        <ele>32.126094</ele>
        <time>2026-07-22T08:31:04.803Z</time>
      </trkpt>
      <trkpt lat="54.565528" lon="9.493551">
        <ele>31.753663</ele>
        <time>2026-07-22T08:31:08.728Z</time>
      </trkpt>
      <trkpt lat="54.566955" lon="9.493473">
        <ele>29.558529</ele>
        <time>2026-07-22T08:31:21.892Z</time>
      </trkpt>
      <trkpt lat="54.567825" lon="9.493462">
        <ele>27.810599</ele>
        <time>2026-07-22T08:31:29.301Z</time>
      </trkpt>
      <trkpt lat="54.568958" lon="9.493608">
        <ele>27.494728</ele>
        <time>2026-07-22T08:31:42.464Z</time>
      </trkpt>
      <trkpt lat="54.569506" lon="9.493682">
        <ele>27.406700</ele>
        <time>2026-07-22T08:31:48.909Z</time>
      </trkpt>
      <trkpt lat="54.572449" lon="9.494120">
        <ele>27.504210</ele>
        <time>2026-07-22T08:32:24.238Z</time>
      </trkpt>
      <trkpt lat="54.573150" lon="9.494206">
        <ele>27.554878</ele>
        <time>2026-07-22T08:32:32.934Z</time>
      </trkpt>
      <trkpt lat="54.573390" lon="9.494227">
        <ele>27.392815</ele>
        <time>2026-07-22T08:32:35.342Z</time>
      </trkpt>
      <trkpt lat="54.573579" lon="9.494295">
        <ele>27.236839</ele>
        <time>2026-07-22T08:32:37.148Z</time>
      </trkpt>
      <trkpt lat="54.575858" lon="9.494502">
        <ele>26.670563</ele>
        <time>2026-07-22T08:33:02.632Z</time>
      </trkpt>
      <trkpt lat="54.577165" lon="9.494670">
        <ele>27.581764</ele>
        <time>2026-07-22T08:33:21.209Z</time>
      </trkpt>
      <trkpt lat="54.577230" lon="9.494647">
        <ele>27.617460</ele>
        <time>2026-07-22T08:33:22.008Z</time>
      </trkpt>
      <trkpt lat="54.577227" lon="9.494731">
        <ele>27.643702</ele>
        <time>2026-07-22T08:33:22.619Z</time>
      </trkpt>
      <trkpt lat="54.577335" lon="9.495356">
        <ele>27.970819</ele>
        <time>2026-07-22T08:33:28.536Z</time>
      </trkpt>
      <trkpt lat="54.577446" lon="9.496025">
        <ele>28.241589</ele>
        <time>2026-07-22T08:33:33.972Z</time>
      </trkpt>
      <trkpt lat="54.577537" lon="9.496661">
        <ele>28.633660</ele>
        <time>2026-07-22T08:33:40.308Z</time>
      </trkpt>
      <trkpt lat="54.577880" lon="9.499014">
        <ele>25.569725</ele>
        <time>2026-07-22T08:33:52.375Z</time>
      </trkpt>
      <trkpt lat="54.578095" lon="9.500341">
        <ele>23.238179</ele>
        <time>2026-07-22T08:33:58.907Z</time>
      </trkpt>
      <trkpt lat="54.578406" lon="9.501754">
        <ele>22.699447</ele>
        <time>2026-07-22T08:34:08.000Z</time>
      </trkpt>
      <trkpt lat="54.578546" lon="9.502276">
        <ele>22.999447</ele>
        <time>2026-07-22T08:34:13.363Z</time>
      </trkpt>
      <trkpt lat="54.578701" lon="9.502796">
        <ele>23.362776</ele>
        <time>2026-07-22T08:34:18.456Z</time>
      </trkpt>
      <trkpt lat="54.579196" lon="9.504226">
        <ele>24.029864</ele>
        <time>2026-07-22T08:34:31.678Z</time>
      </trkpt>
      <trkpt lat="54.579571" lon="9.505171">
        <ele>26.197208</ele>
        <time>2026-07-22T08:34:46.735Z</time>
      </trkpt>
      <trkpt lat="54.580301" lon="9.507010">
        <ele>30.337762</ele>
        <time>2026-07-22T08:35:16.254Z</time>
      </trkpt>
      <trkpt lat="54.580302" lon="9.507137">
        <ele>30.416159</ele>
        <time>2026-07-22T08:35:17.205Z</time>
      </trkpt>
      <trkpt lat="54.580736" lon="9.508204">
        <ele>28.512090</ele>
        <time>2026-07-22T08:35:23.478Z</time>
      </trkpt>
      <trkpt lat="54.580756" lon="9.508258">
        <ele>28.418339</ele>
        <time>2026-07-22T08:35:23.775Z</time>
      </trkpt>
      <trkpt lat="54.581871" lon="9.511183">
        <ele>23.149853</ele>
        <time>2026-07-22T08:35:40.924Z</time>
      </trkpt>
      <trkpt lat="54.582100" lon="9.511700">
        <ele>21.353839</ele>
        <time>2026-07-22T08:35:43.740Z</time>
      </trkpt>
      <trkpt lat="54.582176" lon="9.511871">
        <ele>20.949740</ele>
        <time>2026-07-22T08:35:44.710Z</time>
      </trkpt>
      <trkpt lat="54.582209" lon="9.511833">
        <ele>20.821369</ele>
        <time>2026-07-22T08:35:45.045Z</time>
      </trkpt>
      <trkpt lat="54.582255" lon="9.511793">
        <ele>20.664461</ele>
        <time>2026-07-22T08:35:45.510Z</time>
      </trkpt>
      <trkpt lat="54.582779" lon="9.511336">
        <ele>20.572116</ele>
        <time>2026-07-22T08:35:52.483Z</time>
      </trkpt>
      <trkpt lat="54.583142" lon="9.511111">
        <ele>20.353724</ele>
        <time>2026-07-22T08:35:56.642Z</time>
      </trkpt>
      <trkpt lat="54.583779" lon="9.510843">
        <ele>19.720229</ele>
        <time>2026-07-22T08:36:02.842Z</time>
      </trkpt>
      <trkpt lat="54.584310" lon="9.510644">
        <ele>20.033926</ele>
        <time>2026-07-22T08:36:11.047Z</time>
      </trkpt>
      <trkpt lat="54.584861" lon="9.510487">
        <ele>19.867943</ele>
        <time>2026-07-22T08:36:16.978Z</time>
      </trkpt>
      <trkpt lat="54.584970" lon="9.510461">
        <ele>19.751677</ele>
        <time>2026-07-22T08:36:18.092Z</time>
      </trkpt>
      <trkpt lat="54.585086" lon="9.510495">
        <ele>19.614201</ele>
        <time>2026-07-22T08:36:19.215Z</time>
      </trkpt>
      <trkpt lat="54.585444" lon="9.510704">
        <ele>19.153233</ele>
        <time>2026-07-22T08:36:22.730Z</time>
      </trkpt>
      <trkpt lat="54.585755" lon="9.510957">
        <ele>19.266555</ele>
        <time>2026-07-22T08:36:26.765Z</time>
      </trkpt>
      <trkpt lat="54.585875" lon="9.511066">
        <ele>19.522786</ele>
        <time>2026-07-22T08:36:29.766Z</time>
      </trkpt>
      <trkpt lat="54.585943" lon="9.511135">
        <ele>19.658338</ele>
        <time>2026-07-22T08:36:31.408Z</time>
      </trkpt>
      <trkpt lat="54.585945" lon="9.511238">
        <ele>19.760475</ele>
        <time>2026-07-22T08:36:32.405Z</time>
      </trkpt>
      <trkpt lat="54.585999" lon="9.511283">
        <ele>19.863035</ele>
        <time>2026-07-22T08:36:33.252Z</time>
      </trkpt>
      <trkpt lat="54.586036" lon="9.511250">
        <ele>19.921499</ele>
        <time>2026-07-22T08:36:33.814Z</time>
      </trkpt>
      <trkpt lat="54.586271" lon="9.511520">
        <ele>20.165862</ele>
        <time>2026-07-22T08:36:37.838Z</time>
      </trkpt>
      <trkpt lat="54.586471" lon="9.511615">
        <ele>20.567650</ele>
        <time>2026-07-22T08:36:41.568Z</time>
      </trkpt>
      <trkpt lat="54.586671" lon="9.511576">
        <ele>21.158298</ele>
        <time>2026-07-22T08:36:46.076Z</time>
      </trkpt>
      <trkpt lat="54.587001" lon="9.511487">
        <ele>21.876629</ele>
        <time>2026-07-22T08:36:52.680Z</time>
      </trkpt>
      <trkpt lat="54.587815" lon="9.511268">
        <ele>22.143060</ele>
        <time>2026-07-22T08:37:02.887Z</time>
      </trkpt>
      <trkpt lat="54.588656" lon="9.511036">
        <ele>22.761982</ele>
        <time>2026-07-22T08:37:15.167Z</time>
      </trkpt>
      <trkpt lat="54.588687" lon="9.511119">
        <ele>22.764979</ele>
        <time>2026-07-22T08:37:15.743Z</time>
      </trkpt>
      <trkpt lat="54.588726" lon="9.511129">
        <ele>22.767044</ele>
        <time>2026-07-22T08:37:16.140Z</time>
      </trkpt>
      <trkpt lat="54.588769" lon="9.511067">
        <ele>22.769978</ele>
        <time>2026-07-22T08:37:16.725Z</time>
      </trkpt>
      <trkpt lat="54.588772" lon="9.511004">
        <ele>22.771897</ele>
        <time>2026-07-22T08:37:17.161Z</time>
      </trkpt>
      <trkpt lat="54.589354" lon="9.510771">
        <ele>23.716498</ele>
        <time>2026-07-22T08:37:27.891Z</time>
      </trkpt>
      <trkpt lat="54.589620" lon="9.510548">
        <ele>23.908748</ele>
        <time>2026-07-22T08:37:31.692Z</time>
      </trkpt>
      <trkpt lat="54.589762" lon="9.510370">
        <ele>23.912728</ele>
        <time>2026-07-22T08:37:33.815Z</time>
      </trkpt>
      <trkpt lat="54.589823" lon="9.510238">
        <ele>23.886754</ele>
        <time>2026-07-22T08:37:34.835Z</time>
      </trkpt>
      <trkpt lat="54.589894" lon="9.510240">
        <ele>23.811235</ele>
        <time>2026-07-22T08:37:35.492Z</time>
      </trkpt>
      <trkpt lat="54.589918" lon="9.510172">
        <ele>23.762171</ele>
        <time>2026-07-22T08:37:35.912Z</time>
      </trkpt>
      <trkpt lat="54.589888" lon="9.510068">
        <ele>23.690582</ele>
        <time>2026-07-22T08:37:36.559Z</time>
      </trkpt>
      <trkpt lat="54.590110" lon="9.509535">
        <ele>23.982085</ele>
        <time>2026-07-22T08:37:42.179Z</time>
      </trkpt>
      <trkpt lat="54.590232" lon="9.509405">
        <ele>24.117484</ele>
        <time>2026-07-22T08:37:44.233Z</time>
      </trkpt>
      <trkpt lat="54.591299" lon="9.508973">
        <ele>25.210834</ele>
        <time>2026-07-22T08:38:00.760Z</time>
      </trkpt>
      <trkpt lat="54.591846" lon="9.508863">
        <ele>25.853529</ele>
        <time>2026-07-22T08:38:09.532Z</time>
      </trkpt>
      <trkpt lat="54.592029" lon="9.508620">
        <ele>25.936129</ele>
        <time>2026-07-22T08:38:12.669Z</time>
      </trkpt>
      <trkpt lat="54.595559" lon="9.506708">
        <ele>23.276919</ele>
        <time>2026-07-22T08:38:50.346Z</time>
      </trkpt>
      <trkpt lat="54.596026" lon="9.506480">
        <ele>22.607727</ele>
        <time>2026-07-22T08:38:54.871Z</time>
      </trkpt>
      <trkpt lat="54.596260" lon="9.506408">
        <ele>22.287211</ele>
        <time>2026-07-22T08:38:57.053Z</time>
      </trkpt>
      <trkpt lat="54.596520" lon="9.506346">
        <ele>21.857640</ele>
        <time>2026-07-22T08:38:59.488Z</time>
      </trkpt>
      <trkpt lat="54.596826" lon="9.506357">
        <ele>21.238367</ele>
        <time>2026-07-22T08:39:02.106Z</time>
      </trkpt>
      <trkpt lat="54.597034" lon="9.506417">
        <ele>20.971177</ele>
        <time>2026-07-22T08:39:04.044Z</time>
      </trkpt>
      <trkpt lat="54.597216" lon="9.506376">
        <ele>20.949976</ele>
        <time>2026-07-22T08:39:06.366Z</time>
      </trkpt>
      <trkpt lat="54.597649" lon="9.506000">
        <ele>21.339990</ele>
        <time>2026-07-22T08:39:13.441Z</time>
      </trkpt>
      <trkpt lat="54.597938" lon="9.505817">
        <ele>21.807704</ele>
        <time>2026-07-22T08:39:18.489Z</time>
      </trkpt>
      <trkpt lat="54.598076" lon="9.505779">
        <ele>22.131140</ele>
        <time>2026-07-22T08:39:21.021Z</time>
      </trkpt>
      <trkpt lat="54.598469" lon="9.505804">
        <ele>23.441846</ele>
        <time>2026-07-22T08:39:30.588Z</time>
      </trkpt>
      <trkpt lat="54.600379" lon="9.506036">
        <ele>28.143438</ele>
        <time>2026-07-22T08:40:08.008Z</time>
      </trkpt>
      <trkpt lat="54.600364" lon="9.506905">
        <ele>28.489660</ele>
        <time>2026-07-22T08:40:17.339Z</time>
      </trkpt>
      <trkpt lat="54.605711" lon="9.508218">
        <ele>30.662293</ele>
        <time>2026-07-22T08:41:28.500Z</time>
      </trkpt>
      <trkpt lat="54.606892" lon="9.504569">
        <ele>30.075761</ele>
        <time>2026-07-22T08:41:55.456Z</time>
      </trkpt>
      <trkpt lat="54.607026" lon="9.504154">
        <ele>29.819180</ele>
        <time>2026-07-22T08:41:58.056Z</time>
      </trkpt>
      <trkpt lat="54.607092" lon="9.504046">
        <ele>29.756121</ele>
        <time>2026-07-22T08:41:59.014Z</time>
      </trkpt>
      <trkpt lat="54.607195" lon="9.504011">
        <ele>29.692674</ele>
        <time>2026-07-22T08:42:00.213Z</time>
      </trkpt>
      <trkpt lat="54.607578" lon="9.504177">
        <ele>29.535856</ele>
        <time>2026-07-22T08:42:04.490Z</time>
      </trkpt>
      <trkpt lat="54.607676" lon="9.504219">
        <ele>29.462958</ele>
        <time>2026-07-22T08:42:05.421Z</time>
      </trkpt>
      <trkpt lat="54.607920" lon="9.504299">
        <ele>29.352477</ele>
        <time>2026-07-22T08:42:08.071Z</time>
      </trkpt>
      <trkpt lat="54.608105" lon="9.504307">
        <ele>29.412404</ele>
        <time>2026-07-22T08:42:10.710Z</time>
      </trkpt>
      <trkpt lat="54.608341" lon="9.504237">
        <ele>29.540632</ele>
        <time>2026-07-22T08:42:14.051Z</time>
      </trkpt>
      <trkpt lat="54.610107" lon="9.502930">
        <ele>29.464490</ele>
        <time>2026-07-22T08:42:36.534Z</time>
      </trkpt>
      <trkpt lat="54.610202" lon="9.502898">
        <ele>29.475509</ele>
        <time>2026-07-22T08:42:37.488Z</time>
      </trkpt>
      <trkpt lat="54.610269" lon="9.503010">
        <ele>29.507445</ele>
        <time>2026-07-22T08:42:38.509Z</time>
      </trkpt>
      <trkpt lat="54.610966" lon="9.505629">
        <ele>32.257993</ele>
        <time>2026-07-22T08:43:07.625Z</time>
      </trkpt>
      <trkpt lat="54.612289" lon="9.510590">
        <ele>34.470388</ele>
        <time>2026-07-22T08:43:52.417Z</time>
      </trkpt>
      <trkpt lat="54.612377" lon="9.510854">
        <ele>34.495559</ele>
        <time>2026-07-22T08:43:54.500Z</time>
      </trkpt>
      <trkpt lat="54.612433" lon="9.510932">
        <ele>34.470855</ele>
        <time>2026-07-22T08:43:55.296Z</time>
      </trkpt>
      <trkpt lat="54.612625" lon="9.510968">
        <ele>34.359241</ele>
        <time>2026-07-22T08:43:57.288Z</time>
      </trkpt>
      <trkpt lat="54.614360" lon="9.510852">
        <ele>31.891795</ele>
        <time>2026-07-22T08:44:13.339Z</time>
      </trkpt>
      <trkpt lat="54.614479" lon="9.510870">
        <ele>31.748996</ele>
        <time>2026-07-22T08:44:14.470Z</time>
      </trkpt>
      <trkpt lat="54.614846" lon="9.511183">
        <ele>31.457052</ele>
        <time>2026-07-22T08:44:18.683Z</time>
      </trkpt>
      <trkpt lat="54.615045" lon="9.511297">
        <ele>31.545332</ele>
        <time>2026-07-22T08:44:21.285Z</time>
      </trkpt>
      <trkpt lat="54.616113" lon="9.511385">
        <ele>33.156470</ele>
        <time>2026-07-22T08:44:39.115Z</time>
      </trkpt>
      <trkpt lat="54.618329" lon="9.510796">
        <ele>39.836001</ele>
        <time>2026-07-22T08:45:27.637Z</time>
      </trkpt>
      <trkpt lat="54.620247" lon="9.510264">
        <ele>42.617065</ele>
        <time>2026-07-22T08:45:59.154Z</time>
      </trkpt>
      <trkpt lat="54.622702" lon="9.510870">
        <ele>46.713700</ele>
        <time>2026-07-22T08:46:42.193Z</time>
      </trkpt>
      <trkpt lat="54.623357" lon="9.511015">
        <ele>46.733295</ele>
        <time>2026-07-22T08:46:50.251Z</time>
      </trkpt>
      <trkpt lat="54.623827" lon="9.511142">
        <ele>46.112957</ele>
        <time>2026-07-22T08:46:54.451Z</time>
      </trkpt>
      <trkpt lat="54.624410" lon="9.511389">
        <ele>46.131671</ele>
        <time>2026-07-22T08:47:02.090Z</time>
      </trkpt>
      <trkpt lat="54.625565" lon="9.511664">
        <ele>46.860052</ele>
        <time>2026-07-22T08:47:18.473Z</time>
      </trkpt>
      <trkpt lat="54.625734" lon="9.511729">
        <ele>46.880933</ele>
        <time>2026-07-22T08:47:20.376Z</time>
      </trkpt>
      <trkpt lat="54.626184" lon="9.511992">
        <ele>46.721855</ele>
        <time>2026-07-22T08:47:25.492Z</time>
      </trkpt>
      <trkpt lat="54.626467" lon="9.512101">
        <ele>46.783540</ele>
        <time>2026-07-22T08:47:29.107Z</time>
      </trkpt>
      <trkpt lat="54.626790" lon="9.512098">
        <ele>47.220520</ele>
        <time>2026-07-22T08:47:34.522Z</time>
      </trkpt>
      <trkpt lat="54.626972" lon="9.512140">
        <ele>47.599588</ele>
        <time>2026-07-22T08:47:37.958Z</time>
      </trkpt>
      <trkpt lat="54.627194" lon="9.512291">
        <ele>48.095777</ele>
        <time>2026-07-22T08:47:42.369Z</time>
      </trkpt>
      <trkpt lat="54.627409" lon="9.512523">
        <ele>48.546668</ele>
        <time>2026-07-22T08:47:46.933Z</time>
      </trkpt>
      <trkpt lat="54.627828" lon="9.513105">
        <ele>48.730363</ele>
        <time>2026-07-22T08:47:53.890Z</time>
      </trkpt>
      <trkpt lat="54.628244" lon="9.512777">
        <ele>48.585530</ele>
        <time>2026-07-22T08:47:58.465Z</time>
      </trkpt>
      <trkpt lat="54.628819" lon="9.511853">
        <ele>49.327417</ele>
        <time>2026-07-22T08:48:10.673Z</time>
      </trkpt>
      <trkpt lat="54.628974" lon="9.511653">
        <ele>49.695379</ele>
        <time>2026-07-22T08:48:14.178Z</time>
      </trkpt>
      <trkpt lat="54.629164" lon="9.511480">
        <ele>50.016887</ele>
        <time>2026-07-22T08:48:17.925Z</time>
      </trkpt>
      <trkpt lat="54.629433" lon="9.511391">
        <ele>50.105395</ele>
        <time>2026-07-22T08:48:21.186Z</time>
      </trkpt>
      <trkpt lat="54.629458" lon="9.511492">
        <ele>50.130046</ele>
        <time>2026-07-22T08:48:22.040Z</time>
      </trkpt>
      <trkpt lat="54.629540" lon="9.511623">
        <ele>50.173345</ele>
        <time>2026-07-22T08:48:23.576Z</time>
      </trkpt>
      <trkpt lat="54.629706" lon="9.511795">
        <ele>50.178923</ele>
        <time>2026-07-22T08:48:25.861Z</time>
      </trkpt>
      <trkpt lat="54.631676" lon="9.513935">
        <ele>49.373339</ele>
        <time>2026-07-22T08:48:51.486Z</time>
      </trkpt>
      <trkpt lat="54.632849" lon="9.512572">
        <ele>47.612934</ele>
        <time>2026-07-22T08:49:04.809Z</time>
      </trkpt>
      <trkpt lat="54.633400" lon="9.511941">
        <ele>46.881062</ele>
        <time>2026-07-22T08:49:11.194Z</time>
      </trkpt>
      <trkpt lat="54.633535" lon="9.511897">
        <ele>46.694282</ele>
        <time>2026-07-22T08:49:12.493Z</time>
      </trkpt>
      <trkpt lat="54.633984" lon="9.512108">
        <ele>45.983575</ele>
        <time>2026-07-22T08:49:16.736Z</time>
      </trkpt>
      <trkpt lat="54.634487" lon="9.511989">
        <ele>44.898968</ele>
        <time>2026-07-22T08:49:21.211Z</time>
      </trkpt>
      <trkpt lat="54.635336" lon="9.511780">
        <ele>41.533780</ele>
        <time>2026-07-22T08:49:27.918Z</time>
      </trkpt>
      <trkpt lat="54.636139" lon="9.511277">
        <ele>38.993219</ele>
        <time>2026-07-22T08:49:34.912Z</time>
      </trkpt>
      <trkpt lat="54.636265" lon="9.511236">
        <ele>38.652056</ele>
        <time>2026-07-22T08:49:35.988Z</time>
      </trkpt>
      <trkpt lat="54.636360" lon="9.511262">
        <ele>38.413801</ele>
        <time>2026-07-22T08:49:36.805Z</time>
      </trkpt>
      <trkpt lat="54.637352" lon="9.511893">
        <ele>36.165427</ele>
        <time>2026-07-22T08:49:45.975Z</time>
      </trkpt>
      <trkpt lat="54.637548" lon="9.511916">
        <ele>35.928760</ele>
        <time>2026-07-22T08:49:47.841Z</time>
      </trkpt>
      <trkpt lat="54.639210" lon="9.511428">
        <ele>34.820086</ele>
        <time>2026-07-22T08:50:05.225Z</time>
      </trkpt>
      <trkpt lat="54.639885" lon="9.511420">
        <ele>34.705873</ele>
        <time>2026-07-22T08:50:12.977Z</time>
      </trkpt>
      <trkpt lat="54.639954" lon="9.511387">
        <ele>34.701769</ele>
        <time>2026-07-22T08:50:13.818Z</time>
      </trkpt>
      <trkpt lat="54.640244" lon="9.511089">
        <ele>34.695427</ele>
        <time>2026-07-22T08:50:17.843Z</time>
      </trkpt>
      <trkpt lat="54.640351" lon="9.511031">
        <ele>34.672935</ele>
        <time>2026-07-22T08:50:19.111Z</time>
      </trkpt>
      <trkpt lat="54.641042" lon="9.510908">
        <ele>34.149781</ele>
        <time>2026-07-22T08:50:26.359Z</time>
      </trkpt>
      <trkpt lat="54.641170" lon="9.510710">
        <ele>33.659847</ele>
        <time>2026-07-22T08:50:27.730Z</time>
      </trkpt>
      <trkpt lat="54.641374" lon="9.510535">
        <ele>32.642585</ele>
        <time>2026-07-22T08:50:29.462Z</time>
      </trkpt>
      <trkpt lat="54.641617" lon="9.510409">
        <ele>31.856146</ele>
        <time>2026-07-22T08:50:31.496Z</time>
      </trkpt>
      <trkpt lat="54.642148" lon="9.510288">
        <ele>31.605479</ele>
        <time>2026-07-22T08:50:37.516Z</time>
      </trkpt>
      <trkpt lat="54.644411" lon="9.510245">
        <ele>31.383250</ele>
        <time>2026-07-22T08:51:03.902Z</time>
      </trkpt>
      <trkpt lat="54.645413" lon="9.510173">
        <ele>30.980583</ele>
        <time>2026-07-22T08:51:14.679Z</time>
      </trkpt>
      <trkpt lat="54.646057" lon="9.510172">
        <ele>30.403979</ele>
        <time>2026-07-22T08:51:21.078Z</time>
      </trkpt>
      <trkpt lat="54.646808" lon="9.511281">
        <ele>29.630960</ele>
        <time>2026-07-22T08:51:30.997Z</time>
      </trkpt>
      <trkpt lat="54.646880" lon="9.511453">
        <ele>29.577548</ele>
        <time>2026-07-22T08:51:32.330Z</time>
      </trkpt>
      <trkpt lat="54.646908" lon="9.511665">
        <ele>29.512258</ele>
        <time>2026-07-22T08:51:33.710Z</time>
      </trkpt>
      <trkpt lat="54.646929" lon="9.513310">
        <ele>28.936672</ele>
        <time>2026-07-22T08:51:43.658Z</time>
      </trkpt>
      <trkpt lat="54.646875" lon="9.514388">
        <ele>27.899999</ele>
        <time>2026-07-22T08:51:49.259Z</time>
      </trkpt>
      <trkpt lat="54.646901" lon="9.514663">
        <ele>27.645390</ele>
        <time>2026-07-22T08:51:50.757Z</time>
      </trkpt>
      <trkpt lat="54.646960" lon="9.514865">
        <ele>27.507257</ele>
        <time>2026-07-22T08:51:52.027Z</time>
      </trkpt>
      <trkpt lat="54.647118" lon="9.515136">
        <ele>27.352681</ele>
        <time>2026-07-22T08:51:54.181Z</time>
      </trkpt>
      <trkpt lat="54.647232" lon="9.515200">
        <ele>27.441081</ele>
        <time>2026-07-22T08:51:55.605Z</time>
      </trkpt>
      <trkpt lat="54.647628" lon="9.515301">
        <ele>28.389694</ele>
        <time>2026-07-22T08:52:03.858Z</time>
      </trkpt>
      <trkpt lat="54.648393" lon="9.515497">
        <ele>30.230908</ele>
        <time>2026-07-22T08:52:19.333Z</time>
      </trkpt>
      <trkpt lat="54.648491" lon="9.515110">
        <ele>30.605721</ele>
        <time>2026-07-22T08:52:23.029Z</time>
      </trkpt>
      <trkpt lat="54.648544" lon="9.515012">
        <ele>30.704312</ele>
        <time>2026-07-22T08:52:24.491Z</time>
      </trkpt>
      <trkpt lat="54.648960" lon="9.514838">
        <ele>31.224358</ele>
        <time>2026-07-22T08:52:31.490Z</time>
      </trkpt>
      <trkpt lat="54.649183" lon="9.514845">
        <ele>31.149792</ele>
        <time>2026-07-22T08:52:33.714Z</time>
      </trkpt>
      <trkpt lat="54.649427" lon="9.514980">
        <ele>30.856647</ele>
        <time>2026-07-22T08:52:36.129Z</time>
      </trkpt>
      <trkpt lat="54.650033" lon="9.515171">
        <ele>31.049793</ele>
        <time>2026-07-22T08:52:43.964Z</time>
      </trkpt>
      <trkpt lat="54.650853" lon="9.515361">
        <ele>32.014431</ele>
        <time>2026-07-22T08:52:57.358Z</time>
      </trkpt>
      <trkpt lat="54.651263" lon="9.515459">
        <ele>31.940801</ele>
        <time>2026-07-22T08:53:01.974Z</time>
      </trkpt>
      <trkpt lat="54.651333" lon="9.515445">
        <ele>31.857298</ele>
        <time>2026-07-22T08:53:02.684Z</time>
      </trkpt>
      <trkpt lat="54.651403" lon="9.515384">
        <ele>31.764403</ele>
        <time>2026-07-22T08:53:03.402Z</time>
      </trkpt>
      <trkpt lat="54.651617" lon="9.515056">
        <ele>31.174433</ele>
        <time>2026-07-22T08:53:05.877Z</time>
      </trkpt>
      <trkpt lat="54.651736" lon="9.515002">
        <ele>30.847353</ele>
        <time>2026-07-22T08:53:06.952Z</time>
      </trkpt>
      <trkpt lat="54.652227" lon="9.515158">
        <ele>29.182140</ele>
        <time>2026-07-22T08:53:10.944Z</time>
      </trkpt>
      <trkpt lat="54.652348" lon="9.515092">
        <ele>28.867045</ele>
        <time>2026-07-22T08:53:11.929Z</time>
      </trkpt>
      <trkpt lat="54.652418" lon="9.514983">
        <ele>28.644916</ele>
        <time>2026-07-22T08:53:12.746Z</time>
      </trkpt>
      <trkpt lat="54.653247" lon="9.516438">
        <ele>30.406011</ele>
        <time>2026-07-22T08:53:32.821Z</time>
      </trkpt>
      <trkpt lat="54.653350" lon="9.516565">
        <ele>30.629791</ele>
        <time>2026-07-22T08:53:35.067Z</time>
      </trkpt>
      <trkpt lat="54.653596" lon="9.516765">
        <ele>31.153147</ele>
        <time>2026-07-22T08:53:40.093Z</time>
      </trkpt>
      <trkpt lat="54.653983" lon="9.516900">
        <ele>31.565284</ele>
        <time>2026-07-22T08:53:45.916Z</time>
      </trkpt>
      <trkpt lat="54.654555" lon="9.517088">
        <ele>32.701441</ele>
        <time>2026-07-22T08:53:56.752Z</time>
      </trkpt>
      <trkpt lat="54.654648" lon="9.517177">
        <ele>32.916944</ele>
        <time>2026-07-22T08:53:58.782Z</time>
      </trkpt>
      <trkpt lat="54.654734" lon="9.517353">
        <ele>33.125555</ele>
        <time>2026-07-22T08:54:00.789Z</time>
      </trkpt>
      <trkpt lat="54.654780" lon="9.517502">
        <ele>33.249033</ele>
        <time>2026-07-22T08:54:02.229Z</time>
      </trkpt>
      <trkpt lat="54.654878" lon="9.517878">
        <ele>33.615515</ele>
        <time>2026-07-22T08:54:06.766Z</time>
      </trkpt>
      <trkpt lat="54.654908" lon="9.517994">
        <ele>33.666575</ele>
        <time>2026-07-22T08:54:07.636Z</time>
      </trkpt>
      <trkpt lat="54.655099" lon="9.518726">
        <ele>33.543422</ele>
        <time>2026-07-22T08:54:12.682Z</time>
      </trkpt>
      <trkpt lat="54.655533" lon="9.518312">
        <ele>32.993200</ele>
        <time>2026-07-22T08:54:17.339Z</time>
      </trkpt>
      <trkpt lat="54.655867" lon="9.517967">
        <ele>32.869829</ele>
        <time>2026-07-22T08:54:22.124Z</time>
      </trkpt>
      <trkpt lat="54.655850" lon="9.517923">
        <ele>32.807729</ele>
        <time>2026-07-22T08:54:22.994Z</time>
      </trkpt>
      <trkpt lat="54.656431" lon="9.517236">
        <ele>31.282020</ele>
        <time>2026-07-22T08:54:29.037Z</time>
      </trkpt>
      <trkpt lat="54.657066" lon="9.516378">
        <ele>29.339415</ele>
        <time>2026-07-22T08:54:35.824Z</time>
      </trkpt>
      <trkpt lat="54.657554" lon="9.515877">
        <ele>28.589260</ele>
        <time>2026-07-22T08:54:41.220Z</time>
      </trkpt>
      <trkpt lat="54.657872" lon="9.515622">
        <ele>28.063483</ele>
        <time>2026-07-22T08:54:44.504Z</time>
      </trkpt>
      <trkpt lat="54.658416" lon="9.515407">
        <ele>26.886553</ele>
        <time>2026-07-22T08:54:49.292Z</time>
      </trkpt>
      <trkpt lat="54.658515" lon="9.515387">
        <ele>26.734212</ele>
        <time>2026-07-22T08:54:50.258Z</time>
      </trkpt>
      <trkpt lat="54.658564" lon="9.515376">
        <ele>26.731112</ele>
        <time>2026-07-22T08:54:50.801Z</time>
      </trkpt>
      <trkpt lat="54.658755" lon="9.515386">
        <ele>26.746210</ele>
        <time>2026-07-22T08:54:53.126Z</time>
      </trkpt>
      <trkpt lat="54.659077" lon="9.515316">
        <ele>27.211632</ele>
        <time>2026-07-22T08:54:58.136Z</time>
      </trkpt>
      <trkpt lat="54.659465" lon="9.515137">
        <ele>28.120051</ele>
        <time>2026-07-22T08:55:07.139Z</time>
      </trkpt>
      <trkpt lat="54.659792" lon="9.515021">
        <ele>27.740434</ele>
        <time>2026-07-22T08:55:10.028Z</time>
      </trkpt>
      <trkpt lat="54.660056" lon="9.515037">
        <ele>27.531447</ele>
        <time>2026-07-22T08:55:12.644Z</time>
      </trkpt>
      <trkpt lat="54.660139" lon="9.515083">
        <ele>27.793171</ele>
        <time>2026-07-22T08:55:14.644Z</time>
      </trkpt>
      <trkpt lat="54.660222" lon="9.515197">
        <ele>28.111482</ele>
        <time>2026-07-22T08:55:17.485Z</time>
      </trkpt>
      <trkpt lat="54.660359" lon="9.515552">
        <ele>28.628812</ele>
        <time>2026-07-22T08:55:21.482Z</time>
      </trkpt>
      <trkpt lat="54.660458" lon="9.515838">
        <ele>28.993138</ele>
        <time>2026-07-22T08:55:25.329Z</time>
      </trkpt>
      <trkpt lat="54.660597" lon="9.516112">
        <ele>29.127310</ele>
        <time>2026-07-22T08:55:27.967Z</time>
      </trkpt>
      <trkpt lat="54.661164" lon="9.516770">
        <ele>29.513861</ele>
        <time>2026-07-22T08:55:37.571Z</time>
      </trkpt>
      <trkpt lat="54.661187" lon="9.516797">
        <ele>29.520771</ele>
        <time>2026-07-22T08:55:37.866Z</time>
      </trkpt>
      <trkpt lat="54.661565" lon="9.517234">
        <ele>28.909931</ele>
        <time>2026-07-22T08:55:41.994Z</time>
      </trkpt>
      <trkpt lat="54.661881" lon="9.517625">
        <ele>29.297689</ele>
        <time>2026-07-22T08:55:48.331Z</time>
      </trkpt>
      <trkpt lat="54.662099" lon="9.517786">
        <ele>29.336280</ele>
        <time>2026-07-22T08:55:51.098Z</time>
      </trkpt>
      <trkpt lat="54.662655" lon="9.518006">
        <ele>29.396598</ele>
        <time>2026-07-22T08:55:58.344Z</time>
      </trkpt>
      <trkpt lat="54.663086" lon="9.518181">
        <ele>28.746047</ele>
        <time>2026-07-22T08:56:02.347Z</time>
      </trkpt>
      <trkpt lat="54.663330" lon="9.518237">
        <ele>28.523256</ele>
        <time>2026-07-22T08:56:04.730Z</time>
      </trkpt>
      <trkpt lat="54.663607" lon="9.518248">
        <ele>28.473954</ele>
        <time>2026-07-22T08:56:07.690Z</time>
      </trkpt>
      <trkpt lat="54.664430" lon="9.518090">
        <ele>29.233072</ele>
        <time>2026-07-22T08:56:20.339Z</time>
      </trkpt>
      <trkpt lat="54.664649" lon="9.518146">
        <ele>29.410403</ele>
        <time>2026-07-22T08:56:24.002Z</time>
      </trkpt>
      <trkpt lat="54.664735" lon="9.518132">
        <ele>29.282897</ele>
        <time>2026-07-22T08:56:24.873Z</time>
      </trkpt>
      <trkpt lat="54.664931" lon="9.518240">
        <ele>28.777135</ele>
        <time>2026-07-22T08:56:26.501Z</time>
      </trkpt>
      <trkpt lat="54.665101" lon="9.518422">
        <ele>28.301018</ele>
        <time>2026-07-22T08:56:28.177Z</time>
      </trkpt>
      <trkpt lat="54.665331" lon="9.518760">
        <ele>28.062264</ele>
        <time>2026-07-22T08:56:31.199Z</time>
      </trkpt>
      <trkpt lat="54.666116" lon="9.520375">
        <ele>28.782599</ele>
        <time>2026-07-22T08:56:48.365Z</time>
      </trkpt>
      <trkpt lat="54.666124" lon="9.520530">
        <ele>28.791176</ele>
        <time>2026-07-22T08:56:49.624Z</time>
      </trkpt>
      <trkpt lat="54.666441" lon="9.521154">
        <ele>28.361747</ele>
        <time>2026-07-22T08:56:54.312Z</time>
      </trkpt>
      <trkpt lat="54.666615" lon="9.521388">
        <ele>27.998846</ele>
        <time>2026-07-22T08:56:56.341Z</time>
      </trkpt>
      <trkpt lat="54.666864" lon="9.521593">
        <ele>27.519844</ele>
        <time>2026-07-22T08:56:58.777Z</time>
      </trkpt>
      <trkpt lat="54.666948" lon="9.521550">
        <ele>27.349662</ele>
        <time>2026-07-22T08:56:59.593Z</time>
      </trkpt>
      <trkpt lat="54.667917" lon="9.522330">
        <ele>25.239029</ele>
        <time>2026-07-22T08:57:08.972Z</time>
      </trkpt>
      <trkpt lat="54.668085" lon="9.522411">
        <ele>25.108829</ele>
        <time>2026-07-22T08:57:10.579Z</time>
      </trkpt>
      <trkpt lat="54.668372" lon="9.522459">
        <ele>25.452297</ele>
        <time>2026-07-22T08:57:15.387Z</time>
      </trkpt>
      <trkpt lat="54.668936" lon="9.522408">
        <ele>26.822187</ele>
        <time>2026-07-22T08:57:26.887Z</time>
      </trkpt>
      <trkpt lat="54.669601" lon="9.522287">
        <ele>27.711976</ele>
        <time>2026-07-22T08:57:37.430Z</time>
      </trkpt>
      <trkpt lat="54.669859" lon="9.522089">
        <ele>28.134834</ele>
        <time>2026-07-22T08:57:41.978Z</time>
      </trkpt>
      <trkpt lat="54.670862" lon="9.521048">
        <ele>30.681997</ele>
        <time>2026-07-22T08:58:04.483Z</time>
      </trkpt>
      <trkpt lat="54.671922" lon="9.519938">
        <ele>29.677191</ele>
        <time>2026-07-22T08:58:16.610Z</time>
      </trkpt>
      <trkpt lat="54.673939" lon="9.519018">
        <ele>30.488817</ele>
        <time>2026-07-22T08:58:44.513Z</time>
      </trkpt>
      <trkpt lat="54.675224" lon="9.518358">
        <ele>30.678048</ele>
        <time>2026-07-22T08:59:00.909Z</time>
      </trkpt>
      <trkpt lat="54.677800" lon="9.516840">
        <ele>29.723654</ele>
        <time>2026-07-22T08:59:30.555Z</time>
      </trkpt>
      <trkpt lat="54.678406" lon="9.516612">
        <ele>29.866023</ele>
        <time>2026-07-22T08:59:38.413Z</time>
      </trkpt>
      <trkpt lat="54.678696" lon="9.516542">
        <ele>29.809941</ele>
        <time>2026-07-22T08:59:41.808Z</time>
      </trkpt>
      <trkpt lat="54.678983" lon="9.516520">
        <ele>29.800000</ele>
        <time>2026-07-22T08:59:45.037Z</time>
      </trkpt>
      <trkpt lat="54.679478" lon="9.516547">
        <ele>29.835562</ele>
        <time>2026-07-22T08:59:51.114Z</time>
      </trkpt>
      <trkpt lat="54.679787" lon="9.516440">
        <ele>29.990017</ele>
        <time>2026-07-22T08:59:55.349Z</time>
      </trkpt>
      <trkpt lat="54.680029" lon="9.516255">
        <ele>30.096293</ele>
        <time>2026-07-22T08:59:58.915Z</time>
      </trkpt>
      <trkpt lat="54.680349" lon="9.515895">
        <ele>30.178439</ele>
        <time>2026-07-22T09:00:03.694Z</time>
      </trkpt>
      <trkpt lat="54.680769" lon="9.515338">
        <ele>30.200823</ele>
        <time>2026-07-22T09:00:09.594Z</time>
      </trkpt>
      <trkpt lat="54.681447" lon="9.514506">
        <ele>32.064970</ele>
        <time>2026-07-22T09:00:25.983Z</time>
      </trkpt>
      <trkpt lat="54.682235" lon="9.513471">
        <ele>33.667617</ele>
        <time>2026-07-22T09:00:42.758Z</time>
      </trkpt>
      <trkpt lat="54.682669" lon="9.512969">
        <ele>34.153729</ele>
        <time>2026-07-22T09:00:50.574Z</time>
      </trkpt>
      <trkpt lat="54.684795" lon="9.511725">
        <ele>34.475395</ele>
        <time>2026-07-22T09:01:18.142Z</time>
      </trkpt>
      <trkpt lat="54.686688" lon="9.510762">
        <ele>33.955737</ele>
        <time>2026-07-22T09:01:40.019Z</time>
      </trkpt>
      <trkpt lat="54.687271" lon="9.510421">
        <ele>34.383528</ele>
        <time>2026-07-22T09:01:48.481Z</time>
      </trkpt>
      <trkpt lat="54.687548" lon="9.510308">
        <ele>35.051939</ele>
        <time>2026-07-22T09:01:55.073Z</time>
      </trkpt>
      <trkpt lat="54.688225" lon="9.509515">
        <ele>34.816225</ele>
        <time>2026-07-22T09:02:03.809Z</time>
      </trkpt>
      <trkpt lat="54.688422" lon="9.509396">
        <ele>34.298094</ele>
        <time>2026-07-22T09:02:05.505Z</time>
      </trkpt>
      <trkpt lat="54.688480" lon="9.509256">
        <ele>34.162804</ele>
        <time>2026-07-22T09:02:06.339Z</time>
      </trkpt>
      <trkpt lat="54.689540" lon="9.509031">
        <ele>33.514697</ele>
        <time>2026-07-22T09:02:17.714Z</time>
      </trkpt>
      <trkpt lat="54.689772" lon="9.508833">
        <ele>33.509245</ele>
        <time>2026-07-22T09:02:20.705Z</time>
      </trkpt>
      <trkpt lat="54.690106" lon="9.508141">
        <ele>33.579214</ele>
        <time>2026-07-22T09:02:27.096Z</time>
      </trkpt>
      <trkpt lat="54.690516" lon="9.507476">
        <ele>33.505071</ele>
        <time>2026-07-22T09:02:33.695Z</time>
      </trkpt>
      <trkpt lat="54.690812" lon="9.507325">
        <ele>33.467290</ele>
        <time>2026-07-22T09:02:37.211Z</time>
      </trkpt>
      <trkpt lat="54.691141" lon="9.507294">
        <ele>33.310381</ele>
        <time>2026-07-22T09:02:40.651Z</time>
      </trkpt>
      <trkpt lat="54.691695" lon="9.507497">
        <ele>33.118819</ele>
        <time>2026-07-22T09:02:46.807Z</time>
      </trkpt>
      <trkpt lat="54.692114" lon="9.507754">
        <ele>33.147758</ele>
        <time>2026-07-22T09:02:52.056Z</time>
      </trkpt>
      <trkpt lat="54.692509" lon="9.508082">
        <ele>33.527858</ele>
        <time>2026-07-22T09:02:58.532Z</time>
      </trkpt>
      <trkpt lat="54.692859" lon="9.508442">
        <ele>34.036376</ele>
        <time>2026-07-22T09:03:05.475Z</time>
      </trkpt>
      <trkpt lat="54.693190" lon="9.508688">
        <ele>34.032222</ele>
        <time>2026-07-22T09:03:09.291Z</time>
      </trkpt>
      <trkpt lat="54.693464" lon="9.508737">
        <ele>34.103702</ele>
        <time>2026-07-22T09:03:13.057Z</time>
      </trkpt>
      <trkpt lat="54.694964" lon="9.508505">
        <ele>34.677893</ele>
        <time>2026-07-22T09:03:33.219Z</time>
      </trkpt>
      <trkpt lat="54.695291" lon="9.508401">
        <ele>34.197490</ele>
        <time>2026-07-22T09:03:36.144Z</time>
      </trkpt>
      <trkpt lat="54.695462" lon="9.508291">
        <ele>33.902363</ele>
        <time>2026-07-22T09:03:37.759Z</time>
      </trkpt>
      <trkpt lat="54.695486" lon="9.508517">
        <ele>33.786764</ele>
        <time>2026-07-22T09:03:39.539Z</time>
      </trkpt>
      <trkpt lat="54.695568" lon="9.508883">
        <ele>33.533750</ele>
        <time>2026-07-22T09:03:41.628Z</time>
      </trkpt>
      <trkpt lat="54.695622" lon="9.508859">
        <ele>33.451714</ele>
        <time>2026-07-22T09:03:42.114Z</time>
      </trkpt>
      <trkpt lat="54.695726" lon="9.508807">
        <ele>33.399934</ele>
        <time>2026-07-22T09:03:43.186Z</time>
      </trkpt>
      <trkpt lat="54.695848" lon="9.508615">
        <ele>33.480414</ele>
        <time>2026-07-22T09:03:45.692Z</time>
      </trkpt>
      <trkpt lat="54.696066" lon="9.508568">
        <ele>33.550072</ele>
        <time>2026-07-22T09:03:48.445Z</time>
      </trkpt>
      <trkpt lat="54.698099" lon="9.508450">
        <ele>31.344905</ele>
        <time>2026-07-22T09:04:08.165Z</time>
      </trkpt>
      <trkpt lat="54.698292" lon="9.508373">
        <ele>30.789934</ele>
        <time>2026-07-22T09:04:09.825Z</time>
      </trkpt>
      <trkpt lat="54.698512" lon="9.508446">
        <ele>30.123688</ele>
        <time>2026-07-22T09:04:11.643Z</time>
      </trkpt>
      <trkpt lat="54.698618" lon="9.508546">
        <ele>29.770591</ele>
        <time>2026-07-22T09:04:12.623Z</time>
      </trkpt>
      <trkpt lat="54.698705" lon="9.508702">
        <ele>29.406803</ele>
        <time>2026-07-22T09:04:13.649Z</time>
      </trkpt>
      <trkpt lat="54.698750" lon="9.508861">
        <ele>29.158838</ele>
        <time>2026-07-22T09:04:14.493Z</time>
      </trkpt>
      <trkpt lat="54.698905" lon="9.509915">
        <ele>27.824035</ele>
        <time>2026-07-22T09:04:19.937Z</time>
      </trkpt>
      <trkpt lat="54.698989" lon="9.510317">
        <ele>28.071158</ele>
        <time>2026-07-22T09:04:23.296Z</time>
      </trkpt>
      <trkpt lat="54.699066" lon="9.510426">
        <ele>28.460766</ele>
        <time>2026-07-22T09:04:26.057Z</time>
      </trkpt>
      <trkpt lat="54.699146" lon="9.510525">
        <ele>28.853936</ele>
        <time>2026-07-22T09:04:29.356Z</time>
      </trkpt>
      <trkpt lat="54.699274" lon="9.510560">
        <ele>29.384168</ele>
        <time>2026-07-22T09:04:32.803Z</time>
      </trkpt>
      <trkpt lat="54.699477" lon="9.510473">
        <ele>29.525523</ele>
        <time>2026-07-22T09:04:35.501Z</time>
      </trkpt>
      <trkpt lat="54.699634" lon="9.510328">
        <ele>29.252347</ele>
        <time>2026-07-22T09:04:37.006Z</time>
      </trkpt>
      <trkpt lat="54.700058" lon="9.509652">
        <ele>28.364473</ele>
        <time>2026-07-22T09:04:42.144Z</time>
      </trkpt>
      <trkpt lat="54.700786" lon="9.508598">
        <ele>30.947131</ele>
        <time>2026-07-22T09:05:02.343Z</time>
      </trkpt>
      <trkpt lat="54.701112" lon="9.508290">
        <ele>31.626143</ele>
        <time>2026-07-22T09:05:09.124Z</time>
      </trkpt>
      <trkpt lat="54.702298" lon="9.508229">
        <ele>31.377811</ele>
        <time>2026-07-22T09:05:22.136Z</time>
      </trkpt>
      <trkpt lat="54.702368" lon="9.508182">
        <ele>31.449359</ele>
        <time>2026-07-22T09:05:23.169Z</time>
      </trkpt>
      <trkpt lat="54.702783" lon="9.508121">
        <ele>32.023301</ele>
        <time>2026-07-22T09:05:30.129Z</time>
      </trkpt>
      <trkpt lat="54.702995" lon="9.508110">
        <ele>32.324168</ele>
        <time>2026-07-22T09:05:33.883Z</time>
      </trkpt>
      <trkpt lat="54.704663" lon="9.507806">
        <ele>33.849871</ele>
        <time>2026-07-22T09:05:58.665Z</time>
      </trkpt>
      <trkpt lat="54.706216" lon="9.507367">
        <ele>33.541603</ele>
        <time>2026-07-22T09:06:16.260Z</time>
      </trkpt>
      <trkpt lat="54.707638" lon="9.507047">
        <ele>34.529771</ele>
        <time>2026-07-22T09:06:36.395Z</time>
      </trkpt>
      <trkpt lat="54.707997" lon="9.507033">
        <ele>34.990861</ele>
        <time>2026-07-22T09:06:42.247Z</time>
      </trkpt>
      <trkpt lat="54.708581" lon="9.506921">
        <ele>35.711768</ele>
        <time>2026-07-22T09:06:51.407Z</time>
      </trkpt>
      <trkpt lat="54.708706" lon="9.506859">
        <ele>35.883328</ele>
        <time>2026-07-22T09:06:53.500Z</time>
      </trkpt>
      <trkpt lat="54.708805" lon="9.506900">
        <ele>35.917759</ele>
        <time>2026-07-22T09:06:55.087Z</time>
      </trkpt>
      <trkpt lat="54.708835" lon="9.506852">
        <ele>35.928913</ele>
        <time>2026-07-22T09:06:55.675Z</time>
      </trkpt>
      <trkpt lat="54.708921" lon="9.506831">
        <ele>35.952627</ele>
        <time>2026-07-22T09:06:56.778Z</time>
      </trkpt>
      <trkpt lat="54.708990" lon="9.506814">
        <ele>35.801524</ele>
        <time>2026-07-22T09:06:57.445Z</time>
      </trkpt>
      <trkpt lat="54.709062" lon="9.506664">
        <ele>35.550485</ele>
        <time>2026-07-22T09:06:58.383Z</time>
      </trkpt>
      <trkpt lat="54.709308" lon="9.506603">
        <ele>34.852225</ele>
        <time>2026-07-22T09:07:00.384Z</time>
      </trkpt>
      <trkpt lat="54.709651" lon="9.506546">
        <ele>34.202124</ele>
        <time>2026-07-22T09:07:03.475Z</time>
      </trkpt>
      <trkpt lat="54.709944" lon="9.506578">
        <ele>33.691952</ele>
        <time>2026-07-22T09:07:06.089Z</time>
      </trkpt>
      <trkpt lat="54.710316" lon="9.506643">
        <ele>33.062449</ele>
        <time>2026-07-22T09:07:09.484Z</time>
      </trkpt>
      <trkpt lat="54.712008" lon="9.507214">
        <ele>31.112048</ele>
        <time>2026-07-22T09:07:25.930Z</time>
      </trkpt>
      <trkpt lat="54.712439" lon="9.507289">
        <ele>31.907849</ele>
        <time>2026-07-22T09:07:33.879Z</time>
      </trkpt>
      <trkpt lat="54.713544" lon="9.507249">
        <ele>34.451173</ele>
        <time>2026-07-22T09:07:55.319Z</time>
      </trkpt>
      <trkpt lat="54.714382" lon="9.507077">
        <ele>35.189160</ele>
        <time>2026-07-22T09:08:07.944Z</time>
      </trkpt>
      <trkpt lat="54.715121" lon="9.506828">
        <ele>34.459416</ele>
        <time>2026-07-22T09:08:15.145Z</time>
      </trkpt>
      <trkpt lat="54.717797" lon="9.505315">
        <ele>36.601736</ele>
        <time>2026-07-22T09:08:55.235Z</time>
      </trkpt>
      <trkpt lat="54.718219" lon="9.504966">
        <ele>37.700237</ele>
        <time>2026-07-22T09:09:04.612Z</time>
      </trkpt>
      <trkpt lat="54.718559" lon="9.504516">
        <ele>38.695707</ele>
        <time>2026-07-22T09:09:13.136Z</time>
      </trkpt>
      <trkpt lat="54.719118" lon="9.503421">
        <ele>39.342406</ele>
        <time>2026-07-22T09:09:25.234Z</time>
      </trkpt>
      <trkpt lat="54.719267" lon="9.503175">
        <ele>39.321298</ele>
        <time>2026-07-22T09:09:27.456Z</time>
      </trkpt>
      <trkpt lat="54.719504" lon="9.502923">
        <ele>39.300000</ele>
        <time>2026-07-22T09:09:30.503Z</time>
      </trkpt>
      <trkpt lat="54.719825" lon="9.502673">
        <ele>39.292224</ele>
        <time>2026-07-22T09:09:34.824Z</time>
      </trkpt>
      <trkpt lat="54.720518" lon="9.502311">
        <ele>39.060040</ele>
        <time>2026-07-22T09:09:42.896Z</time>
      </trkpt>
      <trkpt lat="54.720777" lon="9.502247">
        <ele>38.694562</ele>
        <time>2026-07-22T09:09:45.377Z</time>
      </trkpt>
      <trkpt lat="54.721705" lon="9.502208">
        <ele>36.616479</ele>
        <time>2026-07-22T09:09:53.225Z</time>
      </trkpt>
      <trkpt lat="54.722603" lon="9.506195">
        <ele>35.540552</ele>
        <time>2026-07-22T09:10:20.020Z</time>
      </trkpt>
      <trkpt lat="54.722667" lon="9.506730">
        <ele>35.610735</ele>
        <time>2026-07-22T09:10:24.030Z</time>
      </trkpt>
      <trkpt lat="54.722812" lon="9.508395">
        <ele>36.178609</ele>
        <time>2026-07-22T09:10:37.351Z</time>
      </trkpt>
      <trkpt lat="54.722990" lon="9.509847">
        <ele>36.402997</ele>
        <time>2026-07-22T09:10:48.176Z</time>
      </trkpt>
      <trkpt lat="54.723103" lon="9.510340">
        <ele>36.521581</ele>
        <time>2026-07-22T09:10:52.256Z</time>
      </trkpt>
      <trkpt lat="54.723298" lon="9.510978">
        <ele>36.786770</ele>
        <time>2026-07-22T09:10:58.133Z</time>
      </trkpt>
      <trkpt lat="54.723669" lon="9.511830">
        <ele>37.103024</ele>
        <time>2026-07-22T09:11:06.407Z</time>
      </trkpt>
      <trkpt lat="54.723795" lon="9.512016">
        <ele>37.141769</ele>
        <time>2026-07-22T09:11:08.535Z</time>
      </trkpt>
      <trkpt lat="54.723938" lon="9.512133">
        <ele>37.154781</ele>
        <time>2026-07-22T09:11:10.381Z</time>
      </trkpt>
      <trkpt lat="54.724167" lon="9.512196">
        <ele>37.207226</ele>
        <time>2026-07-22T09:11:13.368Z</time>
      </trkpt>
      <trkpt lat="54.724290" lon="9.512259">
        <ele>37.261038</ele>
        <time>2026-07-22T09:11:15.198Z</time>
      </trkpt>
      <trkpt lat="54.724330" lon="9.512315">
        <ele>37.235704</ele>
        <time>2026-07-22T09:11:15.743Z</time>
      </trkpt>
      <trkpt lat="54.724397" lon="9.512540">
        <ele>37.163699</ele>
        <time>2026-07-22T09:11:17.077Z</time>
      </trkpt>
      <trkpt lat="54.724684" lon="9.514580">
        <ele>37.880138</ele>
        <time>2026-07-22T09:11:34.310Z</time>
      </trkpt>
      <trkpt lat="54.724764" lon="9.515105">
        <ele>37.586921</ele>
        <time>2026-07-22T09:11:37.243Z</time>
      </trkpt>
      <trkpt lat="54.725118" lon="9.516035">
        <ele>37.588743</ele>
        <time>2026-07-22T09:11:45.239Z</time>
      </trkpt>
      <trkpt lat="54.725238" lon="9.516265">
        <ele>37.473650</ele>
        <time>2026-07-22T09:11:47.162Z</time>
      </trkpt>
      <trkpt lat="54.725332" lon="9.516404">
        <ele>37.292805</ele>
        <time>2026-07-22T09:11:48.261Z</time>
      </trkpt>
      <trkpt lat="54.725416" lon="9.516596">
        <ele>37.108311</ele>
        <time>2026-07-22T09:11:49.463Z</time>
      </trkpt>
      <trkpt lat="54.725565" lon="9.517195">
        <ele>36.944722</ele>
        <time>2026-07-22T09:11:53.542Z</time>
      </trkpt>
      <trkpt lat="54.725631" lon="9.517657">
        <ele>37.110218</ele>
        <time>2026-07-22T09:11:57.613Z</time>
      </trkpt>
      <trkpt lat="54.725678" lon="9.518221">
        <ele>37.401050</ele>
        <time>2026-07-22T09:12:02.460Z</time>
      </trkpt>
      <trkpt lat="54.725694" lon="9.518957">
        <ele>37.702990</ele>
        <time>2026-07-22T09:12:08.813Z</time>
      </trkpt>
      <trkpt lat="54.725693" lon="9.519066">
        <ele>37.676919</ele>
        <time>2026-07-22T09:12:09.421Z</time>
      </trkpt>
      <trkpt lat="54.725711" lon="9.519631">
        <ele>36.882521</ele>
        <time>2026-07-22T09:12:12.044Z</time>
      </trkpt>
      <trkpt lat="54.725887" lon="9.521133">
        <ele>36.636568</ele>
        <time>2026-07-22T09:12:22.250Z</time>
      </trkpt>
      <trkpt lat="54.726042" lon="9.522102">
        <ele>36.787288</ele>
        <time>2026-07-22T09:12:29.877Z</time>
      </trkpt>
      <trkpt lat="54.726140" lon="9.522397">
        <ele>36.762571</ele>
        <time>2026-07-22T09:12:32.268Z</time>
      </trkpt>
      <trkpt lat="54.726384" lon="9.522908">
        <ele>36.441050</ele>
        <time>2026-07-22T09:12:35.931Z</time>
      </trkpt>
      <trkpt lat="54.726573" lon="9.523424">
        <ele>36.325677</ele>
        <time>2026-07-22T09:12:40.046Z</time>
      </trkpt>
      <trkpt lat="54.726796" lon="9.524895">
        <ele>36.451754</ele>
        <time>2026-07-22T09:12:50.825Z</time>
      </trkpt>
      <trkpt lat="54.727291" lon="9.527915">
        <ele>34.789430</ele>
        <time>2026-07-22T09:13:08.587Z</time>
      </trkpt>
      <trkpt lat="54.727614" lon="9.532100">
        <ele>36.775651</ele>
        <time>2026-07-22T09:13:44.422Z</time>
      </trkpt>
      <trkpt lat="54.727616" lon="9.532348">
        <ele>36.818934</ele>
        <time>2026-07-22T09:13:45.942Z</time>
      </trkpt>
      <trkpt lat="54.727592" lon="9.532518">
        <ele>36.882360</ele>
        <time>2026-07-22T09:13:47.143Z</time>
      </trkpt>
      <trkpt lat="54.727374" lon="9.533253">
        <ele>37.889759</ele>
        <time>2026-07-22T09:13:56.550Z</time>
      </trkpt>
      <trkpt lat="54.727370" lon="9.533404">
        <ele>38.072621</ele>
        <time>2026-07-22T09:13:58.156Z</time>
      </trkpt>
      <trkpt lat="54.727397" lon="9.533596">
        <ele>38.308344</ele>
        <time>2026-07-22T09:14:00.201Z</time>
      </trkpt>
      <trkpt lat="54.727692" lon="9.534805">
        <ele>39.595428</ele>
        <time>2026-07-22T09:14:14.029Z</time>
      </trkpt>
      <trkpt lat="54.728890" lon="9.538681">
        <ele>39.766113</ele>
        <time>2026-07-22T09:14:44.151Z</time>
      </trkpt>
      <trkpt lat="54.729581" lon="9.540704">
        <ele>38.817546</ele>
        <time>2026-07-22T09:14:57.929Z</time>
      </trkpt>
      <trkpt lat="54.730076" lon="9.542008">
        <ele>38.541636</ele>
        <time>2026-07-22T09:15:07.717Z</time>
      </trkpt>
      <trkpt lat="54.730667" lon="9.543922">
        <ele>39.094497</ele>
        <time>2026-07-22T09:15:25.157Z</time>
      </trkpt>
      <trkpt lat="54.730762" lon="9.544331">
        <ele>38.766923</ele>
        <time>2026-07-22T09:15:27.251Z</time>
      </trkpt>
      <trkpt lat="54.730907" lon="9.545152">
        <ele>39.190155</ele>
        <time>2026-07-22T09:15:35.542Z</time>
      </trkpt>
      <trkpt lat="54.731751" lon="9.548058">
        <ele>38.110349</ele>
        <time>2026-07-22T09:15:55.036Z</time>
      </trkpt>
      <trkpt lat="54.732178" lon="9.550327">
        <ele>37.680891</ele>
        <time>2026-07-22T09:16:09.996Z</time>
      </trkpt>
      <trkpt lat="54.732559" lon="9.552028">
        <ele>38.821400</ele>
        <time>2026-07-22T09:16:26.309Z</time>
      </trkpt>
      <trkpt lat="54.732582" lon="9.552327">
        <ele>39.088427</ele>
        <time>2026-07-22T09:16:29.308Z</time>
      </trkpt>
      <trkpt lat="54.732546" lon="9.552684">
        <ele>39.369008</ele>
        <time>2026-07-22T09:16:32.868Z</time>
      </trkpt>
      <trkpt lat="54.732503" lon="9.552888">
        <ele>39.517422</ele>
        <time>2026-07-22T09:16:34.588Z</time>
      </trkpt>
      <trkpt lat="54.732468" lon="9.553143">
        <ele>39.685916</ele>
        <time>2026-07-22T09:16:36.884Z</time>
      </trkpt>
      <trkpt lat="54.732504" lon="9.553530">
        <ele>39.886313</ele>
        <time>2026-07-22T09:16:40.360Z</time>
      </trkpt>
      <trkpt lat="54.732757" lon="9.554325">
        <ele>40.197145</ele>
        <time>2026-07-22T09:16:47.383Z</time>
      </trkpt>
      <trkpt lat="54.732990" lon="9.555259">
        <ele>40.407242</ele>
        <time>2026-07-22T09:16:55.390Z</time>
      </trkpt>
      <trkpt lat="54.733092" lon="9.555546">
        <ele>40.196764</ele>
        <time>2026-07-22T09:16:57.245Z</time>
      </trkpt>
      <trkpt lat="54.733138" lon="9.555651">
        <ele>40.087437</ele>
        <time>2026-07-22T09:16:57.947Z</time>
      </trkpt>
      <trkpt lat="54.733428" lon="9.556251">
        <ele>39.350175</ele>
        <time>2026-07-22T09:17:02.000Z</time>
      </trkpt>
      <trkpt lat="54.733581" lon="9.556496">
        <ele>39.350686</ele>
        <time>2026-07-22T09:17:04.353Z</time>
      </trkpt>
      <trkpt lat="54.733726" lon="9.556783">
        <ele>39.487266</ele>
        <time>2026-07-22T09:17:07.772Z</time>
      </trkpt>
      <trkpt lat="54.733916" lon="9.557358">
        <ele>38.934804</ele>
        <time>2026-07-22T09:17:11.213Z</time>
      </trkpt>
      <trkpt lat="54.734145" lon="9.558605">
        <ele>38.020900</ele>
        <time>2026-07-22T09:17:18.459Z</time>
      </trkpt>
      <trkpt lat="54.734370" lon="9.559885">
        <ele>37.598700</ele>
        <time>2026-07-22T09:17:26.536Z</time>
      </trkpt>
      <trkpt lat="54.734640" lon="9.560735">
        <ele>37.289844</ele>
        <time>2026-07-22T09:17:32.426Z</time>
      </trkpt>
      <trkpt lat="54.734669" lon="9.560942">
        <ele>37.214860</ele>
        <time>2026-07-22T09:17:33.716Z</time>
      </trkpt>
      <trkpt lat="54.734660" lon="9.561296">
        <ele>37.078844</ele>
        <time>2026-07-22T09:17:35.805Z</time>
      </trkpt>
      <trkpt lat="54.734615" lon="9.561664">
        <ele>36.962975</ele>
        <time>2026-07-22T09:17:38.051Z</time>
      </trkpt>
      <trkpt lat="54.734512" lon="9.562194">
        <ele>37.049497</ele>
        <time>2026-07-22T09:17:42.153Z</time>
      </trkpt>
      <trkpt lat="54.734418" lon="9.562541">
        <ele>37.303131</ele>
        <time>2026-07-22T09:17:45.696Z</time>
      </trkpt>
      <trkpt lat="54.734026" lon="9.563444">
        <ele>38.169944</ele>
        <time>2026-07-22T09:17:56.415Z</time>
      </trkpt>
      <trkpt lat="54.733849" lon="9.564002">
        <ele>38.443705</ele>
        <time>2026-07-22T09:18:01.741Z</time>
      </trkpt>
      <trkpt lat="54.733795" lon="9.564299">
        <ele>38.466095</ele>
        <time>2026-07-22T09:18:03.572Z</time>
      </trkpt>
      <trkpt lat="54.733767" lon="9.564683">
        <ele>38.720928</ele>
        <time>2026-07-22T09:18:07.265Z</time>
      </trkpt>
      <trkpt lat="54.733778" lon="9.564917">
        <ele>38.925544</ele>
        <time>2026-07-22T09:18:09.710Z</time>
      </trkpt>
      <trkpt lat="54.733823" lon="9.565200">
        <ele>38.993995</ele>
        <time>2026-07-22T09:18:12.008Z</time>
      </trkpt>
      <trkpt lat="54.734624" lon="9.567315">
        <ele>38.319146</ele>
        <time>2026-07-22T09:18:27.407Z</time>
      </trkpt>
      <trkpt lat="54.734671" lon="9.567678">
        <ele>38.319120</ele>
        <time>2026-07-22T09:18:30.134Z</time>
      </trkpt>
      <trkpt lat="54.734673" lon="9.568054">
        <ele>38.400546</ele>
        <time>2026-07-22T09:18:32.963Z</time>
      </trkpt>
      <trkpt lat="54.734734" lon="9.568428">
        <ele>38.501794</ele>
        <time>2026-07-22T09:18:35.997Z</time>
      </trkpt>
      <trkpt lat="54.734843" lon="9.568727">
        <ele>38.523311</ele>
        <time>2026-07-22T09:18:38.527Z</time>
      </trkpt>
      <trkpt lat="54.735209" lon="9.569170">
        <ele>38.066353</ele>
        <time>2026-07-22T09:18:42.821Z</time>
      </trkpt>
      <trkpt lat="54.735574" lon="9.570010">
        <ele>37.084879</ele>
        <time>2026-07-22T09:18:48.235Z</time>
      </trkpt>
      <trkpt lat="54.735853" lon="9.570392">
        <ele>36.908570</ele>
        <time>2026-07-22T09:18:52.210Z</time>
      </trkpt>
      <trkpt lat="54.736046" lon="9.570557">
        <ele>36.928472</ele>
        <time>2026-07-22T09:18:54.744Z</time>
      </trkpt>
      <trkpt lat="54.736471" lon="9.570711">
        <ele>37.343857</ele>
        <time>2026-07-22T09:19:01.383Z</time>
      </trkpt>
      <trkpt lat="54.736884" lon="9.570868">
        <ele>38.214252</ele>
        <time>2026-07-22T09:19:09.273Z</time>
      </trkpt>
      <trkpt lat="54.736995" lon="9.570948">
        <ele>38.458491</ele>
        <time>2026-07-22T09:19:11.387Z</time>
      </trkpt>
      <trkpt lat="54.737131" lon="9.571145">
        <ele>38.790202</ele>
        <time>2026-07-22T09:19:14.464Z</time>
      </trkpt>
      <trkpt lat="54.737168" lon="9.571272">
        <ele>38.923705</ele>
        <time>2026-07-22T09:19:15.909Z</time>
      </trkpt>
      <trkpt lat="54.737190" lon="9.571427">
        <ele>39.073500</ele>
        <time>2026-07-22T09:19:17.509Z</time>
      </trkpt>
      <trkpt lat="54.737188" lon="9.571854">
        <ele>39.393811</ele>
        <time>2026-07-22T09:19:21.601Z</time>
      </trkpt>
      <trkpt lat="54.737177" lon="9.572531">
        <ele>39.765575</ele>
        <time>2026-07-22T09:19:27.331Z</time>
      </trkpt>
      <trkpt lat="54.737130" lon="9.573054">
        <ele>39.903796</ele>
        <time>2026-07-22T09:19:31.471Z</time>
      </trkpt>
      <trkpt lat="54.737121" lon="9.573417">
        <ele>39.981060</ele>
        <time>2026-07-22T09:19:34.095Z</time>
      </trkpt>
      <trkpt lat="54.737132" lon="9.574372">
        <ele>39.898910</ele>
        <time>2026-07-22T09:19:40.371Z</time>
      </trkpt>
      <trkpt lat="54.737137" lon="9.574483">
        <ele>39.886558</ele>
        <time>2026-07-22T09:19:41.108Z</time>
      </trkpt>
      <trkpt lat="54.737199" lon="9.576746">
        <ele>39.346624</ele>
        <time>2026-07-22T09:19:55.336Z</time>
      </trkpt>
      <trkpt lat="54.737172" lon="9.577130">
        <ele>39.158076</ele>
        <time>2026-07-22T09:19:57.418Z</time>
      </trkpt>
      <trkpt lat="54.737130" lon="9.578296">
        <ele>38.889693</ele>
        <time>2026-07-22T09:20:04.890Z</time>
      </trkpt>
      <trkpt lat="54.737094" lon="9.578650">
        <ele>38.847014</ele>
        <time>2026-07-22T09:20:07.087Z</time>
      </trkpt>
      <trkpt lat="54.736656" lon="9.580787">
        <ele>38.777625</ele>
        <time>2026-07-22T09:20:22.799Z</time>
      </trkpt>
      <trkpt lat="54.736399" lon="9.581630">
        <ele>38.554822</ele>
        <time>2026-07-22T09:20:28.741Z</time>
      </trkpt>
      <trkpt lat="54.736222" lon="9.582057">
        <ele>38.124282</ele>
        <time>2026-07-22T09:20:31.576Z</time>
      </trkpt>
      <trkpt lat="54.735946" lon="9.582589">
        <ele>36.848316</ele>
        <time>2026-07-22T09:20:34.879Z</time>
      </trkpt>
      <trkpt lat="54.735828" lon="9.582882">
        <ele>36.380570</ele>
        <time>2026-07-22T09:20:36.714Z</time>
      </trkpt>
      <trkpt lat="54.735746" lon="9.583115">
        <ele>36.107359</ele>
        <time>2026-07-22T09:20:38.069Z</time>
      </trkpt>
      <trkpt lat="54.735714" lon="9.583345">
        <ele>35.971162</ele>
        <time>2026-07-22T09:20:39.362Z</time>
      </trkpt>
      <trkpt lat="54.735731" lon="9.585184">
        <ele>36.713447</ele>
        <time>2026-07-22T09:20:54.608Z</time>
      </trkpt>
      <trkpt lat="54.735687" lon="9.585645">
        <ele>36.958846</ele>
        <time>2026-07-22T09:20:58.675Z</time>
      </trkpt>
      <trkpt lat="54.735466" lon="9.586653">
        <ele>36.972278</ele>
        <time>2026-07-22T09:21:06.279Z</time>
      </trkpt>
      <trkpt lat="54.735332" lon="9.587095">
        <ele>36.807835</ele>
        <time>2026-07-22T09:21:09.224Z</time>
      </trkpt>
      <trkpt lat="54.734626" lon="9.588694">
        <ele>36.350972</ele>
        <time>2026-07-22T09:21:21.436Z</time>
      </trkpt>
      <trkpt lat="54.734482" lon="9.589119">
        <ele>36.980364</ele>
        <time>2026-07-22T09:21:27.183Z</time>
      </trkpt>
      <trkpt lat="54.734310" lon="9.590231">
        <ele>39.308953</ele>
        <time>2026-07-22T09:21:43.254Z</time>
      </trkpt>
      <trkpt lat="54.733892" lon="9.592522">
        <ele>40.149824</ele>
        <time>2026-07-22T09:22:01.859Z</time>
      </trkpt>
      <trkpt lat="54.733683" lon="9.593888">
        <ele>39.946697</ele>
        <time>2026-07-22T09:22:10.701Z</time>
      </trkpt>
      <trkpt lat="54.733518" lon="9.595438">
        <ele>40.979416</ele>
        <time>2026-07-22T09:22:26.166Z</time>
      </trkpt>
      <trkpt lat="54.733196" lon="9.597401">
        <ele>38.580052</ele>
        <time>2026-07-22T09:22:36.251Z</time>
      </trkpt>
      <trkpt lat="54.732885" lon="9.599455">
        <ele>37.404745</ele>
        <time>2026-07-22T09:22:48.410Z</time>
      </trkpt>
      <trkpt lat="54.732751" lon="9.600340">
        <ele>37.021062</ele>
        <time>2026-07-22T09:22:53.698Z</time>
      </trkpt>
      <trkpt lat="54.732492" lon="9.601334">
        <ele>36.707494</ele>
        <time>2026-07-22T09:23:00.502Z</time>
      </trkpt>
      <trkpt lat="54.732368" lon="9.601847">
        <ele>36.617143</ele>
        <time>2026-07-22T09:23:03.905Z</time>
      </trkpt>
      <trkpt lat="54.732341" lon="9.602155">
        <ele>36.864003</ele>
        <time>2026-07-22T09:23:06.178Z</time>
      </trkpt>
      <trkpt lat="54.732425" lon="9.603123">
        <ele>38.441009</ele>
        <time>2026-07-22T09:23:18.791Z</time>
      </trkpt>
      <trkpt lat="54.732447" lon="9.605464">
        <ele>40.519897</ele>
        <time>2026-07-22T09:23:41.366Z</time>
      </trkpt>
      <trkpt lat="54.732511" lon="9.608623">
        <ele>44.377983</ele>
        <time>2026-07-22T09:24:15.607Z</time>
      </trkpt>
      <trkpt lat="54.732608" lon="9.609285">
        <ele>44.973121</ele>
        <time>2026-07-22T09:24:22.021Z</time>
      </trkpt>
      <trkpt lat="54.733087" lon="9.610895">
        <ele>45.891995</ele>
        <time>2026-07-22T09:24:37.237Z</time>
      </trkpt>
      <trkpt lat="54.733223" lon="9.611769">
        <ele>46.245376</ele>
        <time>2026-07-22T09:24:44.719Z</time>
      </trkpt>
      <trkpt lat="54.733236" lon="9.612101">
        <ele>46.201788</ele>
        <time>2026-07-22T09:24:46.856Z</time>
      </trkpt>
      <trkpt lat="54.733238" lon="9.612543">
        <ele>46.053223</ele>
        <time>2026-07-22T09:24:49.496Z</time>
      </trkpt>
      <trkpt lat="54.733067" lon="9.615580">
        <ele>43.578039</ele>
        <time>2026-07-22T09:25:05.812Z</time>
      </trkpt>
      <trkpt lat="54.733033" lon="9.616535">
        <ele>43.518601</ele>
        <time>2026-07-22T09:25:12.231Z</time>
      </trkpt>
      <trkpt lat="54.733054" lon="9.617220">
        <ele>43.666352</ele>
        <time>2026-07-22T09:25:17.666Z</time>
      </trkpt>
      <trkpt lat="54.733174" lon="9.618170">
        <ele>43.486507</ele>
        <time>2026-07-22T09:25:23.709Z</time>
      </trkpt>
      <trkpt lat="54.733262" lon="9.618718">
        <ele>43.248734</ele>
        <time>2026-07-22T09:25:27.198Z</time>
      </trkpt>
      <trkpt lat="54.733375" lon="9.619354">
        <ele>42.712662</ele>
        <time>2026-07-22T09:25:30.618Z</time>
      </trkpt>
      <trkpt lat="54.734130" lon="9.623741">
        <ele>43.076417</ele>
        <time>2026-07-22T09:26:03.726Z</time>
      </trkpt>
      <trkpt lat="54.734268" lon="9.624301">
        <ele>42.986420</ele>
        <time>2026-07-22T09:26:07.438Z</time>
      </trkpt>
      <trkpt lat="54.734434" lon="9.624777">
        <ele>42.853012</ele>
        <time>2026-07-22T09:26:10.869Z</time>
      </trkpt>
      <trkpt lat="54.734715" lon="9.625369">
        <ele>42.983602</ele>
        <time>2026-07-22T09:26:16.756Z</time>
      </trkpt>
      <trkpt lat="54.734778" lon="9.625483">
        <ele>43.003323</ele>
        <time>2026-07-22T09:26:17.891Z</time>
      </trkpt>
      <trkpt lat="54.735341" lon="9.626463">
        <ele>43.305656</ele>
        <time>2026-07-22T09:26:28.050Z</time>
      </trkpt>
      <trkpt lat="54.735561" lon="9.626917">
        <ele>44.006337</ele>
        <time>2026-07-22T09:26:34.850Z</time>
      </trkpt>
      <trkpt lat="54.735712" lon="9.627327">
        <ele>44.236519</ele>
        <time>2026-07-22T09:26:38.882Z</time>
      </trkpt>
      <trkpt lat="54.735784" lon="9.627544">
        <ele>44.186861</ele>
        <time>2026-07-22T09:26:40.249Z</time>
      </trkpt>
      <trkpt lat="54.735959" lon="9.628355">
        <ele>44.379479</ele>
        <time>2026-07-22T09:26:46.949Z</time>
      </trkpt>
      <trkpt lat="54.736178" lon="9.630050">
        <ele>44.474553</ele>
        <time>2026-07-22T09:26:59.108Z</time>
      </trkpt>
      <trkpt lat="54.736222" lon="9.630418">
        <ele>44.474818</ele>
        <time>2026-07-22T09:27:01.604Z</time>
      </trkpt>
      <trkpt lat="54.736322" lon="9.631199">
        <ele>44.910987</ele>
        <time>2026-07-22T09:27:08.457Z</time>
      </trkpt>
      <trkpt lat="54.736339" lon="9.631324">
        <ele>45.001551</ele>
        <time>2026-07-22T09:27:09.803Z</time>
      </trkpt>
      <trkpt lat="54.736371" lon="9.631576">
        <ele>45.060678</ele>
        <time>2026-07-22T09:27:12.300Z</time>
      </trkpt>
      <trkpt lat="54.736485" lon="9.633325">
        <ele>44.528680</ele>
        <time>2026-07-22T09:27:22.660Z</time>
      </trkpt>
      <trkpt lat="54.736522" lon="9.633882">
        <ele>44.437160</ele>
        <time>2026-07-22T09:27:26.406Z</time>
      </trkpt>
      <trkpt lat="54.736586" lon="9.634835">
        <ele>43.865492</ele>
        <time>2026-07-22T09:27:31.827Z</time>
      </trkpt>
      <trkpt lat="54.736663" lon="9.635983">
        <ele>42.897280</ele>
        <time>2026-07-22T09:27:37.822Z</time>
      </trkpt>
      <trkpt lat="54.736680" lon="9.636387">
        <ele>43.124558</ele>
        <time>2026-07-22T09:27:41.938Z</time>
      </trkpt>
      <trkpt lat="54.736677" lon="9.636764">
        <ele>43.241763</ele>
        <time>2026-07-22T09:27:45.075Z</time>
      </trkpt>
      <trkpt lat="54.736580" lon="9.638627">
        <ele>42.636404</ele>
        <time>2026-07-22T09:27:56.169Z</time>
      </trkpt>
      <trkpt lat="54.736525" lon="9.639327">
        <ele>42.545701</ele>
        <time>2026-07-22T09:28:00.883Z</time>
      </trkpt>
      <trkpt lat="54.736458" lon="9.639979">
        <ele>42.194881</ele>
        <time>2026-07-22T09:28:04.678Z</time>
      </trkpt>
      <trkpt lat="54.736363" lon="9.640526">
        <ele>41.787288</ele>
        <time>2026-07-22T09:28:07.747Z</time>
      </trkpt>
      <trkpt lat="54.736322" lon="9.640747">
        <ele>41.612779</ele>
        <time>2026-07-22T09:28:09.016Z</time>
      </trkpt>
      <trkpt lat="54.736205" lon="9.641143">
        <ele>41.371946</ele>
        <time>2026-07-22T09:28:11.424Z</time>
      </trkpt>
      <trkpt lat="54.736052" lon="9.641521">
        <ele>41.462862</ele>
        <time>2026-07-22T09:28:14.931Z</time>
      </trkpt>
      <trkpt lat="54.735601" lon="9.642359">
        <ele>42.242607</ele>
        <time>2026-07-22T09:28:25.522Z</time>
      </trkpt>
      <trkpt lat="54.734912" lon="9.643348">
        <ele>43.779174</ele>
        <time>2026-07-22T09:28:41.270Z</time>
      </trkpt>
      <trkpt lat="54.734734" lon="9.643739">
        <ele>44.157164</ele>
        <time>2026-07-22T09:28:45.884Z</time>
      </trkpt>
      <trkpt lat="54.734165" lon="9.646159">
        <ele>45.094451</ele>
        <time>2026-07-22T09:29:06.705Z</time>
      </trkpt>
      <trkpt lat="54.734143" lon="9.646531">
        <ele>45.255069</ele>
        <time>2026-07-22T09:29:09.697Z</time>
      </trkpt>
      <trkpt lat="54.734177" lon="9.648096">
        <ele>46.391497</ele>
        <time>2026-07-22T09:29:23.978Z</time>
      </trkpt>
      <trkpt lat="54.734073" lon="9.648158">
        <ele>46.526751</ele>
        <time>2026-07-22T09:29:25.810Z</time>
      </trkpt>
      <trkpt lat="54.733716" lon="9.648257">
        <ele>47.084240</ele>
        <time>2026-07-22T09:29:31.794Z</time>
      </trkpt>
      <trkpt lat="54.733027" lon="9.648166">
        <ele>48.092149</ele>
        <time>2026-07-22T09:29:43.255Z</time>
      </trkpt>
      <trkpt lat="54.732865" lon="9.648174">
        <ele>48.336180</ele>
        <time>2026-07-22T09:29:45.997Z</time>
      </trkpt>
      <trkpt lat="54.732680" lon="9.648247">
        <ele>48.680633</ele>
        <time>2026-07-22T09:29:49.312Z</time>
      </trkpt>
      <trkpt lat="54.732445" lon="9.648445">
        <ele>49.031231</ele>
        <time>2026-07-22T09:29:53.878Z</time>
      </trkpt>
      <trkpt lat="54.732182" lon="9.648839">
        <ele>49.084063</ele>
        <time>2026-07-22T09:29:57.869Z</time>
      </trkpt>
      <trkpt lat="54.731393" lon="9.650349">
        <ele>48.768201</ele>
        <time>2026-07-22T09:30:10.754Z</time>
      </trkpt>
      <trkpt lat="54.730989" lon="9.651224">
        <ele>50.008183</ele>
        <time>2026-07-22T09:30:22.592Z</time>
      </trkpt>
      <trkpt lat="54.731019" lon="9.651297">
        <ele>50.125742</ele>
        <time>2026-07-22T09:30:23.619Z</time>
      </trkpt>
      <trkpt lat="54.730614" lon="9.652248">
        <ele>51.921725</ele>
        <time>2026-07-22T09:30:37.361Z</time>
      </trkpt>
      <trkpt lat="54.730404" lon="9.653166">
        <ele>53.783264</ele>
        <time>2026-07-22T09:30:50.129Z</time>
      </trkpt>
      <trkpt lat="54.730400" lon="9.653270">
        <ele>54.006675</ele>
        <time>2026-07-22T09:30:51.631Z</time>
      </trkpt>
      <trkpt lat="54.730249" lon="9.653871">
        <ele>55.630769</ele>
        <time>2026-07-22T09:31:01.688Z</time>
      </trkpt>
      <trkpt lat="54.730089" lon="9.654037">
        <ele>56.167567</ele>
        <time>2026-07-22T09:31:06.567Z</time>
      </trkpt>
      <trkpt lat="54.729951" lon="9.654074">
        <ele>56.384813</ele>
        <time>2026-07-22T09:31:09.304Z</time>
      </trkpt>
      <trkpt lat="54.729596" lon="9.654034">
        <ele>55.760036</ele>
        <time>2026-07-22T09:31:13.824Z</time>
      </trkpt>
      <trkpt lat="54.729376" lon="9.654020">
        <ele>55.225171</ele>
        <time>2026-07-22T09:31:16.504Z</time>
      </trkpt>
      <trkpt lat="54.729156" lon="9.654083">
        <ele>54.713208</ele>
        <time>2026-07-22T09:31:19.267Z</time>
      </trkpt>
      <trkpt lat="54.728561" lon="9.654531">
        <ele>53.498077</ele>
        <time>2026-07-22T09:31:27.448Z</time>
      </trkpt>
      <trkpt lat="54.728202" lon="9.654781">
        <ele>53.305062</ele>
        <time>2026-07-22T09:31:31.692Z</time>
      </trkpt>
      <trkpt lat="54.728058" lon="9.654830">
        <ele>53.275482</ele>
        <time>2026-07-22T09:31:33.374Z</time>
      </trkpt>
      <trkpt lat="54.726909" lon="9.654935">
        <ele>52.563812</ele>
        <time>2026-07-22T09:31:45.152Z</time>
      </trkpt>
      <trkpt lat="54.726670" lon="9.655087">
        <ele>52.943220</ele>
        <time>2026-07-22T09:31:49.460Z</time>
      </trkpt>
      <trkpt lat="54.726600" lon="9.655199">
        <ele>53.154670</ele>
        <time>2026-07-22T09:31:51.628Z</time>
      </trkpt>
      <trkpt lat="54.726524" lon="9.655344">
        <ele>53.362099</ele>
        <time>2026-07-22T09:31:54.376Z</time>
      </trkpt>
      <trkpt lat="54.726151" lon="9.656102">
        <ele>52.762091</ele>
        <time>2026-07-22T09:32:01.958Z</time>
      </trkpt>
      <trkpt lat="54.725860" lon="9.656605">
        <ele>52.556980</ele>
        <time>2026-07-22T09:32:08.318Z</time>
      </trkpt>
      <trkpt lat="54.725750" lon="9.656733">
        <ele>52.458708</ele>
        <time>2026-07-22T09:32:10.293Z</time>
      </trkpt>
      <trkpt lat="54.725569" lon="9.656838">
        <ele>52.103274</ele>
        <time>2026-07-22T09:32:12.730Z</time>
      </trkpt>
      <trkpt lat="54.725154" lon="9.657008">
        <ele>51.299489</ele>
        <time>2026-07-22T09:32:18.123Z</time>
      </trkpt>
      <trkpt lat="54.724915" lon="9.657206">
        <ele>50.821588</ele>
        <time>2026-07-22T09:32:21.480Z</time>
      </trkpt>
      <trkpt lat="54.724483" lon="9.657638">
        <ele>50.218426</ele>
        <time>2026-07-22T09:32:28.220Z</time>
      </trkpt>
      <trkpt lat="54.724301" lon="9.657875">
        <ele>50.105442</ele>
        <time>2026-07-22T09:32:31.517Z</time>
      </trkpt>
      <trkpt lat="54.723982" lon="9.658577">
        <ele>50.731439</ele>
        <time>2026-07-22T09:32:42.250Z</time>
      </trkpt>
      <trkpt lat="54.723764" lon="9.658941">
        <ele>50.957899</ele>
        <time>2026-07-22T09:32:47.414Z</time>
      </trkpt>
      <trkpt lat="54.723688" lon="9.658962">
        <ele>51.085981</ele>
        <time>2026-07-22T09:32:48.713Z</time>
      </trkpt>
      <trkpt lat="54.723483" lon="9.659137">
        <ele>51.737095</ele>
        <time>2026-07-22T09:32:53.782Z</time>
      </trkpt>
      <trkpt lat="54.723130" lon="9.659493">
        <ele>53.249626</ele>
        <time>2026-07-22T09:33:03.617Z</time>
      </trkpt>
      <trkpt lat="54.722930" lon="9.659687">
        <ele>53.743246</ele>
        <time>2026-07-22T09:33:07.938Z</time>
      </trkpt>
      <trkpt lat="54.722875" lon="9.659735">
        <ele>53.812608</ele>
        <time>2026-07-22T09:33:08.793Z</time>
      </trkpt>
      <trkpt lat="54.722777" lon="9.659739">
        <ele>53.923004</ele>
        <time>2026-07-22T09:33:10.126Z</time>
      </trkpt>
      <trkpt lat="54.722754" lon="9.659972">
        <ele>54.066387</ele>
        <time>2026-07-22T09:33:12.394Z</time>
      </trkpt>
      <trkpt lat="54.722785" lon="9.660071">
        <ele>54.130945</ele>
        <time>2026-07-22T09:33:13.459Z</time>
      </trkpt>
      <trkpt lat="54.722343" lon="9.660599">
        <ele>54.253538</ele>
        <time>2026-07-22T09:33:22.681Z</time>
      </trkpt>
      <trkpt lat="54.722278" lon="9.660690">
        <ele>54.111301</ele>
        <time>2026-07-22T09:33:23.755Z</time>
      </trkpt>
      <trkpt lat="54.722063" lon="9.661046">
        <ele>53.523091</ele>
        <time>2026-07-22T09:33:27.417Z</time>
      </trkpt>
      <trkpt lat="54.721855" lon="9.661463">
        <ele>52.751742</ele>
        <time>2026-07-22T09:33:31.475Z</time>
      </trkpt>
      <trkpt lat="54.721331" lon="9.662525">
        <ele>48.775110</ele>
        <time>2026-07-22T09:33:40.116Z</time>
      </trkpt>
      <trkpt lat="54.720787" lon="9.663775">
        <ele>46.974292</ele>
        <time>2026-07-22T09:33:51.706Z</time>
      </trkpt>
      <trkpt lat="54.720400" lon="9.664772">
        <ele>45.482898</ele>
        <time>2026-07-22T09:34:00.227Z</time>
      </trkpt>
      <trkpt lat="54.720177" lon="9.665114">
        <ele>45.195551</ele>
        <time>2026-07-22T09:34:04.815Z</time>
      </trkpt>
      <trkpt lat="54.719561" lon="9.665882">
        <ele>43.384253</ele>
        <time>2026-07-22T09:34:13.974Z</time>
      </trkpt>
      <trkpt lat="54.718846" lon="9.666780">
        <ele>42.230623</ele>
        <time>2026-07-22T09:34:26.046Z</time>
      </trkpt>
      <trkpt lat="54.718385" lon="9.667441">
        <ele>41.234458</ele>
        <time>2026-07-22T09:34:33.562Z</time>
      </trkpt>
      <trkpt lat="54.718185" lon="9.667735">
        <ele>41.522083</ele>
        <time>2026-07-22T09:34:39.015Z</time>
      </trkpt>
      <trkpt lat="54.717875" lon="9.668036">
        <ele>42.161541</ele>
        <time>2026-07-22T09:34:47.003Z</time>
      </trkpt>
      <trkpt lat="54.717425" lon="9.668446">
        <ele>42.724290</ele>
        <time>2026-07-22T09:34:56.987Z</time>
      </trkpt>
      <trkpt lat="54.717363" lon="9.668528">
        <ele>42.853626</ele>
        <time>2026-07-22T09:34:58.564Z</time>
      </trkpt>
      <trkpt lat="54.717198" lon="9.668928">
        <ele>43.377482</ele>
        <time>2026-07-22T09:35:05.015Z</time>
      </trkpt>
      <trkpt lat="54.717115" lon="9.669029">
        <ele>43.503570</ele>
        <time>2026-07-22T09:35:07.275Z</time>
      </trkpt>
      <trkpt lat="54.717191" lon="9.669940">
        <ele>43.716644</ele>
        <time>2026-07-22T09:35:15.897Z</time>
      </trkpt>
      <trkpt lat="54.717233" lon="9.670347">
        <ele>44.053992</ele>
        <time>2026-07-22T09:35:21.219Z</time>
      </trkpt>
      <trkpt lat="54.717276" lon="9.670760">
        <ele>44.432484</ele>
        <time>2026-07-22T09:35:26.270Z</time>
      </trkpt>
      <trkpt lat="54.717292" lon="9.670914">
        <ele>44.542557</ele>
        <time>2026-07-22T09:35:28.170Z</time>
      </trkpt>
      <trkpt lat="54.717310" lon="9.671101">
        <ele>44.595312</ele>
        <time>2026-07-22T09:35:30.433Z</time>
      </trkpt>
      <trkpt lat="54.717387" lon="9.671920">
        <ele>44.271888</ele>
        <time>2026-07-22T09:35:37.303Z</time>
      </trkpt>
      <trkpt lat="54.717412" lon="9.672183">
        <ele>44.053491</ele>
        <time>2026-07-22T09:35:39.143Z</time>
      </trkpt>
      <trkpt lat="54.715968" lon="9.673133">
        <ele>41.858764</ele>
        <time>2026-07-22T09:35:53.617Z</time>
      </trkpt>
      <trkpt lat="54.715891" lon="9.673228">
        <ele>41.679987</ele>
        <time>2026-07-22T09:35:54.517Z</time>
      </trkpt>
      <trkpt lat="54.715855" lon="9.673540">
        <ele>41.221028</ele>
        <time>2026-07-22T09:35:56.070Z</time>
      </trkpt>
      <trkpt lat="54.715802" lon="9.673761">
        <ele>40.816675</ele>
        <time>2026-07-22T09:35:57.167Z</time>
      </trkpt>
      <trkpt lat="54.715659" lon="9.674024">
        <ele>40.178910</ele>
        <time>2026-07-22T09:35:58.877Z</time>
      </trkpt>
      <trkpt lat="54.714987" lon="9.674387">
        <ele>39.350662</ele>
        <time>2026-07-22T09:36:05.765Z</time>
      </trkpt>
      <trkpt lat="54.714977" lon="9.674499">
        <ele>39.216987</ele>
        <time>2026-07-22T09:36:06.316Z</time>
      </trkpt>
      <trkpt lat="54.714677" lon="9.674728">
        <ele>38.424964</ele>
        <time>2026-07-22T09:36:09.059Z</time>
      </trkpt>
      <trkpt lat="54.714427" lon="9.675013">
        <ele>37.785895</ele>
        <time>2026-07-22T09:36:11.677Z</time>
      </trkpt>
      <trkpt lat="54.714296" lon="9.675209">
        <ele>37.403180</ele>
        <time>2026-07-22T09:36:13.168Z</time>
      </trkpt>
      <trkpt lat="54.714152" lon="9.675512">
        <ele>36.898072</ele>
        <time>2026-07-22T09:36:15.128Z</time>
      </trkpt>
      <trkpt lat="54.714059" lon="9.675858">
        <ele>36.401123</ele>
        <time>2026-07-22T09:36:17.043Z</time>
      </trkpt>
      <trkpt lat="54.713765" lon="9.678129">
        <ele>33.422472</ele>
        <time>2026-07-22T09:36:28.616Z</time>
      </trkpt>
      <trkpt lat="54.713420" lon="9.679309">
        <ele>32.389500</ele>
        <time>2026-07-22T09:36:35.723Z</time>
      </trkpt>
      <trkpt lat="54.713330" lon="9.679513">
        <ele>32.342895</ele>
        <time>2026-07-22T09:36:37.435Z</time>
      </trkpt>
      <trkpt lat="54.712711" lon="9.680408">
        <ele>33.324831</ele>
        <time>2026-07-22T09:36:50.170Z</time>
      </trkpt>
      <trkpt lat="54.712563" lon="9.680570">
        <ele>33.561111</ele>
        <time>2026-07-22T09:36:53.115Z</time>
      </trkpt>
      <trkpt lat="54.712024" lon="9.680980">
        <ele>34.286682</ele>
        <time>2026-07-22T09:37:02.464Z</time>
      </trkpt>
      <trkpt lat="54.711475" lon="9.681550">
        <ele>34.758393</ele>
        <time>2026-07-22T09:37:11.627Z</time>
      </trkpt>
      <trkpt lat="54.711238" lon="9.681845">
        <ele>34.673369</ele>
        <time>2026-07-22T09:37:14.781Z</time>
      </trkpt>
      <trkpt lat="54.710826" lon="9.682504">
        <ele>34.273893</ele>
        <time>2026-07-22T09:37:20.404Z</time>
      </trkpt>
      <trkpt lat="54.710581" lon="9.682962">
        <ele>34.544519</ele>
        <time>2026-07-22T09:37:25.345Z</time>
      </trkpt>
      <trkpt lat="54.710455" lon="9.683212">
        <ele>34.966059</ele>
        <time>2026-07-22T09:37:29.740Z</time>
      </trkpt>
      <trkpt lat="54.710391" lon="9.683281">
        <ele>35.004871</ele>
        <time>2026-07-22T09:37:30.982Z</time>
      </trkpt>
      <trkpt lat="54.710233" lon="9.683642">
        <ele>34.889476</ele>
        <time>2026-07-22T09:37:33.514Z</time>
      </trkpt>
      <trkpt lat="54.710156" lon="9.683864">
        <ele>34.690353</ele>
        <time>2026-07-22T09:37:34.964Z</time>
      </trkpt>
      <trkpt lat="54.709964" lon="9.684734">
        <ele>33.988201</ele>
        <time>2026-07-22T09:37:39.892Z</time>
      </trkpt>
      <trkpt lat="54.709129" lon="9.686068">
        <ele>34.407038</ele>
        <time>2026-07-22T09:37:54.409Z</time>
      </trkpt>
      <trkpt lat="54.708900" lon="9.686406">
        <ele>35.547594</ele>
        <time>2026-07-22T09:38:02.302Z</time>
      </trkpt>
      <trkpt lat="54.708758" lon="9.686755">
        <ele>36.313770</ele>
        <time>2026-07-22T09:38:07.796Z</time>
      </trkpt>
      <trkpt lat="54.708488" lon="9.687440">
        <ele>36.833600</ele>
        <time>2026-07-22T09:38:15.408Z</time>
      </trkpt>
      <trkpt lat="54.707683" lon="9.689614">
        <ele>35.434165</ele>
        <time>2026-07-22T09:38:29.908Z</time>
      </trkpt>
      <trkpt lat="54.707645" lon="9.689811">
        <ele>35.454328</ele>
        <time>2026-07-22T09:38:31.325Z</time>
      </trkpt>
      <trkpt lat="54.707653" lon="9.690001">
        <ele>35.483648</ele>
        <time>2026-07-22T09:38:32.763Z</time>
      </trkpt>
      <trkpt lat="54.707756" lon="9.690610">
        <ele>35.645734</ele>
        <time>2026-07-22T09:38:37.684Z</time>
      </trkpt>
      <trkpt lat="54.707769" lon="9.690922">
        <ele>35.861799</ele>
        <time>2026-07-22T09:38:40.309Z</time>
      </trkpt>
      <trkpt lat="54.707646" lon="9.692071">
        <ele>37.148748</ele>
        <time>2026-07-22T09:38:52.618Z</time>
      </trkpt>
      <trkpt lat="54.707631" lon="9.692563">
        <ele>37.903603</ele>
        <time>2026-07-22T09:38:58.415Z</time>
      </trkpt>
      <trkpt lat="54.707642" lon="9.692923">
        <ele>38.453894</ele>
        <time>2026-07-22T09:39:02.665Z</time>
      </trkpt>
      <trkpt lat="54.707932" lon="9.694906">
        <ele>40.844776</ele>
        <time>2026-07-22T09:39:24.445Z</time>
      </trkpt>
      <trkpt lat="54.708676" lon="9.699164">
        <ele>42.624282</ele>
        <time>2026-07-22T09:40:00.075Z</time>
      </trkpt>
      <trkpt lat="54.708463" lon="9.699789">
        <ele>43.722271</ele>
        <time>2026-07-22T09:40:09.166Z</time>
      </trkpt>
      <trkpt lat="54.707658" lon="9.701699">
        <ele>45.651703</ele>
        <time>2026-07-22T09:40:31.951Z</time>
      </trkpt>
      <trkpt lat="54.707559" lon="9.701899">
        <ele>45.511620</ele>
        <time>2026-07-22T09:40:33.390Z</time>
      </trkpt>
      <trkpt lat="54.707067" lon="9.702548">
        <ele>43.483016</ele>
        <time>2026-07-22T09:40:38.354Z</time>
      </trkpt>
      <trkpt lat="54.706919" lon="9.702818">
        <ele>42.898994</ele>
        <time>2026-07-22T09:40:40.050Z</time>
      </trkpt>
      <trkpt lat="54.706844" lon="9.703038">
        <ele>42.682262</ele>
        <time>2026-07-22T09:40:41.710Z</time>
      </trkpt>
      <trkpt lat="54.706757" lon="9.703906">
        <ele>42.346279</ele>
        <time>2026-07-22T09:40:47.169Z</time>
      </trkpt>
      <trkpt lat="54.706721" lon="9.704103">
        <ele>42.136358</ele>
        <time>2026-07-22T09:40:48.160Z</time>
      </trkpt>
      <trkpt lat="54.706541" lon="9.704430">
        <ele>41.582290</ele>
        <time>2026-07-22T09:40:50.404Z</time>
      </trkpt>
      <trkpt lat="54.706386" lon="9.704577">
        <ele>41.410147</ele>
        <time>2026-07-22T09:40:52.132Z</time>
      </trkpt>
      <trkpt lat="54.705562" lon="9.705097">
        <ele>41.233023</ele>
        <time>2026-07-22T09:41:01.979Z</time>
      </trkpt>
      <trkpt lat="54.705291" lon="9.705202">
        <ele>41.457772</ele>
        <time>2026-07-22T09:41:06.011Z</time>
      </trkpt>
      <trkpt lat="54.704648" lon="9.705149">
        <ele>42.695769</ele>
        <time>2026-07-22T09:41:17.683Z</time>
      </trkpt>
      <trkpt lat="54.704539" lon="9.705188">
        <ele>42.964294</ele>
        <time>2026-07-22T09:41:19.907Z</time>
      </trkpt>
      <trkpt lat="54.704388" lon="9.705415">
        <ele>43.496637</ele>
        <time>2026-07-22T09:41:24.077Z</time>
      </trkpt>
      <trkpt lat="54.704341" lon="9.705634">
        <ele>43.896507</ele>
        <time>2026-07-22T09:41:26.988Z</time>
      </trkpt>
      <trkpt lat="54.704261" lon="9.706414">
        <ele>45.123758</ele>
        <time>2026-07-22T09:41:36.486Z</time>
      </trkpt>
      <trkpt lat="54.704134" lon="9.707526">
        <ele>45.532818</ele>
        <time>2026-07-22T09:41:45.337Z</time>
      </trkpt>
      <trkpt lat="54.704072" lon="9.707734">
        <ele>45.818520</ele>
        <time>2026-07-22T09:41:47.587Z</time>
      </trkpt>
      <trkpt lat="54.703963" lon="9.707952">
        <ele>46.104779</ele>
        <time>2026-07-22T09:41:51.265Z</time>
      </trkpt>
      <trkpt lat="54.703762" lon="9.708393">
        <ele>46.243974</ele>
        <time>2026-07-22T09:41:54.826Z</time>
      </trkpt>
      <trkpt lat="54.703515" lon="9.710351">
        <ele>46.877414</ele>
        <time>2026-07-22T09:42:10.845Z</time>
      </trkpt>
      <trkpt lat="54.703436" lon="9.710680">
        <ele>46.924782</ele>
        <time>2026-07-22T09:42:13.551Z</time>
      </trkpt>
      <trkpt lat="54.703249" lon="9.711144">
        <ele>47.105040</ele>
        <time>2026-07-22T09:42:18.010Z</time>
      </trkpt>
      <trkpt lat="54.703051" lon="9.711484">
        <ele>47.268097</ele>
        <time>2026-07-22T09:42:21.748Z</time>
      </trkpt>
      <trkpt lat="54.702996" lon="9.711686">
        <ele>47.329084</ele>
        <time>2026-07-22T09:42:23.533Z</time>
      </trkpt>
      <trkpt lat="54.702854" lon="9.712929">
        <ele>47.826311</ele>
        <time>2026-07-22T09:42:34.000Z</time>
      </trkpt>
      <trkpt lat="54.702739" lon="9.713468">
        <ele>47.707754</ele>
        <time>2026-07-22T09:42:37.527Z</time>
      </trkpt>
      <trkpt lat="54.702520" lon="9.714189">
        <ele>47.455170</ele>
        <time>2026-07-22T09:42:42.544Z</time>
      </trkpt>
      <trkpt lat="54.701933" lon="9.716021">
        <ele>45.721055</ele>
        <time>2026-07-22T09:42:53.542Z</time>
      </trkpt>
      <trkpt lat="54.701370" lon="9.717853">
        <ele>47.653629</ele>
        <time>2026-07-22T09:43:14.388Z</time>
      </trkpt>
      <trkpt lat="54.701357" lon="9.718231">
        <ele>48.246028</ele>
        <time>2026-07-22T09:43:18.847Z</time>
      </trkpt>
      <trkpt lat="54.701393" lon="9.718663">
        <ele>49.000510</ele>
        <time>2026-07-22T09:43:24.831Z</time>
      </trkpt>
      <trkpt lat="54.701385" lon="9.718864">
        <ele>49.235382</ele>
        <time>2026-07-22T09:43:26.651Z</time>
      </trkpt>
      <trkpt lat="54.701297" lon="9.719230">
        <ele>49.450508</ele>
        <time>2026-07-22T09:43:29.649Z</time>
      </trkpt>
      <trkpt lat="54.700737" lon="9.720307">
        <ele>50.487273</ele>
        <time>2026-07-22T09:43:43.110Z</time>
      </trkpt>
      <trkpt lat="54.700539" lon="9.720773">
        <ele>50.776355</ele>
        <time>2026-07-22T09:43:48.338Z</time>
      </trkpt>
      <trkpt lat="54.700478" lon="9.721107">
        <ele>50.824243</ele>
        <time>2026-07-22T09:43:51.057Z</time>
      </trkpt>
      <trkpt lat="54.700091" lon="9.722183">
        <ele>50.429543</ele>
        <time>2026-07-22T09:43:58.594Z</time>
      </trkpt>
      <trkpt lat="54.699988" lon="9.722399">
        <ele>50.210382</ele>
        <time>2026-07-22T09:44:00.047Z</time>
      </trkpt>
      <trkpt lat="54.699497" lon="9.723159">
        <ele>49.244882</ele>
        <time>2026-07-22T09:44:06.006Z</time>
      </trkpt>
      <trkpt lat="54.699413" lon="9.723447">
        <ele>49.374064</ele>
        <time>2026-07-22T09:44:08.949Z</time>
      </trkpt>
      <trkpt lat="54.699399" lon="9.723639">
        <ele>49.640414</ele>
        <time>2026-07-22T09:44:11.446Z</time>
      </trkpt>
      <trkpt lat="54.699403" lon="9.725022">
        <ele>51.160533</ele>
        <time>2026-07-22T09:44:25.569Z</time>
      </trkpt>
      <trkpt lat="54.699394" lon="9.726178">
        <ele>53.172987</ele>
        <time>2026-07-22T09:44:40.029Z</time>
      </trkpt>
      <trkpt lat="54.699364" lon="9.726520">
        <ele>53.675729</ele>
        <time>2026-07-22T09:44:44.008Z</time>
      </trkpt>
      <trkpt lat="54.699272" lon="9.727127">
        <ele>54.277711</ele>
        <time>2026-07-22T09:44:50.269Z</time>
      </trkpt>
      <trkpt lat="54.699230" lon="9.727820">
        <ele>54.794720</ele>
        <time>2026-07-22T09:44:56.625Z</time>
      </trkpt>
      <trkpt lat="54.699313" lon="9.730162">
        <ele>56.486255</ele>
        <time>2026-07-22T09:45:18.067Z</time>
      </trkpt>
      <trkpt lat="54.699243" lon="9.730250">
        <ele>56.663578</ele>
        <time>2026-07-22T09:45:19.307Z</time>
      </trkpt>
      <trkpt lat="54.699304" lon="9.731446">
        <ele>59.855025</ele>
        <time>2026-07-22T09:45:38.863Z</time>
      </trkpt>
      <trkpt lat="54.699005" lon="9.731615">
        <ele>60.291743</ele>
        <time>2026-07-22T09:45:43.533Z</time>
      </trkpt>
      <trkpt lat="54.698666" lon="9.731908">
        <ele>60.486084</ele>
        <time>2026-07-22T09:45:48.752Z</time>
      </trkpt>
      <trkpt lat="54.698180" lon="9.732386">
        <ele>58.706320</ele>
        <time>2026-07-22T09:45:53.300Z</time>
      </trkpt>
      <trkpt lat="54.697876" lon="9.732596">
        <ele>57.395718</ele>
        <time>2026-07-22T09:45:55.770Z</time>
      </trkpt>
      <trkpt lat="54.697495" lon="9.732806">
        <ele>57.588810</ele>
        <time>2026-07-22T09:46:01.787Z</time>
      </trkpt>
      <trkpt lat="54.697114" lon="9.732930">
        <ele>57.839901</ele>
        <time>2026-07-22T09:46:07.208Z</time>
      </trkpt>
      <trkpt lat="54.696479" lon="9.732915">
        <ele>57.843572</ele>
        <time>2026-07-22T09:46:14.893Z</time>
      </trkpt>
      <trkpt lat="54.696056" lon="9.732790">
        <ele>57.396354</ele>
        <time>2026-07-22T09:46:19.040Z</time>
      </trkpt>
      <trkpt lat="54.695851" lon="9.732687">
        <ele>57.189930</ele>
        <time>2026-07-22T09:46:21.037Z</time>
      </trkpt>
      <trkpt lat="54.695552" lon="9.732491">
        <ele>57.420467</ele>
        <time>2026-07-22T09:46:25.573Z</time>
      </trkpt>
      <trkpt lat="54.695139" lon="9.732141">
        <ele>58.000531</ele>
        <time>2026-07-22T09:46:33.095Z</time>
      </trkpt>
      <trkpt lat="54.694850" lon="9.731976">
        <ele>58.382800</ele>
        <time>2026-07-22T09:46:37.769Z</time>
      </trkpt>
      <trkpt lat="54.694470" lon="9.731937">
        <ele>58.691275</ele>
        <time>2026-07-22T09:46:43.283Z</time>
      </trkpt>
      <trkpt lat="54.693995" lon="9.732063">
        <ele>59.013940</ele>
        <time>2026-07-22T09:46:50.036Z</time>
      </trkpt>
      <trkpt lat="54.693780" lon="9.732081">
        <ele>59.196109</ele>
        <time>2026-07-22T09:46:53.208Z</time>
      </trkpt>
      <trkpt lat="54.693421" lon="9.732048">
        <ele>59.627957</ele>
        <time>2026-07-22T09:46:58.340Z</time>
      </trkpt>
      <trkpt lat="54.693180" lon="9.732035">
        <ele>60.004599</ele>
        <time>2026-07-22T09:47:03.896Z</time>
      </trkpt>
      <trkpt lat="54.692037" lon="9.732199">
        <ele>60.070354</ele>
        <time>2026-07-22T09:47:16.949Z</time>
      </trkpt>
      <trkpt lat="54.691325" lon="9.732239">
        <ele>59.547693</ele>
        <time>2026-07-22T09:47:24.148Z</time>
      </trkpt>
      <trkpt lat="54.690978" lon="9.732160">
        <ele>59.139954</ele>
        <time>2026-07-22T09:47:27.319Z</time>
      </trkpt>
      <trkpt lat="54.690496" lon="9.731721">
        <ele>59.644363</ele>
        <time>2026-07-22T09:47:35.376Z</time>
      </trkpt>
      <trkpt lat="54.689988" lon="9.731538">
        <ele>61.354497</ele>
        <time>2026-07-22T09:47:47.576Z</time>
      </trkpt>
      <trkpt lat="54.689536" lon="9.731488">
        <ele>62.345714</ele>
        <time>2026-07-22T09:47:56.099Z</time>
      </trkpt>
      <trkpt lat="54.689290" lon="9.731542">
        <ele>62.503945</ele>
        <time>2026-07-22T09:47:59.550Z</time>
      </trkpt>
      <trkpt lat="54.689091" lon="9.731698">
        <ele>62.638483</ele>
        <time>2026-07-22T09:48:02.466Z</time>
      </trkpt>
      <trkpt lat="54.688260" lon="9.732845">
        <ele>64.186241</ele>
        <time>2026-07-22T09:48:20.329Z</time>
      </trkpt>
      <trkpt lat="54.687744" lon="9.733572">
        <ele>63.671711</ele>
        <time>2026-07-22T09:48:26.933Z</time>
      </trkpt>
      <trkpt lat="54.687517" lon="9.733820">
        <ele>63.305289</ele>
        <time>2026-07-22T09:48:29.473Z</time>
      </trkpt>
      <trkpt lat="54.687376" lon="9.733913">
        <ele>63.061670</ele>
        <time>2026-07-22T09:48:30.884Z</time>
      </trkpt>
      <trkpt lat="54.687184" lon="9.733970">
        <ele>62.661604</ele>
        <time>2026-07-22T09:48:32.595Z</time>
      </trkpt>
      <trkpt lat="54.686857" lon="9.733897">
        <ele>61.817490</ele>
        <time>2026-07-22T09:48:35.308Z</time>
      </trkpt>
      <trkpt lat="54.686224" lon="9.733466">
        <ele>60.351614</ele>
        <time>2026-07-22T09:48:41.248Z</time>
      </trkpt>
      <trkpt lat="54.686048" lon="9.733388">
        <ele>60.212514</ele>
        <time>2026-07-22T09:48:43.059Z</time>
      </trkpt>
      <trkpt lat="54.685839" lon="9.733358">
        <ele>60.137180</ele>
        <time>2026-07-22T09:48:45.423Z</time>
      </trkpt>
      <trkpt lat="54.685468" lon="9.733522">
        <ele>60.105721</ele>
        <time>2026-07-22T09:48:50.113Z</time>
      </trkpt>
      <trkpt lat="54.684930" lon="9.733938">
        <ele>59.557192</ele>
        <time>2026-07-22T09:48:55.813Z</time>
      </trkpt>
      <trkpt lat="54.684600" lon="9.733963">
        <ele>58.881994</ele>
        <time>2026-07-22T09:48:58.640Z</time>
      </trkpt>
      <trkpt lat="54.684447" lon="9.733911">
        <ele>58.772042</ele>
        <time>2026-07-22T09:49:00.172Z</time>
      </trkpt>
      <trkpt lat="54.683458" lon="9.733570">
        <ele>60.421920</ele>
        <time>2026-07-22T09:49:18.745Z</time>
      </trkpt>
      <trkpt lat="54.683309" lon="9.733598">
        <ele>60.232612</ele>
        <time>2026-07-22T09:49:19.935Z</time>
      </trkpt>
      <trkpt lat="54.683444" lon="9.734702">
        <ele>58.529246</ele>
        <time>2026-07-22T09:49:25.399Z</time>
      </trkpt>
      <trkpt lat="54.683538" lon="9.735290">
        <ele>57.788512</ele>
        <time>2026-07-22T09:49:28.496Z</time>
      </trkpt>
      <trkpt lat="54.683661" lon="9.735784">
        <ele>57.097628</ele>
        <time>2026-07-22T09:49:31.208Z</time>
      </trkpt>
      <trkpt lat="54.683859" lon="9.736366">
        <ele>56.212982</ele>
        <time>2026-07-22T09:49:34.530Z</time>
      </trkpt>
      <trkpt lat="54.684703" lon="9.738422">
        <ele>53.511592</ele>
        <time>2026-07-22T09:49:47.435Z</time>
      </trkpt>
      <trkpt lat="54.684769" lon="9.738697">
        <ele>53.457905</ele>
        <time>2026-07-22T09:49:49.701Z</time>
      </trkpt>
      <trkpt lat="54.684885" lon="9.739670">
        <ele>54.040587</ele>
        <time>2026-07-22T09:49:58.667Z</time>
      </trkpt>
      <trkpt lat="54.684955" lon="9.739914">
        <ele>53.993981</ele>
        <time>2026-07-22T09:50:00.637Z</time>
      </trkpt>
      <trkpt lat="54.685058" lon="9.740164">
        <ele>53.711164</ele>
        <time>2026-07-22T09:50:02.172Z</time>
      </trkpt>
      <trkpt lat="54.685179" lon="9.740339">
        <ele>53.224119</ele>
        <time>2026-07-22T09:50:03.442Z</time>
      </trkpt>
      <trkpt lat="54.685301" lon="9.740462">
        <ele>52.846711</ele>
        <time>2026-07-22T09:50:04.588Z</time>
      </trkpt>
      <trkpt lat="54.685688" lon="9.740735">
        <ele>51.974724</ele>
        <time>2026-07-22T09:50:08.255Z</time>
      </trkpt>
      <trkpt lat="54.686000" lon="9.741101">
        <ele>51.779452</ele>
        <time>2026-07-22T09:50:12.017Z</time>
      </trkpt>
      <trkpt lat="54.686085" lon="9.741284">
        <ele>52.302718</ele>
        <time>2026-07-22T09:50:15.081Z</time>
      </trkpt>
      <trkpt lat="54.686152" lon="9.741603">
        <ele>53.141068</ele>
        <time>2026-07-22T09:50:21.649Z</time>
      </trkpt>
      <trkpt lat="54.686541" lon="9.745354">
        <ele>57.271660</ele>
        <time>2026-07-22T09:51:01.037Z</time>
      </trkpt>
      <trkpt lat="54.686799" lon="9.746838">
        <ele>56.407381</ele>
        <time>2026-07-22T09:51:09.515Z</time>
      </trkpt>
      <trkpt lat="54.686824" lon="9.747313">
        <ele>56.120729</ele>
        <time>2026-07-22T09:51:12.150Z</time>
      </trkpt>
      <trkpt lat="54.686902" lon="9.747779">
        <ele>55.964248</ele>
        <time>2026-07-22T09:51:15.098Z</time>
      </trkpt>
      <trkpt lat="54.687015" lon="9.748164">
        <ele>56.110528</ele>
        <time>2026-07-22T09:51:18.714Z</time>
      </trkpt>
      <trkpt lat="54.687183" lon="9.748736">
        <ele>56.497865</ele>
        <time>2026-07-22T09:51:24.331Z</time>
      </trkpt>
      <trkpt lat="54.687768" lon="9.750457">
        <ele>57.640214</ele>
        <time>2026-07-22T09:51:41.936Z</time>
      </trkpt>
      <trkpt lat="54.688025" lon="9.751383">
        <ele>57.586735</ele>
        <time>2026-07-22T09:51:48.494Z</time>
      </trkpt>
      <trkpt lat="54.688192" lon="9.752158">
        <ele>57.444949</ele>
        <time>2026-07-22T09:51:53.788Z</time>
      </trkpt>
      <trkpt lat="54.688326" lon="9.752547">
        <ele>57.546837</ele>
        <time>2026-07-22T09:51:57.205Z</time>
      </trkpt>
      <trkpt lat="54.688576" lon="9.753075">
        <ele>57.981895</ele>
        <time>2026-07-22T09:52:03.279Z</time>
      </trkpt>
      <trkpt lat="54.688680" lon="9.753402">
        <ele>58.243198</ele>
        <time>2026-07-22T09:52:06.745Z</time>
      </trkpt>
      <trkpt lat="54.688925" lon="9.754584">
        <ele>59.303698</ele>
        <time>2026-07-22T09:52:18.741Z</time>
      </trkpt>
      <trkpt lat="54.689012" lon="9.754875">
        <ele>59.579923</ele>
        <time>2026-07-22T09:52:21.919Z</time>
      </trkpt>
      <trkpt lat="54.689657" lon="9.755944">
        <ele>60.777399</ele>
        <time>2026-07-22T09:52:36.353Z</time>
      </trkpt>
      <trkpt lat="54.689844" lon="9.756116">
        <ele>60.963636</ele>
        <time>2026-07-22T09:52:39.371Z</time>
      </trkpt>
      <trkpt lat="54.690225" lon="9.756289">
        <ele>61.066452</ele>
        <time>2026-07-22T09:52:44.384Z</time>
      </trkpt>
      <trkpt lat="54.690340" lon="9.756379">
        <ele>61.015504</ele>
        <time>2026-07-22T09:52:45.799Z</time>
      </trkpt>
      <trkpt lat="54.690418" lon="9.756497">
        <ele>60.975143</ele>
        <time>2026-07-22T09:52:46.851Z</time>
      </trkpt>
      <trkpt lat="54.690463" lon="9.756635">
        <ele>60.943091</ele>
        <time>2026-07-22T09:52:47.787Z</time>
      </trkpt>
      <trkpt lat="54.690479" lon="9.756938">
        <ele>60.991585</ele>
        <time>2026-07-22T09:52:49.982Z</time>
      </trkpt>
      <trkpt lat="54.690466" lon="9.758118">
        <ele>61.721451</ele>
        <time>2026-07-22T09:53:01.185Z</time>
      </trkpt>
      <trkpt lat="54.690464" lon="9.758967">
        <ele>61.259171</ele>
        <time>2026-07-22T09:53:05.800Z</time>
      </trkpt>
      <trkpt lat="54.690416" lon="9.760117">
        <ele>60.306840</ele>
        <time>2026-07-22T09:53:11.701Z</time>
      </trkpt>
      <trkpt lat="54.690398" lon="9.760609">
        <ele>60.942788</ele>
        <time>2026-07-22T09:53:18.178Z</time>
      </trkpt>
      <trkpt lat="54.690270" lon="9.760647">
        <ele>61.270676</ele>
        <time>2026-07-22T09:53:20.767Z</time>
      </trkpt>
      <trkpt lat="54.689844" lon="9.761041">
        <ele>62.044165</ele>
        <time>2026-07-22T09:53:29.521Z</time>
      </trkpt>
      <trkpt lat="54.689532" lon="9.761223">
        <ele>61.773986</ele>
        <time>2026-07-22T09:53:32.734Z</time>
      </trkpt>
      <trkpt lat="54.689390" lon="9.761434">
        <ele>61.191538</ele>
        <time>2026-07-22T09:53:34.158Z</time>
      </trkpt>
      <trkpt lat="54.689039" lon="9.762373">
        <ele>60.999676</ele>
        <time>2026-07-22T09:53:41.650Z</time>
      </trkpt>
      <trkpt lat="54.688909" lon="9.762569">
        <ele>61.231280</ele>
        <time>2026-07-22T09:53:44.571Z</time>
      </trkpt>
      <trkpt lat="54.688787" lon="9.762643">
        <ele>61.490980</ele>
        <time>2026-07-22T09:53:47.067Z</time>
      </trkpt>
      <trkpt lat="54.688437" lon="9.762619">
        <ele>62.192969</ele>
        <time>2026-07-22T09:53:53.476Z</time>
      </trkpt>
      <trkpt lat="54.688347" lon="9.762662">
        <ele>62.374318</ele>
        <time>2026-07-22T09:53:55.190Z</time>
      </trkpt>
      <trkpt lat="54.688212" lon="9.762798">
        <ele>62.520912</ele>
        <time>2026-07-22T09:53:57.639Z</time>
      </trkpt>
      <trkpt lat="54.688143" lon="9.762957">
        <ele>62.554883</ele>
        <time>2026-07-22T09:53:59.078Z</time>
      </trkpt>
      <trkpt lat="54.688081" lon="9.763186">
        <ele>62.434043</ele>
        <time>2026-07-22T09:54:00.531Z</time>
      </trkpt>
      <trkpt lat="54.687967" lon="9.764326">
        <ele>61.174019</ele>
        <time>2026-07-22T09:54:06.371Z</time>
      </trkpt>
      <trkpt lat="54.687919" lon="9.765174">
        <ele>60.862300</ele>
        <time>2026-07-22T09:54:11.688Z</time>
      </trkpt>
      <trkpt lat="54.687936" lon="9.766480">
        <ele>59.357023</ele>
        <time>2026-07-22T09:54:18.461Z</time>
      </trkpt>
      <trkpt lat="54.687917" lon="9.766805">
        <ele>58.423575</ele>
        <time>2026-07-22T09:54:19.834Z</time>
      </trkpt>
      <trkpt lat="54.687842" lon="9.767294">
        <ele>56.849134</ele>
        <time>2026-07-22T09:54:22.000Z</time>
      </trkpt>
      <trkpt lat="54.687702" lon="9.767659">
        <ele>55.796074</ele>
        <time>2026-07-22T09:54:24.062Z</time>
      </trkpt>
      <trkpt lat="54.687664" lon="9.767758">
        <ele>55.527717</ele>
        <time>2026-07-22T09:54:24.583Z</time>
      </trkpt>
      <trkpt lat="54.687573" lon="9.767997">
        <ele>54.664043</ele>
        <time>2026-07-22T09:54:25.807Z</time>
      </trkpt>
      <trkpt lat="54.687489" lon="9.768216">
        <ele>53.928426</ele>
        <time>2026-07-22T09:54:26.969Z</time>
      </trkpt>
      <trkpt lat="54.687300" lon="9.768543">
        <ele>52.828646</ele>
        <time>2026-07-22T09:54:29.045Z</time>
      </trkpt>
      <trkpt lat="54.687083" lon="9.768842">
        <ele>51.968993</ele>
        <time>2026-07-22T09:54:31.243Z</time>
      </trkpt>
      <trkpt lat="54.686900" lon="9.769044">
        <ele>51.779424</ele>
        <time>2026-07-22T09:54:33.836Z</time>
      </trkpt>
      <trkpt lat="54.686767" lon="9.769240">
        <ele>51.508673</ele>
        <time>2026-07-22T09:54:35.584Z</time>
      </trkpt>
      <trkpt lat="54.686525" lon="9.770010">
        <ele>49.830942</ele>
        <time>2026-07-22T09:54:39.560Z</time>
      </trkpt>
      <trkpt lat="54.686402" lon="9.770562">
        <ele>49.457090</ele>
        <time>2026-07-22T09:54:42.874Z</time>
      </trkpt>
      <trkpt lat="54.686335" lon="9.771145">
        <ele>49.744675</ele>
        <time>2026-07-22T09:54:49.191Z</time>
      </trkpt>
      <trkpt lat="54.686331" lon="9.771966">
        <ele>48.163528</ele>
        <time>2026-07-22T09:54:52.913Z</time>
      </trkpt>
      <trkpt lat="54.686268" lon="9.772638">
        <ele>46.565193</ele>
        <time>2026-07-22T09:54:55.906Z</time>
      </trkpt>
      <trkpt lat="54.685828" lon="9.773729">
        <ele>46.466345</ele>
        <time>2026-07-22T09:55:05.613Z</time>
      </trkpt>
      <trkpt lat="54.685214" lon="9.774567">
        <ele>45.905684</ele>
        <time>2026-07-22T09:55:13.695Z</time>
      </trkpt>
      <trkpt lat="54.685016" lon="9.775050">
        <ele>45.211767</ele>
        <time>2026-07-22T09:55:16.663Z</time>
      </trkpt>
      <trkpt lat="54.684735" lon="9.775956">
        <ele>44.012060</ele>
        <time>2026-07-22T09:55:21.826Z</time>
      </trkpt>
      <trkpt lat="54.684545" lon="9.777081">
        <ele>42.797000</ele>
        <time>2026-07-22T09:55:27.893Z</time>
      </trkpt>
      <trkpt lat="54.684492" lon="9.777925">
        <ele>41.920970</ele>
        <time>2026-07-22T09:55:32.265Z</time>
      </trkpt>
      <trkpt lat="54.684515" lon="9.778915">
        <ele>41.222372</ele>
        <time>2026-07-22T09:55:37.703Z</time>
      </trkpt>
      <trkpt lat="54.684500" lon="9.779099">
        <ele>41.113630</ele>
        <time>2026-07-22T09:55:38.805Z</time>
      </trkpt>
      <trkpt lat="54.684441" lon="9.779394">
        <ele>40.952293</ele>
        <time>2026-07-22T09:55:40.653Z</time>
      </trkpt>
      <trkpt lat="54.684302" lon="9.779750">
        <ele>40.553339</ele>
        <time>2026-07-22T09:55:42.980Z</time>
      </trkpt>
      <trkpt lat="54.683621" lon="9.780966">
        <ele>37.901407</ele>
        <time>2026-07-22T09:55:51.118Z</time>
      </trkpt>
      <trkpt lat="54.683540" lon="9.781158">
        <ele>37.530508</ele>
        <time>2026-07-22T09:55:52.261Z</time>
      </trkpt>
      <trkpt lat="54.683496" lon="9.781552">
        <ele>37.031289</ele>
        <time>2026-07-22T09:55:54.251Z</time>
      </trkpt>
      <trkpt lat="54.683546" lon="9.781911">
        <ele>36.793360</ele>
        <time>2026-07-22T09:55:56.266Z</time>
      </trkpt>
      <trkpt lat="54.683996" lon="9.784062">
        <ele>37.657723</ele>
        <time>2026-07-22T09:56:14.851Z</time>
      </trkpt>
      <trkpt lat="54.684024" lon="9.784344">
        <ele>37.883525</ele>
        <time>2026-07-22T09:56:17.512Z</time>
      </trkpt>
      <trkpt lat="54.684022" lon="9.784704">
        <ele>38.292650</ele>
        <time>2026-07-22T09:56:21.112Z</time>
      </trkpt>
      <trkpt lat="54.683895" lon="9.785594">
        <ele>39.878126</ele>
        <time>2026-07-22T09:56:32.095Z</time>
      </trkpt>
      <trkpt lat="54.683592" lon="9.787332">
        <ele>46.363969</ele>
        <time>2026-07-22T09:57:06.050Z</time>
      </trkpt>
      <trkpt lat="54.683416" lon="9.788025">
        <ele>48.936854</ele>
        <time>2026-07-22T09:57:19.324Z</time>
      </trkpt>
      <trkpt lat="54.683188" lon="9.788536">
        <ele>51.160129</ele>
        <time>2026-07-22T09:57:31.386Z</time>
      </trkpt>
      <trkpt lat="54.682903" lon="9.789269">
        <ele>52.048957</ele>
        <time>2026-07-22T09:57:40.524Z</time>
      </trkpt>
      <trkpt lat="54.682817" lon="9.789627">
        <ele>51.753245</ele>
        <time>2026-07-22T09:57:42.581Z</time>
      </trkpt>
      <trkpt lat="54.682804" lon="9.789769">
        <ele>51.446334</ele>
        <time>2026-07-22T09:57:43.229Z</time>
      </trkpt>
      <trkpt lat="54.682791" lon="9.790500">
        <ele>49.491742</ele>
        <time>2026-07-22T09:57:46.377Z</time>
      </trkpt>
      <trkpt lat="54.682829" lon="9.791179">
        <ele>48.527760</ele>
        <time>2026-07-22T09:57:49.845Z</time>
      </trkpt>
      <trkpt lat="54.682872" lon="9.792082">
        <ele>47.661740</ele>
        <time>2026-07-22T09:57:54.679Z</time>
      </trkpt>
      <trkpt lat="54.682766" lon="9.792919">
        <ele>46.666731</ele>
        <time>2026-07-22T09:57:58.962Z</time>
      </trkpt>
      <trkpt lat="54.682654" lon="9.794766">
        <ele>45.836958</ele>
        <time>2026-07-22T09:58:09.925Z</time>
      </trkpt>
      <trkpt lat="54.682460" lon="9.796874">
        <ele>45.702606</ele>
        <time>2026-07-22T09:58:23.979Z</time>
      </trkpt>
      <trkpt lat="54.682403" lon="9.797398">
        <ele>45.715622</ele>
        <time>2026-07-22T09:58:27.733Z</time>
      </trkpt>
      <trkpt lat="54.682256" lon="9.798188">
        <ele>45.830528</ele>
        <time>2026-07-22T09:58:33.714Z</time>
      </trkpt>
      <trkpt lat="54.682088" lon="9.798810">
        <ele>46.136618</ele>
        <time>2026-07-22T09:58:39.383Z</time>
      </trkpt>
      <trkpt lat="54.682059" lon="9.799095">
        <ele>46.370494</ele>
        <time>2026-07-22T09:58:42.244Z</time>
      </trkpt>
      <trkpt lat="54.682177" lon="9.800303">
        <ele>48.620888</ele>
        <time>2026-07-22T09:58:57.889Z</time>
      </trkpt>
      <trkpt lat="54.682130" lon="9.800809">
        <ele>49.712384</ele>
        <time>2026-07-22T09:59:04.950Z</time>
      </trkpt>
      <trkpt lat="54.682058" lon="9.801028">
        <ele>50.198499</ele>
        <time>2026-07-22T09:59:08.704Z</time>
      </trkpt>
      <trkpt lat="54.681981" lon="9.801194">
        <ele>50.452700</ele>
        <time>2026-07-22T09:59:11.007Z</time>
      </trkpt>
      <trkpt lat="54.681895" lon="9.801303">
        <ele>50.554903</ele>
        <time>2026-07-22T09:59:12.373Z</time>
      </trkpt>
      <trkpt lat="54.681728" lon="9.801438">
        <ele>50.440093</ele>
        <time>2026-07-22T09:59:14.260Z</time>
      </trkpt>
      <trkpt lat="54.681498" lon="9.801553">
        <ele>49.722650</ele>
        <time>2026-07-22T09:59:16.254Z</time>
      </trkpt>
      <trkpt lat="54.681413" lon="9.801644">
        <ele>48.994776</ele>
        <time>2026-07-22T09:59:16.977Z</time>
      </trkpt>
      <trkpt lat="54.681269" lon="9.801805">
        <ele>47.768004</ele>
        <time>2026-07-22T09:59:18.163Z</time>
      </trkpt>
      <trkpt lat="54.681179" lon="9.801973">
        <ele>46.847833</ele>
        <time>2026-07-22T09:59:19.124Z</time>
      </trkpt>
      <trkpt lat="54.680984" lon="9.802583">
        <ele>45.447886</ele>
        <time>2026-07-22T09:59:22.357Z</time>
      </trkpt>
      <trkpt lat="54.680946" lon="9.802857">
        <ele>45.189796</ele>
        <time>2026-07-22T09:59:23.971Z</time>
      </trkpt>
      <trkpt lat="54.680937" lon="9.803238">
        <ele>45.004931</ele>
        <time>2026-07-22T09:59:26.233Z</time>
      </trkpt>
      <trkpt lat="54.680956" lon="9.804064">
        <ele>44.629192</ele>
        <time>2026-07-22T09:59:30.968Z</time>
      </trkpt>
      <trkpt lat="54.680943" lon="9.805153">
        <ele>44.427315</ele>
        <time>2026-07-22T09:59:37.898Z</time>
      </trkpt>
      <trkpt lat="54.680888" lon="9.805924">
        <ele>44.465136</ele>
        <time>2026-07-22T09:59:43.524Z</time>
      </trkpt>
      <trkpt lat="54.680722" lon="9.806604">
        <ele>44.269803</ele>
        <time>2026-07-22T09:59:48.057Z</time>
      </trkpt>
      <trkpt lat="54.680583" lon="9.806989">
        <ele>43.932393</ele>
        <time>2026-07-22T09:59:50.605Z</time>
      </trkpt>
      <trkpt lat="54.680390" lon="9.807262">
        <ele>43.274252</ele>
        <time>2026-07-22T09:59:52.692Z</time>
      </trkpt>
      <trkpt lat="54.680249" lon="9.807541">
        <ele>42.737591</ele>
        <time>2026-07-22T09:59:54.342Z</time>
      </trkpt>
      <trkpt lat="54.679843" lon="9.808793">
        <ele>41.760643</ele>
        <time>2026-07-22T10:00:02.939Z</time>
      </trkpt>
      <trkpt lat="54.679683" lon="9.809288">
        <ele>40.416326</ele>
        <time>2026-07-22T10:00:05.485Z</time>
      </trkpt>
      <trkpt lat="54.679462" lon="9.810230">
        <ele>37.226452</ele>
        <time>2026-07-22T10:00:09.810Z</time>
      </trkpt>
      <trkpt lat="54.679218" lon="9.811111">
        <ele>35.401432</ele>
        <time>2026-07-22T10:00:14.383Z</time>
      </trkpt>
      <trkpt lat="54.679010" lon="9.812087">
        <ele>34.622500</ele>
        <time>2026-07-22T10:00:20.149Z</time>
      </trkpt>
      <trkpt lat="54.678613" lon="9.813722">
        <ele>33.680383</ele>
        <time>2026-07-22T10:00:30.383Z</time>
      </trkpt>
      <trkpt lat="54.678008" lon="9.815289">
        <ele>32.075242</ele>
        <time>2026-07-22T10:00:40.441Z</time>
      </trkpt>
      <trkpt lat="54.677885" lon="9.815558">
        <ele>31.762078</ele>
        <time>2026-07-22T10:00:42.227Z</time>
      </trkpt>
      <trkpt lat="54.677596" lon="9.815981">
        <ele>31.571743</ele>
        <time>2026-07-22T10:00:46.005Z</time>
      </trkpt>
      <trkpt lat="54.677276" lon="9.816415">
        <ele>32.383049</ele>
        <time>2026-07-22T10:00:53.865Z</time>
      </trkpt>
      <trkpt lat="54.676794" lon="9.816789">
        <ele>33.454285</ele>
        <time>2026-07-22T10:01:03.841Z</time>
      </trkpt>
      <trkpt lat="54.676584" lon="9.816977">
        <ele>33.774331</ele>
        <time>2026-07-22T10:01:07.580Z</time>
      </trkpt>
      <trkpt lat="54.676393" lon="9.817250">
        <ele>33.997145</ele>
        <time>2026-07-22T10:01:11.053Z</time>
      </trkpt>
      <trkpt lat="54.675368" lon="9.819357">
        <ele>35.245113</ele>
        <time>2026-07-22T10:01:33.909Z</time>
      </trkpt>
      <trkpt lat="54.675347" lon="9.819397">
        <ele>35.277082</ele>
        <time>2026-07-22T10:01:34.411Z</time>
      </trkpt>
      <trkpt lat="54.675323" lon="9.819440">
        <ele>35.317093</ele>
        <time>2026-07-22T10:01:34.978Z</time>
      </trkpt>
      <trkpt lat="54.675116" lon="9.819812">
        <ele>35.732038</ele>
        <time>2026-07-22T10:01:40.001Z</time>
      </trkpt>
      <trkpt lat="54.674905" lon="9.820039">
        <ele>35.872260</ele>
        <time>2026-07-22T10:01:43.454Z</time>
      </trkpt>
      <trkpt lat="54.674757" lon="9.820102">
        <ele>35.864074</ele>
        <time>2026-07-22T10:01:45.252Z</time>
      </trkpt>
      <trkpt lat="54.673622" lon="9.820248">
        <ele>35.016753</ele>
        <time>2026-07-22T10:01:56.714Z</time>
      </trkpt>
      <trkpt lat="54.672973" lon="9.820347">
        <ele>34.743047</ele>
        <time>2026-07-22T10:02:03.559Z</time>
      </trkpt>
      <trkpt lat="54.672836" lon="9.820376">
        <ele>34.807931</ele>
        <time>2026-07-22T10:02:05.722Z</time>
      </trkpt>
      <trkpt lat="54.672183" lon="9.820526">
        <ele>35.167698</ele>
        <time>2026-07-22T10:02:14.725Z</time>
      </trkpt>
      <trkpt lat="54.672006" lon="9.820568">
        <ele>35.123293</ele>
        <time>2026-07-22T10:02:16.832Z</time>
      </trkpt>
      <trkpt lat="54.671714" lon="9.820627">
        <ele>34.864192</ele>
        <time>2026-07-22T10:02:19.653Z</time>
      </trkpt>
      <trkpt lat="54.671668" lon="9.820636">
        <ele>34.818738</ele>
        <time>2026-07-22T10:02:20.329Z</time>
      </trkpt>
      <trkpt lat="54.671475" lon="9.820710">
        <ele>34.778856</ele>
        <time>2026-07-22T10:02:22.595Z</time>
      </trkpt>
      <trkpt lat="54.670939" lon="9.820869">
        <ele>34.309789</ele>
        <time>2026-07-22T10:02:28.306Z</time>
      </trkpt>
      <trkpt lat="54.670336" lon="9.821030">
        <ele>32.192712</ele>
        <time>2026-07-22T10:02:33.085Z</time>
      </trkpt>
      <trkpt lat="54.670272" lon="9.821048">
        <ele>32.230035</ele>
        <time>2026-07-22T10:02:33.661Z</time>
      </trkpt>
      <trkpt lat="54.669599" lon="9.821259">
        <ele>32.980572</ele>
        <time>2026-07-22T10:02:45.322Z</time>
      </trkpt>
      <trkpt lat="54.669335" lon="9.821286">
        <ele>32.687460</ele>
        <time>2026-07-22T10:02:48.009Z</time>
      </trkpt>
      <trkpt lat="54.669140" lon="9.821234">
        <ele>32.063836</ele>
        <time>2026-07-22T10:02:49.536Z</time>
      </trkpt>
      <trkpt lat="54.668477" lon="9.821206">
        <ele>29.805011</ele>
        <time>2026-07-22T10:02:54.799Z</time>
      </trkpt>
      <trkpt lat="54.668010" lon="9.821274">
        <ele>29.761168</ele>
        <time>2026-07-22T10:03:00.855Z</time>
      </trkpt>
      <trkpt lat="54.667909" lon="9.821258">
        <ele>29.760240</ele>
        <time>2026-07-22T10:03:02.036Z</time>
      </trkpt>
      <trkpt lat="54.667870" lon="9.821226">
        <ele>29.749596</ele>
        <time>2026-07-22T10:03:02.483Z</time>
      </trkpt>
      <trkpt lat="54.667703" lon="9.820918">
        <ele>29.461156</ele>
        <time>2026-07-22T10:03:04.748Z</time>
      </trkpt>
      <trkpt lat="54.667630" lon="9.820843">
        <ele>29.491699</ele>
        <time>2026-07-22T10:03:05.607Z</time>
      </trkpt>
      <trkpt lat="54.667548" lon="9.820826">
        <ele>29.521406</ele>
        <time>2026-07-22T10:03:06.867Z</time>
      </trkpt>
      <trkpt lat="54.667429" lon="9.820855">
        <ele>29.786414</ele>
        <time>2026-07-22T10:03:09.385Z</time>
      </trkpt>
      <trkpt lat="54.667008" lon="9.821072">
        <ele>30.952510</ele>
        <time>2026-07-22T10:03:18.437Z</time>
      </trkpt>
      <trkpt lat="54.666572" lon="9.821093">
        <ele>31.765309</ele>
        <time>2026-07-22T10:03:26.415Z</time>
      </trkpt>
      <trkpt lat="54.666225" lon="9.821183">
        <ele>32.095910</ele>
        <time>2026-07-22T10:03:31.868Z</time>
      </trkpt>
      <trkpt lat="54.665813" lon="9.821198">
        <ele>31.397718</ele>
        <time>2026-07-22T10:03:35.640Z</time>
      </trkpt>
      <trkpt lat="54.665782" lon="9.821199">
        <ele>31.311938</ele>
        <time>2026-07-22T10:03:35.870Z</time>
      </trkpt>
      <trkpt lat="54.665597" lon="9.821251">
        <ele>30.506506</ele>
        <time>2026-07-22T10:03:37.245Z</time>
      </trkpt>
      <trkpt lat="54.665033" lon="9.821594">
        <ele>29.118624</ele>
        <time>2026-07-22T10:03:42.407Z</time>
      </trkpt>
      <trkpt lat="54.664950" lon="9.821713">
        <ele>29.051167</ele>
        <time>2026-07-22T10:03:43.614Z</time>
      </trkpt>
      <trkpt lat="54.664932" lon="9.821816">
        <ele>29.037855</ele>
        <time>2026-07-22T10:03:44.477Z</time>
      </trkpt>
      <trkpt lat="54.664948" lon="9.822598">
        <ele>29.561501</ele>
        <time>2026-07-22T10:03:51.596Z</time>
      </trkpt>
      <trkpt lat="54.664920" lon="9.822950">
        <ele>30.069736</ele>
        <time>2026-07-22T10:03:55.766Z</time>
      </trkpt>
      <trkpt lat="54.664803" lon="9.823145">
        <ele>30.321700</ele>
        <time>2026-07-22T10:03:58.680Z</time>
      </trkpt>
      <trkpt lat="54.663920" lon="9.823758">
        <ele>30.809777</ele>
        <time>2026-07-22T10:04:11.151Z</time>
      </trkpt>
      <trkpt lat="54.663785" lon="9.823803">
        <ele>30.920451</ele>
        <time>2026-07-22T10:04:13.126Z</time>
      </trkpt>
      <trkpt lat="54.663018" lon="9.823903">
        <ele>31.685796</ele>
        <time>2026-07-22T10:04:24.887Z</time>
      </trkpt>
      <trkpt lat="54.662657" lon="9.823851">
        <ele>31.849510</ele>
        <time>2026-07-22T10:04:29.920Z</time>
      </trkpt>
      <trkpt lat="54.662119" lon="9.823837">
        <ele>31.799396</ele>
        <time>2026-07-22T10:04:35.803Z</time>
      </trkpt>
      <trkpt lat="54.662064" lon="9.823917">
        <ele>32.051611</ele>
        <time>2026-07-22T10:04:37.167Z</time>
      </trkpt>
      <trkpt lat="54.662030" lon="9.824042">
        <ele>32.338565</ele>
        <time>2026-07-22T10:04:39.319Z</time>
      </trkpt>
      <trkpt lat="54.662105" lon="9.824290">
        <ele>32.435755</ele>
        <time>2026-07-22T10:04:43.499Z</time>
      </trkpt>
      <trkpt lat="54.662030" lon="9.824042">
        <ele>31.958230</ele>
        <time>2026-07-22T10:04:44.701Z</time>
      </trkpt>
      <trkpt lat="54.661885" lon="9.823807">
        <ele>30.256832</ele>
        <time>2026-07-22T10:04:46.081Z</time>
      </trkpt>
      <trkpt lat="54.661813" lon="9.823761">
        <ele>29.765258</ele>
        <time>2026-07-22T10:04:46.632Z</time>
      </trkpt>
      <trkpt lat="54.661564" lon="9.823353">
        <ele>27.965896</ele>
        <time>2026-07-22T10:04:49.177Z</time>
      </trkpt>
      <trkpt lat="54.661460" lon="9.822731">
        <ele>27.489647</ele>
        <time>2026-07-22T10:04:52.825Z</time>
      </trkpt>
      <trkpt lat="54.661367" lon="9.821765">
        <ele>27.719177</ele>
        <time>2026-07-22T10:05:00.675Z</time>
      </trkpt>
      <trkpt lat="54.661323" lon="9.821642">
        <ele>27.795991</ele>
        <time>2026-07-22T10:05:01.963Z</time>
      </trkpt>
      <trkpt lat="54.660881" lon="9.820556">
        <ele>28.434145</ele>
        <time>2026-07-22T10:05:13.274Z</time>
      </trkpt>
      <trkpt lat="54.660358" lon="9.819290">
        <ele>27.960111</ele>
        <time>2026-07-22T10:05:22.446Z</time>
      </trkpt>
      <trkpt lat="54.660235" lon="9.819370">
        <ele>28.077113</ele>
        <time>2026-07-22T10:05:24.587Z</time>
      </trkpt>
      <trkpt lat="54.660090" lon="9.819144">
        <ele>28.298246</ele>
        <time>2026-07-22T10:05:28.056Z</time>
      </trkpt>
      <trkpt lat="54.659785" lon="9.818708">
        <ele>28.342039</ele>
        <time>2026-07-22T10:05:32.608Z</time>
      </trkpt>
      <trkpt lat="54.659464" lon="9.818332">
        <ele>27.669191</ele>
        <time>2026-07-22T10:05:36.083Z</time>
      </trkpt>
      <trkpt lat="54.659183" lon="9.818056">
        <ele>26.925560</ele>
        <time>2026-07-22T10:05:38.871Z</time>
      </trkpt>
      <trkpt lat="54.658625" lon="9.817635">
        <ele>25.738205</ele>
        <time>2026-07-22T10:05:44.185Z</time>
      </trkpt>
      <trkpt lat="54.658433" lon="9.817424">
        <ele>25.516035</ele>
        <time>2026-07-22T10:05:46.418Z</time>
      </trkpt>
      <trkpt lat="54.658281" lon="9.817146">
        <ele>25.435625</ele>
        <time>2026-07-22T10:05:48.923Z</time>
      </trkpt>
      <trkpt lat="54.658111" lon="9.816571">
        <ele>25.594941</ele>
        <time>2026-07-22T10:05:53.988Z</time>
      </trkpt>
      <trkpt lat="54.657977" lon="9.816258">
        <ele>25.717397</ele>
        <time>2026-07-22T10:05:57.067Z</time>
      </trkpt>
      <trkpt lat="54.657883" lon="9.816108">
        <ele>25.794635</ele>
        <time>2026-07-22T10:05:58.817Z</time>
      </trkpt>
      <trkpt lat="54.657730" lon="9.816033">
        <ele>25.902302</ele>
        <time>2026-07-22T10:06:00.977Z</time>
      </trkpt>
      <trkpt lat="54.657029" lon="9.816116">
        <ele>26.413906</ele>
        <time>2026-07-22T10:06:11.042Z</time>
      </trkpt>
      <trkpt lat="54.656102" lon="9.816327">
        <ele>27.445717</ele>
        <time>2026-07-22T10:06:25.401Z</time>
      </trkpt>
      <trkpt lat="54.655923" lon="9.816296">
        <ele>27.442322</ele>
        <time>2026-07-22T10:06:27.542Z</time>
      </trkpt>
      <trkpt lat="54.655406" lon="9.815958">
        <ele>26.587140</ele>
        <time>2026-07-22T10:06:32.561Z</time>
      </trkpt>
      <trkpt lat="54.654857" lon="9.815502">
        <ele>25.542071</ele>
        <time>2026-07-22T10:06:38.052Z</time>
      </trkpt>
      <trkpt lat="54.654718" lon="9.815439">
        <ele>25.420174</ele>
        <time>2026-07-22T10:06:39.435Z</time>
      </trkpt>
      <trkpt lat="54.654143" lon="9.815325">
        <ele>25.214379</ele>
        <time>2026-07-22T10:06:45.645Z</time>
      </trkpt>
      <trkpt lat="54.653284" lon="9.814704">
        <ele>26.201546</ele>
        <time>2026-07-22T10:07:00.095Z</time>
      </trkpt>
      <trkpt lat="54.653036" lon="9.814690">
        <ele>26.456086</ele>
        <time>2026-07-22T10:07:04.057Z</time>
      </trkpt>
      <trkpt lat="54.652801" lon="9.814764">
        <ele>26.671126</ele>
        <time>2026-07-22T10:07:07.347Z</time>
      </trkpt>
      <trkpt lat="54.652573" lon="9.814807">
        <ele>26.907804</ele>
        <time>2026-07-22T10:07:11.218Z</time>
      </trkpt>
      <trkpt lat="54.652416" lon="9.814713">
        <ele>26.954630</ele>
        <time>2026-07-22T10:07:13.231Z</time>
      </trkpt>
      <trkpt lat="54.652298" lon="9.814559">
        <ele>26.877722</ele>
        <time>2026-07-22T10:07:14.743Z</time>
      </trkpt>
      <trkpt lat="54.651661" lon="9.813326">
        <ele>25.442696</ele>
        <time>2026-07-22T10:07:23.684Z</time>
      </trkpt>
      <trkpt lat="54.651260" lon="9.812993">
        <ele>23.679286</ele>
        <time>2026-07-22T10:07:27.102Z</time>
      </trkpt>
      <trkpt lat="54.651126" lon="9.812817">
        <ele>23.120274</ele>
        <time>2026-07-22T10:07:28.481Z</time>
      </trkpt>
      <trkpt lat="54.650621" lon="9.811693">
        <ele>21.180474</ele>
        <time>2026-07-22T10:07:35.518Z</time>
      </trkpt>
      <trkpt lat="54.650142" lon="9.810547">
        <ele>19.069204</ele>
        <time>2026-07-22T10:07:42.347Z</time>
      </trkpt>
      <trkpt lat="54.649075" lon="9.808719">
        <ele>16.421461</ele>
        <time>2026-07-22T10:07:55.877Z</time>
      </trkpt>
      <trkpt lat="54.648907" lon="9.808277">
        <ele>16.119290</ele>
        <time>2026-07-22T10:07:58.876Z</time>
      </trkpt>
      <trkpt lat="54.648653" lon="9.807933">
        <ele>16.160629</ele>
        <time>2026-07-22T10:08:02.194Z</time>
      </trkpt>
      <trkpt lat="54.648580" lon="9.807838">
        <ele>16.573799</ele>
        <time>2026-07-22T10:08:04.789Z</time>
      </trkpt>
      <trkpt lat="54.648424" lon="9.807608">
        <ele>18.154969</ele>
        <time>2026-07-22T10:08:13.593Z</time>
      </trkpt>
      <trkpt lat="54.648365" lon="9.807521">
        <ele>18.591713</ele>
        <time>2026-07-22T10:08:16.498Z</time>
      </trkpt>
      <trkpt lat="54.648166" lon="9.807148">
        <ele>19.598899</ele>
        <time>2026-07-22T10:08:22.813Z</time>
      </trkpt>
      <trkpt lat="54.647913" lon="9.806482">
        <ele>19.176612</ele>
        <time>2026-07-22T10:08:27.079Z</time>
      </trkpt>
      <trkpt lat="54.647624" lon="9.805927">
        <ele>18.564179</ele>
        <time>2026-07-22T10:08:30.947Z</time>
      </trkpt>
      <trkpt lat="54.647539" lon="9.805844">
        <ele>18.648224</ele>
        <time>2026-07-22T10:08:32.439Z</time>
      </trkpt>
      <trkpt lat="54.647365" lon="9.805687">
        <ele>19.322225</ele>
        <time>2026-07-22T10:08:37.420Z</time>
      </trkpt>
      <trkpt lat="54.647205" lon="9.805613">
        <ele>20.071592</ele>
        <time>2026-07-22T10:08:42.000Z</time>
      </trkpt>
      <trkpt lat="54.647010" lon="9.805575">
        <ele>20.714661</ele>
        <time>2026-07-22T10:08:46.738Z</time>
      </trkpt>
      <trkpt lat="54.646667" lon="9.805609">
        <ele>21.093969</ele>
        <time>2026-07-22T10:08:51.669Z</time>
      </trkpt>
      <trkpt lat="54.646518" lon="9.805695">
        <ele>21.160783</ele>
        <time>2026-07-22T10:08:53.641Z</time>
      </trkpt>
      <trkpt lat="54.646317" lon="9.805919">
        <ele>21.112614</ele>
        <time>2026-07-22T10:08:56.265Z</time>
      </trkpt>
      <trkpt lat="54.646097" lon="9.806225">
        <ele>21.100000</ele>
        <time>2026-07-22T10:08:59.701Z</time>
      </trkpt>
      <trkpt lat="54.645866" lon="9.806762">
        <ele>21.117310</ele>
        <time>2026-07-22T10:09:04.094Z</time>
      </trkpt>
      <trkpt lat="54.645727" lon="9.807003">
        <ele>21.172501</ele>
        <time>2026-07-22T10:09:06.935Z</time>
      </trkpt>
      <trkpt lat="54.645651" lon="9.807054">
        <ele>21.168351</ele>
        <time>2026-07-22T10:09:07.866Z</time>
      </trkpt>
      <trkpt lat="54.645516" lon="9.807015">
        <ele>21.105450</ele>
        <time>2026-07-22T10:09:09.202Z</time>
      </trkpt>
      <trkpt lat="54.644860" lon="9.805747">
        <ele>20.759152</ele>
        <time>2026-07-22T10:09:19.862Z</time>
      </trkpt>
      <trkpt lat="54.643923" lon="9.803692">
        <ele>22.004339</ele>
        <time>2026-07-22T10:09:42.098Z</time>
      </trkpt>
      <trkpt lat="54.643837" lon="9.803588">
        <ele>22.127151</ele>
        <time>2026-07-22T10:09:43.701Z</time>
      </trkpt>
      <trkpt lat="54.643315" lon="9.803667">
        <ele>22.813480</ele>
        <time>2026-07-22T10:09:52.016Z</time>
      </trkpt>
      <trkpt lat="54.642756" lon="9.803779">
        <ele>23.576858</ele>
        <time>2026-07-22T10:10:01.732Z</time>
      </trkpt>
      <trkpt lat="54.642544" lon="9.803195">
        <ele>23.262345</ele>
        <time>2026-07-22T10:10:05.445Z</time>
      </trkpt>
      <trkpt lat="54.642283" lon="9.802656">
        <ele>23.628076</ele>
        <time>2026-07-22T10:10:11.120Z</time>
      </trkpt>
      <trkpt lat="54.641924" lon="9.801894">
        <ele>25.653858</ele>
        <time>2026-07-22T10:10:24.287Z</time>
      </trkpt>
      <trkpt lat="54.641593" lon="9.801215">
        <ele>28.489975</ele>
        <time>2026-07-22T10:10:40.331Z</time>
      </trkpt>
      <trkpt lat="54.641509" lon="9.800858">
        <ele>29.348126</ele>
        <time>2026-07-22T10:10:46.061Z</time>
      </trkpt>
      <trkpt lat="54.641376" lon="9.800532">
        <ele>29.835538</ele>
        <time>2026-07-22T10:10:49.819Z</time>
      </trkpt>
      <trkpt lat="54.641087" lon="9.799808">
        <ele>30.751689</ele>
        <time>2026-07-22T10:10:59.004Z</time>
      </trkpt>
      <trkpt lat="54.640977" lon="9.799372">
        <ele>30.943576</ele>
        <time>2026-07-22T10:11:02.730Z</time>
      </trkpt>
      <trkpt lat="54.640822" lon="9.796542">
        <ele>29.809948</ele>
        <time>2026-07-22T10:11:19.517Z</time>
      </trkpt>
      <trkpt lat="54.640733" lon="9.796278">
        <ele>29.709752</ele>
        <time>2026-07-22T10:11:21.401Z</time>
      </trkpt>
      <trkpt lat="54.640636" lon="9.795802">
        <ele>29.568660</ele>
        <time>2026-07-22T10:11:24.506Z</time>
      </trkpt>
      <trkpt lat="54.640638" lon="9.795629">
        <ele>29.506108</ele>
        <time>2026-07-22T10:11:25.554Z</time>
      </trkpt>
      <trkpt lat="54.640600" lon="9.795384">
        <ele>29.386703</ele>
        <time>2026-07-22T10:11:27.056Z</time>
      </trkpt>
      <trkpt lat="54.640279" lon="9.794274">
        <ele>28.747569</ele>
        <time>2026-07-22T10:11:34.095Z</time>
      </trkpt>
      <trkpt lat="54.640162" lon="9.794374">
        <ele>28.812784</ele>
        <time>2026-07-22T10:11:35.776Z</time>
      </trkpt>
      <trkpt lat="54.640084" lon="9.794436">
        <ele>28.916072</ele>
        <time>2026-07-22T10:11:37.215Z</time>
      </trkpt>
      <trkpt lat="54.639845" lon="9.793791">
        <ele>29.548941</ele>
        <time>2026-07-22T10:11:44.785Z</time>
      </trkpt>
      <trkpt lat="54.639739" lon="9.793181">
        <ele>29.831367</ele>
        <time>2026-07-22T10:11:49.988Z</time>
      </trkpt>
      <trkpt lat="54.639750" lon="9.792944">
        <ele>29.958763</ele>
        <time>2026-07-22T10:11:51.693Z</time>
      </trkpt>
      <trkpt lat="54.639424" lon="9.791908">
        <ele>31.707397</ele>
        <time>2026-07-22T10:12:05.499Z</time>
      </trkpt>
      <trkpt lat="54.638966" lon="9.790860">
        <ele>33.866387</ele>
        <time>2026-07-22T10:12:21.792Z</time>
      </trkpt>
      <trkpt lat="54.638664" lon="9.790308">
        <ele>34.993609</ele>
        <time>2026-07-22T10:12:30.104Z</time>
      </trkpt>
      <trkpt lat="54.638412" lon="9.789841">
        <ele>36.248723</ele>
        <time>2026-07-22T10:12:39.202Z</time>
      </trkpt>
      <trkpt lat="54.638290" lon="9.789610">
        <ele>36.178267</ele>
        <time>2026-07-22T10:12:41.821Z</time>
      </trkpt>
      <trkpt lat="54.638238" lon="9.789511">
        <ele>36.138062</ele>
        <time>2026-07-22T10:12:42.842Z</time>
      </trkpt>
      <trkpt lat="54.638115" lon="9.789238">
        <ele>36.001157</ele>
        <time>2026-07-22T10:12:46.022Z</time>
      </trkpt>
      <trkpt lat="54.637970" lon="9.788893">
        <ele>35.231061</ele>
        <time>2026-07-22T10:12:48.887Z</time>
      </trkpt>
      <trkpt lat="54.637824" lon="9.788368">
        <ele>33.830758</ele>
        <time>2026-07-22T10:12:52.537Z</time>
      </trkpt>
      <trkpt lat="54.637700" lon="9.787721">
        <ele>33.300172</ele>
        <time>2026-07-22T10:12:58.102Z</time>
      </trkpt>
      <trkpt lat="54.637647" lon="9.787274">
        <ele>32.834595</ele>
        <time>2026-07-22T10:13:01.944Z</time>
      </trkpt>
      <trkpt lat="54.637562" lon="9.785935">
        <ele>28.891869</ele>
        <time>2026-07-22T10:13:10.241Z</time>
      </trkpt>
      <trkpt lat="54.637551" lon="9.785736">
        <ele>28.684556</ele>
        <time>2026-07-22T10:13:11.617Z</time>
      </trkpt>
      <trkpt lat="54.637544" lon="9.785612">
        <ele>28.555352</ele>
        <time>2026-07-22T10:13:12.659Z</time>
      </trkpt>
      <trkpt lat="54.637513" lon="9.785088">
        <ele>28.839176</ele>
        <time>2026-07-22T10:13:18.960Z</time>
      </trkpt>
      <trkpt lat="54.637442" lon="9.784487">
        <ele>28.909494</ele>
        <time>2026-07-22T10:13:25.119Z</time>
      </trkpt>
      <trkpt lat="54.637365" lon="9.784112">
        <ele>28.671357</ele>
        <time>2026-07-22T10:13:28.112Z</time>
      </trkpt>
      <trkpt lat="54.637308" lon="9.783870">
        <ele>28.643619</ele>
        <time>2026-07-22T10:13:30.371Z</time>
      </trkpt>
      <trkpt lat="54.637175" lon="9.783343">
        <ele>28.664941</ele>
        <time>2026-07-22T10:13:36.657Z</time>
      </trkpt>
      <trkpt lat="54.637028" lon="9.782802">
        <ele>27.665258</ele>
        <time>2026-07-22T10:13:40.543Z</time>
      </trkpt>
      <trkpt lat="54.636613" lon="9.781272">
        <ele>26.818601</ele>
        <time>2026-07-22T10:13:54.393Z</time>
      </trkpt>
      <trkpt lat="54.636510" lon="9.780910">
        <ele>27.210005</ele>
        <time>2026-07-22T10:13:59.793Z</time>
      </trkpt>
      <trkpt lat="54.636177" lon="9.779764">
        <ele>28.850455</ele>
        <time>2026-07-22T10:14:17.481Z</time>
      </trkpt>
      <trkpt lat="54.635992" lon="9.779087">
        <ele>29.263788</ele>
        <time>2026-07-22T10:14:26.106Z</time>
      </trkpt>
      <trkpt lat="54.635883" lon="9.778701">
        <ele>28.782188</ele>
        <time>2026-07-22T10:14:29.131Z</time>
      </trkpt>
      <trkpt lat="54.635705" lon="9.778028">
        <ele>27.757710</ele>
        <time>2026-07-22T10:14:34.212Z</time>
      </trkpt>
      <trkpt lat="54.635574" lon="9.777525">
        <ele>27.889987</ele>
        <time>2026-07-22T10:14:40.707Z</time>
      </trkpt>
      <trkpt lat="54.635554" lon="9.777447">
        <ele>27.907995</ele>
        <time>2026-07-22T10:14:41.545Z</time>
      </trkpt>
      <trkpt lat="54.635518" lon="9.777170">
        <ele>27.732007</ele>
        <time>2026-07-22T10:14:43.783Z</time>
      </trkpt>
      <trkpt lat="54.635519" lon="9.776726">
        <ele>27.166221</ele>
        <time>2026-07-22T10:14:46.929Z</time>
      </trkpt>
      <trkpt lat="54.635529" lon="9.776515">
        <ele>26.894381</ele>
        <time>2026-07-22T10:14:48.375Z</time>
      </trkpt>
      <trkpt lat="54.635565" lon="9.775856">
        <ele>26.369378</ele>
        <time>2026-07-22T10:14:53.549Z</time>
      </trkpt>
      <trkpt lat="54.635554" lon="9.775690">
        <ele>26.307045</ele>
        <time>2026-07-22T10:14:54.790Z</time>
      </trkpt>
      <trkpt lat="54.635454" lon="9.774995">
        <ele>26.419535</ele>
        <time>2026-07-22T10:15:01.821Z</time>
      </trkpt>
      <trkpt lat="54.635403" lon="9.774615">
        <ele>27.008732</ele>
        <time>2026-07-22T10:15:07.635Z</time>
      </trkpt>
      <trkpt lat="54.635325" lon="9.774003">
        <ele>28.015351</ele>
        <time>2026-07-22T10:15:17.317Z</time>
      </trkpt>
      <trkpt lat="54.635299" lon="9.773766">
        <ele>27.874188</ele>
        <time>2026-07-22T10:15:19.305Z</time>
      </trkpt>
      <trkpt lat="54.635290" lon="9.773649">
        <ele>27.686195</ele>
        <time>2026-07-22T10:15:20.100Z</time>
      </trkpt>
      <trkpt lat="54.635287" lon="9.773576">
        <ele>27.569630</ele>
        <time>2026-07-22T10:15:20.573Z</time>
      </trkpt>
      <trkpt lat="54.635290" lon="9.773433">
        <ele>27.223131</ele>
        <time>2026-07-22T10:15:21.463Z</time>
      </trkpt>
      <trkpt lat="54.635297" lon="9.773288">
        <ele>26.824362</ele>
        <time>2026-07-22T10:15:22.349Z</time>
      </trkpt>
      <trkpt lat="54.635319" lon="9.772975">
        <ele>26.430692</ele>
        <time>2026-07-22T10:15:24.439Z</time>
      </trkpt>
      <trkpt lat="54.635423" lon="9.772399">
        <ele>26.973808</ele>
        <time>2026-07-22T10:15:33.055Z</time>
      </trkpt>
      <trkpt lat="54.635465" lon="9.772205">
        <ele>27.165036</ele>
        <time>2026-07-22T10:15:35.702Z</time>
      </trkpt>
      <trkpt lat="54.635499" lon="9.772053">
        <ele>27.315483</ele>
        <time>2026-07-22T10:15:37.645Z</time>
      </trkpt>
      <trkpt lat="54.635567" lon="9.771786">
        <ele>26.974568</ele>
        <time>2026-07-22T10:15:40.191Z</time>
      </trkpt>
      <trkpt lat="54.635599" lon="9.771681">
        <ele>26.812473</ele>
        <time>2026-07-22T10:15:40.924Z</time>
      </trkpt>
      <trkpt lat="54.635668" lon="9.771437">
        <ele>26.041214</ele>
        <time>2026-07-22T10:15:42.497Z</time>
      </trkpt>
      <trkpt lat="54.635869" lon="9.770801">
        <ele>26.300686</ele>
        <time>2026-07-22T10:15:50.919Z</time>
      </trkpt>
      <trkpt lat="54.636334" lon="9.769405">
        <ele>30.556034</ele>
        <time>2026-07-22T10:16:20.416Z</time>
      </trkpt>
      <trkpt lat="54.636446" lon="9.768914">
        <ele>31.645605</ele>
        <time>2026-07-22T10:16:29.057Z</time>
      </trkpt>
      <trkpt lat="54.636480" lon="9.768671">
        <ele>31.616468</ele>
        <time>2026-07-22T10:16:31.517Z</time>
      </trkpt>
      <trkpt lat="54.636514" lon="9.768381">
        <ele>31.342670</ele>
        <time>2026-07-22T10:16:33.528Z</time>
      </trkpt>
      <trkpt lat="54.636536" lon="9.768211">
        <ele>31.102994</ele>
        <time>2026-07-22T10:16:34.722Z</time>
      </trkpt>
      <trkpt lat="54.636672" lon="9.767137">
        <ele>31.102613</ele>
        <time>2026-07-22T10:16:45.251Z</time>
      </trkpt>
      <trkpt lat="54.636780" lon="9.766350">
        <ele>31.286380</ele>
        <time>2026-07-22T10:16:53.121Z</time>
      </trkpt>
      <trkpt lat="54.636797" lon="9.766222">
        <ele>31.366686</ele>
        <time>2026-07-22T10:16:55.024Z</time>
      </trkpt>
      <trkpt lat="54.636826" lon="9.765984">
        <ele>31.559412</ele>
        <time>2026-07-22T10:16:57.996Z</time>
      </trkpt>
      <trkpt lat="54.636844" lon="9.765875">
        <ele>31.654369</ele>
        <time>2026-07-22T10:16:59.095Z</time>
      </trkpt>
      <trkpt lat="54.636939" lon="9.765341">
        <ele>32.163550</ele>
        <time>2026-07-22T10:17:06.156Z</time>
      </trkpt>
      <trkpt lat="54.637071" lon="9.764814">
        <ele>32.510744</ele>
        <time>2026-07-22T10:17:12.949Z</time>
      </trkpt>
      <trkpt lat="54.637149" lon="9.764571">
        <ele>32.365246</ele>
        <time>2026-07-22T10:17:15.014Z</time>
      </trkpt>
      <trkpt lat="54.637445" lon="9.763749">
        <ele>32.276678</ele>
        <time>2026-07-22T10:17:23.987Z</time>
      </trkpt>
      <trkpt lat="54.637645" lon="9.763160">
        <ele>32.166499</ele>
        <time>2026-07-22T10:17:29.915Z</time>
      </trkpt>
      <trkpt lat="54.637766" lon="9.762831">
        <ele>32.476678</ele>
        <time>2026-07-22T10:17:34.803Z</time>
      </trkpt>
      <trkpt lat="54.637871" lon="9.762514">
        <ele>32.666384</ele>
        <time>2026-07-22T10:17:38.804Z</time>
      </trkpt>
      <trkpt lat="54.638469" lon="9.760812">
        <ele>32.677156</ele>
        <time>2026-07-22T10:17:57.360Z</time>
      </trkpt>
      <trkpt lat="54.638546" lon="9.760586">
        <ele>32.577972</ele>
        <time>2026-07-22T10:17:59.623Z</time>
      </trkpt>
      <trkpt lat="54.638643" lon="9.760278">
        <ele>32.387647</ele>
        <time>2026-07-22T10:18:02.456Z</time>
      </trkpt>
      <trkpt lat="54.639113" lon="9.758758">
        <ele>31.150225</ele>
        <time>2026-07-22T10:18:15.946Z</time>
      </trkpt>
      <trkpt lat="54.639307" lon="9.757986">
        <ele>29.977090</ele>
        <time>2026-07-22T10:18:21.780Z</time>
      </trkpt>
      <trkpt lat="54.639338" lon="9.757844">
        <ele>29.850339</ele>
        <time>2026-07-22T10:18:22.992Z</time>
      </trkpt>
      <trkpt lat="54.639502" lon="9.757081">
        <ele>29.412424</ele>
        <time>2026-07-22T10:18:29.613Z</time>
      </trkpt>
      <trkpt lat="54.639644" lon="9.756247">
        <ele>29.087930</ele>
        <time>2026-07-22T10:18:37.157Z</time>
      </trkpt>
      <trkpt lat="54.639732" lon="9.755558">
        <ele>28.662704</ele>
        <time>2026-07-22T10:18:42.733Z</time>
      </trkpt>
      <trkpt lat="54.639806" lon="9.755423">
        <ele>28.520734</ele>
        <time>2026-07-22T10:18:43.754Z</time>
      </trkpt>
      <trkpt lat="54.639870" lon="9.754771">
        <ele>28.013959</ele>
        <time>2026-07-22T10:18:47.353Z</time>
      </trkpt>
      <trkpt lat="54.639921" lon="9.753778">
        <ele>27.507606</ele>
        <time>2026-07-22T10:18:53.006Z</time>
      </trkpt>
      <trkpt lat="54.639944" lon="9.753307">
        <ele>27.308826</ele>
        <time>2026-07-22T10:18:55.926Z</time>
      </trkpt>
      <trkpt lat="54.639933" lon="9.752045">
        <ele>26.886600</ele>
        <time>2026-07-22T10:19:03.537Z</time>
      </trkpt>
      <trkpt lat="54.639878" lon="9.751021">
        <ele>26.307432</ele>
        <time>2026-07-22T10:19:09.315Z</time>
      </trkpt>
      <trkpt lat="54.639716" lon="9.749455">
        <ele>25.505116</ele>
        <time>2026-07-22T10:19:18.601Z</time>
      </trkpt>
      <trkpt lat="54.639695" lon="9.749004">
        <ele>25.389908</ele>
        <time>2026-07-22T10:19:21.135Z</time>
      </trkpt>
      <trkpt lat="54.639710" lon="9.748592">
        <ele>25.691304</ele>
        <time>2026-07-22T10:19:25.455Z</time>
      </trkpt>
      <trkpt lat="54.639772" lon="9.748221">
        <ele>25.971592</ele>
        <time>2026-07-22T10:19:28.988Z</time>
      </trkpt>
      <trkpt lat="54.639865" lon="9.747892">
        <ele>26.082271</ele>
        <time>2026-07-22T10:19:31.673Z</time>
      </trkpt>
      <trkpt lat="54.639857" lon="9.747765">
        <ele>26.104315</ele>
        <time>2026-07-22T10:19:32.562Z</time>
      </trkpt>
      <trkpt lat="54.640126" lon="9.747194">
        <ele>26.224834</ele>
        <time>2026-07-22T10:19:40.038Z</time>
      </trkpt>
      <trkpt lat="54.640206" lon="9.746903">
        <ele>26.346543</ele>
        <time>2026-07-22T10:19:43.407Z</time>
      </trkpt>
      <trkpt lat="54.640251" lon="9.746639">
        <ele>26.259229</ele>
        <time>2026-07-22T10:19:45.748Z</time>
      </trkpt>
      <trkpt lat="54.640260" lon="9.746494">
        <ele>26.203980</ele>
        <time>2026-07-22T10:19:46.875Z</time>
      </trkpt>
      <trkpt lat="54.640271" lon="9.746337">
        <ele>26.134501</ele>
        <time>2026-07-22T10:19:48.127Z</time>
      </trkpt>
      <trkpt lat="54.640266" lon="9.745982">
        <ele>26.000599</ele>
        <time>2026-07-22T10:19:51.251Z</time>
      </trkpt>
      <trkpt lat="54.640220" lon="9.745619">
        <ele>25.880987</ele>
        <time>2026-07-22T10:19:54.446Z</time>
      </trkpt>
      <trkpt lat="54.640124" lon="9.745024">
        <ele>25.584781</ele>
        <time>2026-07-22T10:19:59.561Z</time>
      </trkpt>
      <trkpt lat="54.640093" lon="9.744754">
        <ele>25.632746</ele>
        <time>2026-07-22T10:20:01.766Z</time>
      </trkpt>
      <trkpt lat="54.640074" lon="9.744362">
        <ele>26.053226</ele>
        <time>2026-07-22T10:20:07.462Z</time>
      </trkpt>
      <trkpt lat="54.640082" lon="9.743964">
        <ele>26.453544</ele>
        <time>2026-07-22T10:20:12.726Z</time>
      </trkpt>
      <trkpt lat="54.640094" lon="9.743692">
        <ele>26.599995</ele>
        <time>2026-07-22T10:20:15.040Z</time>
      </trkpt>
      <trkpt lat="54.640129" lon="9.742784">
        <ele>27.148404</ele>
        <time>2026-07-22T10:20:25.229Z</time>
      </trkpt>
      <trkpt lat="54.640112" lon="9.742024">
        <ele>28.478743</ele>
        <time>2026-07-22T10:20:37.750Z</time>
      </trkpt>
      <trkpt lat="54.640042" lon="9.741493">
        <ele>28.493139</ele>
        <time>2026-07-22T10:20:42.544Z</time>
      </trkpt>
      <trkpt lat="54.640014" lon="9.741300">
        <ele>28.091683</ele>
        <time>2026-07-22T10:20:43.899Z</time>
      </trkpt>
      <trkpt lat="54.639920" lon="9.740837">
        <ele>27.059537</ele>
        <time>2026-07-22T10:20:47.021Z</time>
      </trkpt>
      <trkpt lat="54.639939" lon="9.740638">
        <ele>26.861063</ele>
        <time>2026-07-22T10:20:48.120Z</time>
      </trkpt>
      <trkpt lat="54.639907" lon="9.740426">
        <ele>26.776935</ele>
        <time>2026-07-22T10:20:49.727Z</time>
      </trkpt>
      <trkpt lat="54.639907" lon="9.740232">
        <ele>26.606301</ele>
        <time>2026-07-22T10:20:50.810Z</time>
      </trkpt>
      <trkpt lat="54.639942" lon="9.740116">
        <ele>26.476329</ele>
        <time>2026-07-22T10:20:51.453Z</time>
      </trkpt>
      <trkpt lat="54.639909" lon="9.739999">
        <ele>26.372602</ele>
        <time>2026-07-22T10:20:52.085Z</time>
      </trkpt>
      <trkpt lat="54.639862" lon="9.739870">
        <ele>26.350291</ele>
        <time>2026-07-22T10:20:52.993Z</time>
      </trkpt>
      <trkpt lat="54.639748" lon="9.739867">
        <ele>26.321456</ele>
        <time>2026-07-22T10:20:54.670Z</time>
      </trkpt>
      <trkpt lat="54.639641" lon="9.739700">
        <ele>26.604510</ele>
        <time>2026-07-22T10:20:57.046Z</time>
      </trkpt>
      <trkpt lat="54.639583" lon="9.739740">
        <ele>26.732201</ele>
        <time>2026-07-22T10:20:58.238Z</time>
      </trkpt>
      <trkpt lat="54.639358" lon="9.739171">
        <ele>27.802571</ele>
        <time>2026-07-22T10:21:08.976Z</time>
      </trkpt>
      <trkpt lat="54.639145" lon="9.738656">
        <ele>27.814346</ele>
        <time>2026-07-22T10:21:14.343Z</time>
      </trkpt>
      <trkpt lat="54.638799" lon="9.737720">
        <ele>27.603492</ele>
        <time>2026-07-22T10:21:24.169Z</time>
      </trkpt>
      <trkpt lat="54.638356" lon="9.736468">
        <ele>27.294566</ele>
        <time>2026-07-22T10:21:37.196Z</time>
      </trkpt>
      <trkpt lat="54.638320" lon="9.736116">
        <ele>26.749886</ele>
        <time>2026-07-22T10:21:38.863Z</time>
      </trkpt>
      <trkpt lat="54.638023" lon="9.735252">
        <ele>25.659818</ele>
        <time>2026-07-22T10:21:44.015Z</time>
      </trkpt>
      <trkpt lat="54.637778" lon="9.734431">
        <ele>25.035322</ele>
        <time>2026-07-22T10:21:49.189Z</time>
      </trkpt>
      <trkpt lat="54.637543" lon="9.733324">
        <ele>24.795018</ele>
        <time>2026-07-22T10:21:56.834Z</time>
      </trkpt>
      <trkpt lat="54.637254" lon="9.731747">
        <ele>24.358991</ele>
        <time>2026-07-22T10:22:07.175Z</time>
      </trkpt>
      <trkpt lat="54.637048" lon="9.730904">
        <ele>23.586042</ele>
        <time>2026-07-22T10:22:11.991Z</time>
      </trkpt>
      <trkpt lat="54.636750" lon="9.730016">
        <ele>22.637813</ele>
        <time>2026-07-22T10:22:17.423Z</time>
      </trkpt>
      <trkpt lat="54.636574" lon="9.729600">
        <ele>22.370723</ele>
        <time>2026-07-22T10:22:20.392Z</time>
      </trkpt>
      <trkpt lat="54.636264" lon="9.728975">
        <ele>21.946640</ele>
        <time>2026-07-22T10:22:25.060Z</time>
      </trkpt>
      <trkpt lat="54.635920" lon="9.728417">
        <ele>21.811137</ele>
        <time>2026-07-22T10:22:30.269Z</time>
      </trkpt>
      <trkpt lat="54.635668" lon="9.728077">
        <ele>21.792650</ele>
        <time>2026-07-22T10:22:34.165Z</time>
      </trkpt>
      <trkpt lat="54.635275" lon="9.727629">
        <ele>21.700420</ele>
        <time>2026-07-22T10:22:39.358Z</time>
      </trkpt>
      <trkpt lat="54.634837" lon="9.727234">
        <ele>21.429223</ele>
        <time>2026-07-22T10:22:44.980Z</time>
      </trkpt>
      <trkpt lat="54.634483" lon="9.726979">
        <ele>20.314434</ele>
        <time>2026-07-22T10:22:48.074Z</time>
      </trkpt>
      <trkpt lat="54.634161" lon="9.726809">
        <ele>19.338238</ele>
        <time>2026-07-22T10:22:50.838Z</time>
      </trkpt>
      <trkpt lat="54.633387" lon="9.726538">
        <ele>17.532407</ele>
        <time>2026-07-22T10:22:57.637Z</time>
      </trkpt>
      <trkpt lat="54.632946" lon="9.726510">
        <ele>16.922270</ele>
        <time>2026-07-22T10:23:01.704Z</time>
      </trkpt>
      <trkpt lat="54.632365" lon="9.726399">
        <ele>16.653734</ele>
        <time>2026-07-22T10:23:07.677Z</time>
      </trkpt>
      <trkpt lat="54.631881" lon="9.726222">
        <ele>17.605950</ele>
        <time>2026-07-22T10:23:17.303Z</time>
      </trkpt>
      <trkpt lat="54.631525" lon="9.725994">
        <ele>18.408299</ele>
        <time>2026-07-22T10:23:24.689Z</time>
      </trkpt>
      <trkpt lat="54.631157" lon="9.725683">
        <ele>18.730412</ele>
        <time>2026-07-22T10:23:30.225Z</time>
      </trkpt>
      <trkpt lat="54.630857" lon="9.725381">
        <ele>18.579524</ele>
        <time>2026-07-22T10:23:34.045Z</time>
      </trkpt>
      <trkpt lat="54.630351" lon="9.724785">
        <ele>17.923808</ele>
        <time>2026-07-22T10:23:39.831Z</time>
      </trkpt>
      <trkpt lat="54.629892" lon="9.724196">
        <ele>17.529346</ele>
        <time>2026-07-22T10:23:45.830Z</time>
      </trkpt>
      <trkpt lat="54.629537" lon="9.723681">
        <ele>17.479734</ele>
        <time>2026-07-22T10:23:51.268Z</time>
      </trkpt>
      <trkpt lat="54.629219" lon="9.723114">
        <ele>17.310815</ele>
        <time>2026-07-22T10:23:56.084Z</time>
      </trkpt>
      <trkpt lat="54.628920" lon="9.722494">
        <ele>17.235330</ele>
        <time>2026-07-22T10:24:01.347Z</time>
      </trkpt>
      <trkpt lat="54.628668" lon="9.721880">
        <ele>17.301209</ele>
        <time>2026-07-22T10:24:07.282Z</time>
      </trkpt>
      <trkpt lat="54.628507" lon="9.721395">
        <ele>17.019748</ele>
        <time>2026-07-22T10:24:10.212Z</time>
      </trkpt>
      <trkpt lat="54.628346" lon="9.720882">
        <ele>17.158624</ele>
        <time>2026-07-22T10:24:15.242Z</time>
      </trkpt>
      <trkpt lat="54.628052" lon="9.719623">
        <ele>17.341776</ele>
        <time>2026-07-22T10:24:24.777Z</time>
      </trkpt>
      <trkpt lat="54.627777" lon="9.718099">
        <ele>18.223973</ele>
        <time>2026-07-22T10:24:38.664Z</time>
      </trkpt>
      <trkpt lat="54.627661" lon="9.717577">
        <ele>18.724242</ele>
        <time>2026-07-22T10:24:44.188Z</time>
      </trkpt>
      <trkpt lat="54.627417" lon="9.716611">
        <ele>19.813084</ele>
        <time>2026-07-22T10:24:55.091Z</time>
      </trkpt>
      <trkpt lat="54.627367" lon="9.716646">
        <ele>19.707349</ele>
        <time>2026-07-22T10:24:55.862Z</time>
      </trkpt>
      <trkpt lat="54.627158" lon="9.716021">
        <ele>18.558872</ele>
        <time>2026-07-22T10:24:59.223Z</time>
      </trkpt>
      <trkpt lat="54.626874" lon="9.715348">
        <ele>17.739975</ele>
        <time>2026-07-22T10:25:03.602Z</time>
      </trkpt>
      <trkpt lat="54.626781" lon="9.715178">
        <ele>17.601434</ele>
        <time>2026-07-22T10:25:04.922Z</time>
      </trkpt>
      <trkpt lat="54.626337" lon="9.714366">
        <ele>17.002545</ele>
        <time>2026-07-22T10:25:11.291Z</time>
      </trkpt>
      <trkpt lat="54.625980" lon="9.713876">
        <ele>16.664836</ele>
        <time>2026-07-22T10:25:15.876Z</time>
      </trkpt>
      <trkpt lat="54.623814" lon="9.711309">
        <ele>17.823342</ele>
        <time>2026-07-22T10:25:50.964Z</time>
      </trkpt>
      <trkpt lat="54.623844" lon="9.711232">
        <ele>17.860684</ele>
        <time>2026-07-22T10:25:51.812Z</time>
      </trkpt>
      <trkpt lat="54.623169" lon="9.710442">
        <ele>18.062096</ele>
        <time>2026-07-22T10:26:02.250Z</time>
      </trkpt>
      <trkpt lat="54.620859" lon="9.707731">
        <ele>17.244633</ele>
        <time>2026-07-22T10:26:32.837Z</time>
      </trkpt>
      <trkpt lat="54.619977" lon="9.706713">
        <ele>17.746590</ele>
        <time>2026-07-22T10:26:47.340Z</time>
      </trkpt>
      <trkpt lat="54.619415" lon="9.706022">
        <ele>17.710189</ele>
        <time>2026-07-22T10:26:55.366Z</time>
      </trkpt>
      <trkpt lat="54.619366" lon="9.705993">
        <ele>17.707486</ele>
        <time>2026-07-22T10:26:55.972Z</time>
      </trkpt>
      <trkpt lat="54.618014" lon="9.704394">
        <ele>17.779371</ele>
        <time>2026-07-22T10:27:15.595Z</time>
      </trkpt>
      <trkpt lat="54.617499" lon="9.703828">
        <ele>17.321263</ele>
        <time>2026-07-22T10:27:21.875Z</time>
      </trkpt>
      <trkpt lat="54.617373" lon="9.703613">
        <ele>16.966065</ele>
        <time>2026-07-22T10:27:23.413Z</time>
      </trkpt>
      <trkpt lat="54.617313" lon="9.703333">
        <ele>16.628413</ele>
        <time>2026-07-22T10:27:24.838Z</time>
      </trkpt>
      <trkpt lat="54.617196" lon="9.703213">
        <ele>16.487814</ele>
        <time>2026-07-22T10:27:26.221Z</time>
      </trkpt>
      <trkpt lat="54.617118" lon="9.703137">
        <ele>16.529437</ele>
        <time>2026-07-22T10:27:27.528Z</time>
      </trkpt>
      <trkpt lat="54.616897" lon="9.703225">
        <ele>16.672339</ele>
        <time>2026-07-22T10:27:31.233Z</time>
      </trkpt>
      <trkpt lat="54.616225" lon="9.702739">
        <ele>16.249200</ele>
        <time>2026-07-22T10:27:38.769Z</time>
      </trkpt>
      <trkpt lat="54.615863" lon="9.702559">
        <ele>15.705179</ele>
        <time>2026-07-22T10:27:42.149Z</time>
      </trkpt>
      <trkpt lat="54.614678" lon="9.702204">
        <ele>14.111649</ele>
        <time>2026-07-22T10:27:53.220Z</time>
      </trkpt>
      <trkpt lat="54.614077" lon="9.702049">
        <ele>15.275910</ele>
        <time>2026-07-22T10:28:04.856Z</time>
      </trkpt>
      <trkpt lat="54.613698" lon="9.701902">
        <ele>16.019047</ele>
        <time>2026-07-22T10:28:11.893Z</time>
      </trkpt>
      <trkpt lat="54.613382" lon="9.701764">
        <ele>16.715998</ele>
        <time>2026-07-22T10:28:18.186Z</time>
      </trkpt>
      <trkpt lat="54.612981" lon="9.701524">
        <ele>17.331909</ele>
        <time>2026-07-22T10:28:24.674Z</time>
      </trkpt>
      <trkpt lat="54.612434" lon="9.701101">
        <ele>18.943000</ele>
        <time>2026-07-22T10:28:37.421Z</time>
      </trkpt>
      <trkpt lat="54.611934" lon="9.700591">
        <ele>19.482952</ele>
        <time>2026-07-22T10:28:46.390Z</time>
      </trkpt>
      <trkpt lat="54.611342" lon="9.699825">
        <ele>18.663828</ele>
        <time>2026-07-22T10:28:53.505Z</time>
      </trkpt>
      <trkpt lat="54.610841" lon="9.699273">
        <ele>16.295545</ele>
        <time>2026-07-22T10:28:58.062Z</time>
      </trkpt>
      <trkpt lat="54.610220" lon="9.698897">
        <ele>15.629599</ele>
        <time>2026-07-22T10:29:04.355Z</time>
      </trkpt>
      <trkpt lat="54.609999" lon="9.698802">
        <ele>16.093608</ele>
        <time>2026-07-22T10:29:09.336Z</time>
      </trkpt>
      <trkpt lat="54.609576" lon="9.698597">
        <ele>17.369500</ele>
        <time>2026-07-22T10:29:18.914Z</time>
      </trkpt>
      <trkpt lat="54.609234" lon="9.698332">
        <ele>18.287482</ele>
        <time>2026-07-22T10:29:26.199Z</time>
      </trkpt>
      <trkpt lat="54.608626" lon="9.697787">
        <ele>19.544112</ele>
        <time>2026-07-22T10:29:38.771Z</time>
      </trkpt>
      <trkpt lat="54.607823" lon="9.697068">
        <ele>18.105993</ele>
        <time>2026-07-22T10:29:46.854Z</time>
      </trkpt>
      <trkpt lat="54.607687" lon="9.696941">
        <ele>17.874853</ele>
        <time>2026-07-22T10:29:48.278Z</time>
      </trkpt>
      <trkpt lat="54.607016" lon="9.696365">
        <ele>17.698251</ele>
        <time>2026-07-22T10:29:56.840Z</time>
      </trkpt>
      <trkpt lat="54.605472" lon="9.694894">
        <ele>17.392585</ele>
        <time>2026-07-22T10:30:16.905Z</time>
      </trkpt>
      <trkpt lat="54.605095" lon="9.694430">
        <ele>17.129474</ele>
        <time>2026-07-22T10:30:21.864Z</time>
      </trkpt>
      <trkpt lat="54.604833" lon="9.694022">
        <ele>16.330025</ele>
        <time>2026-07-22T10:30:24.827Z</time>
      </trkpt>
      <trkpt lat="54.604590" lon="9.693583">
        <ele>15.620289</ele>
        <time>2026-07-22T10:30:27.882Z</time>
      </trkpt>
      <trkpt lat="54.604355" lon="9.693039">
        <ele>15.018016</ele>
        <time>2026-07-22T10:30:31.506Z</time>
      </trkpt>
      <trkpt lat="54.604193" lon="9.692589">
        <ele>14.684591</ele>
        <time>2026-07-22T10:30:34.528Z</time>
      </trkpt>
      <trkpt lat="54.603953" lon="9.691694">
        <ele>14.022102</ele>
        <time>2026-07-22T10:30:39.919Z</time>
      </trkpt>
      <trkpt lat="54.603869" lon="9.691206">
        <ele>13.869021</ele>
        <time>2026-07-22T10:30:43.126Z</time>
      </trkpt>
      <trkpt lat="54.603771" lon="9.690356">
        <ele>14.332200</ele>
        <time>2026-07-22T10:30:50.456Z</time>
      </trkpt>
      <trkpt lat="54.603745" lon="9.689705">
        <ele>14.721726</ele>
        <time>2026-07-22T10:30:56.902Z</time>
      </trkpt>
      <trkpt lat="54.603794" lon="9.688589">
        <ele>12.756190</ele>
        <time>2026-07-22T10:31:02.117Z</time>
      </trkpt>
      <trkpt lat="54.603854" lon="9.687956">
        <ele>12.094783</ele>
        <time>2026-07-22T10:31:05.462Z</time>
      </trkpt>
      <trkpt lat="54.603979" lon="9.686560">
        <ele>10.761659</ele>
        <time>2026-07-22T10:31:12.874Z</time>
      </trkpt>
      <trkpt lat="54.603995" lon="9.685721">
        <ele>10.591931</ele>
        <time>2026-07-22T10:31:18.109Z</time>
      </trkpt>
      <trkpt lat="54.603938" lon="9.684890">
        <ele>10.880369</ele>
        <time>2026-07-22T10:31:24.976Z</time>
      </trkpt>
      <trkpt lat="54.603833" lon="9.684180">
        <ele>11.073660</ele>
        <time>2026-07-22T10:31:30.940Z</time>
      </trkpt>
      <trkpt lat="54.603667" lon="9.683453">
        <ele>11.028072</ele>
        <time>2026-07-22T10:31:36.274Z</time>
      </trkpt>
      <trkpt lat="54.603559" lon="9.683095">
        <ele>10.856426</ele>
        <time>2026-07-22T10:31:38.426Z</time>
      </trkpt>
      <trkpt lat="54.603554" lon="9.682889">
        <ele>10.783702</ele>
        <time>2026-07-22T10:31:39.587Z</time>
      </trkpt>
      <trkpt lat="54.603086" lon="9.681903">
        <ele>12.039256</ele>
        <time>2026-07-22T10:31:52.592Z</time>
      </trkpt>
      <trkpt lat="54.602685" lon="9.681156">
        <ele>13.355959</ele>
        <time>2026-07-22T10:32:04.254Z</time>
      </trkpt>
      <trkpt lat="54.601956" lon="9.680008">
        <ele>14.467369</ele>
        <time>2026-07-22T10:32:18.954Z</time>
      </trkpt>
      <trkpt lat="54.601438" lon="9.679368">
        <ele>15.768589</ele>
        <time>2026-07-22T10:32:30.868Z</time>
      </trkpt>
      <trkpt lat="54.600748" lon="9.678652">
        <ele>18.512991</ele>
        <time>2026-07-22T10:32:49.284Z</time>
      </trkpt>
      <trkpt lat="54.600389" lon="9.678175">
        <ele>20.020882</ele>
        <time>2026-07-22T10:32:59.948Z</time>
      </trkpt>
      <trkpt lat="54.600333" lon="9.678088">
        <ele>20.113291</ele>
        <time>2026-07-22T10:33:01.115Z</time>
      </trkpt>
      <trkpt lat="54.600281" lon="9.678051">
        <ele>19.990528</ele>
        <time>2026-07-22T10:33:01.678Z</time>
      </trkpt>
      <trkpt lat="54.599809" lon="9.677720">
        <ele>18.916616</ele>
        <time>2026-07-22T10:33:05.945Z</time>
      </trkpt>
      <trkpt lat="54.599754" lon="9.677717">
        <ele>18.811592</ele>
        <time>2026-07-22T10:33:06.458Z</time>
      </trkpt>
      <trkpt lat="54.599687" lon="9.677713">
        <ele>18.737579</ele>
        <time>2026-07-22T10:33:07.158Z</time>
      </trkpt>
      <trkpt lat="54.599259" lon="9.677425">
        <ele>18.625900</ele>
        <time>2026-07-22T10:33:12.175Z</time>
      </trkpt>
      <trkpt lat="54.598995" lon="9.677288">
        <ele>18.807571</ele>
        <time>2026-07-22T10:33:15.797Z</time>
      </trkpt>
      <trkpt lat="54.598420" lon="9.676884">
        <ele>19.695453</ele>
        <time>2026-07-22T10:33:26.791Z</time>
      </trkpt>
      <trkpt lat="54.597447" lon="9.675983">
        <ele>19.509361</ele>
        <time>2026-07-22T10:33:39.121Z</time>
      </trkpt>
      <trkpt lat="54.597217" lon="9.675731">
        <ele>19.401494</ele>
        <time>2026-07-22T10:33:42.370Z</time>
      </trkpt>
      <trkpt lat="54.596628" lon="9.674944">
        <ele>18.378537</ele>
        <time>2026-07-22T10:33:49.168Z</time>
      </trkpt>
      <trkpt lat="54.595908" lon="9.673715">
        <ele>16.593215</ele>
        <time>2026-07-22T10:33:58.204Z</time>
      </trkpt>
      <trkpt lat="54.595762" lon="9.673462">
        <ele>16.616258</ele>
        <time>2026-07-22T10:34:00.826Z</time>
      </trkpt>
      <trkpt lat="54.595711" lon="9.673309">
        <ele>16.710751</ele>
        <time>2026-07-22T10:34:02.298Z</time>
      </trkpt>
      <trkpt lat="54.595495" lon="9.672965">
        <ele>16.992921</ele>
        <time>2026-07-22T10:34:06.895Z</time>
      </trkpt>
      <trkpt lat="54.595112" lon="9.672504">
        <ele>17.374663</ele>
        <time>2026-07-22T10:34:13.674Z</time>
      </trkpt>
      <trkpt lat="54.594643" lon="9.671954">
        <ele>17.539020</ele>
        <time>2026-07-22T10:34:20.668Z</time>
      </trkpt>
      <trkpt lat="54.594248" lon="9.671577">
        <ele>18.006825</ele>
        <time>2026-07-22T10:34:27.299Z</time>
      </trkpt>
      <trkpt lat="54.593860" lon="9.671277">
        <ele>19.019692</ele>
        <time>2026-07-22T10:34:36.186Z</time>
      </trkpt>
      <trkpt lat="54.593814" lon="9.671242">
        <ele>19.106146</ele>
        <time>2026-07-22T10:34:37.182Z</time>
      </trkpt>
      <trkpt lat="54.593482" lon="9.670987">
        <ele>19.375526</ele>
        <time>2026-07-22T10:34:42.535Z</time>
      </trkpt>
      <trkpt lat="54.593248" lon="9.670758">
        <ele>18.710665</ele>
        <time>2026-07-22T10:34:44.847Z</time>
      </trkpt>
      <trkpt lat="54.592504" lon="9.669883">
        <ele>14.612950</ele>
        <time>2026-07-22T10:34:51.647Z</time>
      </trkpt>
      <trkpt lat="54.592136" lon="9.669478">
        <ele>13.425228</ele>
        <time>2026-07-22T10:34:55.288Z</time>
      </trkpt>
      <trkpt lat="54.591763" lon="9.669169">
        <ele>13.264742</ele>
        <time>2026-07-22T10:35:00.066Z</time>
      </trkpt>
      <trkpt lat="54.591434" lon="9.668950">
        <ele>13.711344</ele>
        <time>2026-07-22T10:35:05.810Z</time>
      </trkpt>
      <trkpt lat="54.591032" lon="9.668707">
        <ele>14.355973</ele>
        <time>2026-07-22T10:35:13.055Z</time>
      </trkpt>
      <trkpt lat="54.589039" lon="9.668090">
        <ele>16.197702</ele>
        <time>2026-07-22T10:35:42.652Z</time>
      </trkpt>
      <trkpt lat="54.588522" lon="9.667870">
        <ele>17.389512</ele>
        <time>2026-07-22T10:35:53.274Z</time>
      </trkpt>
      <trkpt lat="54.588325" lon="9.667771">
        <ele>17.356034</ele>
        <time>2026-07-22T10:35:55.257Z</time>
      </trkpt>
      <trkpt lat="54.587717" lon="9.667438">
        <ele>17.795161</ele>
        <time>2026-07-22T10:36:04.548Z</time>
      </trkpt>
      <trkpt lat="54.587574" lon="9.667459">
        <ele>17.876818</ele>
        <time>2026-07-22T10:36:06.679Z</time>
      </trkpt>
      <trkpt lat="54.587049" lon="9.667155">
        <ele>18.084628</ele>
        <time>2026-07-22T10:36:16.268Z</time>
      </trkpt>
      <trkpt lat="54.586815" lon="9.667020">
        <ele>18.083555</ele>
        <time>2026-07-22T10:36:20.063Z</time>
      </trkpt>
      <trkpt lat="54.586385" lon="9.666920">
        <ele>17.964199</ele>
        <time>2026-07-22T10:36:26.535Z</time>
      </trkpt>
      <trkpt lat="54.586118" lon="9.666926">
        <ele>18.230572</ele>
        <time>2026-07-22T10:36:31.971Z</time>
      </trkpt>
      <trkpt lat="54.585841" lon="9.666959">
        <ele>18.334109</ele>
        <time>2026-07-22T10:36:38.211Z</time>
      </trkpt>
      <trkpt lat="54.585186" lon="9.667100">
        <ele>14.913105</ele>
        <time>2026-07-22T10:36:45.151Z</time>
      </trkpt>
      <trkpt lat="54.585083" lon="9.667103">
        <ele>14.352547</ele>
        <time>2026-07-22T10:36:46.217Z</time>
      </trkpt>
      <trkpt lat="54.584830" lon="9.667073">
        <ele>13.604026</ele>
        <time>2026-07-22T10:36:49.141Z</time>
      </trkpt>
      <trkpt lat="54.584536" lon="9.666903">
        <ele>14.245206</ele>
        <time>2026-07-22T10:36:57.278Z</time>
      </trkpt>
      <trkpt lat="54.584328" lon="9.666643">
        <ele>14.698776</ele>
        <time>2026-07-22T10:37:02.999Z</time>
      </trkpt>
      <trkpt lat="54.583894" lon="9.665937">
        <ele>14.884774</ele>
        <time>2026-07-22T10:37:13.408Z</time>
      </trkpt>
      <trkpt lat="54.583727" lon="9.665582">
        <ele>14.239693</ele>
        <time>2026-07-22T10:37:16.466Z</time>
      </trkpt>
      <trkpt lat="54.583442" lon="9.664767">
        <ele>14.124566</ele>
        <time>2026-07-22T10:37:25.113Z</time>
      </trkpt>
      <trkpt lat="54.583457" lon="9.664639">
        <ele>14.180826</ele>
        <time>2026-07-22T10:37:26.380Z</time>
      </trkpt>
      <trkpt lat="54.583291" lon="9.663853">
        <ele>15.684179</ele>
        <time>2026-07-22T10:37:37.231Z</time>
      </trkpt>
      <trkpt lat="54.583153" lon="9.663042">
        <ele>16.930107</ele>
        <time>2026-07-22T10:37:47.445Z</time>
      </trkpt>
      <trkpt lat="54.582489" lon="9.658946">
        <ele>17.662340</ele>
        <time>2026-07-22T10:38:18.662Z</time>
      </trkpt>
      <trkpt lat="54.582371" lon="9.658374">
        <ele>17.513953</ele>
        <time>2026-07-22T10:38:22.260Z</time>
      </trkpt>
      <trkpt lat="54.582045" lon="9.657127">
        <ele>17.327789</ele>
        <time>2026-07-22T10:38:31.166Z</time>
      </trkpt>
      <trkpt lat="54.581875" lon="9.656599">
        <ele>17.398616</ele>
        <time>2026-07-22T10:38:35.579Z</time>
      </trkpt>
      <trkpt lat="54.581596" lon="9.656101">
        <ele>17.487314</ele>
        <time>2026-07-22T10:38:40.683Z</time>
      </trkpt>
      <trkpt lat="54.581469" lon="9.655921">
        <ele>17.518507</ele>
        <time>2026-07-22T10:38:42.740Z</time>
      </trkpt>
      <trkpt lat="54.581224" lon="9.655661">
        <ele>17.607929</ele>
        <time>2026-07-22T10:38:46.305Z</time>
      </trkpt>
      <trkpt lat="54.580853" lon="9.655409">
        <ele>17.881535</ele>
        <time>2026-07-22T10:38:51.790Z</time>
      </trkpt>
      <trkpt lat="54.580279" lon="9.655208">
        <ele>18.720723</ele>
        <time>2026-07-22T10:39:01.623Z</time>
      </trkpt>
      <trkpt lat="54.579968" lon="9.655058">
        <ele>19.392514</ele>
        <time>2026-07-22T10:39:07.722Z</time>
      </trkpt>
      <trkpt lat="54.579577" lon="9.654701">
        <ele>20.240067</ele>
        <time>2026-07-22T10:39:15.811Z</time>
      </trkpt>
      <trkpt lat="54.578023" lon="9.652251">
        <ele>23.349837</ele>
        <time>2026-07-22T10:39:50.406Z</time>
      </trkpt>
      <trkpt lat="54.577723" lon="9.651836">
        <ele>24.250153</ele>
        <time>2026-07-22T10:39:58.167Z</time>
      </trkpt>
      <trkpt lat="54.576726" lon="9.650783">
        <ele>26.364807</ele>
        <time>2026-07-22T10:40:18.495Z</time>
      </trkpt>
      <trkpt lat="54.575810" lon="9.649684">
        <ele>29.680835</ele>
        <time>2026-07-22T10:40:42.605Z</time>
      </trkpt>
      <trkpt lat="54.575713" lon="9.649486">
        <ele>30.124969</ele>
        <time>2026-07-22T10:40:45.461Z</time>
      </trkpt>
      <trkpt lat="54.575650" lon="9.649209">
        <ele>30.668218</ele>
        <time>2026-07-22T10:40:49.183Z</time>
      </trkpt>
      <trkpt lat="54.575686" lon="9.648956">
        <ele>31.267503</ele>
        <time>2026-07-22T10:40:53.529Z</time>
      </trkpt>
      <trkpt lat="54.575920" lon="9.648192">
        <ele>32.251033</ele>
        <time>2026-07-22T10:41:02.229Z</time>
      </trkpt>
      <trkpt lat="54.575889" lon="9.648070">
        <ele>32.319090</ele>
        <time>2026-07-22T10:41:03.332Z</time>
      </trkpt>
      <trkpt lat="54.576023" lon="9.647432">
        <ele>32.741409</ele>
        <time>2026-07-22T10:41:09.322Z</time>
      </trkpt>
      <trkpt lat="54.576143" lon="9.646808">
        <ele>33.444552</ele>
        <time>2026-07-22T10:41:16.247Z</time>
      </trkpt>
      <trkpt lat="54.576170" lon="9.646381">
        <ele>33.707413</ele>
        <time>2026-07-22T10:41:19.951Z</time>
      </trkpt>
      <trkpt lat="54.576271" lon="9.645579">
        <ele>34.160597</ele>
        <time>2026-07-22T10:41:27.039Z</time>
      </trkpt>
      <trkpt lat="54.576342" lon="9.644715">
        <ele>34.178258</ele>
        <time>2026-07-22T10:41:32.855Z</time>
      </trkpt>
      <trkpt lat="54.576395" lon="9.644093">
        <ele>34.484234</ele>
        <time>2026-07-22T10:41:38.665Z</time>
      </trkpt>
      <trkpt lat="54.576454" lon="9.643648">
        <ele>34.179331</ele>
        <time>2026-07-22T10:41:41.007Z</time>
      </trkpt>
      <trkpt lat="54.576547" lon="9.643175">
        <ele>34.223872</ele>
        <time>2026-07-22T10:41:44.924Z</time>
      </trkpt>
      <trkpt lat="54.576850" lon="9.641981">
        <ele>34.705752</ele>
        <time>2026-07-22T10:41:55.559Z</time>
      </trkpt>
      <trkpt lat="54.576944" lon="9.641570">
        <ele>34.916035</ele>
        <time>2026-07-22T10:41:59.215Z</time>
      </trkpt>
      <trkpt lat="54.577014" lon="9.641308">
        <ele>35.138586</ele>
        <time>2026-07-22T10:42:01.579Z</time>
      </trkpt>
      <trkpt lat="54.577303" lon="9.640213">
        <ele>36.337355</ele>
        <time>2026-07-22T10:42:14.290Z</time>
      </trkpt>
      <trkpt lat="54.577429" lon="9.639671">
        <ele>36.704948</ele>
        <time>2026-07-22T10:42:18.688Z</time>
      </trkpt>
      <trkpt lat="54.577509" lon="9.639402">
        <ele>37.104536</ele>
        <time>2026-07-22T10:42:22.460Z</time>
      </trkpt>
      <trkpt lat="54.577621" lon="9.639283">
        <ele>37.414850</ele>
        <time>2026-07-22T10:42:25.443Z</time>
      </trkpt>
      <trkpt lat="54.577706" lon="9.639252">
        <ele>37.619812</ele>
        <time>2026-07-22T10:42:26.881Z</time>
      </trkpt>
      <trkpt lat="54.577756" lon="9.639249">
        <ele>37.605137</ele>
        <time>2026-07-22T10:42:27.483Z</time>
      </trkpt>
      <trkpt lat="54.578474" lon="9.639359">
        <ele>37.019008</ele>
        <time>2026-07-22T10:42:34.843Z</time>
      </trkpt>
      <trkpt lat="54.578647" lon="9.639444">
        <ele>36.648583</ele>
        <time>2026-07-22T10:42:36.381Z</time>
      </trkpt>
      <trkpt lat="54.578841" lon="9.639555">
        <ele>36.029677</ele>
        <time>2026-07-22T10:42:38.025Z</time>
      </trkpt>
      <trkpt lat="54.578908" lon="9.639594">
        <ele>35.842198</ele>
        <time>2026-07-22T10:42:38.580Z</time>
      </trkpt>
      <trkpt lat="54.579027" lon="9.639648">
        <ele>35.515956</ele>
        <time>2026-07-22T10:42:39.588Z</time>
      </trkpt>
      <trkpt lat="54.579188" lon="9.639680">
        <ele>35.466479</ele>
        <time>2026-07-22T10:42:41.920Z</time>
      </trkpt>
      <trkpt lat="54.579297" lon="9.639659">
        <ele>35.328013</ele>
        <time>2026-07-22T10:42:43.155Z</time>
      </trkpt>
      <trkpt lat="54.579432" lon="9.639570">
        <ele>34.901077</ele>
        <time>2026-07-22T10:42:44.296Z</time>
      </trkpt>
      <trkpt lat="54.579530" lon="9.639448">
        <ele>34.649250</ele>
        <time>2026-07-22T10:42:45.259Z</time>
      </trkpt>
      <trkpt lat="54.579591" lon="9.639316">
        <ele>34.485406</ele>
        <time>2026-07-22T10:42:46.180Z</time>
      </trkpt>
      <trkpt lat="54.579691" lon="9.638787">
        <ele>34.416861</ele>
        <time>2026-07-22T10:42:50.072Z</time>
      </trkpt>
      <trkpt lat="54.579738" lon="9.638327">
        <ele>34.226197</ele>
        <time>2026-07-22T10:42:53.436Z</time>
      </trkpt>
      <trkpt lat="54.579910" lon="9.636456">
        <ele>31.548710</ele>
        <time>2026-07-22T10:43:02.618Z</time>
      </trkpt>
      <trkpt lat="54.579965" lon="9.636219">
        <ele>31.233834</ele>
        <time>2026-07-22T10:43:03.939Z</time>
      </trkpt>
      <trkpt lat="54.580053" lon="9.635979">
        <ele>30.898293</ele>
        <time>2026-07-22T10:43:05.259Z</time>
      </trkpt>
      <trkpt lat="54.580151" lon="9.635773">
        <ele>30.964601</ele>
        <time>2026-07-22T10:43:07.572Z</time>
      </trkpt>
      <trkpt lat="54.580368" lon="9.635435">
        <ele>31.551096</ele>
        <time>2026-07-22T10:43:13.979Z</time>
      </trkpt>
      <trkpt lat="54.580720" lon="9.634924">
        <ele>31.077883</ele>
        <time>2026-07-22T10:43:18.243Z</time>
      </trkpt>
      <trkpt lat="54.580914" lon="9.634647">
        <ele>30.570442</ele>
        <time>2026-07-22T10:43:20.482Z</time>
      </trkpt>
      <trkpt lat="54.581068" lon="9.634476">
        <ele>30.126080</ele>
        <time>2026-07-22T10:43:22.009Z</time>
      </trkpt>
      <trkpt lat="54.581454" lon="9.634199">
        <ele>29.220469</ele>
        <time>2026-07-22T10:43:25.615Z</time>
      </trkpt>
      <trkpt lat="54.581715" lon="9.634025">
        <ele>28.780691</ele>
        <time>2026-07-22T10:43:28.109Z</time>
      </trkpt>
      <trkpt lat="54.581926" lon="9.633867">
        <ele>28.789810</ele>
        <time>2026-07-22T10:43:30.894Z</time>
      </trkpt>
      <trkpt lat="54.582370" lon="9.633164">
        <ele>29.877268</ele>
        <time>2026-07-22T10:43:41.805Z</time>
      </trkpt>
      <trkpt lat="54.582472" lon="9.633056">
        <ele>30.088940</ele>
        <time>2026-07-22T10:43:43.933Z</time>
      </trkpt>
      <trkpt lat="54.582546" lon="9.633025">
        <ele>30.193716</ele>
        <time>2026-07-22T10:43:45.177Z</time>
      </trkpt>
      <trkpt lat="54.582726" lon="9.633043">
        <ele>30.512153</ele>
        <time>2026-07-22T10:43:48.009Z</time>
      </trkpt>
      <trkpt lat="54.583243" lon="9.633233">
        <ele>32.220938</ele>
        <time>2026-07-22T10:44:00.103Z</time>
      </trkpt>
      <trkpt lat="54.583308" lon="9.633255">
        <ele>32.413515</ele>
        <time>2026-07-22T10:44:01.575Z</time>
      </trkpt>
      <trkpt lat="54.583322" lon="9.633177">
        <ele>32.542937</ele>
        <time>2026-07-22T10:44:02.529Z</time>
      </trkpt>
      <trkpt lat="54.583441" lon="9.632517">
        <ele>32.728958</ele>
        <time>2026-07-22T10:44:07.925Z</time>
      </trkpt>
      <trkpt lat="54.583449" lon="9.632471">
        <ele>32.731841</ele>
        <time>2026-07-22T10:44:08.211Z</time>
      </trkpt>
      <trkpt lat="54.583464" lon="9.632380">
        <ele>32.687734</ele>
        <time>2026-07-22T10:44:08.743Z</time>
      </trkpt>
      <trkpt lat="54.583616" lon="9.631457">
        <ele>31.988459</ele>
        <time>2026-07-22T10:44:14.008Z</time>
      </trkpt>
      <trkpt lat="54.583604" lon="9.631228">
        <ele>31.811672</ele>
        <time>2026-07-22T10:44:15.202Z</time>
      </trkpt>
      <trkpt lat="54.583675" lon="9.630543">
        <ele>31.338281</ele>
        <time>2026-07-22T10:44:19.067Z</time>
      </trkpt>
      <trkpt lat="54.583680" lon="9.628685">
        <ele>31.283079</ele>
        <time>2026-07-22T10:44:31.730Z</time>
      </trkpt>
      <trkpt lat="54.583751" lon="9.628264">
        <ele>31.187697</ele>
        <time>2026-07-22T10:44:34.476Z</time>
      </trkpt>
      <trkpt lat="54.583849" lon="9.627844">
        <ele>31.033276</ele>
        <time>2026-07-22T10:44:37.178Z</time>
      </trkpt>
      <trkpt lat="54.583940" lon="9.627577">
        <ele>31.041608</ele>
        <time>2026-07-22T10:44:39.247Z</time>
      </trkpt>
      <trkpt lat="54.584496" lon="9.626316">
        <ele>32.123215</ele>
        <time>2026-07-22T10:44:53.420Z</time>
      </trkpt>
      <trkpt lat="54.584827" lon="9.625587">
        <ele>34.572685</ele>
        <time>2026-07-22T10:45:08.988Z</time>
      </trkpt>
      <trkpt lat="54.585734" lon="9.623037">
        <ele>37.398881</ele>
        <time>2026-07-22T10:45:37.581Z</time>
      </trkpt>
      <trkpt lat="54.585771" lon="9.622934">
        <ele>37.492391</ele>
        <time>2026-07-22T10:45:38.919Z</time>
      </trkpt>
      <trkpt lat="54.585782" lon="9.622819">
        <ele>37.582330</ele>
        <time>2026-07-22T10:45:40.088Z</time>
      </trkpt>
      <trkpt lat="54.586031" lon="9.622162">
        <ele>37.592502</ele>
        <time>2026-07-22T10:45:45.290Z</time>
      </trkpt>
      <trkpt lat="54.586299" lon="9.621363">
        <ele>37.465033</ele>
        <time>2026-07-22T10:45:51.041Z</time>
      </trkpt>
      <trkpt lat="54.586415" lon="9.620903">
        <ele>37.813050</ele>
        <time>2026-07-22T10:45:55.999Z</time>
      </trkpt>
      <trkpt lat="54.586650" lon="9.619150">
        <ele>39.302340</ele>
        <time>2026-07-22T10:46:13.355Z</time>
      </trkpt>
      <trkpt lat="54.586759" lon="9.618519">
        <ele>38.731334</ele>
        <time>2026-07-22T10:46:16.890Z</time>
      </trkpt>
      <trkpt lat="54.586844" lon="9.618206">
        <ele>38.034078</ele>
        <time>2026-07-22T10:46:18.502Z</time>
      </trkpt>
      <trkpt lat="54.587072" lon="9.615977">
        <ele>30.422500</ele>
        <time>2026-07-22T10:46:28.131Z</time>
      </trkpt>
      <trkpt lat="54.587107" lon="9.615395">
        <ele>29.030287</ele>
        <time>2026-07-22T10:46:30.782Z</time>
      </trkpt>
      <trkpt lat="54.587154" lon="9.615103">
        <ele>28.577652</ele>
        <time>2026-07-22T10:46:32.268Z</time>
      </trkpt>
      <trkpt lat="54.587230" lon="9.613690">
        <ele>27.345065</ele>
        <time>2026-07-22T10:46:39.968Z</time>
      </trkpt>
      <trkpt lat="54.587273" lon="9.613399">
        <ele>26.978494</ele>
        <time>2026-07-22T10:46:41.456Z</time>
      </trkpt>
      <trkpt lat="54.587368" lon="9.612996">
        <ele>26.231859</ele>
        <time>2026-07-22T10:46:43.558Z</time>
      </trkpt>
      <trkpt lat="54.587553" lon="9.612314">
        <ele>24.367776</ele>
        <time>2026-07-22T10:46:46.950Z</time>
      </trkpt>
      <trkpt lat="54.587715" lon="9.611542">
        <ele>21.235572</ele>
        <time>2026-07-22T10:46:50.367Z</time>
      </trkpt>
      <trkpt lat="54.587725" lon="9.611374">
        <ele>20.600378</ele>
        <time>2026-07-22T10:46:51.075Z</time>
      </trkpt>
      <trkpt lat="54.587604" lon="9.611039">
        <ele>19.474400</ele>
        <time>2026-07-22T10:46:52.806Z</time>
      </trkpt>
      <trkpt lat="54.587761" lon="9.611037">
        <ele>18.861288</ele>
        <time>2026-07-22T10:46:54.090Z</time>
      </trkpt>
      <trkpt lat="54.587887" lon="9.610977">
        <ele>18.368129</ele>
        <time>2026-07-22T10:46:55.112Z</time>
      </trkpt>
      <trkpt lat="54.588026" lon="9.610843">
        <ele>17.686547</ele>
        <time>2026-07-22T10:46:56.303Z</time>
      </trkpt>
      <trkpt lat="54.588092" lon="9.610765">
        <ele>17.477568</ele>
        <time>2026-07-22T10:46:56.963Z</time>
      </trkpt>
      <trkpt lat="54.588149" lon="9.610684">
        <ele>17.441777</ele>
        <time>2026-07-22T10:46:57.853Z</time>
      </trkpt>
      <trkpt lat="54.588200" lon="9.610598">
        <ele>17.407214</ele>
        <time>2026-07-22T10:46:58.967Z</time>
      </trkpt>
      <trkpt lat="54.588328" lon="9.610292">
        <ele>17.425280</ele>
        <time>2026-07-22T10:47:01.444Z</time>
      </trkpt>
      <trkpt lat="54.588558" lon="9.609561">
        <ele>17.686515</ele>
        <time>2026-07-22T10:47:08.065Z</time>
      </trkpt>
      <trkpt lat="54.589064" lon="9.608390">
        <ele>17.906124</ele>
        <time>2026-07-22T10:47:18.819Z</time>
      </trkpt>
      <trkpt lat="54.589337" lon="9.607542">
        <ele>18.175591</ele>
        <time>2026-07-22T10:47:26.136Z</time>
      </trkpt>
      <trkpt lat="54.589439" lon="9.607165">
        <ele>18.672730</ele>
        <time>2026-07-22T10:47:30.604Z</time>
      </trkpt>
      <trkpt lat="54.589515" lon="9.606761">
        <ele>19.292466</ele>
        <time>2026-07-22T10:47:36.488Z</time>
      </trkpt>
      <trkpt lat="54.589405" lon="9.606673">
        <ele>19.433680</ele>
        <time>2026-07-22T10:47:37.659Z</time>
      </trkpt>
      <trkpt lat="54.589326" lon="9.606548">
        <ele>19.897537</ele>
        <time>2026-07-22T10:47:39.267Z</time>
      </trkpt>
      <trkpt lat="54.589309" lon="9.606429">
        <ele>20.272679</ele>
        <time>2026-07-22T10:47:41.518Z</time>
      </trkpt>
      <trkpt lat="54.589434" lon="9.605954">
        <ele>22.894163</ele>
        <time>2026-07-22T10:47:54.875Z</time>
      </trkpt>
      <trkpt lat="54.589443" lon="9.605784">
        <ele>23.484944</ele>
        <time>2026-07-22T10:47:58.570Z</time>
      </trkpt>
      <trkpt lat="54.589300" lon="9.603732">
        <ele>30.479959</ele>
        <time>2026-07-22T10:48:34.875Z</time>
      </trkpt>
      <trkpt lat="54.588919" lon="9.601521">
        <ele>34.696128</ele>
        <time>2026-07-22T10:49:03.838Z</time>
      </trkpt>
      <trkpt lat="54.588671" lon="9.600637">
        <ele>36.224494</ele>
        <time>2026-07-22T10:49:16.013Z</time>
      </trkpt>
      <trkpt lat="54.588051" lon="9.598002">
        <ele>36.775950</ele>
        <time>2026-07-22T10:49:36.635Z</time>
      </trkpt>
      <trkpt lat="54.587577" lon="9.595507">
        <ele>36.548443</ele>
        <time>2026-07-22T10:49:53.818Z</time>
      </trkpt>
      <trkpt lat="54.587279" lon="9.594088">
        <ele>36.777058</ele>
        <time>2026-07-22T10:50:05.619Z</time>
      </trkpt>
      <trkpt lat="54.586826" lon="9.592294">
        <ele>34.999557</ele>
        <time>2026-07-22T10:50:15.938Z</time>
      </trkpt>
      <trkpt lat="54.586638" lon="9.591389">
        <ele>33.359817</ele>
        <time>2026-07-22T10:50:20.457Z</time>
      </trkpt>
      <trkpt lat="54.586567" lon="9.591051">
        <ele>32.971853</ele>
        <time>2026-07-22T10:50:22.288Z</time>
      </trkpt>
      <trkpt lat="54.586473" lon="9.590785">
        <ele>32.916608</ele>
        <time>2026-07-22T10:50:24.219Z</time>
      </trkpt>
      <trkpt lat="54.586413" lon="9.590664">
        <ele>32.954698</ele>
        <time>2026-07-22T10:50:25.751Z</time>
      </trkpt>
      <trkpt lat="54.586163" lon="9.590321">
        <ele>33.621990</ele>
        <time>2026-07-22T10:50:31.707Z</time>
      </trkpt>
      <trkpt lat="54.585952" lon="9.590036">
        <ele>34.259434</ele>
        <time>2026-07-22T10:50:36.970Z</time>
      </trkpt>
      <trkpt lat="54.585821" lon="9.589749">
        <ele>34.647376</ele>
        <time>2026-07-22T10:50:40.722Z</time>
      </trkpt>
      <trkpt lat="54.585612" lon="9.588845">
        <ele>35.401165</ele>
        <time>2026-07-22T10:50:49.752Z</time>
      </trkpt>
      <trkpt lat="54.585555" lon="9.588594">
        <ele>35.481531</ele>
        <time>2026-07-22T10:50:52.194Z</time>
      </trkpt>
      <trkpt lat="54.585453" lon="9.588305">
        <ele>35.431899</ele>
        <time>2026-07-22T10:50:54.181Z</time>
      </trkpt>
      <trkpt lat="54.585286" lon="9.587961">
        <ele>35.190114</ele>
        <time>2026-07-22T10:50:56.890Z</time>
      </trkpt>
      <trkpt lat="54.585242" lon="9.587870">
        <ele>35.113934</ele>
        <time>2026-07-22T10:50:57.484Z</time>
      </trkpt>
      <trkpt lat="54.585001" lon="9.587574">
        <ele>34.664660</ele>
        <time>2026-07-22T10:51:00.073Z</time>
      </trkpt>
      <trkpt lat="54.584889" lon="9.587305">
        <ele>34.746047</ele>
        <time>2026-07-22T10:51:03.075Z</time>
      </trkpt>
      <trkpt lat="54.584864" lon="9.587049">
        <ele>35.004961</ele>
        <time>2026-07-22T10:51:05.915Z</time>
      </trkpt>
      <trkpt lat="54.584876" lon="9.586697">
        <ele>35.063220</ele>
        <time>2026-07-22T10:51:08.456Z</time>
      </trkpt>
      <trkpt lat="54.584923" lon="9.586123">
        <ele>34.913505</ele>
        <time>2026-07-22T10:51:12.030Z</time>
      </trkpt>
      <trkpt lat="54.584924" lon="9.585568">
        <ele>34.723314</ele>
        <time>2026-07-22T10:51:15.508Z</time>
      </trkpt>
      <trkpt lat="54.584939" lon="9.585469">
        <ele>34.675192</ele>
        <time>2026-07-22T10:51:16.010Z</time>
      </trkpt>
      <trkpt lat="54.585083" lon="9.584998">
        <ele>34.313198</ele>
        <time>2026-07-22T10:51:18.767Z</time>
      </trkpt>
      <trkpt lat="54.585387" lon="9.584421">
        <ele>35.052358</ele>
        <time>2026-07-22T10:51:27.185Z</time>
      </trkpt>
      <trkpt lat="54.585548" lon="9.583965">
        <ele>35.315781</ele>
        <time>2026-07-22T10:51:32.354Z</time>
      </trkpt>
      <trkpt lat="54.585586" lon="9.583682">
        <ele>35.063514</ele>
        <time>2026-07-22T10:51:33.756Z</time>
      </trkpt>
      <trkpt lat="54.585585" lon="9.583543">
        <ele>34.857073</ele>
        <time>2026-07-22T10:51:34.406Z</time>
      </trkpt>
      <trkpt lat="54.585493" lon="9.582863">
        <ele>34.185852</ele>
        <time>2026-07-22T10:51:38.039Z</time>
      </trkpt>
      <trkpt lat="54.585394" lon="9.581714">
        <ele>33.969598</ele>
        <time>2026-07-22T10:51:45.716Z</time>
      </trkpt>
      <trkpt lat="54.585336" lon="9.580252">
        <ele>33.406587</ele>
        <time>2026-07-22T10:51:54.335Z</time>
      </trkpt>
      <trkpt lat="54.585353" lon="9.578591">
        <ele>33.060586</ele>
        <time>2026-07-22T10:52:04.414Z</time>
      </trkpt>
      <trkpt lat="54.585327" lon="9.578159">
        <ele>33.747711</ele>
        <time>2026-07-22T10:52:10.723Z</time>
      </trkpt>
      <trkpt lat="54.585223" lon="9.577251">
        <ele>34.336360</ele>
        <time>2026-07-22T10:52:18.671Z</time>
      </trkpt>
      <trkpt lat="54.585111" lon="9.576396">
        <ele>34.132705</ele>
        <time>2026-07-22T10:52:24.165Z</time>
      </trkpt>
      <trkpt lat="54.585029" lon="9.575973">
        <ele>34.138876</ele>
        <time>2026-07-22T10:52:27.232Z</time>
      </trkpt>
      <trkpt lat="54.584853" lon="9.575303">
        <ele>34.411633</ele>
        <time>2026-07-22T10:52:33.108Z</time>
      </trkpt>
      <trkpt lat="54.584316" lon="9.573671">
        <ele>35.301855</ele>
        <time>2026-07-22T10:52:48.832Z</time>
      </trkpt>
      <trkpt lat="54.584017" lon="9.573061">
        <ele>35.722127</ele>
        <time>2026-07-22T10:52:55.586Z</time>
      </trkpt>
      <trkpt lat="54.583655" lon="9.573319">
        <ele>36.153549</ele>
        <time>2026-07-22T10:53:01.840Z</time>
      </trkpt>
      <trkpt lat="54.583439" lon="9.573392">
        <ele>36.223492</ele>
        <time>2026-07-22T10:53:04.655Z</time>
      </trkpt>
      <trkpt lat="54.582801" lon="9.573448">
        <ele>36.663033</ele>
        <time>2026-07-22T10:53:13.466Z</time>
      </trkpt>
      <trkpt lat="54.582690" lon="9.573369">
        <ele>36.825394</ele>
        <time>2026-07-22T10:53:15.747Z</time>
      </trkpt>
      <trkpt lat="54.582637" lon="9.573269">
        <ele>36.936402</ele>
        <time>2026-07-22T10:53:17.121Z</time>
      </trkpt>
      <trkpt lat="54.582068" lon="9.571546">
        <ele>37.229562</ele>
        <time>2026-07-22T10:53:31.158Z</time>
      </trkpt>
      <trkpt lat="54.580992" lon="9.569206">
        <ele>38.944170</ele>
        <time>2026-07-22T10:53:57.413Z</time>
      </trkpt>
      <trkpt lat="54.580311" lon="9.566864">
        <ele>39.048365</ele>
        <time>2026-07-22T10:54:15.696Z</time>
      </trkpt>
      <trkpt lat="54.579636" lon="9.563474">
        <ele>40.243659</ele>
        <time>2026-07-22T10:54:43.960Z</time>
      </trkpt>
      <trkpt lat="54.579558" lon="9.563264">
        <ele>40.374751</ele>
        <time>2026-07-22T10:54:46.418Z</time>
      </trkpt>
      <trkpt lat="54.579462" lon="9.563091">
        <ele>40.504003</ele>
        <time>2026-07-22T10:54:48.759Z</time>
      </trkpt>
      <trkpt lat="54.579079" lon="9.562685">
        <ele>40.080138</ele>
        <time>2026-07-22T10:54:53.048Z</time>
      </trkpt>
      <trkpt lat="54.578901" lon="9.562396">
        <ele>39.700222</ele>
        <time>2026-07-22T10:54:55.316Z</time>
      </trkpt>
      <trkpt lat="54.578552" lon="9.561518">
        <ele>38.774701</ele>
        <time>2026-07-22T10:55:00.855Z</time>
      </trkpt>
      <trkpt lat="54.577711" lon="9.558898">
        <ele>38.358106</ele>
        <time>2026-07-22T10:55:21.021Z</time>
      </trkpt>
      <trkpt lat="54.577623" lon="9.558607">
        <ele>37.933086</ele>
        <time>2026-07-22T10:55:22.590Z</time>
      </trkpt>
      <trkpt lat="54.576981" lon="9.555942">
        <ele>31.839270</ele>
        <time>2026-07-22T10:55:35.879Z</time>
      </trkpt>
      <trkpt lat="54.576752" lon="9.554882">
        <ele>28.821606</ele>
        <time>2026-07-22T10:55:40.838Z</time>
      </trkpt>
      <trkpt lat="54.576090" lon="9.550862">
        <ele>22.560807</ele>
        <time>2026-07-22T10:56:01.192Z</time>
      </trkpt>
      <trkpt lat="54.576045" lon="9.550339">
        <ele>22.582501</ele>
        <time>2026-07-22T10:56:04.991Z</time>
      </trkpt>
      <trkpt lat="54.576023" lon="9.550166">
        <ele>22.785874</ele>
        <time>2026-07-22T10:56:07.284Z</time>
      </trkpt>
      <trkpt lat="54.575810" lon="9.548002">
        <ele>26.694321</ele>
        <time>2026-07-22T10:56:41.031Z</time>
      </trkpt>
      <trkpt lat="54.575530" lon="9.545847">
        <ele>27.253655</ele>
        <time>2026-07-22T10:57:03.468Z</time>
      </trkpt>
      <trkpt lat="54.575506" lon="9.545466">
        <ele>27.315145</ele>
        <time>2026-07-22T10:57:06.857Z</time>
      </trkpt>
      <trkpt lat="54.575553" lon="9.544944">
        <ele>27.714580</ele>
        <time>2026-07-22T10:57:13.186Z</time>
      </trkpt>
      <trkpt lat="54.576001" lon="9.542911">
        <ele>30.268778</ele>
        <time>2026-07-22T10:57:42.093Z</time>
      </trkpt>
      <trkpt lat="54.576125" lon="9.542257">
        <ele>30.776779</ele>
        <time>2026-07-22T10:57:50.461Z</time>
      </trkpt>
      <trkpt lat="54.576327" lon="9.541186">
        <ele>30.540164</ele>
        <time>2026-07-22T10:58:00.113Z</time>
      </trkpt>
      <trkpt lat="54.576425" lon="9.540331">
        <ele>29.734768</ele>
        <time>2026-07-22T10:58:06.618Z</time>
      </trkpt>
      <trkpt lat="54.576410" lon="9.538735">
        <ele>28.387309</ele>
        <time>2026-07-22T10:58:18.895Z</time>
      </trkpt>
      <trkpt lat="54.576415" lon="9.538313">
        <ele>28.001080</ele>
        <time>2026-07-22T10:58:22.035Z</time>
      </trkpt>
      <trkpt lat="54.576452" lon="9.537890">
        <ele>27.657558</ele>
        <time>2026-07-22T10:58:25.253Z</time>
      </trkpt>
      <trkpt lat="54.576518" lon="9.537432">
        <ele>27.510817</ele>
        <time>2026-07-22T10:58:29.484Z</time>
      </trkpt>
      <trkpt lat="54.576628" lon="9.536969">
        <ele>27.552680</ele>
        <time>2026-07-22T10:58:34.177Z</time>
      </trkpt>
      <trkpt lat="54.576927" lon="9.535943">
        <ele>28.110240</ele>
        <time>2026-07-22T10:58:46.772Z</time>
      </trkpt>
      <trkpt lat="54.577558" lon="9.533983">
        <ele>29.492104</ele>
        <time>2026-07-22T10:59:12.501Z</time>
      </trkpt>
      <trkpt lat="54.577712" lon="9.533402">
        <ele>29.770586</ele>
        <time>2026-07-22T10:59:19.469Z</time>
      </trkpt>
      <trkpt lat="54.577825" lon="9.532729">
        <ele>29.790814</ele>
        <time>2026-07-22T10:59:26.329Z</time>
      </trkpt>
      <trkpt lat="54.577948" lon="9.531654">
        <ele>29.004013</ele>
        <time>2026-07-22T10:59:34.950Z</time>
      </trkpt>
      <trkpt lat="54.578095" lon="9.530309">
        <ele>25.742194</ele>
        <time>2026-07-22T10:59:43.828Z</time>
      </trkpt>
      <trkpt lat="54.578196" lon="9.529052">
        <ele>20.466874</ele>
        <time>2026-07-22T10:59:51.231Z</time>
      </trkpt>
      <trkpt lat="54.578544" lon="9.529053">
        <ele>20.874771</ele>
        <time>2026-07-22T10:59:59.441Z</time>
      </trkpt>
      <trkpt lat="54.579473" lon="9.528920">
        <ele>22.601262</ele>
        <time>2026-07-22T11:00:19.836Z</time>
      </trkpt>
      <trkpt lat="54.580229" lon="9.528930">
        <ele>24.044863</ele>
        <time>2026-07-22T11:00:36.846Z</time>
      </trkpt>
      <trkpt lat="54.580783" lon="9.529042">
        <ele>25.597726</ele>
        <time>2026-07-22T11:00:50.921Z</time>
      </trkpt>
      <trkpt lat="54.581432" lon="9.529345">
        <ele>27.379985</ele>
        <time>2026-07-22T11:01:07.823Z</time>
      </trkpt>
      <trkpt lat="54.581928" lon="9.529477">
        <ele>27.677165</ele>
        <time>2026-07-22T11:01:16.936Z</time>
      </trkpt>
      <trkpt lat="54.582290" lon="9.529534">
        <ele>27.024148</ele>
        <time>2026-07-22T11:01:21.352Z</time>
      </trkpt>
      <trkpt lat="54.582671" lon="9.529498">
        <ele>26.811634</ele>
        <time>2026-07-22T11:01:27.224Z</time>
      </trkpt>
      <trkpt lat="54.582921" lon="9.529421">
        <ele>26.843856</ele>
        <time>2026-07-22T11:01:31.455Z</time>
      </trkpt>
      <trkpt lat="54.583352" lon="9.529150">
        <ele>27.149220</ele>
        <time>2026-07-22T11:01:40.060Z</time>
      </trkpt>
      <trkpt lat="54.583519" lon="9.529002">
        <ele>27.146157</ele>
        <time>2026-07-22T11:01:43.190Z</time>
      </trkpt>
      <trkpt lat="54.583839" lon="9.528612">
        <ele>26.695380</ele>
        <time>2026-07-22T11:01:48.418Z</time>
      </trkpt>
      <trkpt lat="54.584152" lon="9.528113">
        <ele>26.096052</ele>
        <time>2026-07-22T11:01:54.011Z</time>
      </trkpt>
      <trkpt lat="54.584486" lon="9.527395">
        <ele>25.328960</ele>
        <time>2026-07-22T11:02:01.142Z</time>
      </trkpt>
      <trkpt lat="54.585720" lon="9.524399">
        <ele>23.332853</ele>
        <time>2026-07-22T11:02:30.899Z</time>
      </trkpt>
      <trkpt lat="54.586070" lon="9.523472">
        <ele>23.208559</ele>
        <time>2026-07-22T11:02:40.517Z</time>
      </trkpt>
      <trkpt lat="54.586448" lon="9.522131">
        <ele>24.652520</ele>
        <time>2026-07-22T11:02:59.237Z</time>
      </trkpt>
      <trkpt lat="54.586698" lon="9.520860">
        <ele>27.329243</ele>
        <time>2026-07-22T11:03:21.051Z</time>
      </trkpt>
      <trkpt lat="54.586742" lon="9.520538">
        <ele>27.527800</ele>
        <time>2026-07-22T11:03:25.322Z</time>
      </trkpt>
      <trkpt lat="54.586940" lon="9.518745">
        <ele>24.554047</ele>
        <time>2026-07-22T11:03:37.774Z</time>
      </trkpt>
      <trkpt lat="54.586987" lon="9.518128">
        <ele>23.215044</ele>
        <time>2026-07-22T11:03:41.874Z</time>
      </trkpt>
      <trkpt lat="54.586995" lon="9.517988">
        <ele>23.063812</ele>
        <time>2026-07-22T11:03:42.517Z</time>
      </trkpt>
      <trkpt lat="54.587009" lon="9.517421">
        <ele>22.726808</ele>
        <time>2026-07-22T11:03:45.864Z</time>
      </trkpt>
      <trkpt lat="54.586944" lon="9.516837">
        <ele>22.600502</ele>
        <time>2026-07-22T11:03:49.857Z</time>
      </trkpt>
      <trkpt lat="54.586734" lon="9.515890">
        <ele>21.763681</ele>
        <time>2026-07-22T11:03:55.255Z</time>
      </trkpt>
      <trkpt lat="54.586475" lon="9.515019">
        <ele>20.446944</ele>
        <time>2026-07-22T11:04:00.035Z</time>
      </trkpt>
      <trkpt lat="54.586397" lon="9.514829">
        <ele>20.295421</ele>
        <time>2026-07-22T11:04:01.529Z</time>
      </trkpt>
      <trkpt lat="54.585731" lon="9.514138">
        <ele>20.101143</ele>
        <time>2026-07-22T11:04:10.602Z</time>
      </trkpt>
      <trkpt lat="54.585620" lon="9.513827">
        <ele>19.773692</ele>
        <time>2026-07-22T11:04:12.414Z</time>
      </trkpt>
      <trkpt lat="54.585636" lon="9.513583">
        <ele>19.509988</ele>
        <time>2026-07-22T11:04:13.654Z</time>
      </trkpt>
      <trkpt lat="54.585855" lon="9.512849">
        <ele>19.518184</ele>
        <time>2026-07-22T11:04:19.369Z</time>
      </trkpt>
      <trkpt lat="54.586026" lon="9.512045">
        <ele>19.797745</ele>
        <time>2026-07-22T11:04:26.299Z</time>
      </trkpt>
      <trkpt lat="54.586037" lon="9.511777">
        <ele>19.875183</ele>
        <time>2026-07-22T11:04:28.537Z</time>
      </trkpt>
      <trkpt lat="54.585999" lon="9.511283">
        <ele>19.879011</ele>
        <time>2026-07-22T11:04:31.940Z</time>
      </trkpt>
      <trkpt lat="54.586036" lon="9.511250">
        <ele>19.869576</ele>
        <time>2026-07-22T11:04:32.419Z</time>
      </trkpt>
      <trkpt lat="54.586041" lon="9.511131">
        <ele>19.853914</ele>
        <time>2026-07-22T11:04:33.191Z</time>
      </trkpt>
      <trkpt lat="54.585991" lon="9.511086">
        <ele>19.771391</ele>
        <time>2026-07-22T11:04:33.770Z</time>
      </trkpt>
      <trkpt lat="54.585943" lon="9.511135">
        <ele>19.647645</ele>
        <time>2026-07-22T11:04:34.285Z</time>
      </trkpt>
      <trkpt lat="54.585875" lon="9.511066">
        <ele>19.472610</ele>
        <time>2026-07-22T11:04:34.947Z</time>
      </trkpt>
      <trkpt lat="54.585755" lon="9.510957">
        <ele>19.260682</ele>
        <time>2026-07-22T11:04:36.040Z</time>
      </trkpt>
      <trkpt lat="54.585444" lon="9.510704">
        <ele>19.149566</ele>
        <time>2026-07-22T11:04:40.175Z</time>
      </trkpt>
      <trkpt lat="54.585086" lon="9.510495">
        <ele>19.612464</ele>
        <time>2026-07-22T11:04:46.338Z</time>
      </trkpt>
      <trkpt lat="54.584970" lon="9.510461">
        <ele>19.767146</ele>
        <time>2026-07-22T11:04:48.173Z</time>
      </trkpt>
      <trkpt lat="54.584861" lon="9.510487">
        <ele>19.856668</ele>
        <time>2026-07-22T11:04:49.764Z</time>
      </trkpt>
      <trkpt lat="54.584310" lon="9.510644">
        <ele>20.057143</ele>
        <time>2026-07-22T11:04:57.251Z</time>
      </trkpt>
      <trkpt lat="54.583779" lon="9.510843">
        <ele>19.775987</ele>
        <time>2026-07-22T11:05:02.561Z</time>
      </trkpt>
      <trkpt lat="54.583142" lon="9.511111">
        <ele>20.361716</ele>
        <time>2026-07-22T11:05:12.989Z</time>
      </trkpt>
      <trkpt lat="54.582779" lon="9.511336">
        <ele>20.579316</ele>
        <time>2026-07-22T11:05:18.072Z</time>
      </trkpt>
      <trkpt lat="54.582255" lon="9.511793">
        <ele>20.725650</ele>
        <time>2026-07-22T11:05:25.029Z</time>
      </trkpt>
      <trkpt lat="54.582209" lon="9.511833">
        <ele>20.765371</ele>
        <time>2026-07-22T11:05:25.945Z</time>
      </trkpt>
      <trkpt lat="54.582176" lon="9.511871">
        <ele>20.891479</ele>
        <time>2026-07-22T11:05:26.734Z</time>
      </trkpt>
      <trkpt lat="54.582100" lon="9.511700">
        <ele>21.394923</ele>
        <time>2026-07-22T11:05:29.849Z</time>
      </trkpt>
      <trkpt lat="54.581871" lon="9.511183">
        <ele>23.076966</ele>
        <time>2026-07-22T11:05:40.804Z</time>
      </trkpt>
      <trkpt lat="54.580756" lon="9.508258">
        <ele>28.413113</ele>
        <time>2026-07-22T11:06:21.192Z</time>
      </trkpt>
      <trkpt lat="54.580736" lon="9.508204">
        <ele>28.511948</ele>
        <time>2026-07-22T11:06:22.005Z</time>
      </trkpt>
      <trkpt lat="54.580302" lon="9.507137">
        <ele>30.478193</ele>
        <time>2026-07-22T11:06:37.701Z</time>
      </trkpt>
      <trkpt lat="54.580301" lon="9.507010">
        <ele>30.349359</ele>
        <time>2026-07-22T11:06:38.509Z</time>
      </trkpt>
      <trkpt lat="54.579571" lon="9.505171">
        <ele>26.198273</ele>
        <time>2026-07-22T11:06:48.865Z</time>
      </trkpt>
      <trkpt lat="54.579196" lon="9.504226">
        <ele>23.997962</ele>
        <time>2026-07-22T11:06:54.200Z</time>
      </trkpt>
      <trkpt lat="54.578701" lon="9.502796">
        <ele>23.369337</ele>
        <time>2026-07-22T11:07:04.294Z</time>
      </trkpt>
      <trkpt lat="54.578546" lon="9.502276">
        <ele>22.999057</ele>
        <time>2026-07-22T11:07:07.610Z</time>
      </trkpt>
      <trkpt lat="54.578406" lon="9.501754">
        <ele>22.696236</ele>
        <time>2026-07-22T11:07:10.745Z</time>
      </trkpt>
      <trkpt lat="54.578095" lon="9.500341">
        <ele>23.205894</ele>
        <time>2026-07-22T11:07:22.871Z</time>
      </trkpt>
      <trkpt lat="54.577880" lon="9.499014">
        <ele>25.555685</ele>
        <time>2026-07-22T11:07:40.112Z</time>
      </trkpt>
      <trkpt lat="54.577537" lon="9.496661">
        <ele>28.667718</ele>
        <time>2026-07-22T11:08:07.123Z</time>
      </trkpt>
      <trkpt lat="54.577446" lon="9.496025">
        <ele>28.258728</ele>
        <time>2026-07-22T11:08:10.621Z</time>
      </trkpt>
      <trkpt lat="54.577335" lon="9.495356">
        <ele>27.969138</ele>
        <time>2026-07-22T11:08:14.886Z</time>
      </trkpt>
      <trkpt lat="54.577227" lon="9.494731">
        <ele>27.631455</ele>
        <time>2026-07-22T11:08:18.502Z</time>
      </trkpt>
      <trkpt lat="54.577230" lon="9.494647">
        <ele>27.607467</ele>
        <time>2026-07-22T11:08:19.044Z</time>
      </trkpt>
      <trkpt lat="54.577165" lon="9.494670">
        <ele>27.574837</ele>
        <time>2026-07-22T11:08:19.826Z</time>
      </trkpt>
      <trkpt lat="54.575858" lon="9.494502">
        <ele>26.695725</ele>
        <time>2026-07-22T11:08:33.187Z</time>
      </trkpt>
      <trkpt lat="54.573579" lon="9.494295">
        <ele>27.242574</ele>
        <time>2026-07-22T11:09:02.043Z</time>
      </trkpt>
      <trkpt lat="54.573390" lon="9.494227">
        <ele>27.388996</ele>
        <time>2026-07-22T11:09:05.193Z</time>
      </trkpt>
      <trkpt lat="54.573150" lon="9.494206">
        <ele>27.545237</ele>
        <time>2026-07-22T11:09:08.698Z</time>
      </trkpt>
      <trkpt lat="54.572449" lon="9.494120">
        <ele>27.505791</ele>
        <time>2026-07-22T11:09:16.685Z</time>
      </trkpt>
      <trkpt lat="54.569506" lon="9.493682">
        <ele>27.409899</ele>
        <time>2026-07-22T11:09:51.436Z</time>
      </trkpt>
      <trkpt lat="54.568958" lon="9.493608">
        <ele>27.494846</ele>
        <time>2026-07-22T11:09:58.050Z</time>
      </trkpt>
      <trkpt lat="54.567825" lon="9.493462">
        <ele>27.734694</ele>
        <time>2026-07-22T11:10:11.847Z</time>
      </trkpt>
      <trkpt lat="54.566955" lon="9.493473">
        <ele>29.565912</ele>
        <time>2026-07-22T11:10:28.826Z</time>
      </trkpt>
      <trkpt lat="54.565528" lon="9.493551">
        <ele>31.756695</ele>
        <time>2026-07-22T11:10:52.582Z</time>
      </trkpt>
      <trkpt lat="54.565152" lon="9.493726">
        <ele>32.121245</ele>
        <time>2026-07-22T11:10:58.202Z</time>
      </trkpt>
      <trkpt lat="54.564855" lon="9.493949">
        <ele>32.545219</ele>
        <time>2026-07-22T11:11:03.443Z</time>
      </trkpt>
      <trkpt lat="54.563644" lon="9.495251">
        <ele>35.426977</ele>
        <time>2026-07-22T11:11:30.067Z</time>
      </trkpt>
      <trkpt lat="54.563410" lon="9.495402">
        <ele>35.360114</ele>
        <time>2026-07-22T11:11:32.676Z</time>
      </trkpt>
      <trkpt lat="54.562554" lon="9.495802">
        <ele>34.210883</ele>
        <time>2026-07-22T11:11:41.000Z</time>
      </trkpt>
      <trkpt lat="54.562365" lon="9.495850">
        <ele>34.008233</ele>
        <time>2026-07-22T11:11:42.801Z</time>
      </trkpt>
      <trkpt lat="54.562007" lon="9.495860">
        <ele>33.756584</ele>
        <time>2026-07-22T11:11:46.365Z</time>
      </trkpt>
      <trkpt lat="54.561428" lon="9.495653">
        <ele>33.859922</ele>
        <time>2026-07-22T11:11:53.880Z</time>
      </trkpt>
      <trkpt lat="54.561015" lon="9.495566">
        <ele>34.523399</ele>
        <time>2026-07-22T11:12:01.146Z</time>
      </trkpt>
      <trkpt lat="54.560657" lon="9.495648">
        <ele>35.289891</ele>
        <time>2026-07-22T11:12:08.018Z</time>
      </trkpt>
      <trkpt lat="54.560458" lon="9.495754">
        <ele>35.435884</ele>
        <time>2026-07-22T11:12:11.065Z</time>
      </trkpt>
      <trkpt lat="54.559142" lon="9.496561">
        <ele>34.513138</ele>
        <time>2026-07-22T11:12:25.377Z</time>
      </trkpt>
      <trkpt lat="54.558139" lon="9.497177">
        <ele>31.864211</ele>
        <time>2026-07-22T11:12:34.414Z</time>
      </trkpt>
      <trkpt lat="54.557118" lon="9.497777">
        <ele>27.949492</ele>
        <time>2026-07-22T11:12:42.897Z</time>
      </trkpt>
      <trkpt lat="54.555372" lon="9.498844">
        <ele>25.138834</ele>
        <time>2026-07-22T11:12:59.880Z</time>
      </trkpt>
      <trkpt lat="54.555235" lon="9.498929">
        <ele>25.276795</ele>
        <time>2026-07-22T11:13:02.855Z</time>
      </trkpt>
      <trkpt lat="54.554754" lon="9.499349">
        <ele>26.390251</ele>
        <time>2026-07-22T11:13:12.839Z</time>
      </trkpt>
      <trkpt lat="54.554206" lon="9.500303">
        <ele>26.551280</ele>
        <time>2026-07-22T11:13:22.936Z</time>
      </trkpt>
      <trkpt lat="54.553961" lon="9.500748">
        <ele>25.142830</ele>
        <time>2026-07-22T11:13:25.617Z</time>
      </trkpt>
      <trkpt lat="54.553772" lon="9.501098">
        <ele>24.466746</ele>
        <time>2026-07-22T11:13:28.087Z</time>
      </trkpt>
      <trkpt lat="54.553005" lon="9.502743">
        <ele>23.908591</ele>
        <time>2026-07-22T11:13:40.856Z</time>
      </trkpt>
      <trkpt lat="54.552360" lon="9.504204">
        <ele>26.527019</ele>
        <time>2026-07-22T11:14:02.563Z</time>
      </trkpt>
      <trkpt lat="54.550059" lon="9.509316">
        <ele>27.595926</ele>
        <time>2026-07-22T11:14:50.283Z</time>
      </trkpt>
      <trkpt lat="54.550003" lon="9.509440">
        <ele>27.630146</ele>
        <time>2026-07-22T11:14:51.613Z</time>
      </trkpt>
      <trkpt lat="54.549443" lon="9.510665">
        <ele>28.270560</ele>
        <time>2026-07-22T11:15:04.423Z</time>
      </trkpt>
      <trkpt lat="54.549288" lon="9.511031">
        <ele>28.379422</ele>
        <time>2026-07-22T11:15:07.718Z</time>
      </trkpt>
      <trkpt lat="54.549259" lon="9.511235">
        <ele>28.508055</ele>
        <time>2026-07-22T11:15:09.530Z</time>
      </trkpt>
      <trkpt lat="54.549142" lon="9.511548">
        <ele>28.819210</ele>
        <time>2026-07-22T11:15:13.178Z</time>
      </trkpt>
      <trkpt lat="54.548690" lon="9.512354">
        <ele>29.983437</ele>
        <time>2026-07-22T11:15:24.607Z</time>
      </trkpt>
      <trkpt lat="54.548330" lon="9.512852">
        <ele>30.684975</ele>
        <time>2026-07-22T11:15:32.418Z</time>
      </trkpt>
      <trkpt lat="54.548174" lon="9.512954">
        <ele>30.801017</ele>
        <time>2026-07-22T11:15:34.966Z</time>
      </trkpt>
      <trkpt lat="54.547142" lon="9.514304">
        <ele>31.350598</ele>
        <time>2026-07-22T11:15:51.420Z</time>
      </trkpt>
      <trkpt lat="54.544669" lon="9.517505">
        <ele>39.289787</ele>
        <time>2026-07-22T11:16:54.162Z</time>
      </trkpt>
      <trkpt lat="54.544272" lon="9.517836">
        <ele>40.270654</ele>
        <time>2026-07-22T11:17:02.445Z</time>
      </trkpt>
      <trkpt lat="54.543895" lon="9.517960">
        <ele>40.750686</ele>
        <time>2026-07-22T11:17:08.568Z</time>
      </trkpt>
      <trkpt lat="54.541000" lon="9.518461">
        <ele>41.826989</ele>
        <time>2026-07-22T11:17:46.318Z</time>
      </trkpt>
      <trkpt lat="54.540764" lon="9.518498">
        <ele>41.994624</ele>
        <time>2026-07-22T11:17:49.707Z</time>
      </trkpt>
      <trkpt lat="54.540493" lon="9.518542">
        <ele>42.164724</ele>
        <time>2026-07-22T11:17:53.653Z</time>
      </trkpt>
      <trkpt lat="54.540008" lon="9.518704">
        <ele>42.107088</ele>
        <time>2026-07-22T11:17:59.225Z</time>
      </trkpt>
      <trkpt lat="54.539602" lon="9.518931">
        <ele>42.100000</ele>
        <time>2026-07-22T11:18:04.345Z</time>
      </trkpt>
      <trkpt lat="54.539228" lon="9.519230">
        <ele>42.089431</ele>
        <time>2026-07-22T11:18:09.156Z</time>
      </trkpt>
      <trkpt lat="54.538882" lon="9.519599">
        <ele>41.960849</ele>
        <time>2026-07-22T11:18:13.773Z</time>
      </trkpt>
      <trkpt lat="54.538640" lon="9.519928">
        <ele>41.684288</ele>
        <time>2026-07-22T11:18:16.810Z</time>
      </trkpt>
      <trkpt lat="54.538020" lon="9.520937">
        <ele>40.415421</ele>
        <time>2026-07-22T11:18:24.605Z</time>
      </trkpt>
      <trkpt lat="54.537928" lon="9.521182">
        <ele>40.277378</ele>
        <time>2026-07-22T11:18:26.194Z</time>
      </trkpt>
      <trkpt lat="54.537846" lon="9.521322">
        <ele>40.229638</ele>
        <time>2026-07-22T11:18:27.526Z</time>
      </trkpt>
      <trkpt lat="54.537743" lon="9.521437">
        <ele>40.342290</ele>
        <time>2026-07-22T11:18:29.417Z</time>
      </trkpt>
      <trkpt lat="54.536742" lon="9.523063">
        <ele>42.251923</ele>
        <time>2026-07-22T11:18:51.894Z</time>
      </trkpt>
      <trkpt lat="54.536362" lon="9.523485">
        <ele>43.309769</ele>
        <time>2026-07-22T11:19:00.753Z</time>
      </trkpt>
      <trkpt lat="54.536003" lon="9.523698">
        <ele>44.251910</ele>
        <time>2026-07-22T11:19:08.335Z</time>
      </trkpt>
      <trkpt lat="54.535415" lon="9.523925">
        <ele>45.459932</ele>
        <time>2026-07-22T11:19:19.467Z</time>
      </trkpt>
      <trkpt lat="54.535224" lon="9.524067">
        <ele>45.666181</ele>
        <time>2026-07-22T11:19:22.481Z</time>
      </trkpt>
      <trkpt lat="54.533879" lon="9.524616">
        <ele>45.509778</ele>
        <time>2026-07-22T11:19:38.255Z</time>
      </trkpt>
      <trkpt lat="54.533731" lon="9.524612">
        <ele>45.519301</ele>
        <time>2026-07-22T11:19:40.126Z</time>
      </trkpt>
      <trkpt lat="54.533282" lon="9.524821">
        <ele>45.728481</ele>
        <time>2026-07-22T11:19:46.351Z</time>
      </trkpt>
      <trkpt lat="54.532642" lon="9.525116">
        <ele>46.521338</ele>
        <time>2026-07-22T11:19:56.573Z</time>
      </trkpt>
      <trkpt lat="54.532538" lon="9.525217">
        <ele>46.766216</ele>
        <time>2026-07-22T11:19:58.820Z</time>
      </trkpt>
      <trkpt lat="54.532465" lon="9.525393">
        <ele>47.061893</ele>
        <time>2026-07-22T11:20:01.640Z</time>
      </trkpt>
      <trkpt lat="54.532377" lon="9.525497">
        <ele>47.102934</ele>
        <time>2026-07-22T11:20:03.540Z</time>
      </trkpt>
      <trkpt lat="54.532306" lon="9.525171">
        <ele>47.107655</ele>
        <time>2026-07-22T11:20:05.360Z</time>
      </trkpt>
      <trkpt lat="54.532015" lon="9.525372">
        <ele>47.334253</ele>
        <time>2026-07-22T11:20:09.883Z</time>
      </trkpt>
      <trkpt lat="54.531720" lon="9.525637">
        <ele>48.320785</ele>
        <time>2026-07-22T11:20:17.066Z</time>
      </trkpt>
      <trkpt lat="54.531450" lon="9.525921">
        <ele>49.423507</ele>
        <time>2026-07-22T11:20:24.670Z</time>
      </trkpt>
      <trkpt lat="54.531207" lon="9.526198">
        <ele>50.187837</ele>
        <time>2026-07-22T11:20:30.376Z</time>
      </trkpt>
      <trkpt lat="54.530877" lon="9.526678">
        <ele>51.052443</ele>
        <time>2026-07-22T11:20:38.418Z</time>
      </trkpt>
      <trkpt lat="54.530663" lon="9.527042">
        <ele>51.397654</ele>
        <time>2026-07-22T11:20:43.005Z</time>
      </trkpt>
      <trkpt lat="54.530720" lon="9.527126">
        <ele>51.455737</ele>
        <time>2026-07-22T11:20:44.124Z</time>
      </trkpt>
      <trkpt lat="54.530666" lon="9.527225">
        <ele>51.516796</ele>
        <time>2026-07-22T11:20:45.317Z</time>
      </trkpt>
      <trkpt lat="54.530327" lon="9.527954">
        <ele>51.730240</ele>
        <time>2026-07-22T11:20:53.129Z</time>
      </trkpt>
      <trkpt lat="54.530044" lon="9.528692">
        <ele>50.074067</ele>
        <time>2026-07-22T11:20:57.129Z</time>
      </trkpt>
      <trkpt lat="54.529910" lon="9.529160">
        <ele>49.638719</ele>
        <time>2026-07-22T11:21:00.069Z</time>
      </trkpt>
      <trkpt lat="54.529876" lon="9.529279">
        <ele>49.610140</ele>
        <time>2026-07-22T11:21:01.018Z</time>
      </trkpt>
      <trkpt lat="54.529821" lon="9.529469">
        <ele>49.597443</ele>
        <time>2026-07-22T11:21:02.515Z</time>
      </trkpt>
      <trkpt lat="54.529781" lon="9.529602">
        <ele>49.574544</ele>
        <time>2026-07-22T11:21:03.423Z</time>
      </trkpt>
      <trkpt lat="54.529382" lon="9.530937">
        <ele>49.087095</ele>
        <time>2026-07-22T11:21:12.525Z</time>
      </trkpt>
      <trkpt lat="54.529208" lon="9.531552">
        <ele>48.688692</ele>
        <time>2026-07-22T11:21:16.436Z</time>
      </trkpt>
      <trkpt lat="54.529087" lon="9.531906">
        <ele>48.409662</ele>
        <time>2026-07-22T11:21:18.747Z</time>
      </trkpt>
      <trkpt lat="54.528911" lon="9.532317">
        <ele>48.257326</ele>
        <time>2026-07-22T11:21:21.636Z</time>
      </trkpt>
      <trkpt lat="54.528230" lon="9.533584">
        <ele>50.412653</ele>
        <time>2026-07-22T11:21:41.004Z</time>
      </trkpt>
      <trkpt lat="54.528135" lon="9.533762">
        <ele>50.576029</ele>
        <time>2026-07-22T11:21:43.832Z</time>
      </trkpt>
      <trkpt lat="54.527529" lon="9.535177">
        <ele>49.655612</ele>
        <time>2026-07-22T11:21:53.802Z</time>
      </trkpt>
      <trkpt lat="54.527120" lon="9.536193">
        <ele>46.852661</ele>
        <time>2026-07-22T11:21:59.382Z</time>
      </trkpt>
      <trkpt lat="54.527104" lon="9.536404">
        <ele>46.484404</ele>
        <time>2026-07-22T11:22:00.398Z</time>
      </trkpt>
      <trkpt lat="54.527048" lon="9.536553">
        <ele>46.181571</ele>
        <time>2026-07-22T11:22:01.253Z</time>
      </trkpt>
      <trkpt lat="54.526966" lon="9.536752">
        <ele>45.792132</ele>
        <time>2026-07-22T11:22:02.394Z</time>
      </trkpt>
      <trkpt lat="54.526871" lon="9.536848">
        <ele>45.520369</ele>
        <time>2026-07-22T11:22:03.336Z</time>
      </trkpt>
      <trkpt lat="54.526744" lon="9.537179">
        <ele>45.181690</ele>
        <time>2026-07-22T11:22:05.596Z</time>
      </trkpt>
      <trkpt lat="54.526615" lon="9.537502">
        <ele>44.768689</ele>
        <time>2026-07-22T11:22:07.663Z</time>
      </trkpt>
      <trkpt lat="54.526594" lon="9.537659">
        <ele>44.527912</ele>
        <time>2026-07-22T11:22:08.470Z</time>
      </trkpt>
      <trkpt lat="54.526327" lon="9.538229">
        <ele>43.012241</ele>
        <time>2026-07-22T11:22:11.903Z</time>
      </trkpt>
      <trkpt lat="54.526092" lon="9.538766">
        <ele>40.700928</ele>
        <time>2026-07-22T11:22:14.721Z</time>
      </trkpt>
      <trkpt lat="54.525887" lon="9.539201">
        <ele>39.324629</ele>
        <time>2026-07-22T11:22:17.232Z</time>
      </trkpt>
      <trkpt lat="54.525290" lon="9.540381">
        <ele>37.474061</ele>
        <time>2026-07-22T11:22:25.216Z</time>
      </trkpt>
      <trkpt lat="54.525206" lon="9.540656">
        <ele>37.333543</ele>
        <time>2026-07-22T11:22:27.139Z</time>
      </trkpt>
      <trkpt lat="54.525036" lon="9.540984">
        <ele>37.333988</ele>
        <time>2026-07-22T11:22:30.096Z</time>
      </trkpt>
      <trkpt lat="54.524790" lon="9.541337">
        <ele>37.390119</ele>
        <time>2026-07-22T11:22:34.550Z</time>
      </trkpt>
      <trkpt lat="54.524158" lon="9.542534">
        <ele>34.741407</ele>
        <time>2026-07-22T11:22:42.291Z</time>
      </trkpt>
      <trkpt lat="54.524018" lon="9.542794">
        <ele>33.995843</ele>
        <time>2026-07-22T11:22:43.901Z</time>
      </trkpt>
      <trkpt lat="54.523754" lon="9.543250">
        <ele>33.165948</ele>
        <time>2026-07-22T11:22:47.194Z</time>
      </trkpt>
      <trkpt lat="54.523611" lon="9.543466">
        <ele>32.723081</ele>
        <time>2026-07-22T11:22:48.753Z</time>
      </trkpt>
      <trkpt lat="54.523468" lon="9.543970">
        <ele>31.925802</ele>
        <time>2026-07-22T11:22:51.610Z</time>
      </trkpt>
      <trkpt lat="54.523381" lon="9.543930">
        <ele>31.588774</ele>
        <time>2026-07-22T11:22:52.301Z</time>
      </trkpt>
      <trkpt lat="54.523276" lon="9.543891">
        <ele>31.186739</ele>
        <time>2026-07-22T11:22:53.131Z</time>
      </trkpt>
      <trkpt lat="54.523228" lon="9.543714">
        <ele>30.935315</ele>
        <time>2026-07-22T11:22:54.147Z</time>
      </trkpt>
      <trkpt lat="54.522869" lon="9.543982">
        <ele>30.234631</ele>
        <time>2026-07-22T11:22:57.596Z</time>
      </trkpt>
      <trkpt lat="54.522667" lon="9.544131">
        <ele>29.921145</ele>
        <time>2026-07-22T11:23:00.735Z</time>
      </trkpt>
      <trkpt lat="54.522317" lon="9.544294">
        <ele>29.044732</ele>
        <time>2026-07-22T11:23:05.046Z</time>
      </trkpt>
      <trkpt lat="54.522089" lon="9.544303">
        <ele>28.555730</ele>
        <time>2026-07-22T11:23:08.025Z</time>
      </trkpt>
      <trkpt lat="54.521702" lon="9.544208">
        <ele>27.718566</ele>
        <time>2026-07-22T11:23:12.667Z</time>
      </trkpt>
      <trkpt lat="54.521681" lon="9.544201">
        <ele>27.696441</ele>
        <time>2026-07-22T11:23:12.959Z</time>
      </trkpt>
      <trkpt lat="54.521248" lon="9.544044">
        <ele>28.133578</ele>
        <time>2026-07-22T11:23:22.073Z</time>
      </trkpt>
      <trkpt lat="54.521207" lon="9.544032">
        <ele>28.200161</ele>
        <time>2026-07-22T11:23:23.055Z</time>
      </trkpt>
      <trkpt lat="54.520808" lon="9.543891">
        <ele>28.806432</ele>
        <time>2026-07-22T11:23:32.061Z</time>
      </trkpt>
      <trkpt lat="54.520417" lon="9.543756">
        <ele>29.016447</ele>
        <time>2026-07-22T11:23:38.326Z</time>
      </trkpt>
      <trkpt lat="54.520247" lon="9.543699">
        <ele>29.229300</ele>
        <time>2026-07-22T11:23:42.641Z</time>
      </trkpt>
      <trkpt lat="54.519455" lon="9.543427">
        <ele>29.811931</ele>
        <time>2026-07-22T11:23:57.506Z</time>
      </trkpt>
      <trkpt lat="54.519097" lon="9.543301">
        <ele>29.480444</ele>
        <time>2026-07-22T11:24:02.482Z</time>
      </trkpt>
      <trkpt lat="54.518893" lon="9.543277">
        <ele>29.206827</ele>
        <time>2026-07-22T11:24:05.213Z</time>
      </trkpt>
      <trkpt lat="54.518660" lon="9.543271">
        <ele>28.803348</ele>
        <time>2026-07-22T11:24:08.294Z</time>
      </trkpt>
      <trkpt lat="54.518437" lon="9.543314">
        <ele>28.085132</ele>
        <time>2026-07-22T11:24:10.937Z</time>
      </trkpt>
      <trkpt lat="54.518351" lon="9.543355">
        <ele>27.672963</ele>
        <time>2026-07-22T11:24:11.899Z</time>
      </trkpt>
      <trkpt lat="54.517992" lon="9.543540">
        <ele>25.874100</ele>
        <time>2026-07-22T11:24:15.920Z</time>
      </trkpt>
      <trkpt lat="54.517815" lon="9.543672">
        <ele>25.047606</ele>
        <time>2026-07-22T11:24:18.141Z</time>
      </trkpt>
      <trkpt lat="54.517444" lon="9.544083">
        <ele>22.968350</ele>
        <time>2026-07-22T11:24:22.931Z</time>
      </trkpt>
      <trkpt lat="54.517168" lon="9.544540">
        <ele>20.979116</ele>
        <time>2026-07-22T11:24:27.041Z</time>
      </trkpt>
      <trkpt lat="54.517077" lon="9.544746">
        <ele>20.287880</ele>
        <time>2026-07-22T11:24:28.763Z</time>
      </trkpt>
      <trkpt lat="54.516687" lon="9.545576">
        <ele>17.112360</ele>
        <time>2026-07-22T11:24:35.324Z</time>
      </trkpt>
      <trkpt lat="54.516430" lon="9.545927">
        <ele>16.186583</ele>
        <time>2026-07-22T11:24:39.622Z</time>
      </trkpt>
      <trkpt lat="54.516151" lon="9.546201">
        <ele>14.553474</ele>
        <time>2026-07-22T11:24:42.960Z</time>
      </trkpt>
      <trkpt lat="54.515821" lon="9.546438">
        <ele>13.452154</ele>
        <time>2026-07-22T11:24:47.284Z</time>
      </trkpt>
      <trkpt lat="54.515578" lon="9.546522">
        <ele>12.963048</ele>
        <time>2026-07-22T11:24:50.477Z</time>
      </trkpt>
      <trkpt lat="54.515241" lon="9.546558">
        <ele>12.153822</ele>
        <time>2026-07-22T11:24:54.560Z</time>
      </trkpt>
      <trkpt lat="54.514201" lon="9.546691">
        <ele>10.471907</ele>
        <time>2026-07-22T11:25:07.630Z</time>
      </trkpt>
    </trkseg>
  </trk>
</gpx>