<?xml version='1.0' encoding='UTF-8'?>
<gpx version="1.1" creator="https://www.komoot.de" xmlns="http://www.topografix.com/GPX/1/1" xmlns:xsi="http://www.w3.org/2001/XMLSchema-instance" xsi:schemaLocation="http://www.topografix.com/GPX/1/1 http://www.topografix.com/GPX/1/1/gpx.xsd">
  <metadata>
    <name>CTF Ride</name>
    <author>
      <link href="https://www.komoot.de">
        <text>komoot</text>
        <type>text/html</type>
      </link>
    </author>
  </metadata>
  <wpt lat="53.811379" lon="10.745109">
    <name>Alternative Route zur Hauptstraße</name>
    <sym>Flag, Blue</sym>
  </wpt>
  <wpt lat="53.836277" lon="10.718148">
    <name>Naturschutzgebiet Wakenitz</name>
    <sym>Flag, Blue</sym>
  </wpt>
  <trk>
    <name>CTF Ride</name>
    <type>mtb_easy</type>
    <trkseg>
      <trkpt lat="53.832873" lon="10.718148">
        <ele>10.261993</ele>
        <time>2026-07-23T12:05:20.104Z</time>
      </trkpt>
      <trkpt lat="53.832894" lon="10.717936">
        <ele>10.258232</ele>
        <time>2026-07-23T12:05:22.508Z</time>
      </trkpt>
      <trkpt lat="53.832983" lon="10.717213">
        <ele>10.112897</ele>
        <time>2026-07-23T12:05:29.910Z</time>
      </trkpt>
      <trkpt lat="53.832996" lon="10.716964">
        <ele>10.079310</ele>
        <time>2026-07-23T12:05:32.433Z</time>
      </trkpt>
      <trkpt lat="53.832968" lon="10.716614">
        <ele>9.984132</ele>
        <time>2026-07-23T12:05:35.954Z</time>
      </trkpt>
      <trkpt lat="53.832947" lon="10.716464">
        <ele>9.930469</ele>
        <time>2026-07-23T12:05:37.361Z</time>
      </trkpt>
      <trkpt lat="53.833012" lon="10.716438">
        <ele>9.942812</ele>
        <time>2026-07-23T12:05:38.450Z</time>
      </trkpt>
      <trkpt lat="53.833017" lon="10.716452">
        <ele>9.944838</ele>
        <time>2026-07-23T12:05:38.643Z</time>
      </trkpt>
      <trkpt lat="53.832947" lon="10.716464">
        <ele>9.959597</ele>
        <time>2026-07-23T12:05:39.935Z</time>
      </trkpt>
      <trkpt lat="53.832968" lon="10.716614">
        <ele>9.981787</ele>
        <time>2026-07-23T12:05:42.031Z</time>
      </trkpt>
      <trkpt lat="53.832996" lon="10.716964">
        <ele>10.085071</ele>
        <time>2026-07-23T12:05:46.137Z</time>
      </trkpt>
      <trkpt lat="53.832983" lon="10.717213">
        <ele>10.120079</ele>
        <time>2026-07-23T12:05:48.993Z</time>
      </trkpt>
      <trkpt lat="53.832894" lon="10.717936">
        <ele>10.239546</ele>
        <time>2026-07-23T12:05:57.498Z</time>
      </trkpt>
      <trkpt lat="53.832787" lon="10.718993">
        <ele>9.934225</ele>
        <time>2026-07-23T12:06:07.949Z</time>
      </trkpt>
      <trkpt lat="53.832780" lon="10.719056">
        <ele>9.924859</ele>
        <time>2026-07-23T12:06:08.574Z</time>
      </trkpt>
      <trkpt lat="53.832719" lon="10.719572">
        <ele>9.921464</ele>
        <time>2026-07-23T12:06:14.024Z</time>
      </trkpt>
      <trkpt lat="53.832601" lon="10.720063">
        <ele>10.051078</ele>
        <time>2026-07-23T12:06:20.777Z</time>
      </trkpt>
      <trkpt lat="53.832546" lon="10.720213">
        <ele>10.051278</ele>
        <time>2026-07-23T12:06:22.566Z</time>
      </trkpt>
      <trkpt lat="53.832416" lon="10.720541">
        <ele>9.950324</ele>
        <time>2026-07-23T12:06:26.358Z</time>
      </trkpt>
      <trkpt lat="53.832409" lon="10.720559">
        <ele>9.943410</ele>
        <time>2026-07-23T12:06:26.588Z</time>
      </trkpt>
      <trkpt lat="53.832399" lon="10.720584">
        <ele>9.933723</ele>
        <time>2026-07-23T12:06:26.913Z</time>
      </trkpt>
      <trkpt lat="53.832299" lon="10.720821">
        <ele>10.002586</ele>
        <time>2026-07-23T12:06:30.268Z</time>
      </trkpt>
      <trkpt lat="53.832183" lon="10.721098">
        <ele>10.158853</ele>
        <time>2026-07-23T12:06:34.276Z</time>
      </trkpt>
      <trkpt lat="53.832031" lon="10.721437">
        <ele>10.362179</ele>
        <time>2026-07-23T12:06:40.788Z</time>
      </trkpt>
      <trkpt lat="53.832023" lon="10.721456">
        <ele>10.372500</ele>
        <time>2026-07-23T12:06:41.052Z</time>
      </trkpt>
      <trkpt lat="53.831865" lon="10.721818">
        <ele>10.109732</ele>
        <time>2026-07-23T12:06:45.011Z</time>
      </trkpt>
      <trkpt lat="53.831575" lon="10.722542">
        <ele>9.522145</ele>
        <time>2026-07-23T12:06:52.971Z</time>
      </trkpt>
      <trkpt lat="53.831209" lon="10.723429">
        <ele>9.021092</ele>
        <time>2026-07-23T12:07:03.111Z</time>
      </trkpt>
      <trkpt lat="53.830600" lon="10.724956">
        <ele>8.775349</ele>
        <time>2026-07-23T12:07:21.900Z</time>
      </trkpt>
      <trkpt lat="53.830519" lon="10.725157">
        <ele>8.961419</ele>
        <time>2026-07-23T12:07:26.024Z</time>
      </trkpt>
      <trkpt lat="53.830288" lon="10.725730">
        <ele>9.322428</ele>
        <time>2026-07-23T12:07:34.847Z</time>
      </trkpt>
      <trkpt lat="53.830209" lon="10.725925">
        <ele>9.359004</ele>
        <time>2026-07-23T12:07:37.217Z</time>
      </trkpt>
      <trkpt lat="53.830141" lon="10.726089">
        <ele>9.580961</ele>
        <time>2026-07-23T12:07:39.874Z</time>
      </trkpt>
      <trkpt lat="53.830064" lon="10.726277">
        <ele>9.915250</ele>
        <time>2026-07-23T12:07:44.249Z</time>
      </trkpt>
      <trkpt lat="53.829987" lon="10.726464">
        <ele>10.464100</ele>
        <time>2026-07-23T12:07:49.082Z</time>
      </trkpt>
      <trkpt lat="53.829920" lon="10.726627">
        <ele>10.944257</ele>
        <time>2026-07-23T12:07:54.084Z</time>
      </trkpt>
      <trkpt lat="53.829834" lon="10.726835">
        <ele>11.560325</ele>
        <time>2026-07-23T12:07:59.491Z</time>
      </trkpt>
      <trkpt lat="53.829683" lon="10.727203">
        <ele>11.732082</ele>
        <time>2026-07-23T12:08:04.968Z</time>
      </trkpt>
      <trkpt lat="53.829672" lon="10.727229">
        <ele>11.708211</ele>
        <time>2026-07-23T12:08:05.279Z</time>
      </trkpt>
      <trkpt lat="53.829566" lon="10.727486">
        <ele>11.463214</ele>
        <time>2026-07-23T12:08:08.030Z</time>
      </trkpt>
      <trkpt lat="53.829066" lon="10.728750">
        <ele>9.081698</ele>
        <time>2026-07-23T12:08:20.249Z</time>
      </trkpt>
      <trkpt lat="53.828656" lon="10.729747">
        <ele>9.019705</ele>
        <time>2026-07-23T12:08:32.867Z</time>
      </trkpt>
      <trkpt lat="53.828409" lon="10.730363">
        <ele>9.915167</ele>
        <time>2026-07-23T12:08:45.545Z</time>
      </trkpt>
      <trkpt lat="53.828310" lon="10.730614">
        <ele>10.079155</ele>
        <time>2026-07-23T12:08:49.025Z</time>
      </trkpt>
      <trkpt lat="53.828209" lon="10.730872">
        <ele>10.072159</ele>
        <time>2026-07-23T12:08:52.650Z</time>
      </trkpt>
      <trkpt lat="53.828107" lon="10.731131">
        <ele>10.246707</ele>
        <time>2026-07-23T12:08:55.601Z</time>
      </trkpt>
      <trkpt lat="53.827788" lon="10.731943">
        <ele>12.285928</ele>
        <time>2026-07-23T12:09:16.428Z</time>
      </trkpt>
      <trkpt lat="53.827768" lon="10.731988">
        <ele>12.394042</ele>
        <time>2026-07-23T12:09:17.669Z</time>
      </trkpt>
      <trkpt lat="53.827495" lon="10.732628">
        <ele>13.464443</ele>
        <time>2026-07-23T12:09:31.095Z</time>
      </trkpt>
      <trkpt lat="53.826930" lon="10.733432">
        <ele>13.299058</ele>
        <time>2026-07-23T12:09:42.699Z</time>
      </trkpt>
      <trkpt lat="53.826640" lon="10.733785">
        <ele>13.136380</ele>
        <time>2026-07-23T12:09:48.385Z</time>
      </trkpt>
      <trkpt lat="53.826591" lon="10.733849">
        <ele>13.137784</ele>
        <time>2026-07-23T12:09:49.408Z</time>
      </trkpt>
      <trkpt lat="53.825949" lon="10.734663">
        <ele>13.386537</ele>
        <time>2026-07-23T12:10:04.403Z</time>
      </trkpt>
      <trkpt lat="53.825753" lon="10.734913">
        <ele>13.391150</ele>
        <time>2026-07-23T12:10:08.696Z</time>
      </trkpt>
      <trkpt lat="53.824843" lon="10.736023">
        <ele>13.236355</ele>
        <time>2026-07-23T12:10:27.400Z</time>
      </trkpt>
      <trkpt lat="53.824710" lon="10.736216">
        <ele>13.331001</ele>
        <time>2026-07-23T12:10:30.851Z</time>
      </trkpt>
      <trkpt lat="53.823963" lon="10.737236">
        <ele>14.620659</ele>
        <time>2026-07-23T12:10:53.324Z</time>
      </trkpt>
      <trkpt lat="53.823708" lon="10.737589">
        <ele>14.602874</ele>
        <time>2026-07-23T12:10:58.869Z</time>
      </trkpt>
      <trkpt lat="53.823090" lon="10.738468">
        <ele>14.375744</ele>
        <time>2026-07-23T12:11:11.945Z</time>
      </trkpt>
      <trkpt lat="53.822496" lon="10.739295">
        <ele>13.876204</ele>
        <time>2026-07-23T12:11:23.917Z</time>
      </trkpt>
      <trkpt lat="53.822316" lon="10.739633">
        <ele>13.548370</ele>
        <time>2026-07-23T12:11:27.890Z</time>
      </trkpt>
      <trkpt lat="53.822149" lon="10.740102">
        <ele>12.794648</ele>
        <time>2026-07-23T12:11:32.172Z</time>
      </trkpt>
      <trkpt lat="53.822032" lon="10.740517">
        <ele>12.228798</ele>
        <time>2026-07-23T12:11:35.721Z</time>
      </trkpt>
      <trkpt lat="53.821916" lon="10.741085">
        <ele>12.038862</ele>
        <time>2026-07-23T12:11:41.330Z</time>
      </trkpt>
      <trkpt lat="53.821868" lon="10.741498">
        <ele>12.133490</ele>
        <time>2026-07-23T12:11:46.600Z</time>
      </trkpt>
      <trkpt lat="53.821641" lon="10.743489">
        <ele>11.737689</ele>
        <time>2026-07-23T12:12:05.777Z</time>
      </trkpt>
      <trkpt lat="53.821574" lon="10.744143">
        <ele>11.721253</ele>
        <time>2026-07-23T12:12:12.818Z</time>
      </trkpt>
      <trkpt lat="53.821562" lon="10.744262">
        <ele>11.660055</ele>
        <time>2026-07-23T12:12:13.971Z</time>
      </trkpt>
      <trkpt lat="53.821259" lon="10.746151">
        <ele>10.470860</ele>
        <time>2026-07-23T12:12:30.597Z</time>
      </trkpt>
      <trkpt lat="53.820947" lon="10.745992">
        <ele>11.483488</ele>
        <time>2026-07-23T12:12:42.247Z</time>
      </trkpt>
      <trkpt lat="53.820504" lon="10.746026">
        <ele>12.302627</ele>
        <time>2026-07-23T12:12:53.008Z</time>
      </trkpt>
      <trkpt lat="53.819665" lon="10.746312">
        <ele>13.631034</ele>
        <time>2026-07-23T12:13:13.960Z</time>
      </trkpt>
      <trkpt lat="53.817768" lon="10.746968">
        <ele>12.583365</ele>
        <time>2026-07-23T12:13:44.396Z</time>
      </trkpt>
      <trkpt lat="53.817312" lon="10.747076">
        <ele>12.278141</ele>
        <time>2026-07-23T12:13:51.415Z</time>
      </trkpt>
      <trkpt lat="53.817152" lon="10.746962">
        <ele>12.325393</ele>
        <time>2026-07-23T12:13:54.533Z</time>
      </trkpt>
      <trkpt lat="53.816270" lon="10.746554">
        <ele>13.037072</ele>
        <time>2026-07-23T12:14:13.809Z</time>
      </trkpt>
      <trkpt lat="53.816239" lon="10.746539">
        <ele>13.045722</ele>
        <time>2026-07-23T12:14:14.410Z</time>
      </trkpt>
      <trkpt lat="53.815946" lon="10.746452">
        <ele>12.986113</ele>
        <time>2026-07-23T12:14:19.162Z</time>
      </trkpt>
      <trkpt lat="53.815813" lon="10.746413">
        <ele>12.965372</ele>
        <time>2026-07-23T12:14:21.389Z</time>
      </trkpt>
      <trkpt lat="53.815612" lon="10.746447">
        <ele>12.993430</ele>
        <time>2026-07-23T12:14:24.950Z</time>
      </trkpt>
      <trkpt lat="53.815141" lon="10.746682">
        <ele>13.183602</ele>
        <time>2026-07-23T12:14:34.545Z</time>
      </trkpt>
      <trkpt lat="53.814227" lon="10.747105">
        <ele>13.357504</ele>
        <time>2026-07-23T12:14:51.325Z</time>
      </trkpt>
      <trkpt lat="53.814092" lon="10.747124">
        <ele>13.448420</ele>
        <time>2026-07-23T12:14:54.509Z</time>
      </trkpt>
      <trkpt lat="53.813832" lon="10.747034">
        <ele>13.600366</ele>
        <time>2026-07-23T12:15:00.439Z</time>
      </trkpt>
      <trkpt lat="53.813353" lon="10.746685">
        <ele>13.843316</ele>
        <time>2026-07-23T12:15:11.547Z</time>
      </trkpt>
      <trkpt lat="53.812968" lon="10.746379">
        <ele>14.479577</ele>
        <time>2026-07-23T12:15:23.232Z</time>
      </trkpt>
      <trkpt lat="53.812812" lon="10.746260">
        <ele>14.492689</ele>
        <time>2026-07-23T12:15:27.547Z</time>
      </trkpt>
      <trkpt lat="53.811871" lon="10.745584">
        <ele>12.198383</ele>
        <time>2026-07-23T12:15:43.417Z</time>
      </trkpt>
      <trkpt lat="53.811638" lon="10.745397">
        <ele>12.138582</ele>
        <time>2026-07-23T12:15:48.881Z</time>
      </trkpt>
      <trkpt lat="53.811550" lon="10.745307">
        <ele>12.193944</ele>
        <time>2026-07-23T12:15:51.177Z</time>
      </trkpt>
      <trkpt lat="53.811395" lon="10.745078">
        <ele>12.289147</ele>
        <time>2026-07-23T12:15:55.793Z</time>
      </trkpt>
      <trkpt lat="53.811144" lon="10.744709">
        <ele>12.329786</ele>
        <time>2026-07-23T12:16:02.933Z</time>
      </trkpt>
      <trkpt lat="53.811102" lon="10.744648">
        <ele>12.223239</ele>
        <time>2026-07-23T12:16:04.071Z</time>
      </trkpt>
      <trkpt lat="53.810528" lon="10.745614">
        <ele>10.702297</ele>
        <time>2026-07-23T12:16:14.915Z</time>
      </trkpt>
      <trkpt lat="53.809602" lon="10.747123">
        <ele>11.864400</ele>
        <time>2026-07-23T12:16:42.938Z</time>
      </trkpt>
      <trkpt lat="53.809470" lon="10.747361">
        <ele>11.656348</ele>
        <time>2026-07-23T12:16:45.665Z</time>
      </trkpt>
      <trkpt lat="53.809182" lon="10.747712">
        <ele>10.912400</ele>
        <time>2026-07-23T12:16:50.463Z</time>
      </trkpt>
      <trkpt lat="53.808864" lon="10.748009">
        <ele>10.248401</ele>
        <time>2026-07-23T12:16:55.349Z</time>
      </trkpt>
      <trkpt lat="53.808560" lon="10.748195">
        <ele>9.950641</ele>
        <time>2026-07-23T12:17:00.305Z</time>
      </trkpt>
      <trkpt lat="53.808204" lon="10.748285">
        <ele>10.036335</ele>
        <time>2026-07-23T12:17:06.872Z</time>
      </trkpt>
      <trkpt lat="53.808121" lon="10.748353">
        <ele>10.102118</ele>
        <time>2026-07-23T12:17:08.782Z</time>
      </trkpt>
      <trkpt lat="53.807239" lon="10.748663">
        <ele>11.002412</ele>
        <time>2026-07-23T12:17:28.241Z</time>
      </trkpt>
      <trkpt lat="53.807057" lon="10.748754">
        <ele>11.200266</ele>
        <time>2026-07-23T12:17:32.356Z</time>
      </trkpt>
      <trkpt lat="53.806645" lon="10.749139">
        <ele>11.660499</ele>
        <time>2026-07-23T12:17:42.615Z</time>
      </trkpt>
      <trkpt lat="53.806590" lon="10.749195">
        <ele>11.676699</ele>
        <time>2026-07-23T12:17:43.827Z</time>
      </trkpt>
      <trkpt lat="53.806130" lon="10.749655">
        <ele>11.750728</ele>
        <time>2026-07-23T12:17:53.626Z</time>
      </trkpt>
      <trkpt lat="53.805826" lon="10.749872">
        <ele>11.560455</ele>
        <time>2026-07-23T12:17:58.574Z</time>
      </trkpt>
      <trkpt lat="53.805552" lon="10.749970">
        <ele>11.620353</ele>
        <time>2026-07-23T12:18:03.513Z</time>
      </trkpt>
      <trkpt lat="53.805136" lon="10.750022">
        <ele>11.923947</ele>
        <time>2026-07-23T12:18:12.234Z</time>
      </trkpt>
      <trkpt lat="53.804077" lon="10.750065">
        <ele>12.937542</ele>
        <time>2026-07-23T12:18:35.101Z</time>
      </trkpt>
      <trkpt lat="53.803408" lon="10.750061">
        <ele>12.410863</ele>
        <time>2026-07-23T12:18:45.351Z</time>
      </trkpt>
      <trkpt lat="53.803303" lon="10.750060">
        <ele>12.145099</ele>
        <time>2026-07-23T12:18:46.662Z</time>
      </trkpt>
      <trkpt lat="53.802926" lon="10.750051">
        <ele>11.321655</ele>
        <time>2026-07-23T12:18:51.713Z</time>
      </trkpt>
      <trkpt lat="53.802434" lon="10.750124">
        <ele>10.497843</ele>
        <time>2026-07-23T12:18:58.642Z</time>
      </trkpt>
      <trkpt lat="53.801715" lon="10.750319">
        <ele>9.316444</ele>
        <time>2026-07-23T12:19:08.783Z</time>
      </trkpt>
      <trkpt lat="53.801492" lon="10.750342">
        <ele>9.028604</ele>
        <time>2026-07-23T12:19:12.092Z</time>
      </trkpt>
      <trkpt lat="53.801379" lon="10.750428">
        <ele>8.898591</ele>
        <time>2026-07-23T12:19:13.991Z</time>
      </trkpt>
      <trkpt lat="53.801155" lon="10.750487">
        <ele>8.724657</ele>
        <time>2026-07-23T12:19:17.329Z</time>
      </trkpt>
      <trkpt lat="53.800599" lon="10.750636">
        <ele>8.506496</ele>
        <time>2026-07-23T12:19:26.461Z</time>
      </trkpt>
      <trkpt lat="53.800187" lon="10.750881">
        <ele>8.411611</ele>
        <time>2026-07-23T12:19:33.730Z</time>
      </trkpt>
      <trkpt lat="53.800036" lon="10.751007">
        <ele>8.365758</ele>
        <time>2026-07-23T12:19:36.521Z</time>
      </trkpt>
      <trkpt lat="53.799907" lon="10.751166">
        <ele>8.295831</ele>
        <time>2026-07-23T12:19:39.033Z</time>
      </trkpt>
      <trkpt lat="53.799627" lon="10.751654">
        <ele>7.965521</ele>
        <time>2026-07-23T12:19:45.127Z</time>
      </trkpt>
      <trkpt lat="53.799129" lon="10.752709">
        <ele>6.811281</ele>
        <time>2026-07-23T12:19:56.282Z</time>
      </trkpt>
      <trkpt lat="53.799036" lon="10.752903">
        <ele>6.785677</ele>
        <time>2026-07-23T12:19:58.868Z</time>
      </trkpt>
      <trkpt lat="53.798700" lon="10.753477">
        <ele>7.959963</ele>
        <time>2026-07-23T12:20:12.464Z</time>
      </trkpt>
      <trkpt lat="53.798506" lon="10.753700">
        <ele>8.856954</ele>
        <time>2026-07-23T12:20:20.763Z</time>
      </trkpt>
      <trkpt lat="53.798365" lon="10.753864">
        <ele>9.660756</ele>
        <time>2026-07-23T12:20:27.393Z</time>
      </trkpt>
      <trkpt lat="53.797451" lon="10.754774">
        <ele>13.718085</ele>
        <time>2026-07-23T12:21:04.200Z</time>
      </trkpt>
      <trkpt lat="53.796911" lon="10.755164">
        <ele>15.031088</ele>
        <time>2026-07-23T12:21:19.999Z</time>
      </trkpt>
      <trkpt lat="53.796793" lon="10.755240">
        <ele>15.200157</ele>
        <time>2026-07-23T12:21:22.857Z</time>
      </trkpt>
      <trkpt lat="53.796530" lon="10.755315">
        <ele>15.487401</ele>
        <time>2026-07-23T12:21:28.447Z</time>
      </trkpt>
      <trkpt lat="53.795781" lon="10.755645">
        <ele>16.130590</ele>
        <time>2026-07-23T12:21:44.386Z</time>
      </trkpt>
      <trkpt lat="53.795491" lon="10.755794">
        <ele>16.436691</ele>
        <time>2026-07-23T12:21:51.407Z</time>
      </trkpt>
      <trkpt lat="53.794490" lon="10.756232">
        <ele>16.310724</ele>
        <time>2026-07-23T12:22:08.397Z</time>
      </trkpt>
      <trkpt lat="53.794141" lon="10.756346">
        <ele>16.831193</ele>
        <time>2026-07-23T12:22:17.261Z</time>
      </trkpt>
      <trkpt lat="53.794077" lon="10.756295">
        <ele>16.991838</ele>
        <time>2026-07-23T12:22:19.232Z</time>
      </trkpt>
      <trkpt lat="53.793952" lon="10.756091">
        <ele>17.359423</ele>
        <time>2026-07-23T12:22:23.799Z</time>
      </trkpt>
      <trkpt lat="53.793884" lon="10.756089">
        <ele>17.451627</ele>
        <time>2026-07-23T12:22:25.572Z</time>
      </trkpt>
      <trkpt lat="53.793813" lon="10.756122">
        <ele>17.551447</ele>
        <time>2026-07-23T12:22:27.385Z</time>
      </trkpt>
      <trkpt lat="53.793762" lon="10.756187">
        <ele>17.616054</ele>
        <time>2026-07-23T12:22:28.740Z</time>
      </trkpt>
      <trkpt lat="53.793684" lon="10.756477">
        <ele>17.451738</ele>
        <time>2026-07-23T12:22:31.606Z</time>
      </trkpt>
      <trkpt lat="53.793600" lon="10.756561">
        <ele>17.275800</ele>
        <time>2026-07-23T12:22:32.946Z</time>
      </trkpt>
      <trkpt lat="53.793082" lon="10.756824">
        <ele>16.289187</ele>
        <time>2026-07-23T12:22:40.130Z</time>
      </trkpt>
      <trkpt lat="53.792597" lon="10.756970">
        <ele>16.854536</ele>
        <time>2026-07-23T12:22:53.005Z</time>
      </trkpt>
      <trkpt lat="53.792306" lon="10.756979">
        <ele>17.005299</ele>
        <time>2026-07-23T12:22:58.626Z</time>
      </trkpt>
      <trkpt lat="53.792136" lon="10.756743">
        <ele>17.102249</ele>
        <time>2026-07-23T12:23:02.710Z</time>
      </trkpt>
      <trkpt lat="53.791973" lon="10.756701">
        <ele>17.179410</ele>
        <time>2026-07-23T12:23:05.778Z</time>
      </trkpt>
      <trkpt lat="53.791945" lon="10.756700">
        <ele>17.183022</ele>
        <time>2026-07-23T12:23:06.277Z</time>
      </trkpt>
      <trkpt lat="53.791919" lon="10.756700">
        <ele>17.168761</ele>
        <time>2026-07-23T12:23:06.745Z</time>
      </trkpt>
      <trkpt lat="53.791890" lon="10.756690">
        <ele>17.152527</ele>
        <time>2026-07-23T12:23:07.263Z</time>
      </trkpt>
      <trkpt lat="53.791868" lon="10.756673">
        <ele>17.139263</ele>
        <time>2026-07-23T12:23:07.660Z</time>
      </trkpt>
      <trkpt lat="53.791844" lon="10.756652">
        <ele>17.124444</ele>
        <time>2026-07-23T12:23:08.108Z</time>
      </trkpt>
      <trkpt lat="53.791809" lon="10.756670">
        <ele>17.104380</ele>
        <time>2026-07-23T12:23:08.675Z</time>
      </trkpt>
      <trkpt lat="53.791710" lon="10.756893">
        <ele>17.071756</ele>
        <time>2026-07-23T12:23:11.184Z</time>
      </trkpt>
      <trkpt lat="53.791539" lon="10.757021">
        <ele>17.169821</ele>
        <time>2026-07-23T12:23:14.864Z</time>
      </trkpt>
      <trkpt lat="53.791143" lon="10.757039">
        <ele>17.911643</ele>
        <time>2026-07-23T12:23:24.977Z</time>
      </trkpt>
      <trkpt lat="53.790897" lon="10.757005">
        <ele>18.456749</ele>
        <time>2026-07-23T12:23:32.202Z</time>
      </trkpt>
      <trkpt lat="53.790420" lon="10.756932">
        <ele>18.903674</ele>
        <time>2026-07-23T12:23:42.783Z</time>
      </trkpt>
      <trkpt lat="53.787739" lon="10.756185">
        <ele>13.711259</ele>
        <time>2026-07-23T12:24:19.536Z</time>
      </trkpt>
      <trkpt lat="53.787720" lon="10.756312">
        <ele>13.766495</ele>
        <time>2026-07-23T12:24:21.248Z</time>
      </trkpt>
      <trkpt lat="53.787687" lon="10.756490">
        <ele>13.922749</ele>
        <time>2026-07-23T12:24:24.714Z</time>
      </trkpt>
      <trkpt lat="53.787572" lon="10.756475">
        <ele>14.264797</ele>
        <time>2026-07-23T12:24:28.575Z</time>
      </trkpt>
      <trkpt lat="53.787525" lon="10.756523">
        <ele>14.427581</ele>
        <time>2026-07-23T12:24:30.206Z</time>
      </trkpt>
      <trkpt lat="53.786809" lon="10.758135">
        <ele>16.088236</ele>
        <time>2026-07-23T12:24:58.201Z</time>
      </trkpt>
      <trkpt lat="53.786657" lon="10.758713">
        <ele>15.744094</ele>
        <time>2026-07-23T12:25:03.742Z</time>
      </trkpt>
      <trkpt lat="53.786480" lon="10.759076">
        <ele>15.071038</ele>
        <time>2026-07-23T12:25:07.408Z</time>
      </trkpt>
      <trkpt lat="53.786305" lon="10.759368">
        <ele>14.229970</ele>
        <time>2026-07-23T12:25:10.469Z</time>
      </trkpt>
      <trkpt lat="53.785935" lon="10.760169">
        <ele>11.508357</ele>
        <time>2026-07-23T12:25:17.588Z</time>
      </trkpt>
      <trkpt lat="53.785777" lon="10.760315">
        <ele>10.715828</ele>
        <time>2026-07-23T12:25:19.728Z</time>
      </trkpt>
      <trkpt lat="53.785336" lon="10.761332">
        <ele>7.694013</ele>
        <time>2026-07-23T12:25:28.706Z</time>
      </trkpt>
      <trkpt lat="53.785275" lon="10.761483">
        <ele>7.737006</ele>
        <time>2026-07-23T12:25:30.299Z</time>
      </trkpt>
      <trkpt lat="53.785277" lon="10.761634">
        <ele>7.780608</ele>
        <time>2026-07-23T12:25:32.555Z</time>
      </trkpt>
      <trkpt lat="53.785171" lon="10.761868">
        <ele>7.902735</ele>
        <time>2026-07-23T12:25:37.637Z</time>
      </trkpt>
      <trkpt lat="53.785138" lon="10.762119">
        <ele>7.588892</ele>
        <time>2026-07-23T12:25:39.659Z</time>
      </trkpt>
      <trkpt lat="53.785024" lon="10.762228">
        <ele>6.904002</ele>
        <time>2026-07-23T12:25:41.141Z</time>
      </trkpt>
      <trkpt lat="53.784822" lon="10.762686">
        <ele>4.572998</ele>
        <time>2026-07-23T12:25:44.794Z</time>
      </trkpt>
      <trkpt lat="53.784755" lon="10.762708">
        <ele>4.231647</ele>
        <time>2026-07-23T12:25:45.572Z</time>
      </trkpt>
      <trkpt lat="53.783845" lon="10.764862">
        <ele>3.308908</ele>
        <time>2026-07-23T12:26:10.714Z</time>
      </trkpt>
      <trkpt lat="53.783296" lon="10.766154">
        <ele>3.246842</ele>
        <time>2026-07-23T12:26:31.959Z</time>
      </trkpt>
      <trkpt lat="53.783156" lon="10.766474">
        <ele>3.764589</ele>
        <time>2026-07-23T12:26:40.799Z</time>
      </trkpt>
      <trkpt lat="53.782998" lon="10.766801">
        <ele>3.801566</ele>
        <time>2026-07-23T12:26:46.386Z</time>
      </trkpt>
      <trkpt lat="53.782787" lon="10.767134">
        <ele>3.810002</ele>
        <time>2026-07-23T12:26:52.809Z</time>
      </trkpt>
      <trkpt lat="53.782513" lon="10.767565">
        <ele>4.339536</ele>
        <time>2026-07-23T12:27:03.145Z</time>
      </trkpt>
      <trkpt lat="53.782331" lon="10.767779">
        <ele>4.412500</ele>
        <time>2026-07-23T12:27:07.474Z</time>
      </trkpt>
      <trkpt lat="53.782134" lon="10.767944">
        <ele>4.514363</ele>
        <time>2026-07-23T12:27:12.423Z</time>
      </trkpt>
      <trkpt lat="53.779612" lon="10.769187">
        <ele>6.547511</ele>
        <time>2026-07-23T12:28:12.446Z</time>
      </trkpt>
      <trkpt lat="53.778577" lon="10.769696">
        <ele>4.718940</ele>
        <time>2026-07-23T12:28:29.243Z</time>
      </trkpt>
      <trkpt lat="53.777499" lon="10.770578">
        <ele>4.034473</ele>
        <time>2026-07-23T12:28:50.613Z</time>
      </trkpt>
      <trkpt lat="53.777020" lon="10.770877">
        <ele>4.122523</ele>
        <time>2026-07-23T12:29:00.612Z</time>
      </trkpt>
      <trkpt lat="53.776617" lon="10.771034">
        <ele>4.568413</ele>
        <time>2026-07-23T12:29:10.309Z</time>
      </trkpt>
      <trkpt lat="53.775654" lon="10.771144">
        <ele>7.020978</ele>
        <time>2026-07-23T12:29:40.081Z</time>
      </trkpt>
      <trkpt lat="53.774647" lon="10.770739">
        <ele>10.206187</ele>
        <time>2026-07-23T12:30:14.401Z</time>
      </trkpt>
      <trkpt lat="53.773127" lon="10.769979">
        <ele>15.270389</ele>
        <time>2026-07-23T12:31:14.415Z</time>
      </trkpt>
      <trkpt lat="53.772934" lon="10.769941">
        <ele>15.768169</ele>
        <time>2026-07-23T12:31:21.024Z</time>
      </trkpt>
      <trkpt lat="53.772538" lon="10.769997">
        <ele>16.608479</ele>
        <time>2026-07-23T12:31:33.960Z</time>
      </trkpt>
      <trkpt lat="53.772320" lon="10.770124">
        <ele>17.092431</ele>
        <time>2026-07-23T12:31:41.247Z</time>
      </trkpt>
      <trkpt lat="53.772193" lon="10.770255">
        <ele>17.379580</ele>
        <time>2026-07-23T12:31:46.282Z</time>
      </trkpt>
      <trkpt lat="53.772140" lon="10.770123">
        <ele>17.467135</ele>
        <time>2026-07-23T12:31:48.964Z</time>
      </trkpt>
      <trkpt lat="53.771749" lon="10.769109">
        <ele>17.414173</ele>
        <time>2026-07-23T12:32:04.407Z</time>
      </trkpt>
      <trkpt lat="53.771379" lon="10.768878">
        <ele>17.476005</ele>
        <time>2026-07-23T12:32:13.374Z</time>
      </trkpt>
      <trkpt lat="53.771329" lon="10.768850">
        <ele>17.515475</ele>
        <time>2026-07-23T12:32:14.394Z</time>
      </trkpt>
      <trkpt lat="53.770761" lon="10.768562">
        <ele>18.045921</ele>
        <time>2026-07-23T12:32:27.446Z</time>
      </trkpt>
      <trkpt lat="53.770569" lon="10.768540">
        <ele>18.073980</ele>
        <time>2026-07-23T12:32:30.604Z</time>
      </trkpt>
      <trkpt lat="53.769854" lon="10.768664">
        <ele>17.762048</ele>
        <time>2026-07-23T12:32:41.970Z</time>
      </trkpt>
      <trkpt lat="53.769123" lon="10.768792">
        <ele>17.885526</ele>
        <time>2026-07-23T12:32:55.327Z</time>
      </trkpt>
      <trkpt lat="53.769076" lon="10.768802">
        <ele>17.893658</ele>
        <time>2026-07-23T12:32:56.167Z</time>
      </trkpt>
      <trkpt lat="53.768864" lon="10.768836">
        <ele>17.899519</ele>
        <time>2026-07-23T12:33:00.094Z</time>
      </trkpt>
      <trkpt lat="53.768717" lon="10.768875">
        <ele>17.757497</ele>
        <time>2026-07-23T12:33:02.496Z</time>
      </trkpt>
      <trkpt lat="53.768433" lon="10.769102">
        <ele>17.034322</ele>
        <time>2026-07-23T12:33:06.585Z</time>
      </trkpt>
      <trkpt lat="53.767973" lon="10.769435">
        <ele>14.996650</ele>
        <time>2026-07-23T12:33:12.598Z</time>
      </trkpt>
      <trkpt lat="53.767632" lon="10.769564">
        <ele>13.624002</ele>
        <time>2026-07-23T12:33:16.808Z</time>
      </trkpt>
      <trkpt lat="53.767075" lon="10.769644">
        <ele>12.539598</ele>
        <time>2026-07-23T12:33:24.418Z</time>
      </trkpt>
      <trkpt lat="53.767066" lon="10.769799">
        <ele>12.660259</ele>
        <time>2026-07-23T12:33:26.468Z</time>
      </trkpt>
      <trkpt lat="53.766864" lon="10.769906">
        <ele>13.062407</ele>
        <time>2026-07-23T12:33:32.778Z</time>
      </trkpt>
      <trkpt lat="53.766832" lon="10.769767">
        <ele>13.281108</ele>
        <time>2026-07-23T12:33:35.186Z</time>
      </trkpt>
      <trkpt lat="53.766740" lon="10.769842">
        <ele>13.515261</ele>
        <time>2026-07-23T12:33:37.905Z</time>
      </trkpt>
      <trkpt lat="53.766693" lon="10.769723">
        <ele>13.702611</ele>
        <time>2026-07-23T12:33:40.292Z</time>
      </trkpt>
      <trkpt lat="53.766642" lon="10.769670">
        <ele>13.835165</ele>
        <time>2026-07-23T12:33:41.809Z</time>
      </trkpt>
      <trkpt lat="53.766408" lon="10.769652">
        <ele>14.488986</ele>
        <time>2026-07-23T12:33:48.599Z</time>
      </trkpt>
      <trkpt lat="53.766360" lon="10.769649">
        <ele>14.648899</ele>
        <time>2026-07-23T12:33:50.090Z</time>
      </trkpt>
      <trkpt lat="53.766000" lon="10.769622">
        <ele>15.871915</ele>
        <time>2026-07-23T12:34:02.077Z</time>
      </trkpt>
      <trkpt lat="53.765496" lon="10.769502">
        <ele>17.326507</ele>
        <time>2026-07-23T12:34:17.661Z</time>
      </trkpt>
      <trkpt lat="53.765158" lon="10.769356">
        <ele>17.654331</ele>
        <time>2026-07-23T12:34:24.735Z</time>
      </trkpt>
      <trkpt lat="53.764980" lon="10.769283">
        <ele>17.807783</ele>
        <time>2026-07-23T12:34:28.095Z</time>
      </trkpt>
      <trkpt lat="53.764018" lon="10.768886">
        <ele>18.894260</ele>
        <time>2026-07-23T12:34:50.382Z</time>
      </trkpt>
      <trkpt lat="53.763844" lon="10.768769">
        <ele>19.050957</ele>
        <time>2026-07-23T12:34:54.329Z</time>
      </trkpt>
      <trkpt lat="53.763152" lon="10.767952">
        <ele>19.138281</ele>
        <time>2026-07-23T12:35:09.214Z</time>
      </trkpt>
      <trkpt lat="53.762885" lon="10.767710">
        <ele>18.904335</ele>
        <time>2026-07-23T12:35:13.796Z</time>
      </trkpt>
      <trkpt lat="53.761902" lon="10.767340">
        <ele>18.089894</ele>
        <time>2026-07-23T12:35:28.954Z</time>
      </trkpt>
      <trkpt lat="53.761687" lon="10.767235">
        <ele>18.289165</ele>
        <time>2026-07-23T12:35:33.802Z</time>
      </trkpt>
      <trkpt lat="53.761457" lon="10.767050">
        <ele>18.820992</ele>
        <time>2026-07-23T12:35:41.392Z</time>
      </trkpt>
      <trkpt lat="53.761031" lon="10.766666">
        <ele>19.679182</ele>
        <time>2026-07-23T12:35:52.969Z</time>
      </trkpt>
      <trkpt lat="53.759968" lon="10.765569">
        <ele>21.309701</ele>
        <time>2026-07-23T12:36:21.516Z</time>
      </trkpt>
      <trkpt lat="53.759957" lon="10.765558">
        <ele>21.332066</ele>
        <time>2026-07-23T12:36:21.822Z</time>
      </trkpt>
      <trkpt lat="53.759143" lon="10.764748">
        <ele>22.873675</ele>
        <time>2026-07-23T12:36:45.376Z</time>
      </trkpt>
      <trkpt lat="53.758388" lon="10.764088">
        <ele>23.022466</ele>
        <time>2026-07-23T12:37:00.254Z</time>
      </trkpt>
      <trkpt lat="53.757931" lon="10.763718">
        <ele>23.370467</ele>
        <time>2026-07-23T12:37:10.038Z</time>
      </trkpt>
      <trkpt lat="53.757198" lon="10.763252">
        <ele>24.592852</ele>
        <time>2026-07-23T12:37:29.018Z</time>
      </trkpt>
      <trkpt lat="53.756957" lon="10.763090">
        <ele>25.454237</ele>
        <time>2026-07-23T12:37:37.801Z</time>
      </trkpt>
      <trkpt lat="53.756701" lon="10.762982">
        <ele>25.981569</ele>
        <time>2026-07-23T12:37:46.832Z</time>
      </trkpt>
      <trkpt lat="53.756607" lon="10.762907">
        <ele>25.955372</ele>
        <time>2026-07-23T12:37:49.399Z</time>
      </trkpt>
      <trkpt lat="53.756508" lon="10.762759">
        <ele>25.725048</ele>
        <time>2026-07-23T12:37:51.826Z</time>
      </trkpt>
      <trkpt lat="53.756641" lon="10.762526">
        <ele>24.978476</ele>
        <time>2026-07-23T12:37:55.064Z</time>
      </trkpt>
      <trkpt lat="53.756129" lon="10.761922">
        <ele>23.276899</ele>
        <time>2026-07-23T12:38:03.154Z</time>
      </trkpt>
      <trkpt lat="53.755808" lon="10.761688">
        <ele>22.257997</ele>
        <time>2026-07-23T12:38:07.559Z</time>
      </trkpt>
      <trkpt lat="53.754924" lon="10.761363">
        <ele>20.079071</ele>
        <time>2026-07-23T12:38:19.531Z</time>
      </trkpt>
      <trkpt lat="53.754531" lon="10.761279">
        <ele>19.615890</ele>
        <time>2026-07-23T12:38:25.359Z</time>
      </trkpt>
      <trkpt lat="53.753554" lon="10.761002">
        <ele>18.792330</ele>
        <time>2026-07-23T12:38:56.927Z</time>
      </trkpt>
      <trkpt lat="53.752871" lon="10.760689">
        <ele>17.096750</ele>
        <time>2026-07-23T12:39:16.976Z</time>
      </trkpt>
      <trkpt lat="53.751924" lon="10.760699">
        <ele>16.443965</ele>
        <time>2026-07-23T12:39:47.151Z</time>
      </trkpt>
      <trkpt lat="53.751798" lon="10.760672">
        <ele>16.519422</ele>
        <time>2026-07-23T12:39:51.866Z</time>
      </trkpt>
      <trkpt lat="53.750583" lon="10.759870">
        <ele>17.471517</ele>
        <time>2026-07-23T12:40:40.898Z</time>
      </trkpt>
      <trkpt lat="53.749831" lon="10.759458">
        <ele>16.703660</ele>
        <time>2026-07-23T12:41:05.409Z</time>
      </trkpt>
      <trkpt lat="53.748445" lon="10.759511">
        <ele>12.098658</ele>
        <time>2026-07-23T12:41:43.399Z</time>
      </trkpt>
      <trkpt lat="53.748359" lon="10.759476">
        <ele>11.772734</ele>
        <time>2026-07-23T12:41:45.788Z</time>
      </trkpt>
      <trkpt lat="53.747915" lon="10.758981">
        <ele>9.830196</ele>
        <time>2026-07-23T12:42:00.121Z</time>
      </trkpt>
      <trkpt lat="53.747600" lon="10.758866">
        <ele>8.865844</ele>
        <time>2026-07-23T12:42:09.067Z</time>
      </trkpt>
      <trkpt lat="53.747511" lon="10.758873">
        <ele>8.699763</ele>
        <time>2026-07-23T12:42:11.672Z</time>
      </trkpt>
      <trkpt lat="53.747394" lon="10.758938">
        <ele>8.517169</ele>
        <time>2026-07-23T12:42:15.421Z</time>
      </trkpt>
      <trkpt lat="53.747225" lon="10.759103">
        <ele>8.427344</ele>
        <time>2026-07-23T12:42:21.733Z</time>
      </trkpt>
      <trkpt lat="53.746836" lon="10.759603">
        <ele>8.669272</ele>
        <time>2026-07-23T12:42:39.159Z</time>
      </trkpt>
      <trkpt lat="53.746615" lon="10.760061">
        <ele>9.329658</ele>
        <time>2026-07-23T12:42:54.341Z</time>
      </trkpt>
      <trkpt lat="53.746496" lon="10.760391">
        <ele>9.908650</ele>
        <time>2026-07-23T12:43:04.762Z</time>
      </trkpt>
      <trkpt lat="53.746348" lon="10.760655">
        <ele>10.469263</ele>
        <time>2026-07-23T12:43:14.706Z</time>
      </trkpt>
      <trkpt lat="53.744325" lon="10.763011">
        <ele>15.819302</ele>
        <time>2026-07-23T12:45:01.274Z</time>
      </trkpt>
      <trkpt lat="53.744146" lon="10.763276">
        <ele>16.412365</ele>
        <time>2026-07-23T12:45:11.847Z</time>
      </trkpt>
      <trkpt lat="53.743653" lon="10.764172">
        <ele>18.448550</ele>
        <time>2026-07-23T12:45:45.414Z</time>
      </trkpt>
      <trkpt lat="53.743456" lon="10.764527">
        <ele>19.383776</ele>
        <time>2026-07-23T12:45:55.882Z</time>
      </trkpt>
      <trkpt lat="53.743263" lon="10.764598">
        <ele>19.414144</ele>
        <time>2026-07-23T12:45:58.961Z</time>
      </trkpt>
      <trkpt lat="53.741656" lon="10.764786">
        <ele>15.052237</ele>
        <time>2026-07-23T12:46:19.692Z</time>
      </trkpt>
      <trkpt lat="53.741059" lon="10.764786">
        <ele>13.810107</ele>
        <time>2026-07-23T12:46:27.918Z</time>
      </trkpt>
      <trkpt lat="53.740828" lon="10.764762">
        <ele>12.978842</ele>
        <time>2026-07-23T12:46:30.674Z</time>
      </trkpt>
      <trkpt lat="53.740513" lon="10.764794">
        <ele>12.355902</ele>
        <time>2026-07-23T12:46:34.958Z</time>
      </trkpt>
      <trkpt lat="53.740162" lon="10.764944">
        <ele>12.057480</ele>
        <time>2026-07-23T12:46:40.533Z</time>
      </trkpt>
      <trkpt lat="53.739181" lon="10.765696">
        <ele>13.167966</ele>
        <time>2026-07-23T12:47:03.540Z</time>
      </trkpt>
      <trkpt lat="53.737795" lon="10.767009">
        <ele>19.982888</ele>
        <time>2026-07-23T12:48:02.111Z</time>
      </trkpt>
      <trkpt lat="53.737148" lon="10.767551">
        <ele>22.868586</ele>
        <time>2026-07-23T12:48:27.615Z</time>
      </trkpt>
      <trkpt lat="53.736230" lon="10.768410">
        <ele>25.610352</ele>
        <time>2026-07-23T12:48:59.489Z</time>
      </trkpt>
      <trkpt lat="53.735880" lon="10.767319">
        <ele>22.493437</ele>
        <time>2026-07-23T12:49:18.611Z</time>
      </trkpt>
      <trkpt lat="53.735747" lon="10.767006">
        <ele>20.849795</ele>
        <time>2026-07-23T12:49:24.102Z</time>
      </trkpt>
      <trkpt lat="53.735053" lon="10.766436">
        <ele>16.250457</ele>
        <time>2026-07-23T12:49:43.232Z</time>
      </trkpt>
      <trkpt lat="53.734923" lon="10.766530">
        <ele>15.782466</ele>
        <time>2026-07-23T12:49:47.428Z</time>
      </trkpt>
      <trkpt lat="53.734796" lon="10.766711">
        <ele>15.864173</ele>
        <time>2026-07-23T12:49:53.382Z</time>
      </trkpt>
      <trkpt lat="53.734423" lon="10.766892">
        <ele>16.339248</ele>
        <time>2026-07-23T12:50:09.153Z</time>
      </trkpt>
      <trkpt lat="53.734217" lon="10.766945">
        <ele>16.385652</ele>
        <time>2026-07-23T12:50:16.715Z</time>
      </trkpt>
      <trkpt lat="53.734031" lon="10.766865">
        <ele>16.161614</ele>
        <time>2026-07-23T12:50:22.564Z</time>
      </trkpt>
      <trkpt lat="53.733646" lon="10.766563">
        <ele>15.182081</ele>
        <time>2026-07-23T12:50:34.735Z</time>
      </trkpt>
      <trkpt lat="53.733440" lon="10.766496">
        <ele>14.638133</ele>
        <time>2026-07-23T12:50:40.640Z</time>
      </trkpt>
      <trkpt lat="53.733297" lon="10.766577">
        <ele>14.372460</ele>
        <time>2026-07-23T12:50:45.013Z</time>
      </trkpt>
      <trkpt lat="53.733174" lon="10.766751">
        <ele>14.339697</ele>
        <time>2026-07-23T12:50:50.188Z</time>
      </trkpt>
      <trkpt lat="53.733060" lon="10.766803">
        <ele>14.410306</ele>
        <time>2026-07-23T12:50:54.768Z</time>
      </trkpt>
      <trkpt lat="53.733012" lon="10.766804">
        <ele>14.500237</ele>
        <time>2026-07-23T12:50:56.773Z</time>
      </trkpt>
      <trkpt lat="53.732837" lon="10.766604">
        <ele>14.892999</ele>
        <time>2026-07-23T12:51:06.016Z</time>
      </trkpt>
      <trkpt lat="53.732738" lon="10.766644">
        <ele>15.061483</ele>
        <time>2026-07-23T12:51:10.305Z</time>
      </trkpt>
      <trkpt lat="53.732465" lon="10.766939">
        <ele>15.512363</ele>
        <time>2026-07-23T12:51:22.869Z</time>
      </trkpt>
      <trkpt lat="53.732282" lon="10.767026">
        <ele>15.831625</ele>
        <time>2026-07-23T12:51:30.602Z</time>
      </trkpt>
      <trkpt lat="53.732076" lon="10.766965">
        <ele>16.306342</ele>
        <time>2026-07-23T12:51:40.164Z</time>
      </trkpt>
      <trkpt lat="53.731926" lon="10.766865">
        <ele>16.664234</ele>
        <time>2026-07-23T12:51:47.412Z</time>
      </trkpt>
      <trkpt lat="53.731819" lon="10.766865">
        <ele>16.895576</ele>
        <time>2026-07-23T12:51:51.891Z</time>
      </trkpt>
      <trkpt lat="53.731656" lon="10.766965">
        <ele>17.179742</ele>
        <time>2026-07-23T12:51:58.797Z</time>
      </trkpt>
      <trkpt lat="53.731426" lon="10.766986">
        <ele>17.530501</ele>
        <time>2026-07-23T12:52:08.095Z</time>
      </trkpt>
      <trkpt lat="53.731232" lon="10.766919">
        <ele>17.885265</ele>
        <time>2026-07-23T12:52:16.413Z</time>
      </trkpt>
      <trkpt lat="53.731054" lon="10.766912">
        <ele>18.155880</ele>
        <time>2026-07-23T12:52:23.789Z</time>
      </trkpt>
      <trkpt lat="53.730835" lon="10.766939">
        <ele>18.426906</ele>
        <time>2026-07-23T12:52:31.943Z</time>
      </trkpt>
      <trkpt lat="53.730379" lon="10.767193">
        <ele>19.688011</ele>
        <time>2026-07-23T12:52:51.206Z</time>
      </trkpt>
      <trkpt lat="53.730171" lon="10.767618">
        <ele>22.957199</ele>
        <time>2026-07-23T12:53:22.274Z</time>
      </trkpt>
      <trkpt lat="53.729868" lon="10.767588">
        <ele>22.489796</ele>
        <time>2026-07-23T12:53:30.615Z</time>
      </trkpt>
      <trkpt lat="53.729669" lon="10.767394">
        <ele>21.702926</ele>
        <time>2026-07-23T12:53:36.896Z</time>
      </trkpt>
      <trkpt lat="53.729269" lon="10.767256">
        <ele>20.154575</ele>
        <time>2026-07-23T12:53:48.119Z</time>
      </trkpt>
      <trkpt lat="53.729092" lon="10.767250">
        <ele>19.153745</ele>
        <time>2026-07-23T12:53:52.461Z</time>
      </trkpt>
      <trkpt lat="53.729003" lon="10.767195">
        <ele>18.817156</ele>
        <time>2026-07-23T12:53:54.861Z</time>
      </trkpt>
      <trkpt lat="53.728921" lon="10.767201">
        <ele>18.525622</ele>
        <time>2026-07-23T12:53:57.137Z</time>
      </trkpt>
      <trkpt lat="53.728628" lon="10.767224">
        <ele>18.208072</ele>
        <time>2026-07-23T12:54:06.271Z</time>
      </trkpt>
      <trkpt lat="53.728167" lon="10.767439">
        <ele>19.013205</ele>
        <time>2026-07-23T12:54:26.612Z</time>
      </trkpt>
      <trkpt lat="53.728040" lon="10.767611">
        <ele>19.360760</ele>
        <time>2026-07-23T12:54:33.585Z</time>
      </trkpt>
      <trkpt lat="53.727880" lon="10.767909">
        <ele>20.171625</ele>
        <time>2026-07-23T12:54:45.522Z</time>
      </trkpt>
      <trkpt lat="53.727687" lon="10.767946">
        <ele>21.035257</ele>
        <time>2026-07-23T12:54:54.397Z</time>
      </trkpt>
      <trkpt lat="53.727677" lon="10.768016">
        <ele>21.359792</ele>
        <time>2026-07-23T12:54:56.813Z</time>
      </trkpt>
      <trkpt lat="53.727608" lon="10.768599">
        <ele>25.868348</ele>
        <time>2026-07-23T12:55:25.007Z</time>
      </trkpt>
      <trkpt lat="53.727545" lon="10.769269">
        <ele>30.420188</ele>
        <time>2026-07-23T12:55:52.746Z</time>
      </trkpt>
      <trkpt lat="53.727503" lon="10.769779">
        <ele>32.831801</ele>
        <time>2026-07-23T12:56:09.592Z</time>
      </trkpt>
      <trkpt lat="53.727333" lon="10.769736">
        <ele>33.470926</ele>
        <time>2026-07-23T12:56:14.300Z</time>
      </trkpt>
      <trkpt lat="53.727036" lon="10.769560">
        <ele>34.360021</ele>
        <time>2026-07-23T12:56:23.652Z</time>
      </trkpt>
      <trkpt lat="53.726449" lon="10.769147">
        <ele>38.706807</ele>
        <time>2026-07-23T12:56:56.178Z</time>
      </trkpt>
      <trkpt lat="53.726278" lon="10.768948">
        <ele>39.468999</ele>
        <time>2026-07-23T12:57:06.967Z</time>
      </trkpt>
      <trkpt lat="53.726092" lon="10.768538">
        <ele>37.708258</ele>
        <time>2026-07-23T12:57:10.806Z</time>
      </trkpt>
      <trkpt lat="53.725947" lon="10.767915">
        <ele>31.660760</ele>
        <time>2026-07-23T12:57:15.271Z</time>
      </trkpt>
      <trkpt lat="53.725864" lon="10.767804">
        <ele>30.196530</ele>
        <time>2026-07-23T12:57:16.484Z</time>
      </trkpt>
      <trkpt lat="53.725549" lon="10.767568">
        <ele>26.178033</ele>
        <time>2026-07-23T12:57:20.540Z</time>
      </trkpt>
      <trkpt lat="53.725054" lon="10.766933">
        <ele>20.164490</ele>
        <time>2026-07-23T12:57:28.011Z</time>
      </trkpt>
      <trkpt lat="53.724728" lon="10.766800">
        <ele>16.788669</ele>
        <time>2026-07-23T12:57:32.007Z</time>
      </trkpt>
      <trkpt lat="53.724496" lon="10.766516">
        <ele>13.838619</ele>
        <time>2026-07-23T12:57:35.422Z</time>
      </trkpt>
      <trkpt lat="53.724289" lon="10.766422">
        <ele>11.805724</ele>
        <time>2026-07-23T12:57:37.977Z</time>
      </trkpt>
      <trkpt lat="53.724060" lon="10.766390">
        <ele>10.226150</ele>
        <time>2026-07-23T12:57:40.833Z</time>
      </trkpt>
      <trkpt lat="53.723596" lon="10.766422">
        <ele>9.385012</ele>
        <time>2026-07-23T12:57:48.369Z</time>
      </trkpt>
      <trkpt lat="53.723478" lon="10.766500">
        <ele>9.456059</ele>
        <time>2026-07-23T12:57:51.556Z</time>
      </trkpt>
      <trkpt lat="53.723399" lon="10.766615">
        <ele>9.808167</ele>
        <time>2026-07-23T12:57:54.888Z</time>
      </trkpt>
      <trkpt lat="53.723291" lon="10.767065">
        <ele>11.141579</ele>
        <time>2026-07-23T12:58:06.403Z</time>
      </trkpt>
      <trkpt lat="53.723063" lon="10.767495">
        <ele>13.453424</ele>
        <time>2026-07-23T12:58:24.109Z</time>
      </trkpt>
      <trkpt lat="53.722552" lon="10.768004">
        <ele>17.255280</ele>
        <time>2026-07-23T12:58:52.767Z</time>
      </trkpt>
      <trkpt lat="53.721815" lon="10.768284">
        <ele>21.348964</ele>
        <time>2026-07-23T12:59:25.267Z</time>
      </trkpt>
      <trkpt lat="53.721063" lon="10.768407">
        <ele>26.133156</ele>
        <time>2026-07-23T13:00:00.881Z</time>
      </trkpt>
      <trkpt lat="53.719937" lon="10.768783">
        <ele>35.925407</ele>
        <time>2026-07-23T13:01:07.406Z</time>
      </trkpt>
      <trkpt lat="53.719731" lon="10.769029">
        <ele>38.263741</ele>
        <time>2026-07-23T13:01:23.036Z</time>
      </trkpt>
      <trkpt lat="53.719594" lon="10.769375">
        <ele>40.444706</ele>
        <time>2026-07-23T13:01:39.138Z</time>
      </trkpt>
      <trkpt lat="53.719357" lon="10.769794">
        <ele>40.983392</ele>
        <time>2026-07-23T13:01:47.311Z</time>
      </trkpt>
      <trkpt lat="53.719116" lon="10.769836">
        <ele>40.724477</ele>
        <time>2026-07-23T13:01:51.321Z</time>
      </trkpt>
      <trkpt lat="53.718957" lon="10.769643">
        <ele>40.213483</ele>
        <time>2026-07-23T13:01:54.193Z</time>
      </trkpt>
      <trkpt lat="53.718837" lon="10.769246">
        <ele>39.177448</ele>
        <time>2026-07-23T13:01:57.854Z</time>
      </trkpt>
      <trkpt lat="53.718602" lon="10.768667">
        <ele>37.278107</ele>
        <time>2026-07-23T13:02:03.489Z</time>
      </trkpt>
      <trkpt lat="53.718233" lon="10.767970">
        <ele>34.708512</ele>
        <time>2026-07-23T13:02:10.861Z</time>
      </trkpt>
      <trkpt lat="53.718033" lon="10.767782">
        <ele>34.138937</ele>
        <time>2026-07-23T13:02:14.376Z</time>
      </trkpt>
      <trkpt lat="53.717807" lon="10.767718">
        <ele>33.833133</ele>
        <time>2026-07-23T13:02:18.260Z</time>
      </trkpt>
      <trkpt lat="53.717375" lon="10.767752">
        <ele>33.585607</ele>
        <time>2026-07-23T13:02:25.961Z</time>
      </trkpt>
      <trkpt lat="53.717002" lon="10.767658">
        <ele>33.126455</ele>
        <time>2026-07-23T13:02:32.371Z</time>
      </trkpt>
      <trkpt lat="53.715913" lon="10.767089">
        <ele>30.444717</ele>
        <time>2026-07-23T13:02:49.446Z</time>
      </trkpt>
      <trkpt lat="53.715786" lon="10.767088">
        <ele>30.263448</ele>
        <time>2026-07-23T13:02:51.394Z</time>
      </trkpt>
      <trkpt lat="53.714816" lon="10.767321">
        <ele>31.499439</ele>
        <time>2026-07-23T13:03:16.575Z</time>
      </trkpt>
      <trkpt lat="53.714438" lon="10.767443">
        <ele>31.488478</ele>
        <time>2026-07-23T13:03:23.791Z</time>
      </trkpt>
      <trkpt lat="53.713862" lon="10.767756">
        <ele>31.188551</ele>
        <time>2026-07-23T13:03:34.589Z</time>
      </trkpt>
      <trkpt lat="53.713839" lon="10.767762">
        <ele>31.175672</ele>
        <time>2026-07-23T13:03:34.998Z</time>
      </trkpt>
      <trkpt lat="53.713582" lon="10.767823">
        <ele>30.920579</ele>
        <time>2026-07-23T13:03:39.413Z</time>
      </trkpt>
      <trkpt lat="53.713169" lon="10.768201">
        <ele>30.674039</ele>
        <time>2026-07-23T13:03:47.484Z</time>
      </trkpt>
      <trkpt lat="53.712140" lon="10.769331">
        <ele>31.218078</ele>
        <time>2026-07-23T13:04:14.687Z</time>
      </trkpt>
      <trkpt lat="53.711998" lon="10.769342">
        <ele>30.880908</ele>
        <time>2026-07-23T13:04:18.664Z</time>
      </trkpt>
      <trkpt lat="53.711923" lon="10.769301">
        <ele>30.553552</ele>
        <time>2026-07-23T13:04:20.723Z</time>
      </trkpt>
      <trkpt lat="53.711793" lon="10.768782">
        <ele>28.991410</ele>
        <time>2026-07-23T13:04:29.396Z</time>
      </trkpt>
      <trkpt lat="53.711727" lon="10.768630">
        <ele>28.453386</ele>
        <time>2026-07-23T13:04:32.256Z</time>
      </trkpt>
      <trkpt lat="53.711598" lon="10.768548">
        <ele>27.912462</ele>
        <time>2026-07-23T13:04:35.885Z</time>
      </trkpt>
      <trkpt lat="53.711309" lon="10.768511">
        <ele>27.258075</ele>
        <time>2026-07-23T13:04:44.220Z</time>
      </trkpt>
      <trkpt lat="53.711212" lon="10.768556">
        <ele>27.098075</ele>
        <time>2026-07-23T13:04:47.332Z</time>
      </trkpt>
      <trkpt lat="53.710803" lon="10.769322">
        <ele>27.600984</ele>
        <time>2026-07-23T13:05:11.905Z</time>
      </trkpt>
      <trkpt lat="53.710432" lon="10.768934">
        <ele>25.972001</ele>
        <time>2026-07-23T13:05:18.934Z</time>
      </trkpt>
      <trkpt lat="53.710214" lon="10.768943">
        <ele>25.255395</ele>
        <time>2026-07-23T13:05:22.637Z</time>
      </trkpt>
      <trkpt lat="53.709990" lon="10.769003">
        <ele>24.675461</ele>
        <time>2026-07-23T13:05:26.767Z</time>
      </trkpt>
      <trkpt lat="53.709872" lon="10.768997">
        <ele>24.339936</ele>
        <time>2026-07-23T13:05:28.797Z</time>
      </trkpt>
      <trkpt lat="53.709788" lon="10.768956">
        <ele>24.002906</ele>
        <time>2026-07-23T13:05:30.275Z</time>
      </trkpt>
      <trkpt lat="53.709687" lon="10.768849">
        <ele>23.467594</ele>
        <time>2026-07-23T13:05:32.235Z</time>
      </trkpt>
      <trkpt lat="53.709565" lon="10.768634">
        <ele>22.058910</ele>
        <time>2026-07-23T13:05:34.861Z</time>
      </trkpt>
      <trkpt lat="53.709464" lon="10.768727">
        <ele>20.984234</ele>
        <time>2026-07-23T13:05:36.436Z</time>
      </trkpt>
      <trkpt lat="53.709447" lon="10.768742">
        <ele>20.795809</ele>
        <time>2026-07-23T13:05:36.696Z</time>
      </trkpt>
      <trkpt lat="53.709022" lon="10.769156">
        <ele>16.517305</ele>
        <time>2026-07-23T13:05:48.168Z</time>
      </trkpt>
      <trkpt lat="53.708923" lon="10.769414">
        <ele>15.932910</ele>
        <time>2026-07-23T13:05:53.815Z</time>
      </trkpt>
      <trkpt lat="53.708870" lon="10.769700">
        <ele>16.040079</ele>
        <time>2026-07-23T13:05:59.284Z</time>
      </trkpt>
      <trkpt lat="53.708893" lon="10.770556">
        <ele>18.877034</ele>
        <time>2026-07-23T13:06:30.055Z</time>
      </trkpt>
      <trkpt lat="53.708937" lon="10.770783">
        <ele>19.698886</ele>
        <time>2026-07-23T13:06:38.182Z</time>
      </trkpt>
      <trkpt lat="53.709127" lon="10.771840">
        <ele>20.628241</ele>
        <time>2026-07-23T13:06:54.308Z</time>
      </trkpt>
      <trkpt lat="53.709269" lon="10.772630">
        <ele>18.880850</ele>
        <time>2026-07-23T13:07:01.013Z</time>
      </trkpt>
      <trkpt lat="53.709538" lon="10.773702">
        <ele>18.267644</ele>
        <time>2026-07-23T13:07:13.054Z</time>
      </trkpt>
      <trkpt lat="53.709853" lon="10.774732">
        <ele>18.440741</ele>
        <time>2026-07-23T13:07:27.554Z</time>
      </trkpt>
      <trkpt lat="53.710026" lon="10.775385">
        <ele>18.320021</ele>
        <time>2026-07-23T13:07:34.883Z</time>
      </trkpt>
      <trkpt lat="53.710048" lon="10.775495">
        <ele>18.436272</ele>
        <time>2026-07-23T13:07:36.306Z</time>
      </trkpt>
      <trkpt lat="53.710323" lon="10.776288">
        <ele>20.252758</ele>
        <time>2026-07-23T13:07:56.172Z</time>
      </trkpt>
      <trkpt lat="53.710436" lon="10.776731">
        <ele>20.912076</ele>
        <time>2026-07-23T13:08:04.652Z</time>
      </trkpt>
      <trkpt lat="53.710525" lon="10.777430">
        <ele>21.076359</ele>
        <time>2026-07-23T13:08:13.687Z</time>
      </trkpt>
      <trkpt lat="53.710527" lon="10.777701">
        <ele>20.703431</ele>
        <time>2026-07-23T13:08:16.004Z</time>
      </trkpt>
      <trkpt lat="53.710258" lon="10.778727">
        <ele>19.290493</ele>
        <time>2026-07-23T13:08:34.961Z</time>
      </trkpt>
      <trkpt lat="53.709917" lon="10.780167">
        <ele>20.442415</ele>
        <time>2026-07-23T13:08:57.625Z</time>
      </trkpt>
      <trkpt lat="53.709609" lon="10.781460">
        <ele>18.487616</ele>
        <time>2026-07-23T13:09:08.670Z</time>
      </trkpt>
      <trkpt lat="53.709497" lon="10.781925">
        <ele>16.417423</ele>
        <time>2026-07-23T13:09:11.909Z</time>
      </trkpt>
      <trkpt lat="53.709141" lon="10.781541">
        <ele>12.426059</ele>
        <time>2026-07-23T13:09:16.357Z</time>
      </trkpt>
      <trkpt lat="53.708949" lon="10.781411">
        <ele>10.507367</ele>
        <time>2026-07-23T13:09:18.553Z</time>
      </trkpt>
      <trkpt lat="53.708604" lon="10.781285">
        <ele>7.580063</ele>
        <time>2026-07-23T13:09:22.305Z</time>
      </trkpt>
      <trkpt lat="53.708550" lon="10.781302">
        <ele>7.403802</ele>
        <time>2026-07-23T13:09:23.044Z</time>
      </trkpt>
      <trkpt lat="53.708505" lon="10.781327">
        <ele>7.251797</ele>
        <time>2026-07-23T13:09:23.650Z</time>
      </trkpt>
      <trkpt lat="53.708478" lon="10.781403">
        <ele>7.083445</ele>
        <time>2026-07-23T13:09:24.613Z</time>
      </trkpt>
      <trkpt lat="53.708403" lon="10.781708">
        <ele>7.590187</ele>
        <time>2026-07-23T13:09:31.966Z</time>
      </trkpt>
      <trkpt lat="53.708259" lon="10.782201">
        <ele>8.393269</ele>
        <time>2026-07-23T13:09:40.258Z</time>
      </trkpt>
      <trkpt lat="53.708089" lon="10.782626">
        <ele>9.833896</ele>
        <time>2026-07-23T13:09:50.568Z</time>
      </trkpt>
      <trkpt lat="53.708050" lon="10.782724">
        <ele>10.297949</ele>
        <time>2026-07-23T13:09:54.770Z</time>
      </trkpt>
      <trkpt lat="53.707943" lon="10.782971">
        <ele>11.829438</ele>
        <time>2026-07-23T13:10:07.189Z</time>
      </trkpt>
      <trkpt lat="53.707830" lon="10.783234">
        <ele>13.054557</ele>
        <time>2026-07-23T13:10:13.986Z</time>
      </trkpt>
      <trkpt lat="53.707681" lon="10.783599">
        <ele>14.327878</ele>
        <time>2026-07-23T13:10:25.047Z</time>
      </trkpt>
      <trkpt lat="53.707641" lon="10.783643">
        <ele>14.560360</ele>
        <time>2026-07-23T13:10:27.384Z</time>
      </trkpt>
      <trkpt lat="53.707183" lon="10.784782">
        <ele>17.564318</ele>
        <time>2026-07-23T13:11:08.473Z</time>
      </trkpt>
      <trkpt lat="53.706939" lon="10.785064">
        <ele>18.494954</ele>
        <time>2026-07-23T13:11:22.736Z</time>
      </trkpt>
      <trkpt lat="53.706517" lon="10.785303">
        <ele>19.744090</ele>
        <time>2026-07-23T13:11:43.392Z</time>
      </trkpt>
      <trkpt lat="53.706361" lon="10.785479">
        <ele>20.119715</ele>
        <time>2026-07-23T13:11:51.067Z</time>
      </trkpt>
      <trkpt lat="53.705805" lon="10.786807">
        <ele>21.976208</ele>
        <time>2026-07-23T13:12:32.597Z</time>
      </trkpt>
      <trkpt lat="53.705618" lon="10.787060">
        <ele>21.641527</ele>
        <time>2026-07-23T13:12:39.691Z</time>
      </trkpt>
      <trkpt lat="53.705491" lon="10.787137">
        <ele>21.168707</ele>
        <time>2026-07-23T13:12:43.399Z</time>
      </trkpt>
      <trkpt lat="53.705159" lon="10.787236">
        <ele>19.925457</ele>
        <time>2026-07-23T13:12:52.366Z</time>
      </trkpt>
      <trkpt lat="53.704812" lon="10.787262">
        <ele>19.036129</ele>
        <time>2026-07-23T13:13:01.997Z</time>
      </trkpt>
      <trkpt lat="53.704587" lon="10.787333">
        <ele>18.903370</ele>
        <time>2026-07-23T13:13:10.939Z</time>
      </trkpt>
      <trkpt lat="53.703842" lon="10.787320">
        <ele>17.465848</ele>
        <time>2026-07-23T13:13:32.223Z</time>
      </trkpt>
      <trkpt lat="53.703729" lon="10.787406">
        <ele>17.983152</ele>
        <time>2026-07-23T13:13:39.829Z</time>
      </trkpt>
      <trkpt lat="53.703590" lon="10.787497">
        <ele>18.473600</ele>
        <time>2026-07-23T13:13:48.182Z</time>
      </trkpt>
      <trkpt lat="53.703154" lon="10.787499">
        <ele>18.237454</ele>
        <time>2026-07-23T13:14:02.148Z</time>
      </trkpt>
      <trkpt lat="53.702971" lon="10.787435">
        <ele>17.141588</ele>
        <time>2026-07-23T13:14:04.503Z</time>
      </trkpt>
      <trkpt lat="53.702925" lon="10.787397">
        <ele>16.808102</ele>
        <time>2026-07-23T13:14:05.127Z</time>
      </trkpt>
      <trkpt lat="53.702668" lon="10.787202">
        <ele>15.439131</ele>
        <time>2026-07-23T13:14:08.770Z</time>
      </trkpt>
      <trkpt lat="53.702310" lon="10.786983">
        <ele>15.704712</ele>
        <time>2026-07-23T13:14:18.262Z</time>
      </trkpt>
      <trkpt lat="53.702186" lon="10.786956">
        <ele>15.921440</ele>
        <time>2026-07-23T13:14:22.185Z</time>
      </trkpt>
      <trkpt lat="53.702079" lon="10.786880">
        <ele>16.034745</ele>
        <time>2026-07-23T13:14:25.100Z</time>
      </trkpt>
      <trkpt lat="53.701939" lon="10.786655">
        <ele>16.045361</ele>
        <time>2026-07-23T13:14:28.523Z</time>
      </trkpt>
      <trkpt lat="53.701856" lon="10.786578">
        <ele>16.194109</ele>
        <time>2026-07-23T13:14:30.269Z</time>
      </trkpt>
      <trkpt lat="53.701734" lon="10.786513">
        <ele>16.466932</ele>
        <time>2026-07-23T13:14:33.936Z</time>
      </trkpt>
      <trkpt lat="53.701585" lon="10.786545">
        <ele>17.449789</ele>
        <time>2026-07-23T13:14:41.816Z</time>
      </trkpt>
      <trkpt lat="53.701487" lon="10.786557">
        <ele>18.142833</ele>
        <time>2026-07-23T13:14:46.769Z</time>
      </trkpt>
      <trkpt lat="53.701434" lon="10.786512">
        <ele>18.609007</ele>
        <time>2026-07-23T13:14:50.115Z</time>
      </trkpt>
      <trkpt lat="53.701403" lon="10.786641">
        <ele>19.256726</ele>
        <time>2026-07-23T13:14:56.083Z</time>
      </trkpt>
      <trkpt lat="53.701200" lon="10.786795">
        <ele>20.806008</ele>
        <time>2026-07-23T13:15:10.851Z</time>
      </trkpt>
      <trkpt lat="53.701103" lon="10.786815">
        <ele>21.395513</ele>
        <time>2026-07-23T13:15:16.161Z</time>
      </trkpt>
      <trkpt lat="53.700583" lon="10.786735">
        <ele>24.019542</ele>
        <time>2026-07-23T13:15:46.613Z</time>
      </trkpt>
      <trkpt lat="53.699890" lon="10.786528">
        <ele>25.414975</ele>
        <time>2026-07-23T13:16:16.827Z</time>
      </trkpt>
      <trkpt lat="53.699727" lon="10.786315">
        <ele>25.178339</ele>
        <time>2026-07-23T13:16:22.505Z</time>
      </trkpt>
      <trkpt lat="53.699376" lon="10.786158">
        <ele>24.915188</ele>
        <time>2026-07-23T13:16:34.575Z</time>
      </trkpt>
      <trkpt lat="53.698955" lon="10.786181">
        <ele>24.146391</ele>
        <time>2026-07-23T13:16:47.006Z</time>
      </trkpt>
      <trkpt lat="53.698731" lon="10.786265">
        <ele>23.440889</ele>
        <time>2026-07-23T13:16:53.287Z</time>
      </trkpt>
      <trkpt lat="53.698598" lon="10.786218">
        <ele>23.074335</ele>
        <time>2026-07-23T13:16:57.152Z</time>
      </trkpt>
      <trkpt lat="53.698465" lon="10.786220">
        <ele>22.678021</ele>
        <time>2026-07-23T13:17:00.933Z</time>
      </trkpt>
      <trkpt lat="53.697948" lon="10.785939">
        <ele>20.900349</ele>
        <time>2026-07-23T13:17:15.809Z</time>
      </trkpt>
      <trkpt lat="53.697913" lon="10.785920">
        <ele>20.778586</ele>
        <time>2026-07-23T13:17:16.789Z</time>
      </trkpt>
      <trkpt lat="53.697729" lon="10.785720">
        <ele>20.116007</ele>
        <time>2026-07-23T13:17:22.729Z</time>
      </trkpt>
      <trkpt lat="53.697608" lon="10.785741">
        <ele>20.094971</ele>
        <time>2026-07-23T13:17:25.455Z</time>
      </trkpt>
      <trkpt lat="53.697404" lon="10.785851">
        <ele>20.373968</ele>
        <time>2026-07-23T13:17:32.447Z</time>
      </trkpt>
      <trkpt lat="53.697079" lon="10.785898">
        <ele>20.889907</ele>
        <time>2026-07-23T13:17:42.763Z</time>
      </trkpt>
      <trkpt lat="53.696933" lon="10.785803">
        <ele>20.834502</ele>
        <time>2026-07-23T13:17:46.231Z</time>
      </trkpt>
      <trkpt lat="53.696959" lon="10.785698">
        <ele>20.766263</ele>
        <time>2026-07-23T13:17:47.205Z</time>
      </trkpt>
      <trkpt lat="53.696925" lon="10.785702">
        <ele>20.731747</ele>
        <time>2026-07-23T13:17:47.805Z</time>
      </trkpt>
      <trkpt lat="53.696831" lon="10.785628">
        <ele>20.700243</ele>
        <time>2026-07-23T13:17:49.813Z</time>
      </trkpt>
      <trkpt lat="53.696511" lon="10.785325">
        <ele>20.835476</ele>
        <time>2026-07-23T13:17:58.679Z</time>
      </trkpt>
      <trkpt lat="53.696237" lon="10.785136">
        <ele>21.256329</ele>
        <time>2026-07-23T13:18:07.548Z</time>
      </trkpt>
      <trkpt lat="53.695782" lon="10.784988">
        <ele>21.358301</ele>
        <time>2026-07-23T13:18:19.776Z</time>
      </trkpt>
      <trkpt lat="53.695608" lon="10.784989">
        <ele>20.724401</ele>
        <time>2026-07-23T13:18:22.537Z</time>
      </trkpt>
      <trkpt lat="53.695485" lon="10.784990">
        <ele>19.935928</ele>
        <time>2026-07-23T13:18:24.357Z</time>
      </trkpt>
      <trkpt lat="53.695233" lon="10.784979">
        <ele>18.561949</ele>
        <time>2026-07-23T13:18:28.266Z</time>
      </trkpt>
      <trkpt lat="53.695214" lon="10.785040">
        <ele>18.378716</ele>
        <time>2026-07-23T13:18:28.965Z</time>
      </trkpt>
      <trkpt lat="53.695015" lon="10.784942">
        <ele>17.996301</ele>
        <time>2026-07-23T13:18:32.904Z</time>
      </trkpt>
      <trkpt lat="53.694803" lon="10.784755">
        <ele>17.455918</ele>
        <time>2026-07-23T13:18:37.466Z</time>
      </trkpt>
      <trkpt lat="53.695025" lon="10.784069">
        <ele>14.559419</ele>
        <time>2026-07-23T13:18:42.624Z</time>
      </trkpt>
      <trkpt lat="53.694879" lon="10.783927">
        <ele>13.317442</ele>
        <time>2026-07-23T13:18:44.469Z</time>
      </trkpt>
      <trkpt lat="53.694618" lon="10.783830">
        <ele>11.580458</ele>
        <time>2026-07-23T13:18:47.413Z</time>
      </trkpt>
      <trkpt lat="53.693807" lon="10.783876">
        <ele>10.648244</ele>
        <time>2026-07-23T13:18:59.294Z</time>
      </trkpt>
      <trkpt lat="53.693626" lon="10.783869">
        <ele>10.761736</ele>
        <time>2026-07-23T13:19:03.518Z</time>
      </trkpt>
      <trkpt lat="53.693417" lon="10.783743">
        <ele>11.208187</ele>
        <time>2026-07-23T13:19:08.509Z</time>
      </trkpt>
      <trkpt lat="53.692789" lon="10.783128">
        <ele>13.663322</ele>
        <time>2026-07-23T13:19:32.187Z</time>
      </trkpt>
      <trkpt lat="53.692670" lon="10.782966">
        <ele>14.496124</ele>
        <time>2026-07-23T13:19:39.228Z</time>
      </trkpt>
      <trkpt lat="53.692500" lon="10.782458">
        <ele>16.403837</ele>
        <time>2026-07-23T13:19:55.131Z</time>
      </trkpt>
      <trkpt lat="53.692446" lon="10.782045">
        <ele>16.360991</ele>
        <time>2026-07-23T13:19:58.701Z</time>
      </trkpt>
      <trkpt lat="53.692433" lon="10.781698">
        <ele>15.925037</ele>
        <time>2026-07-23T13:20:01.434Z</time>
      </trkpt>
      <trkpt lat="53.692234" lon="10.781069">
        <ele>15.234888</ele>
        <time>2026-07-23T13:20:07.327Z</time>
      </trkpt>
      <trkpt lat="53.692152" lon="10.780941">
        <ele>15.103767</ele>
        <time>2026-07-23T13:20:08.960Z</time>
      </trkpt>
      <trkpt lat="53.691831" lon="10.780439">
        <ele>14.837564</ele>
        <time>2026-07-23T13:20:15.673Z</time>
      </trkpt>
      <trkpt lat="53.691701" lon="10.780130">
        <ele>15.056106</ele>
        <time>2026-07-23T13:20:21.495Z</time>
      </trkpt>
      <trkpt lat="53.691674" lon="10.780033">
        <ele>15.034920</ele>
        <time>2026-07-23T13:20:25.880Z</time>
      </trkpt>
      <trkpt lat="53.691539" lon="10.779733">
        <ele>14.900732</ele>
        <time>2026-07-23T13:20:41.418Z</time>
      </trkpt>
      <trkpt lat="53.691410" lon="10.779304">
        <ele>15.150358</ele>
        <time>2026-07-23T13:21:01.210Z</time>
      </trkpt>
      <trkpt lat="53.691299" lon="10.779241">
        <ele>15.371434</ele>
        <time>2026-07-23T13:21:07.376Z</time>
      </trkpt>
      <trkpt lat="53.691224" lon="10.779199">
        <ele>15.508601</ele>
        <time>2026-07-23T13:21:10.567Z</time>
      </trkpt>
      <trkpt lat="53.690777" lon="10.778198">
        <ele>12.831882</ele>
        <time>2026-07-23T13:21:20.836Z</time>
      </trkpt>
      <trkpt lat="53.690217" lon="10.777900">
        <ele>18.120957</ele>
        <time>2026-07-23T13:22:00.390Z</time>
      </trkpt>
      <trkpt lat="53.690030" lon="10.777733">
        <ele>19.168555</ele>
        <time>2026-07-23T13:22:08.144Z</time>
      </trkpt>
      <trkpt lat="53.689893" lon="10.777475">
        <ele>19.546662</ele>
        <time>2026-07-23T13:22:13.408Z</time>
      </trkpt>
      <trkpt lat="53.689836" lon="10.777243">
        <ele>19.661125</ele>
        <time>2026-07-23T13:22:16.335Z</time>
      </trkpt>
      <trkpt lat="53.689764" lon="10.776591">
        <ele>19.598619</ele>
        <time>2026-07-23T13:22:23.411Z</time>
      </trkpt>
      <trkpt lat="53.689726" lon="10.776466">
        <ele>19.718807</ele>
        <time>2026-07-23T13:22:25.472Z</time>
      </trkpt>
      <trkpt lat="53.689494" lon="10.776014">
        <ele>20.949576</ele>
        <time>2026-07-23T13:22:37.983Z</time>
      </trkpt>
      <trkpt lat="53.689446" lon="10.775702">
        <ele>21.826453</ele>
        <time>2026-07-23T13:22:45.834Z</time>
      </trkpt>
      <trkpt lat="53.689316" lon="10.775506">
        <ele>22.622662</ele>
        <time>2026-07-23T13:22:53.433Z</time>
      </trkpt>
      <trkpt lat="53.689169" lon="10.775370">
        <ele>23.236718</ele>
        <time>2026-07-23T13:22:59.778Z</time>
      </trkpt>
      <trkpt lat="53.688905" lon="10.774316">
        <ele>23.235723</ele>
        <time>2026-07-23T13:23:13.162Z</time>
      </trkpt>
      <trkpt lat="53.688816" lon="10.773722">
        <ele>21.117592</ele>
        <time>2026-07-23T13:23:17.763Z</time>
      </trkpt>
      <trkpt lat="53.688761" lon="10.773355">
        <ele>20.137374</ele>
        <time>2026-07-23T13:23:20.653Z</time>
      </trkpt>
      <trkpt lat="53.688438" lon="10.772390">
        <ele>21.266031</ele>
        <time>2026-07-23T13:23:42.123Z</time>
      </trkpt>
      <trkpt lat="53.688400" lon="10.771236">
        <ele>19.277677</ele>
        <time>2026-07-23T13:23:51.812Z</time>
      </trkpt>
      <trkpt lat="53.688001" lon="10.770563">
        <ele>18.080952</ele>
        <time>2026-07-23T13:24:00.494Z</time>
      </trkpt>
      <trkpt lat="53.687536" lon="10.769327">
        <ele>16.205480</ele>
        <time>2026-07-23T13:24:13.684Z</time>
      </trkpt>
      <trkpt lat="53.686817" lon="10.767782">
        <ele>16.921258</ele>
        <time>2026-07-23T13:24:39.008Z</time>
      </trkpt>
      <trkpt lat="53.686543" lon="10.767420">
        <ele>17.871440</ele>
        <time>2026-07-23T13:24:50.838Z</time>
      </trkpt>
      <trkpt lat="53.686543" lon="10.767420">
        <ele>17.871440</ele>
        <time>2026-07-23T13:24:50.839Z</time>
      </trkpt>
      <trkpt lat="53.686591" lon="10.767315">
        <ele>18.086882</ele>
        <time>2026-07-23T13:24:52.519Z</time>
      </trkpt>
      <trkpt lat="53.686567" lon="10.767257">
        <ele>18.186603</ele>
        <time>2026-07-23T13:24:53.415Z</time>
      </trkpt>
      <trkpt lat="53.686493" lon="10.767107">
        <ele>18.461750</ele>
        <time>2026-07-23T13:24:55.888Z</time>
      </trkpt>
      <trkpt lat="53.686407" lon="10.766970">
        <ele>18.624943</ele>
        <time>2026-07-23T13:24:58.416Z</time>
      </trkpt>
      <trkpt lat="53.686278" lon="10.766655">
        <ele>18.707644</ele>
        <time>2026-07-23T13:25:03.266Z</time>
      </trkpt>
      <trkpt lat="53.686279" lon="10.766628">
        <ele>18.697566</ele>
        <time>2026-07-23T13:25:03.609Z</time>
      </trkpt>
      <trkpt lat="53.686296" lon="10.766594">
        <ele>18.680990</ele>
        <time>2026-07-23T13:25:04.172Z</time>
      </trkpt>
      <trkpt lat="53.686360" lon="10.766521">
        <ele>18.632406</ele>
        <time>2026-07-23T13:25:05.824Z</time>
      </trkpt>
      <trkpt lat="53.686395" lon="10.766475">
        <ele>18.561975</ele>
        <time>2026-07-23T13:25:06.772Z</time>
      </trkpt>
      <trkpt lat="53.686407" lon="10.766443">
        <ele>18.509378</ele>
        <time>2026-07-23T13:25:07.252Z</time>
      </trkpt>
      <trkpt lat="53.686410" lon="10.766430">
        <ele>18.490003</ele>
        <time>2026-07-23T13:25:07.429Z</time>
      </trkpt>
      <trkpt lat="53.686425" lon="10.766402">
        <ele>18.437572</ele>
        <time>2026-07-23T13:25:07.907Z</time>
      </trkpt>
      <trkpt lat="53.686428" lon="10.766387">
        <ele>18.415587</ele>
        <time>2026-07-23T13:25:08.108Z</time>
      </trkpt>
      <trkpt lat="53.686436" lon="10.766366">
        <ele>18.380912</ele>
        <time>2026-07-23T13:25:08.424Z</time>
      </trkpt>
      <trkpt lat="53.686456" lon="10.766276">
        <ele>18.247424</ele>
        <time>2026-07-23T13:25:09.642Z</time>
      </trkpt>
      <trkpt lat="53.686475" lon="10.766087">
        <ele>18.032634</ele>
        <time>2026-07-23T13:25:12.070Z</time>
      </trkpt>
      <trkpt lat="53.686476" lon="10.766060">
        <ele>18.012364</ele>
        <time>2026-07-23T13:25:12.412Z</time>
      </trkpt>
      <trkpt lat="53.686487" lon="10.766020">
        <ele>17.979319</ele>
        <time>2026-07-23T13:25:12.971Z</time>
      </trkpt>
      <trkpt lat="53.686492" lon="10.765978">
        <ele>17.947219</ele>
        <time>2026-07-23T13:25:13.513Z</time>
      </trkpt>
      <trkpt lat="53.686492" lon="10.765944">
        <ele>17.921743</ele>
        <time>2026-07-23T13:25:13.944Z</time>
      </trkpt>
      <trkpt lat="53.686497" lon="10.765875">
        <ele>17.869657</ele>
        <time>2026-07-23T13:25:14.824Z</time>
      </trkpt>
      <trkpt lat="53.686519" lon="10.765703">
        <ele>17.791289</ele>
        <time>2026-07-23T13:25:17.053Z</time>
      </trkpt>
      <trkpt lat="53.686525" lon="10.765668">
        <ele>17.784663</ele>
        <time>2026-07-23T13:25:17.514Z</time>
      </trkpt>
      <trkpt lat="53.686542" lon="10.765647">
        <ele>17.778195</ele>
        <time>2026-07-23T13:25:17.964Z</time>
      </trkpt>
      <trkpt lat="53.686571" lon="10.765591">
        <ele>17.764667</ele>
        <time>2026-07-23T13:25:18.907Z</time>
      </trkpt>
      <trkpt lat="53.686578" lon="10.765534">
        <ele>17.754081</ele>
        <time>2026-07-23T13:25:19.644Z</time>
      </trkpt>
      <trkpt lat="53.686592" lon="10.765293">
        <ele>17.726486</ele>
        <time>2026-07-23T13:25:22.710Z</time>
      </trkpt>
      <trkpt lat="53.686549" lon="10.765277">
        <ele>17.720541</ele>
        <time>2026-07-23T13:25:23.645Z</time>
      </trkpt>
      <trkpt lat="53.686589" lon="10.764962">
        <ele>17.660987</ele>
        <time>2026-07-23T13:25:29.224Z</time>
      </trkpt>
      <trkpt lat="53.686556" lon="10.764682">
        <ele>17.615646</ele>
        <time>2026-07-23T13:25:34.510Z</time>
      </trkpt>
      <trkpt lat="53.686491" lon="10.764491">
        <ele>17.639124</ele>
        <time>2026-07-23T13:25:39.213Z</time>
      </trkpt>
      <trkpt lat="53.686344" lon="10.764163">
        <ele>17.571561</ele>
        <time>2026-07-23T13:25:46.406Z</time>
      </trkpt>
      <trkpt lat="53.686202" lon="10.763985">
        <ele>17.749727</ele>
        <time>2026-07-23T13:25:52.713Z</time>
      </trkpt>
      <trkpt lat="53.685952" lon="10.763835">
        <ele>18.253368</ele>
        <time>2026-07-23T13:26:03.394Z</time>
      </trkpt>
      <trkpt lat="53.685071" lon="10.763480">
        <ele>21.023117</ele>
        <time>2026-07-23T13:26:45.407Z</time>
      </trkpt>
      <trkpt lat="53.684750" lon="10.763294">
        <ele>21.317555</ele>
        <time>2026-07-23T13:26:57.777Z</time>
      </trkpt>
      <trkpt lat="53.684458" lon="10.762919">
        <ele>20.608408</ele>
        <time>2026-07-23T13:27:07.843Z</time>
      </trkpt>
      <trkpt lat="53.683684" lon="10.762426">
        <ele>16.429946</ele>
        <time>2026-07-23T13:27:27.578Z</time>
      </trkpt>
      <trkpt lat="53.682907" lon="10.762275">
        <ele>13.123211</ele>
        <time>2026-07-23T13:27:46.742Z</time>
      </trkpt>
      <trkpt lat="53.682117" lon="10.762160">
        <ele>14.255348</ele>
        <time>2026-07-23T13:28:09.166Z</time>
      </trkpt>
      <trkpt lat="53.681238" lon="10.761733">
        <ele>13.616260</ele>
        <time>2026-07-23T13:28:24.808Z</time>
      </trkpt>
      <trkpt lat="53.680888" lon="10.762003">
        <ele>13.612463</ele>
        <time>2026-07-23T13:28:36.367Z</time>
      </trkpt>
      <trkpt lat="53.680783" lon="10.762142">
        <ele>13.882479</ele>
        <time>2026-07-23T13:28:42.604Z</time>
      </trkpt>
      <trkpt lat="53.680722" lon="10.762297">
        <ele>14.532512</ele>
        <time>2026-07-23T13:28:48.441Z</time>
      </trkpt>
      <trkpt lat="53.680606" lon="10.762962">
        <ele>17.467188</ele>
        <time>2026-07-23T13:29:16.797Z</time>
      </trkpt>
      <trkpt lat="53.680512" lon="10.762988">
        <ele>18.010886</ele>
        <time>2026-07-23T13:29:21.738Z</time>
      </trkpt>
      <trkpt lat="53.680378" lon="10.763110">
        <ele>17.994694</ele>
        <time>2026-07-23T13:29:27.998Z</time>
      </trkpt>
      <trkpt lat="53.679867" lon="10.762820">
        <ele>16.458063</ele>
        <time>2026-07-23T13:29:35.562Z</time>
      </trkpt>
      <trkpt lat="53.679353" lon="10.762458">
        <ele>13.834445</ele>
        <time>2026-07-23T13:29:43.039Z</time>
      </trkpt>
      <trkpt lat="53.679288" lon="10.762343">
        <ele>13.415539</ele>
        <time>2026-07-23T13:29:44.320Z</time>
      </trkpt>
      <trkpt lat="53.679270" lon="10.761773">
        <ele>12.012610</ele>
        <time>2026-07-23T13:29:48.988Z</time>
      </trkpt>
      <trkpt lat="53.679213" lon="10.761527">
        <ele>11.391104</ele>
        <time>2026-07-23T13:29:51.150Z</time>
      </trkpt>
      <trkpt lat="53.678997" lon="10.761494">
        <ele>10.537654</ele>
        <time>2026-07-23T13:29:54.158Z</time>
      </trkpt>
      <trkpt lat="53.678844" lon="10.761269">
        <ele>9.930343</ele>
        <time>2026-07-23T13:29:57.074Z</time>
      </trkpt>
      <trkpt lat="53.678797" lon="10.760760">
        <ele>9.239777</ele>
        <time>2026-07-23T13:30:01.732Z</time>
      </trkpt>
      <trkpt lat="53.678695" lon="10.760475">
        <ele>8.943823</ele>
        <time>2026-07-23T13:30:04.913Z</time>
      </trkpt>
      <trkpt lat="53.678403" lon="10.760186">
        <ele>8.921358</ele>
        <time>2026-07-23T13:30:11.092Z</time>
      </trkpt>
      <trkpt lat="53.677787" lon="10.760356">
        <ele>9.958266</ele>
        <time>2026-07-23T13:30:28.471Z</time>
      </trkpt>
      <trkpt lat="53.677736" lon="10.760296">
        <ele>10.047296</ele>
        <time>2026-07-23T13:30:30.959Z</time>
      </trkpt>
      <trkpt lat="53.677665" lon="10.760196">
        <ele>10.160411</ele>
        <time>2026-07-23T13:30:34.509Z</time>
      </trkpt>
      <trkpt lat="53.677596" lon="10.760157">
        <ele>10.162510</ele>
        <time>2026-07-23T13:30:37.203Z</time>
      </trkpt>
      <trkpt lat="53.677200" lon="10.760354">
        <ele>10.179069</ele>
        <time>2026-07-23T13:30:50.744Z</time>
      </trkpt>
      <trkpt lat="53.677003" lon="10.760445">
        <ele>10.409304</ele>
        <time>2026-07-23T13:30:58.870Z</time>
      </trkpt>
      <trkpt lat="53.676784" lon="10.760493">
        <ele>10.712798</ele>
        <time>2026-07-23T13:31:08.073Z</time>
      </trkpt>
      <trkpt lat="53.676590" lon="10.760523">
        <ele>10.627434</ele>
        <time>2026-07-23T13:31:14.875Z</time>
      </trkpt>
      <trkpt lat="53.676609" lon="10.760229">
        <ele>9.899864</ele>
        <time>2026-07-23T13:31:19.290Z</time>
      </trkpt>
      <trkpt lat="53.676912" lon="10.758015">
        <ele>6.349681</ele>
        <time>2026-07-23T13:31:57.094Z</time>
      </trkpt>
      <trkpt lat="53.677052" lon="10.756836">
        <ele>9.364836</ele>
        <time>2026-07-23T13:32:25.121Z</time>
      </trkpt>
      <trkpt lat="53.677054" lon="10.756788">
        <ele>9.558230</ele>
        <time>2026-07-23T13:32:26.678Z</time>
      </trkpt>
      <trkpt lat="53.677001" lon="10.756512">
        <ele>11.303744</ele>
        <time>2026-07-23T13:32:40.117Z</time>
      </trkpt>
      <trkpt lat="53.676902" lon="10.756411">
        <ele>12.622105</ele>
        <time>2026-07-23T13:32:50.117Z</time>
      </trkpt>
      <trkpt lat="53.676773" lon="10.756046">
        <ele>15.477942</ele>
        <time>2026-07-23T13:33:12.472Z</time>
      </trkpt>
      <trkpt lat="53.676782" lon="10.755911">
        <ele>16.287536</ele>
        <time>2026-07-23T13:33:19.166Z</time>
      </trkpt>
      <trkpt lat="53.676745" lon="10.755822">
        <ele>16.755002</ele>
        <time>2026-07-23T13:33:23.199Z</time>
      </trkpt>
      <trkpt lat="53.676572" lon="10.755955">
        <ele>16.804019</ele>
        <time>2026-07-23T13:33:29.231Z</time>
      </trkpt>
      <trkpt lat="53.676247" lon="10.755968">
        <ele>16.028241</ele>
        <time>2026-07-23T13:33:38.145Z</time>
      </trkpt>
      <trkpt lat="53.675820" lon="10.755826">
        <ele>15.653596</ele>
        <time>2026-07-23T13:33:52.152Z</time>
      </trkpt>
      <trkpt lat="53.675568" lon="10.755644">
        <ele>15.729653</ele>
        <time>2026-07-23T13:34:01.794Z</time>
      </trkpt>
      <trkpt lat="53.675202" lon="10.755209">
        <ele>16.016504</ele>
        <time>2026-07-23T13:34:18.431Z</time>
      </trkpt>
      <trkpt lat="53.674982" lon="10.754778">
        <ele>15.873812</ele>
        <time>2026-07-23T13:34:29.349Z</time>
      </trkpt>
      <trkpt lat="53.674770" lon="10.754493">
        <ele>15.488228</ele>
        <time>2026-07-23T13:34:37.584Z</time>
      </trkpt>
      <trkpt lat="53.674644" lon="10.754175">
        <ele>15.136561</ele>
        <time>2026-07-23T13:34:44.164Z</time>
      </trkpt>
      <trkpt lat="53.674505" lon="10.753711">
        <ele>14.900611</ele>
        <time>2026-07-23T13:34:53.893Z</time>
      </trkpt>
      <trkpt lat="53.674494" lon="10.753542">
        <ele>14.885910</ele>
        <time>2026-07-23T13:34:57.924Z</time>
      </trkpt>
      <trkpt lat="53.674193" lon="10.752666">
        <ele>15.169690</ele>
        <time>2026-07-23T13:35:19.464Z</time>
      </trkpt>
      <trkpt lat="53.674142" lon="10.752582">
        <ele>15.187564</ele>
        <time>2026-07-23T13:35:21.787Z</time>
      </trkpt>
      <trkpt lat="53.673919" lon="10.752215">
        <ele>15.296077</ele>
        <time>2026-07-23T13:35:31.918Z</time>
      </trkpt>
      <trkpt lat="53.673635" lon="10.751663">
        <ele>16.709838</ele>
        <time>2026-07-23T13:35:52.726Z</time>
      </trkpt>
      <trkpt lat="53.673380" lon="10.750874">
        <ele>20.127921</ele>
        <time>2026-07-23T13:36:26.397Z</time>
      </trkpt>
      <trkpt lat="53.673342" lon="10.750621">
        <ele>21.572467</ele>
        <time>2026-07-23T13:36:39.321Z</time>
      </trkpt>
      <trkpt lat="53.673288" lon="10.750253">
        <ele>23.759902</ele>
        <time>2026-07-23T13:36:57.110Z</time>
      </trkpt>
      <trkpt lat="53.673277" lon="10.750181">
        <ele>24.143140</ele>
        <time>2026-07-23T13:37:00.320Z</time>
      </trkpt>
      <trkpt lat="53.673276" lon="10.749819">
        <ele>25.732510</ele>
        <time>2026-07-23T13:37:14.544Z</time>
      </trkpt>
      <trkpt lat="53.673232" lon="10.749389">
        <ele>27.129898</ele>
        <time>2026-07-23T13:37:29.783Z</time>
      </trkpt>
      <trkpt lat="53.673180" lon="10.749303">
        <ele>27.458549</ele>
        <time>2026-07-23T13:37:33.465Z</time>
      </trkpt>
      <trkpt lat="53.672508" lon="10.748233">
        <ele>29.206352</ele>
        <time>2026-07-23T13:38:12.043Z</time>
      </trkpt>
      <trkpt lat="53.672361" lon="10.747998">
        <ele>29.610287</ele>
        <time>2026-07-23T13:38:20.542Z</time>
      </trkpt>
      <trkpt lat="53.671900" lon="10.747448">
        <ele>30.771299</ele>
        <time>2026-07-23T13:38:45.543Z</time>
      </trkpt>
      <trkpt lat="53.671702" lon="10.747625">
        <ele>30.969533</ele>
        <time>2026-07-23T13:38:49.907Z</time>
      </trkpt>
      <trkpt lat="53.671655" lon="10.747609">
        <ele>30.997155</ele>
        <time>2026-07-23T13:38:51.041Z</time>
      </trkpt>
      <trkpt lat="53.671084" lon="10.747420">
        <ele>32.038781</ele>
        <time>2026-07-23T13:39:07.809Z</time>
      </trkpt>
      <trkpt lat="53.670639" lon="10.747350">
        <ele>32.451543</ele>
        <time>2026-07-23T13:39:18.626Z</time>
      </trkpt>
      <trkpt lat="53.669962" lon="10.747151">
        <ele>32.661771</ele>
        <time>2026-07-23T13:39:32.925Z</time>
      </trkpt>
      <trkpt lat="53.668067" lon="10.746525">
        <ele>34.364535</ele>
        <time>2026-07-23T13:40:18.877Z</time>
      </trkpt>
      <trkpt lat="53.667447" lon="10.745990">
        <ele>36.374046</ele>
        <time>2026-07-23T13:40:41.947Z</time>
      </trkpt>
      <trkpt lat="53.667085" lon="10.745155">
        <ele>37.727457</ele>
        <time>2026-07-23T13:41:00.663Z</time>
      </trkpt>
      <trkpt lat="53.666965" lon="10.744392">
        <ele>38.049704</ele>
        <time>2026-07-23T13:41:11.268Z</time>
      </trkpt>
      <trkpt lat="53.666700" lon="10.743794">
        <ele>37.899841</ele>
        <time>2026-07-23T13:41:19.300Z</time>
      </trkpt>
      <trkpt lat="53.666464" lon="10.743263">
        <ele>38.504203</ele>
        <time>2026-07-23T13:41:29.899Z</time>
      </trkpt>
      <trkpt lat="53.665853" lon="10.742112">
        <ele>40.195849</ele>
        <time>2026-07-23T13:41:56.045Z</time>
      </trkpt>
      <trkpt lat="53.665078" lon="10.741338">
        <ele>41.870666</ele>
        <time>2026-07-23T13:42:21.027Z</time>
      </trkpt>
      <trkpt lat="53.664585" lon="10.740151">
        <ele>44.417688</ele>
        <time>2026-07-23T13:42:50.370Z</time>
      </trkpt>
      <trkpt lat="53.664224" lon="10.739121">
        <ele>46.075953</ele>
        <time>2026-07-23T13:43:11.702Z</time>
      </trkpt>
      <trkpt lat="53.664038" lon="10.736895">
        <ele>48.474082</ele>
        <time>2026-07-23T13:43:48.947Z</time>
      </trkpt>
      <trkpt lat="53.663193" lon="10.731513">
        <ele>52.918652</ele>
        <time>2026-07-23T13:45:14.059Z</time>
      </trkpt>
      <trkpt lat="53.663052" lon="10.731087">
        <ele>53.391319</ele>
        <time>2026-07-23T13:45:22.173Z</time>
      </trkpt>
      <trkpt lat="53.662755" lon="10.730684">
        <ele>53.898566</ele>
        <time>2026-07-23T13:45:32.204Z</time>
      </trkpt>
      <trkpt lat="53.660516" lon="10.730795">
        <ele>53.662052</ele>
        <time>2026-07-23T13:46:15.568Z</time>
      </trkpt>
      <trkpt lat="53.660415" lon="10.729213">
        <ele>54.431487</ele>
        <time>2026-07-23T13:46:38.754Z</time>
      </trkpt>
      <trkpt lat="53.660278" lon="10.729270">
        <ele>54.310939</ele>
        <time>2026-07-23T13:46:42.980Z</time>
      </trkpt>
      <trkpt lat="53.659994" lon="10.729316">
        <ele>53.910699</ele>
        <time>2026-07-23T13:46:51.321Z</time>
      </trkpt>
      <trkpt lat="53.656922" lon="10.729450">
        <ele>53.435393</ele>
        <time>2026-07-23T13:48:34.086Z</time>
      </trkpt>
      <trkpt lat="53.656491" lon="10.729430">
        <ele>52.469501</ele>
        <time>2026-07-23T13:48:46.602Z</time>
      </trkpt>
      <trkpt lat="53.655662" lon="10.729356">
        <ele>47.975615</ele>
        <time>2026-07-23T13:49:07.773Z</time>
      </trkpt>
      <trkpt lat="53.655143" lon="10.729458">
        <ele>44.117240</ele>
        <time>2026-07-23T13:49:20.287Z</time>
      </trkpt>
      <trkpt lat="53.654588" lon="10.729416">
        <ele>40.156944</ele>
        <time>2026-07-23T13:49:33.800Z</time>
      </trkpt>
      <trkpt lat="53.653959" lon="10.729456">
        <ele>36.218421</ele>
        <time>2026-07-23T13:49:49.415Z</time>
      </trkpt>
      <trkpt lat="53.653751" lon="10.729421">
        <ele>35.355318</ele>
        <time>2026-07-23T13:49:55.180Z</time>
      </trkpt>
      <trkpt lat="53.652768" lon="10.729014">
        <ele>30.978709</ele>
        <time>2026-07-23T13:50:21.637Z</time>
      </trkpt>
      <trkpt lat="53.652240" lon="10.728835">
        <ele>30.233771</ele>
        <time>2026-07-23T13:50:30.844Z</time>
      </trkpt>
      <trkpt lat="53.650494" lon="10.728513">
        <ele>36.002415</ele>
        <time>2026-07-23T13:51:30.787Z</time>
      </trkpt>
      <trkpt lat="53.649852" lon="10.728548">
        <ele>41.458556</ele>
        <time>2026-07-23T13:52:12.540Z</time>
      </trkpt>
      <trkpt lat="53.649807" lon="10.725990">
        <ele>38.997584</ele>
        <time>2026-07-23T13:52:35.775Z</time>
      </trkpt>
      <trkpt lat="53.649749" lon="10.715885">
        <ele>39.016877</ele>
        <time>2026-07-23T13:54:32.075Z</time>
      </trkpt>
      <trkpt lat="53.649708" lon="10.713423">
        <ele>35.415266</ele>
        <time>2026-07-23T13:54:53.846Z</time>
      </trkpt>
      <trkpt lat="53.649580" lon="10.713119">
        <ele>34.894496</ele>
        <time>2026-07-23T13:54:57.199Z</time>
      </trkpt>
      <trkpt lat="53.649507" lon="10.712784">
        <ele>34.477243</ele>
        <time>2026-07-23T13:55:00.435Z</time>
      </trkpt>
      <trkpt lat="53.649431" lon="10.712284">
        <ele>34.142191</ele>
        <time>2026-07-23T13:55:05.514Z</time>
      </trkpt>
      <trkpt lat="53.649415" lon="10.712015">
        <ele>34.765486</ele>
        <time>2026-07-23T13:55:08.742Z</time>
      </trkpt>
      <trkpt lat="53.649209" lon="10.711845">
        <ele>36.702679</ele>
        <time>2026-07-23T13:55:25.496Z</time>
      </trkpt>
      <trkpt lat="53.649063" lon="10.711651">
        <ele>37.841174</ele>
        <time>2026-07-23T13:55:37.584Z</time>
      </trkpt>
      <trkpt lat="53.648577" lon="10.710343">
        <ele>37.741608</ele>
        <time>2026-07-23T13:55:52.724Z</time>
      </trkpt>
      <trkpt lat="53.647842" lon="10.708868">
        <ele>37.885490</ele>
        <time>2026-07-23T13:56:16.263Z</time>
      </trkpt>
      <trkpt lat="53.647486" lon="10.708342">
        <ele>37.223240</ele>
        <time>2026-07-23T13:56:23.828Z</time>
      </trkpt>
      <trkpt lat="53.647272" lon="10.708164">
        <ele>36.915290</ele>
        <time>2026-07-23T13:56:27.699Z</time>
      </trkpt>
      <trkpt lat="53.647072" lon="10.708068">
        <ele>36.752548</ele>
        <time>2026-07-23T13:56:31.287Z</time>
      </trkpt>
      <trkpt lat="53.646696" lon="10.707733">
        <ele>36.756471</ele>
        <time>2026-07-23T13:56:39.630Z</time>
      </trkpt>
      <trkpt lat="53.646363" lon="10.707365">
        <ele>37.074134</ele>
        <time>2026-07-23T13:56:48.665Z</time>
      </trkpt>
      <trkpt lat="53.646002" lon="10.706702">
        <ele>37.299677</ele>
        <time>2026-07-23T13:57:00.555Z</time>
      </trkpt>
      <trkpt lat="53.645624" lon="10.705921">
        <ele>36.741818</ele>
        <time>2026-07-23T13:57:10.356Z</time>
      </trkpt>
      <trkpt lat="53.645534" lon="10.705597">
        <ele>36.942737</ele>
        <time>2026-07-23T13:57:15.705Z</time>
      </trkpt>
      <trkpt lat="53.645385" lon="10.705239">
        <ele>37.492266</ele>
        <time>2026-07-23T13:57:23.377Z</time>
      </trkpt>
      <trkpt lat="53.645204" lon="10.705001">
        <ele>37.886866</ele>
        <time>2026-07-23T13:57:29.912Z</time>
      </trkpt>
      <trkpt lat="53.644292" lon="10.704157">
        <ele>38.870175</ele>
        <time>2026-07-23T13:57:53.683Z</time>
      </trkpt>
      <trkpt lat="53.644136" lon="10.703976">
        <ele>38.868359</ele>
        <time>2026-07-23T13:57:57.396Z</time>
      </trkpt>
      <trkpt lat="53.643937" lon="10.703698">
        <ele>38.658967</ele>
        <time>2026-07-23T13:58:01.961Z</time>
      </trkpt>
      <trkpt lat="53.643511" lon="10.702895">
        <ele>37.338509</ele>
        <time>2026-07-23T13:58:11.839Z</time>
      </trkpt>
      <trkpt lat="53.643140" lon="10.702286">
        <ele>35.571957</ele>
        <time>2026-07-23T13:58:19.102Z</time>
      </trkpt>
      <trkpt lat="53.642829" lon="10.701864">
        <ele>34.719480</ele>
        <time>2026-07-23T13:58:25.272Z</time>
      </trkpt>
      <trkpt lat="53.642626" lon="10.701733">
        <ele>34.396838</ele>
        <time>2026-07-23T13:58:28.740Z</time>
      </trkpt>
      <trkpt lat="53.642294" lon="10.701707">
        <ele>33.926433</ele>
        <time>2026-07-23T13:58:34.132Z</time>
      </trkpt>
      <trkpt lat="53.641781" lon="10.701531">
        <ele>33.228304</ele>
        <time>2026-07-23T13:58:42.835Z</time>
      </trkpt>
      <trkpt lat="53.641439" lon="10.701533">
        <ele>32.383932</ele>
        <time>2026-07-23T13:58:47.957Z</time>
      </trkpt>
      <trkpt lat="53.641008" lon="10.701400">
        <ele>31.118914</ele>
        <time>2026-07-23T13:58:54.312Z</time>
      </trkpt>
      <trkpt lat="53.640689" lon="10.701141">
        <ele>30.231221</ele>
        <time>2026-07-23T13:58:59.564Z</time>
      </trkpt>
      <trkpt lat="53.640296" lon="10.700518">
        <ele>29.269047</ele>
        <time>2026-07-23T13:59:08.116Z</time>
      </trkpt>
      <trkpt lat="53.639897" lon="10.700259">
        <ele>29.091604</ele>
        <time>2026-07-23T13:59:15.858Z</time>
      </trkpt>
      <trkpt lat="53.639694" lon="10.700173">
        <ele>29.001564</ele>
        <time>2026-07-23T13:59:19.642Z</time>
      </trkpt>
      <trkpt lat="53.639666" lon="10.699379">
        <ele>28.819690</ele>
        <time>2026-07-23T13:59:34.000Z</time>
      </trkpt>
      <trkpt lat="53.639592" lon="10.699085">
        <ele>28.834742</ele>
        <time>2026-07-23T13:59:40.094Z</time>
      </trkpt>
      <trkpt lat="53.639510" lon="10.698991">
        <ele>28.979666</ele>
        <time>2026-07-23T13:59:43.779Z</time>
      </trkpt>
      <trkpt lat="53.639328" lon="10.698555">
        <ele>29.690729</ele>
        <time>2026-07-23T13:59:56.957Z</time>
      </trkpt>
      <trkpt lat="53.639306" lon="10.698281">
        <ele>30.281041</ele>
        <time>2026-07-23T14:00:05.196Z</time>
      </trkpt>
      <trkpt lat="53.638946" lon="10.697819">
        <ele>31.892371</ele>
        <time>2026-07-23T14:00:27.429Z</time>
      </trkpt>
      <trkpt lat="53.638298" lon="10.697667">
        <ele>33.319523</ele>
        <time>2026-07-23T14:00:53.599Z</time>
      </trkpt>
      <trkpt lat="53.638272" lon="10.698046">
        <ele>34.015861</ele>
        <time>2026-07-23T14:01:04.616Z</time>
      </trkpt>
      <trkpt lat="53.638285" lon="10.698319">
        <ele>34.504494</ele>
        <time>2026-07-23T14:01:11.641Z</time>
      </trkpt>
      <trkpt lat="53.637988" lon="10.699010">
        <ele>35.811037</ele>
        <time>2026-07-23T14:01:33.928Z</time>
      </trkpt>
      <trkpt lat="53.637660" lon="10.699488">
        <ele>36.998687</ele>
        <time>2026-07-23T14:01:53.095Z</time>
      </trkpt>
      <trkpt lat="53.637597" lon="10.699905">
        <ele>37.659462</ele>
        <time>2026-07-23T14:02:04.265Z</time>
      </trkpt>
      <trkpt lat="53.637439" lon="10.700095">
        <ele>37.972437</ele>
        <time>2026-07-23T14:02:12.113Z</time>
      </trkpt>
      <trkpt lat="53.637098" lon="10.700876">
        <ele>38.129892</ele>
        <time>2026-07-23T14:02:30.829Z</time>
      </trkpt>
      <trkpt lat="53.636913" lon="10.701450">
        <ele>37.486643</ele>
        <time>2026-07-23T14:02:41.661Z</time>
      </trkpt>
      <trkpt lat="53.636895" lon="10.701506">
        <ele>37.414862</ele>
        <time>2026-07-23T14:02:42.669Z</time>
      </trkpt>
      <trkpt lat="53.636463" lon="10.701832">
        <ele>35.914962</ele>
        <time>2026-07-23T14:02:54.890Z</time>
      </trkpt>
      <trkpt lat="53.636232" lon="10.702216">
        <ele>34.151161</ele>
        <time>2026-07-23T14:03:02.597Z</time>
      </trkpt>
      <trkpt lat="53.636224" lon="10.702393">
        <ele>33.505608</ele>
        <time>2026-07-23T14:03:05.002Z</time>
      </trkpt>
      <trkpt lat="53.636219" lon="10.702521">
        <ele>33.061308</ele>
        <time>2026-07-23T14:03:06.765Z</time>
      </trkpt>
      <trkpt lat="53.636293" lon="10.702845">
        <ele>31.893257</ele>
        <time>2026-07-23T14:03:12.099Z</time>
      </trkpt>
      <trkpt lat="53.636206" lon="10.703131">
        <ele>30.445865</ele>
        <time>2026-07-23T14:03:16.657Z</time>
      </trkpt>
      <trkpt lat="53.636119" lon="10.703488">
        <ele>28.643408</ele>
        <time>2026-07-23T14:03:22.016Z</time>
      </trkpt>
      <trkpt lat="53.636094" lon="10.703579">
        <ele>28.577859</ele>
        <time>2026-07-23T14:03:23.613Z</time>
      </trkpt>
      <trkpt lat="53.636157" lon="10.703865">
        <ele>28.759412</ele>
        <time>2026-07-23T14:03:45.979Z</time>
      </trkpt>
      <trkpt lat="53.636527" lon="10.704220">
        <ele>31.897500</ele>
        <time>2026-07-23T14:04:14.400Z</time>
      </trkpt>
      <trkpt lat="53.636738" lon="10.704513">
        <ele>33.935047</ele>
        <time>2026-07-23T14:04:32.543Z</time>
      </trkpt>
      <trkpt lat="53.636762" lon="10.704837">
        <ele>35.124498</ele>
        <time>2026-07-23T14:04:44.201Z</time>
      </trkpt>
      <trkpt lat="53.636674" lon="10.705117">
        <ele>35.773953</ele>
        <time>2026-07-23T14:04:53.245Z</time>
      </trkpt>
      <trkpt lat="53.636649" lon="10.705428">
        <ele>35.965865</ele>
        <time>2026-07-23T14:05:00.039Z</time>
      </trkpt>
      <trkpt lat="53.636564" lon="10.705577">
        <ele>35.855812</ele>
        <time>2026-07-23T14:05:03.629Z</time>
      </trkpt>
      <trkpt lat="53.636227" lon="10.705915">
        <ele>34.280665</ele>
        <time>2026-07-23T14:05:13.419Z</time>
      </trkpt>
      <trkpt lat="53.635947" lon="10.706109">
        <ele>32.124847</ele>
        <time>2026-07-23T14:05:20.244Z</time>
      </trkpt>
      <trkpt lat="53.635612" lon="10.706190">
        <ele>29.815634</ele>
        <time>2026-07-23T14:05:27.894Z</time>
      </trkpt>
      <trkpt lat="53.635354" lon="10.706287">
        <ele>28.531574</ele>
        <time>2026-07-23T14:05:34.372Z</time>
      </trkpt>
      <trkpt lat="53.635190" lon="10.706348">
        <ele>28.065637</ele>
        <time>2026-07-23T14:05:38.644Z</time>
      </trkpt>
      <trkpt lat="53.634976" lon="10.706564">
        <ele>27.958183</ele>
        <time>2026-07-23T14:05:46.315Z</time>
      </trkpt>
      <trkpt lat="53.634502" lon="10.707247">
        <ele>28.834602</ele>
        <time>2026-07-23T14:06:14.968Z</time>
      </trkpt>
      <trkpt lat="53.633972" lon="10.706483">
        <ele>19.964172</ele>
        <time>2026-07-23T14:06:22.928Z</time>
      </trkpt>
      <trkpt lat="53.633875" lon="10.705805">
        <ele>15.498197</ele>
        <time>2026-07-23T14:06:27.803Z</time>
      </trkpt>
      <trkpt lat="53.633760" lon="10.705481">
        <ele>14.295658</ele>
        <time>2026-07-23T14:06:30.742Z</time>
      </trkpt>
      <trkpt lat="53.633508" lon="10.704480">
        <ele>14.717781</ele>
        <time>2026-07-23T14:06:46.648Z</time>
      </trkpt>
      <trkpt lat="53.633363" lon="10.703607">
        <ele>15.520272</ele>
        <time>2026-07-23T14:07:00.272Z</time>
      </trkpt>
      <trkpt lat="53.633352" lon="10.703259">
        <ele>15.803861</ele>
        <time>2026-07-23T14:07:06.140Z</time>
      </trkpt>
      <trkpt lat="53.633350" lon="10.703178">
        <ele>15.866386</ele>
        <time>2026-07-23T14:07:07.341Z</time>
      </trkpt>
      <trkpt lat="53.633268" lon="10.703103">
        <ele>15.827500</ele>
        <time>2026-07-23T14:07:09.118Z</time>
      </trkpt>
      <trkpt lat="53.633272" lon="10.703201">
        <ele>15.777540</ele>
        <time>2026-07-23T14:07:09.955Z</time>
      </trkpt>
      <trkpt lat="53.633285" lon="10.703513">
        <ele>15.475132</ele>
        <time>2026-07-23T14:07:12.427Z</time>
      </trkpt>
      <trkpt lat="53.633148" lon="10.703574">
        <ele>15.145359</ele>
        <time>2026-07-23T14:07:14.280Z</time>
      </trkpt>
      <trkpt lat="53.633103" lon="10.703652">
        <ele>15.054815</ele>
        <time>2026-07-23T14:07:15.152Z</time>
      </trkpt>
      <trkpt lat="53.633088" lon="10.703962">
        <ele>14.809988</ele>
        <time>2026-07-23T14:07:17.901Z</time>
      </trkpt>
      <trkpt lat="53.633132" lon="10.704244">
        <ele>14.638124</ele>
        <time>2026-07-23T14:07:20.652Z</time>
      </trkpt>
      <trkpt lat="53.633368" lon="10.705213">
        <ele>13.298111</ele>
        <time>2026-07-23T14:07:28.842Z</time>
      </trkpt>
      <trkpt lat="53.633404" lon="10.705545">
        <ele>13.350620</ele>
        <time>2026-07-23T14:07:32.089Z</time>
      </trkpt>
      <trkpt lat="53.633370" lon="10.705796">
        <ele>13.726266</ele>
        <time>2026-07-23T14:07:37.094Z</time>
      </trkpt>
      <trkpt lat="53.633282" lon="10.706010">
        <ele>14.385983</ele>
        <time>2026-07-23T14:07:42.938Z</time>
      </trkpt>
      <trkpt lat="53.633097" lon="10.706288">
        <ele>15.324443</ele>
        <time>2026-07-23T14:07:51.589Z</time>
      </trkpt>
      <trkpt lat="53.632971" lon="10.706435">
        <ele>15.508222</ele>
        <time>2026-07-23T14:07:55.537Z</time>
      </trkpt>
      <trkpt lat="53.631920" lon="10.707228">
        <ele>14.077417</ele>
        <time>2026-07-23T14:08:11.755Z</time>
      </trkpt>
      <trkpt lat="53.630570" lon="10.708366">
        <ele>18.240203</ele>
        <time>2026-07-23T14:08:56.781Z</time>
      </trkpt>
      <trkpt lat="53.630350" lon="10.708456">
        <ele>19.226590</ele>
        <time>2026-07-23T14:09:05.802Z</time>
      </trkpt>
      <trkpt lat="53.630050" lon="10.708768">
        <ele>20.738195</ele>
        <time>2026-07-23T14:09:23.693Z</time>
      </trkpt>
      <trkpt lat="53.629795" lon="10.708975">
        <ele>22.171544</ele>
        <time>2026-07-23T14:09:38.887Z</time>
      </trkpt>
      <trkpt lat="53.629416" lon="10.709186">
        <ele>24.654365</ele>
        <time>2026-07-23T14:10:02.611Z</time>
      </trkpt>
      <trkpt lat="53.629399" lon="10.709215">
        <ele>24.843958</ele>
        <time>2026-07-23T14:10:04.097Z</time>
      </trkpt>
      <trkpt lat="53.629329" lon="10.709335">
        <ele>25.626582</ele>
        <time>2026-07-23T14:10:10.836Z</time>
      </trkpt>
      <trkpt lat="53.629251" lon="10.709713">
        <ele>27.775999</ele>
        <time>2026-07-23T14:10:28.496Z</time>
      </trkpt>
      <trkpt lat="53.629257" lon="10.709972">
        <ele>29.552612</ele>
        <time>2026-07-23T14:10:39.738Z</time>
      </trkpt>
      <trkpt lat="53.629419" lon="10.710822">
        <ele>36.047065</ele>
        <time>2026-07-23T14:11:29.689Z</time>
      </trkpt>
      <trkpt lat="53.629540" lon="10.711505">
        <ele>38.497412</ele>
        <time>2026-07-23T14:11:53.142Z</time>
      </trkpt>
      <trkpt lat="53.629896" lon="10.713382">
        <ele>40.439036</ele>
        <time>2026-07-23T14:12:37.996Z</time>
      </trkpt>
      <trkpt lat="53.629945" lon="10.714119">
        <ele>41.392374</ele>
        <time>2026-07-23T14:12:57.085Z</time>
      </trkpt>
      <trkpt lat="53.628611" lon="10.714963">
        <ele>41.319539</ele>
        <time>2026-07-23T14:13:41.802Z</time>
      </trkpt>
      <trkpt lat="53.627907" lon="10.715346">
        <ele>41.506290</ele>
        <time>2026-07-23T14:14:06.174Z</time>
      </trkpt>
      <trkpt lat="53.627646" lon="10.715371">
        <ele>41.597037</ele>
        <time>2026-07-23T14:14:14.863Z</time>
      </trkpt>
      <trkpt lat="53.626784" lon="10.714842">
        <ele>41.675679</ele>
        <time>2026-07-23T14:14:45.559Z</time>
      </trkpt>
      <trkpt lat="53.626733" lon="10.714004">
        <ele>39.758023</ele>
        <time>2026-07-23T14:14:58.789Z</time>
      </trkpt>
      <trkpt lat="53.626723" lon="10.713846">
        <ele>39.118220</ele>
        <time>2026-07-23T14:15:01.180Z</time>
      </trkpt>
      <trkpt lat="53.626284" lon="10.713163">
        <ele>34.612533</ele>
        <time>2026-07-23T14:15:15.503Z</time>
      </trkpt>
      <trkpt lat="53.626148" lon="10.712525">
        <ele>30.319732</ele>
        <time>2026-07-23T14:15:24.654Z</time>
      </trkpt>
      <trkpt lat="53.626239" lon="10.711445">
        <ele>23.082017</ele>
        <time>2026-07-23T14:15:39.039Z</time>
      </trkpt>
      <trkpt lat="53.624638" lon="10.712495">
        <ele>26.933442</ele>
        <time>2026-07-23T14:16:54.211Z</time>
      </trkpt>
      <trkpt lat="53.624202" lon="10.712687">
        <ele>28.388722</ele>
        <time>2026-07-23T14:17:15.152Z</time>
      </trkpt>
      <trkpt lat="53.623511" lon="10.712852">
        <ele>30.614661</ele>
        <time>2026-07-23T14:17:47.516Z</time>
      </trkpt>
      <trkpt lat="53.622001" lon="10.713567">
        <ele>35.791989</ele>
        <time>2026-07-23T14:19:00.495Z</time>
      </trkpt>
      <trkpt lat="53.621762" lon="10.713704">
        <ele>36.520714</ele>
        <time>2026-07-23T14:19:12.113Z</time>
      </trkpt>
      <trkpt lat="53.621587" lon="10.713950">
        <ele>36.109181</ele>
        <time>2026-07-23T14:19:21.431Z</time>
      </trkpt>
      <trkpt lat="53.621788" lon="10.713505">
        <ele>32.210923</ele>
        <time>2026-07-23T14:19:28.175Z</time>
      </trkpt>
      <trkpt lat="53.621872" lon="10.713318">
        <ele>29.932738</ele>
        <time>2026-07-23T14:19:30.941Z</time>
      </trkpt>
      <trkpt lat="53.622054" lon="10.713061">
        <ele>26.483223</ele>
        <time>2026-07-23T14:19:35.691Z</time>
      </trkpt>
      <trkpt lat="53.622127" lon="10.712967">
        <ele>25.359489</ele>
        <time>2026-07-23T14:19:37.880Z</time>
      </trkpt>
      <trkpt lat="53.622335" lon="10.712397">
        <ele>22.123577</ele>
        <time>2026-07-23T14:19:47.371Z</time>
      </trkpt>
      <trkpt lat="53.622318" lon="10.712122">
        <ele>20.677484</ele>
        <time>2026-07-23T14:19:51.168Z</time>
      </trkpt>
      <trkpt lat="53.622283" lon="10.711941">
        <ele>19.794989</ele>
        <time>2026-07-23T14:19:53.809Z</time>
      </trkpt>
      <trkpt lat="53.622186" lon="10.711835">
        <ele>19.450303</ele>
        <time>2026-07-23T14:19:56.759Z</time>
      </trkpt>
      <trkpt lat="53.622146" lon="10.711895">
        <ele>19.290656</ele>
        <time>2026-07-23T14:19:57.602Z</time>
      </trkpt>
      <trkpt lat="53.622026" lon="10.712067">
        <ele>19.733916</ele>
        <time>2026-07-23T14:20:02.942Z</time>
      </trkpt>
      <trkpt lat="53.621929" lon="10.712131">
        <ele>20.198827</ele>
        <time>2026-07-23T14:20:07.402Z</time>
      </trkpt>
      <trkpt lat="53.621911" lon="10.712249">
        <ele>20.647651</ele>
        <time>2026-07-23T14:20:10.845Z</time>
      </trkpt>
      <trkpt lat="53.621723" lon="10.712589">
        <ele>22.395552</ele>
        <time>2026-07-23T14:20:24.361Z</time>
      </trkpt>
      <trkpt lat="53.621513" lon="10.712899">
        <ele>24.110829</ele>
        <time>2026-07-23T14:20:37.771Z</time>
      </trkpt>
      <trkpt lat="53.621277" lon="10.713125">
        <ele>25.353682</ele>
        <time>2026-07-23T14:20:48.406Z</time>
      </trkpt>
      <trkpt lat="53.620994" lon="10.713167">
        <ele>26.145394</ele>
        <time>2026-07-23T14:20:57.431Z</time>
      </trkpt>
      <trkpt lat="53.620882" lon="10.713095">
        <ele>26.389053</ele>
        <time>2026-07-23T14:21:00.492Z</time>
      </trkpt>
      <trkpt lat="53.620882" lon="10.713095">
        <ele>26.389053</ele>
        <time>2026-07-23T14:21:00.493Z</time>
      </trkpt>
      <trkpt lat="53.620884" lon="10.713086">
        <ele>26.400641</ele>
        <time>2026-07-23T14:21:00.615Z</time>
      </trkpt>
      <trkpt lat="53.620818" lon="10.713076">
        <ele>26.520472</ele>
        <time>2026-07-23T14:21:02.032Z</time>
      </trkpt>
      <trkpt lat="53.620797" lon="10.713040">
        <ele>26.565537</ele>
        <time>2026-07-23T14:21:02.672Z</time>
      </trkpt>
      <trkpt lat="53.620701" lon="10.712970">
        <ele>26.722922</ele>
        <time>2026-07-23T14:21:04.909Z</time>
      </trkpt>
      <trkpt lat="53.620668" lon="10.712962">
        <ele>26.773089</ele>
        <time>2026-07-23T14:21:05.622Z</time>
      </trkpt>
      <trkpt lat="53.620505" lon="10.712946">
        <ele>26.946430</ele>
        <time>2026-07-23T14:21:09.114Z</time>
      </trkpt>
      <trkpt lat="53.620301" lon="10.712942">
        <ele>27.213020</ele>
        <time>2026-07-23T14:21:13.476Z</time>
      </trkpt>
      <trkpt lat="53.620270" lon="10.712956">
        <ele>27.263625</ele>
        <time>2026-07-23T14:21:14.163Z</time>
      </trkpt>
      <trkpt lat="53.620102" lon="10.712958">
        <ele>27.449597</ele>
        <time>2026-07-23T14:21:17.756Z</time>
      </trkpt>
      <trkpt lat="53.619788" lon="10.712944">
        <ele>27.543465</ele>
        <time>2026-07-23T14:21:24.472Z</time>
      </trkpt>
      <trkpt lat="53.619584" lon="10.712856">
        <ele>27.343962</ele>
        <time>2026-07-23T14:21:28.975Z</time>
      </trkpt>
      <trkpt lat="53.619540" lon="10.712832">
        <ele>27.287678</ele>
        <time>2026-07-23T14:21:29.964Z</time>
      </trkpt>
      <trkpt lat="53.619285" lon="10.712744">
        <ele>26.824886</ele>
        <time>2026-07-23T14:21:35.531Z</time>
      </trkpt>
      <trkpt lat="53.619136" lon="10.712763">
        <ele>26.638401</ele>
        <time>2026-07-23T14:21:38.726Z</time>
      </trkpt>
      <trkpt lat="53.619103" lon="10.712792">
        <ele>26.591957</ele>
        <time>2026-07-23T14:21:39.522Z</time>
      </trkpt>
      <trkpt lat="53.619099" lon="10.712799">
        <ele>26.584762</ele>
        <time>2026-07-23T14:21:39.646Z</time>
      </trkpt>
      <trkpt lat="53.619076" lon="10.712817">
        <ele>26.565994</ele>
        <time>2026-07-23T14:21:40.188Z</time>
      </trkpt>
      <trkpt lat="53.619058" lon="10.712827">
        <ele>26.560068</ele>
        <time>2026-07-23T14:21:40.593Z</time>
      </trkpt>
      <trkpt lat="53.619038" lon="10.712852">
        <ele>26.552283</ele>
        <time>2026-07-23T14:21:41.126Z</time>
      </trkpt>
      <trkpt lat="53.618969" lon="10.712865">
        <ele>26.530574</ele>
        <time>2026-07-23T14:21:42.610Z</time>
      </trkpt>
      <trkpt lat="53.618913" lon="10.712912">
        <ele>26.511014</ele>
        <time>2026-07-23T14:21:43.948Z</time>
      </trkpt>
      <trkpt lat="53.618841" lon="10.712928">
        <ele>26.502999</ele>
        <time>2026-07-23T14:21:45.501Z</time>
      </trkpt>
      <trkpt lat="53.618821" lon="10.712939">
        <ele>26.504686</ele>
        <time>2026-07-23T14:21:45.951Z</time>
      </trkpt>
      <trkpt lat="53.618797" lon="10.712956">
        <ele>26.506773</ele>
        <time>2026-07-23T14:21:46.507Z</time>
      </trkpt>
      <trkpt lat="53.618711" lon="10.712984">
        <ele>26.513797</ele>
        <time>2026-07-23T14:21:48.380Z</time>
      </trkpt>
      <trkpt lat="53.618616" lon="10.713028">
        <ele>26.534707</ele>
        <time>2026-07-23T14:21:50.487Z</time>
      </trkpt>
      <trkpt lat="53.618564" lon="10.713019">
        <ele>26.553765</ele>
        <time>2026-07-23T14:21:51.605Z</time>
      </trkpt>
      <trkpt lat="53.618545" lon="10.713011">
        <ele>26.560905</ele>
        <time>2026-07-23T14:21:52.024Z</time>
      </trkpt>
      <trkpt lat="53.618464" lon="10.713029">
        <ele>26.590692</ele>
        <time>2026-07-23T14:21:53.770Z</time>
      </trkpt>
      <trkpt lat="53.618420" lon="10.713026">
        <ele>26.599289</ele>
        <time>2026-07-23T14:21:54.712Z</time>
      </trkpt>
      <trkpt lat="53.618387" lon="10.713015">
        <ele>26.597996</ele>
        <time>2026-07-23T14:21:55.431Z</time>
      </trkpt>
      <trkpt lat="53.618285" lon="10.712969">
        <ele>26.593940</ele>
        <time>2026-07-23T14:21:57.688Z</time>
      </trkpt>
      <trkpt lat="53.618174" lon="10.712924">
        <ele>26.556144</ele>
        <time>2026-07-23T14:22:00.131Z</time>
      </trkpt>
      <trkpt lat="53.617957" lon="10.712864">
        <ele>26.311552</ele>
        <time>2026-07-23T14:22:04.832Z</time>
      </trkpt>
      <trkpt lat="53.617918" lon="10.712827">
        <ele>26.193046</ele>
        <time>2026-07-23T14:22:05.790Z</time>
      </trkpt>
      <trkpt lat="53.617934" lon="10.712884">
        <ele>26.093993</ele>
        <time>2026-07-23T14:22:06.590Z</time>
      </trkpt>
      <trkpt lat="53.617954" lon="10.712886">
        <ele>26.040937</ele>
        <time>2026-07-23T14:22:07.019Z</time>
      </trkpt>
      <trkpt lat="53.617974" lon="10.712816">
        <ele>25.918892</ele>
        <time>2026-07-23T14:22:08.005Z</time>
      </trkpt>
      <trkpt lat="53.617956" lon="10.712349">
        <ele>24.842430</ele>
        <time>2026-07-23T14:22:13.945Z</time>
      </trkpt>
      <trkpt lat="53.617907" lon="10.712309">
        <ele>24.684382</ele>
        <time>2026-07-23T14:22:15.108Z</time>
      </trkpt>
      <trkpt lat="53.617757" lon="10.712274">
        <ele>24.244774</ele>
        <time>2026-07-23T14:22:18.348Z</time>
      </trkpt>
      <trkpt lat="53.617671" lon="10.712314">
        <ele>24.186645</ele>
        <time>2026-07-23T14:22:20.256Z</time>
      </trkpt>
      <trkpt lat="53.617669" lon="10.712282">
        <ele>24.174505</ele>
        <time>2026-07-23T14:22:20.670Z</time>
      </trkpt>
      <trkpt lat="53.617562" lon="10.712296">
        <ele>24.106246</ele>
        <time>2026-07-23T14:22:24.189Z</time>
      </trkpt>
      <trkpt lat="53.617143" lon="10.712495">
        <ele>24.108191</ele>
        <time>2026-07-23T14:22:38.847Z</time>
      </trkpt>
      <trkpt lat="53.616693" lon="10.712568">
        <ele>24.160196</ele>
        <time>2026-07-23T14:22:54.694Z</time>
      </trkpt>
      <trkpt lat="53.616484" lon="10.712719">
        <ele>24.009012</ele>
        <time>2026-07-23T14:23:01.854Z</time>
      </trkpt>
      <trkpt lat="53.616311" lon="10.712749">
        <ele>23.917073</ele>
        <time>2026-07-23T14:23:07.361Z</time>
      </trkpt>
      <trkpt lat="53.615950" lon="10.712701">
        <ele>23.778559</ele>
        <time>2026-07-23T14:23:19.213Z</time>
      </trkpt>
      <trkpt lat="53.615715" lon="10.712972">
        <ele>23.611652</ele>
        <time>2026-07-23T14:23:28.301Z</time>
      </trkpt>
      <trkpt lat="53.615533" lon="10.713120">
        <ele>23.586658</ele>
        <time>2026-07-23T14:23:34.963Z</time>
      </trkpt>
      <trkpt lat="53.615269" lon="10.713302">
        <ele>23.792530</ele>
        <time>2026-07-23T14:23:45.654Z</time>
      </trkpt>
      <trkpt lat="53.615049" lon="10.713361">
        <ele>24.041774</ele>
        <time>2026-07-23T14:23:54.178Z</time>
      </trkpt>
      <trkpt lat="53.614519" lon="10.713714">
        <ele>25.056311</ele>
        <time>2026-07-23T14:24:17.972Z</time>
      </trkpt>
      <trkpt lat="53.614346" lon="10.713900">
        <ele>25.603599</ele>
        <time>2026-07-23T14:24:27.581Z</time>
      </trkpt>
      <trkpt lat="53.614093" lon="10.714263">
        <ele>26.625004</ele>
        <time>2026-07-23T14:24:43.230Z</time>
      </trkpt>
      <trkpt lat="53.613672" lon="10.714416">
        <ele>28.039484</ele>
        <time>2026-07-23T14:25:04.670Z</time>
      </trkpt>
      <trkpt lat="53.613006" lon="10.714513">
        <ele>29.645136</ele>
        <time>2026-07-23T14:25:34.245Z</time>
      </trkpt>
      <trkpt lat="53.612801" lon="10.714421">
        <ele>29.896711</ele>
        <time>2026-07-23T14:25:42.588Z</time>
      </trkpt>
      <trkpt lat="53.612567" lon="10.714372">
        <ele>29.714875</ele>
        <time>2026-07-23T14:25:50.360Z</time>
      </trkpt>
      <trkpt lat="53.611978" lon="10.714303">
        <ele>27.544753</ele>
        <time>2026-07-23T14:26:06.262Z</time>
      </trkpt>
      <trkpt lat="53.611580" lon="10.714126">
        <ele>24.528724</ele>
        <time>2026-07-23T14:26:16.222Z</time>
      </trkpt>
      <trkpt lat="53.611071" lon="10.713767">
        <ele>19.158314</ele>
        <time>2026-07-23T14:26:28.884Z</time>
      </trkpt>
      <trkpt lat="53.611020" lon="10.713716">
        <ele>18.602161</ele>
        <time>2026-07-23T14:26:36.266Z</time>
      </trkpt>
      <trkpt lat="53.611004" lon="10.713697">
        <ele>18.418602</ele>
        <time>2026-07-23T14:26:36.720Z</time>
      </trkpt>
      <trkpt lat="53.610905" lon="10.713571">
        <ele>17.422216</ele>
        <time>2026-07-23T14:26:39.674Z</time>
      </trkpt>
      <trkpt lat="53.610872" lon="10.713514">
        <ele>17.081403</ele>
        <time>2026-07-23T14:26:40.801Z</time>
      </trkpt>
      <trkpt lat="53.610706" lon="10.713319">
        <ele>16.500407</ele>
        <time>2026-07-23T14:26:46.437Z</time>
      </trkpt>
      <trkpt lat="53.610865" lon="10.712025">
        <ele>17.992409</ele>
        <time>2026-07-23T14:27:11.196Z</time>
      </trkpt>
      <trkpt lat="53.610925" lon="10.711840">
        <ele>18.395614</ele>
        <time>2026-07-23T14:27:16.735Z</time>
      </trkpt>
      <trkpt lat="53.610583" lon="10.711691">
        <ele>19.052193</ele>
        <time>2026-07-23T14:27:25.629Z</time>
      </trkpt>
      <trkpt lat="53.610112" lon="10.711594">
        <ele>19.072860</ele>
        <time>2026-07-23T14:27:34.809Z</time>
      </trkpt>
      <trkpt lat="53.609814" lon="10.711432">
        <ele>18.981339</ele>
        <time>2026-07-23T14:27:40.399Z</time>
      </trkpt>
      <trkpt lat="53.609637" lon="10.711156">
        <ele>19.026650</ele>
        <time>2026-07-23T14:27:45.658Z</time>
      </trkpt>
      <trkpt lat="53.609564" lon="10.710880">
        <ele>18.985394</ele>
        <time>2026-07-23T14:27:49.013Z</time>
      </trkpt>
      <trkpt lat="53.609626" lon="10.710634">
        <ele>18.838623</ele>
        <time>2026-07-23T14:27:51.672Z</time>
      </trkpt>
      <trkpt lat="53.610082" lon="10.709771">
        <ele>17.487805</ele>
        <time>2026-07-23T14:28:02.347Z</time>
      </trkpt>
      <trkpt lat="53.610140" lon="10.709597">
        <ele>17.226977</ele>
        <time>2026-07-23T14:28:04.112Z</time>
      </trkpt>
      <trkpt lat="53.610167" lon="10.709513">
        <ele>17.102125</ele>
        <time>2026-07-23T14:28:04.960Z</time>
      </trkpt>
      <trkpt lat="53.610370" lon="10.708702">
        <ele>16.182702</ele>
        <time>2026-07-23T14:28:13.082Z</time>
      </trkpt>
      <trkpt lat="53.610461" lon="10.708566">
        <ele>16.091222</ele>
        <time>2026-07-23T14:28:15.209Z</time>
      </trkpt>
      <trkpt lat="53.611474" lon="10.707473">
        <ele>17.321130</ele>
        <time>2026-07-23T14:28:44.145Z</time>
      </trkpt>
      <trkpt lat="53.611779" lon="10.707085">
        <ele>17.999520</ele>
        <time>2026-07-23T14:28:54.071Z</time>
      </trkpt>
      <trkpt lat="53.611914" lon="10.706710">
        <ele>19.129266</ele>
        <time>2026-07-23T14:29:04.115Z</time>
      </trkpt>
      <trkpt lat="53.612055" lon="10.706170">
        <ele>21.791990</ele>
        <time>2026-07-23T14:29:23.980Z</time>
      </trkpt>
      <trkpt lat="53.612062" lon="10.705949">
        <ele>22.524942</ele>
        <time>2026-07-23T14:29:30.252Z</time>
      </trkpt>
      <trkpt lat="53.612067" lon="10.705808">
        <ele>22.649537</ele>
        <time>2026-07-23T14:29:32.944Z</time>
      </trkpt>
      <trkpt lat="53.611646" lon="10.705566">
        <ele>22.200668</ele>
        <time>2026-07-23T14:29:45.125Z</time>
      </trkpt>
      <trkpt lat="53.611511" lon="10.705570">
        <ele>22.158814</ele>
        <time>2026-07-23T14:29:47.569Z</time>
      </trkpt>
      <trkpt lat="53.611338" lon="10.705566">
        <ele>22.619601</ele>
        <time>2026-07-23T14:29:52.842Z</time>
      </trkpt>
      <trkpt lat="53.611222" lon="10.705509">
        <ele>23.178791</ele>
        <time>2026-07-23T14:29:58.472Z</time>
      </trkpt>
      <trkpt lat="53.611150" lon="10.705414">
        <ele>23.639769</ele>
        <time>2026-07-23T14:30:02.637Z</time>
      </trkpt>
      <trkpt lat="53.610920" lon="10.705377">
        <ele>24.581281</ele>
        <time>2026-07-23T14:30:11.032Z</time>
      </trkpt>
      <trkpt lat="53.610633" lon="10.705414">
        <ele>25.390965</ele>
        <time>2026-07-23T14:30:20.818Z</time>
      </trkpt>
      <trkpt lat="53.610366" lon="10.705674">
        <ele>25.466577</ele>
        <time>2026-07-23T14:30:25.769Z</time>
      </trkpt>
      <trkpt lat="53.610122" lon="10.705679">
        <ele>25.963129</ele>
        <time>2026-07-23T14:30:35.646Z</time>
      </trkpt>
      <trkpt lat="53.609696" lon="10.706223">
        <ele>25.545394</ele>
        <time>2026-07-23T14:30:44.430Z</time>
      </trkpt>
      <trkpt lat="53.609582" lon="10.706878">
        <ele>24.340881</ele>
        <time>2026-07-23T14:30:50.303Z</time>
      </trkpt>
      <trkpt lat="53.609109" lon="10.707016">
        <ele>23.327530</ele>
        <time>2026-07-23T14:30:57.559Z</time>
      </trkpt>
      <trkpt lat="53.608710" lon="10.707196">
        <ele>23.847109</ele>
        <time>2026-07-23T14:31:08.286Z</time>
      </trkpt>
      <trkpt lat="53.608468" lon="10.707157">
        <ele>24.409507</ele>
        <time>2026-07-23T14:31:15.525Z</time>
      </trkpt>
      <trkpt lat="53.607794" lon="10.706775">
        <ele>26.288594</ele>
        <time>2026-07-23T14:31:37.865Z</time>
      </trkpt>
      <trkpt lat="53.607315" lon="10.706672">
        <ele>27.359065</ele>
        <time>2026-07-23T14:31:51.819Z</time>
      </trkpt>
      <trkpt lat="53.606924" lon="10.706676">
        <ele>27.840010</ele>
        <time>2026-07-23T14:32:01.828Z</time>
      </trkpt>
      <trkpt lat="53.606367" lon="10.706774">
        <ele>27.614885</ele>
        <time>2026-07-23T14:32:12.024Z</time>
      </trkpt>
      <trkpt lat="53.606178" lon="10.706931">
        <ele>27.241487</ele>
        <time>2026-07-23T14:32:15.253Z</time>
      </trkpt>
      <trkpt lat="53.605824" lon="10.707339">
        <ele>25.988023</ele>
        <time>2026-07-23T14:32:21.463Z</time>
      </trkpt>
      <trkpt lat="53.605684" lon="10.707428">
        <ele>25.507313</ele>
        <time>2026-07-23T14:32:23.591Z</time>
      </trkpt>
      <trkpt lat="53.605115" lon="10.707639">
        <ele>23.770493</ele>
        <time>2026-07-23T14:32:32.081Z</time>
      </trkpt>
      <trkpt lat="53.604683" lon="10.707738">
        <ele>22.898112</ele>
        <time>2026-07-23T14:32:38.834Z</time>
      </trkpt>
      <trkpt lat="53.604476" lon="10.707668">
        <ele>22.589559</ele>
        <time>2026-07-23T14:32:42.221Z</time>
      </trkpt>
      <trkpt lat="53.604025" lon="10.707601">
        <ele>22.496323</ele>
        <time>2026-07-23T14:32:50.525Z</time>
      </trkpt>
      <trkpt lat="53.603994" lon="10.707596">
        <ele>22.524314</ele>
        <time>2026-07-23T14:32:51.236Z</time>
      </trkpt>
      <trkpt lat="53.603274" lon="10.707374">
        <ele>23.922444</ele>
        <time>2026-07-23T14:33:12.105Z</time>
      </trkpt>
      <trkpt lat="53.602754" lon="10.707846">
        <ele>24.959260</ele>
        <time>2026-07-23T14:33:29.846Z</time>
      </trkpt>
      <trkpt lat="53.602584" lon="10.708667">
        <ele>23.634296</ele>
        <time>2026-07-23T14:34:05.705Z</time>
      </trkpt>
      <trkpt lat="53.602557" lon="10.708902">
        <ele>23.209617</ele>
        <time>2026-07-23T14:34:15.579Z</time>
      </trkpt>
      <trkpt lat="53.602493" lon="10.709460">
        <ele>22.264277</ele>
        <time>2026-07-23T14:34:39.021Z</time>
      </trkpt>
      <trkpt lat="53.602495" lon="10.710226">
        <ele>20.706031</ele>
        <time>2026-07-23T14:35:10.626Z</time>
      </trkpt>
      <trkpt lat="53.602495" lon="10.710476">
        <ele>20.278663</ele>
        <time>2026-07-23T14:35:20.957Z</time>
      </trkpt>
      <trkpt lat="53.602435" lon="10.711232">
        <ele>19.453196</ele>
        <time>2026-07-23T14:35:52.424Z</time>
      </trkpt>
      <trkpt lat="53.602421" lon="10.711488">
        <ele>19.441843</ele>
        <time>2026-07-23T14:36:02.989Z</time>
      </trkpt>
      <trkpt lat="53.602396" lon="10.711913">
        <ele>19.873600</ele>
        <time>2026-07-23T14:36:09.137Z</time>
      </trkpt>
      <trkpt lat="53.602345" lon="10.712244">
        <ele>20.422485</ele>
        <time>2026-07-23T14:36:15.512Z</time>
      </trkpt>
      <trkpt lat="53.602294" lon="10.712219">
        <ele>20.595844</ele>
        <time>2026-07-23T14:36:17.331Z</time>
      </trkpt>
      <trkpt lat="53.602058" lon="10.712092">
        <ele>21.343576</ele>
        <time>2026-07-23T14:36:25.769Z</time>
      </trkpt>
      <trkpt lat="53.601681" lon="10.711671">
        <ele>22.230039</ele>
        <time>2026-07-23T14:36:38.734Z</time>
      </trkpt>
      <trkpt lat="53.601414" lon="10.711304">
        <ele>22.001045</ele>
        <time>2026-07-23T14:36:44.637Z</time>
      </trkpt>
      <trkpt lat="53.601237" lon="10.710755">
        <ele>20.688180</ele>
        <time>2026-07-23T14:36:49.883Z</time>
      </trkpt>
      <trkpt lat="53.601077" lon="10.710544">
        <ele>19.584517</ele>
        <time>2026-07-23T14:36:52.535Z</time>
      </trkpt>
      <trkpt lat="53.600999" lon="10.710540">
        <ele>19.130313</ele>
        <time>2026-07-23T14:36:53.530Z</time>
      </trkpt>
      <trkpt lat="53.600993" lon="10.710513">
        <ele>19.057659</ele>
        <time>2026-07-23T14:36:53.750Z</time>
      </trkpt>
      <trkpt lat="53.600994" lon="10.710460">
        <ele>18.924033</ele>
        <time>2026-07-23T14:36:54.156Z</time>
      </trkpt>
      <trkpt lat="53.600922" lon="10.710139">
        <ele>18.210594</ele>
        <time>2026-07-23T14:36:56.959Z</time>
      </trkpt>
      <trkpt lat="53.600905" lon="10.709896">
        <ele>18.315168</ele>
        <time>2026-07-23T14:37:00.235Z</time>
      </trkpt>
      <trkpt lat="53.600935" lon="10.709250">
        <ele>20.149299</ele>
        <time>2026-07-23T14:37:15.144Z</time>
      </trkpt>
      <trkpt lat="53.600723" lon="10.708913">
        <ele>22.808150</ele>
        <time>2026-07-23T14:37:38.793Z</time>
      </trkpt>
      <trkpt lat="53.600564" lon="10.708853">
        <ele>24.092893</ele>
        <time>2026-07-23T14:37:49.882Z</time>
      </trkpt>
      <trkpt lat="53.600288" lon="10.708842">
        <ele>25.536698</ele>
        <time>2026-07-23T14:38:05.217Z</time>
      </trkpt>
      <trkpt lat="53.599943" lon="10.709010">
        <ele>25.891097</ele>
        <time>2026-07-23T14:38:19.108Z</time>
      </trkpt>
      <trkpt lat="53.598267" lon="10.710945">
        <ele>18.747547</ele>
        <time>2026-07-23T14:39:10.389Z</time>
      </trkpt>
      <trkpt lat="53.597921" lon="10.711035">
        <ele>17.847514</ele>
        <time>2026-07-23T14:39:19.500Z</time>
      </trkpt>
      <trkpt lat="53.597453" lon="10.710603">
        <ele>19.048414</ele>
        <time>2026-07-23T14:39:40.385Z</time>
      </trkpt>
      <trkpt lat="53.597310" lon="10.710393">
        <ele>20.734236</ele>
        <time>2026-07-23T14:39:56.999Z</time>
      </trkpt>
      <trkpt lat="53.596776" lon="10.710241">
        <ele>25.351765</ele>
        <time>2026-07-23T14:40:36.247Z</time>
      </trkpt>
      <trkpt lat="53.596140" lon="10.710480">
        <ele>26.909938</ele>
        <time>2026-07-23T14:41:04.653Z</time>
      </trkpt>
      <trkpt lat="53.595647" lon="10.711457">
        <ele>25.242443</ele>
        <time>2026-07-23T14:41:24.360Z</time>
      </trkpt>
      <trkpt lat="53.594748" lon="10.711374">
        <ele>25.436221</ele>
        <time>2026-07-23T14:41:54.869Z</time>
      </trkpt>
      <trkpt lat="53.594483" lon="10.711437">
        <ele>25.095808</ele>
        <time>2026-07-23T14:42:02.719Z</time>
      </trkpt>
      <trkpt lat="53.593452" lon="10.712346">
        <ele>20.322784</ele>
        <time>2026-07-23T14:42:31.325Z</time>
      </trkpt>
      <trkpt lat="53.592882" lon="10.712195">
        <ele>20.295630</ele>
        <time>2026-07-23T14:42:49.847Z</time>
      </trkpt>
      <trkpt lat="53.592825" lon="10.712180">
        <ele>20.391613</ele>
        <time>2026-07-23T14:42:52.252Z</time>
      </trkpt>
      <trkpt lat="53.592373" lon="10.711595">
        <ele>23.618724</ele>
        <time>2026-07-23T14:43:24.321Z</time>
      </trkpt>
      <trkpt lat="53.592212" lon="10.711532">
        <ele>25.237298</ele>
        <time>2026-07-23T14:43:36.556Z</time>
      </trkpt>
      <trkpt lat="53.592257" lon="10.711314">
        <ele>27.091916</ele>
        <time>2026-07-23T14:43:46.191Z</time>
      </trkpt>
      <trkpt lat="53.592178" lon="10.711084">
        <ele>29.234282</ele>
        <time>2026-07-23T14:43:57.235Z</time>
      </trkpt>
      <trkpt lat="53.592002" lon="10.710812">
        <ele>32.093111</ele>
        <time>2026-07-23T14:44:13.917Z</time>
      </trkpt>
      <trkpt lat="53.591899" lon="10.710789">
        <ele>33.204284</ele>
        <time>2026-07-23T14:44:21.196Z</time>
      </trkpt>
      <trkpt lat="53.591488" lon="10.710700">
        <ele>37.272106</ele>
        <time>2026-07-23T14:44:50.116Z</time>
      </trkpt>
      <trkpt lat="53.591444" lon="10.710527">
        <ele>38.248019</ele>
        <time>2026-07-23T14:44:57.886Z</time>
      </trkpt>
      <trkpt lat="53.591447" lon="10.710334">
        <ele>39.244777</ele>
        <time>2026-07-23T14:45:05.880Z</time>
      </trkpt>
      <trkpt lat="53.591447" lon="10.710320">
        <ele>39.311946</ele>
        <time>2026-07-23T14:45:06.458Z</time>
      </trkpt>
      <trkpt lat="53.591495" lon="10.709904">
        <ele>41.251937</ele>
        <time>2026-07-23T14:45:23.995Z</time>
      </trkpt>
      <trkpt lat="53.591670" lon="10.709042">
        <ele>44.644554</ele>
        <time>2026-07-23T14:46:01.638Z</time>
      </trkpt>
      <trkpt lat="53.591482" lon="10.709205">
        <ele>45.011924</ele>
        <time>2026-07-23T14:46:08.981Z</time>
      </trkpt>
      <trkpt lat="53.590039" lon="10.710451">
        <ele>44.585180</ele>
        <time>2026-07-23T14:46:58.682Z</time>
      </trkpt>
      <trkpt lat="53.586749" lon="10.713291">
        <ele>49.357551</ele>
        <time>2026-07-23T14:49:18.324Z</time>
      </trkpt>
      <trkpt lat="53.586577" lon="10.713461">
        <ele>49.415412</ele>
        <time>2026-07-23T14:49:25.221Z</time>
      </trkpt>
      <trkpt lat="53.583824" lon="10.715996">
        <ele>42.724971</ele>
        <time>2026-07-23T14:50:50.401Z</time>
      </trkpt>
      <trkpt lat="53.583778" lon="10.715884">
        <ele>42.563565</ele>
        <time>2026-07-23T14:50:56.001Z</time>
      </trkpt>
      <trkpt lat="53.583180" lon="10.716390">
        <ele>41.322338</ele>
        <time>2026-07-23T14:51:10.846Z</time>
      </trkpt>
      <trkpt lat="53.582851" lon="10.716610">
        <ele>41.340329</ele>
        <time>2026-07-23T14:51:20.759Z</time>
      </trkpt>
      <trkpt lat="53.582431" lon="10.716795">
        <ele>41.902566</ele>
        <time>2026-07-23T14:51:35.170Z</time>
      </trkpt>
      <trkpt lat="53.581947" lon="10.716741">
        <ele>42.560579</ele>
        <time>2026-07-23T14:51:50.937Z</time>
      </trkpt>
      <trkpt lat="53.580966" lon="10.716420">
        <ele>42.670662</ele>
        <time>2026-07-23T14:52:17.977Z</time>
      </trkpt>
      <trkpt lat="53.580890" lon="10.716387">
        <ele>42.654746</ele>
        <time>2026-07-23T14:52:19.918Z</time>
      </trkpt>
      <trkpt lat="53.579970" lon="10.715986">
        <ele>41.818008</ele>
        <time>2026-07-23T14:52:42.870Z</time>
      </trkpt>
      <trkpt lat="53.579659" lon="10.715902">
        <ele>41.717409</ele>
        <time>2026-07-23T14:52:51.173Z</time>
      </trkpt>
      <trkpt lat="53.579270" lon="10.715706">
        <ele>41.666441</ele>
        <time>2026-07-23T14:53:01.869Z</time>
      </trkpt>
      <trkpt lat="53.579002" lon="10.715647">
        <ele>41.402662</ele>
        <time>2026-07-23T14:53:08.402Z</time>
      </trkpt>
      <trkpt lat="53.578836" lon="10.715658">
        <ele>41.053804</ele>
        <time>2026-07-23T14:53:12.121Z</time>
      </trkpt>
      <trkpt lat="53.577463" lon="10.716409">
        <ele>36.582736</ele>
        <time>2026-07-23T14:53:41.974Z</time>
      </trkpt>
      <trkpt lat="53.577103" lon="10.712877">
        <ele>43.553512</ele>
        <time>2026-07-23T14:55:23.330Z</time>
      </trkpt>
      <trkpt lat="53.577000" lon="10.711615">
        <ele>43.004484</ele>
        <time>2026-07-23T14:55:45.540Z</time>
      </trkpt>
      <trkpt lat="53.576129" lon="10.712245">
        <ele>43.136211</ele>
        <time>2026-07-23T14:56:16.331Z</time>
      </trkpt>
      <trkpt lat="53.575620" lon="10.712667">
        <ele>43.521250</ele>
        <time>2026-07-23T14:56:36.634Z</time>
      </trkpt>
      <trkpt lat="53.575199" lon="10.712957">
        <ele>43.036140</ele>
        <time>2026-07-23T14:56:44.233Z</time>
      </trkpt>
      <trkpt lat="53.574136" lon="10.713479">
        <ele>40.555031</ele>
        <time>2026-07-23T14:57:13.827Z</time>
      </trkpt>
      <trkpt lat="53.572607" lon="10.714147">
        <ele>42.877715</ele>
        <time>2026-07-23T14:58:15.557Z</time>
      </trkpt>
      <trkpt lat="53.572035" lon="10.714343">
        <ele>43.439161</ele>
        <time>2026-07-23T14:58:36.598Z</time>
      </trkpt>
      <trkpt lat="53.570527" lon="10.714750">
        <ele>43.194543</ele>
        <time>2026-07-23T14:59:24.315Z</time>
      </trkpt>
      <trkpt lat="53.568573" lon="10.715761">
        <ele>42.674995</ele>
        <time>2026-07-23T15:00:27.493Z</time>
      </trkpt>
      <trkpt lat="53.567937" lon="10.715987">
        <ele>43.227349</ele>
        <time>2026-07-23T15:00:51.315Z</time>
      </trkpt>
      <trkpt lat="53.567459" lon="10.716215">
        <ele>43.355938</ele>
        <time>2026-07-23T15:01:07.391Z</time>
      </trkpt>
      <trkpt lat="53.567022" lon="10.716371">
        <ele>42.974557</ele>
        <time>2026-07-23T15:01:20.812Z</time>
      </trkpt>
      <trkpt lat="53.566331" lon="10.716601">
        <ele>40.945411</ele>
        <time>2026-07-23T15:01:39.098Z</time>
      </trkpt>
      <trkpt lat="53.565464" lon="10.716770">
        <ele>39.194764</ele>
        <time>2026-07-23T15:02:02.927Z</time>
      </trkpt>
      <trkpt lat="53.562725" lon="10.717261">
        <ele>38.592914</ele>
        <time>2026-07-23T15:03:29.131Z</time>
      </trkpt>
      <trkpt lat="53.562303" lon="10.717707">
        <ele>38.463300</ele>
        <time>2026-07-23T15:03:44.277Z</time>
      </trkpt>
      <trkpt lat="53.562037" lon="10.718110">
        <ele>38.800580</ele>
        <time>2026-07-23T15:03:57.204Z</time>
      </trkpt>
      <trkpt lat="53.561751" lon="10.718461">
        <ele>39.230043</ele>
        <time>2026-07-23T15:04:10.379Z</time>
      </trkpt>
      <trkpt lat="53.559886" lon="10.721058">
        <ele>42.794066</ele>
        <time>2026-07-23T15:05:43.913Z</time>
      </trkpt>
      <trkpt lat="53.557797" lon="10.722971">
        <ele>40.246608</ele>
        <time>2026-07-23T15:06:52.832Z</time>
      </trkpt>
      <trkpt lat="53.556986" lon="10.723442">
        <ele>39.688843</ele>
        <time>2026-07-23T15:07:08.824Z</time>
      </trkpt>
      <trkpt lat="53.556288" lon="10.724015">
        <ele>37.249000</ele>
        <time>2026-07-23T15:07:19.779Z</time>
      </trkpt>
      <trkpt lat="53.556031" lon="10.724220">
        <ele>36.749429</ele>
        <time>2026-07-23T15:07:24.061Z</time>
      </trkpt>
      <trkpt lat="53.554963" lon="10.725072">
        <ele>37.154180</ele>
        <time>2026-07-23T15:07:50.482Z</time>
      </trkpt>
      <trkpt lat="53.555375" lon="10.727505">
        <ele>34.592172</ele>
        <time>2026-07-23T15:08:13.992Z</time>
      </trkpt>
      <trkpt lat="53.555562" lon="10.728616">
        <ele>33.108045</ele>
        <time>2026-07-23T15:08:24.612Z</time>
      </trkpt>
      <trkpt lat="53.556047" lon="10.731463">
        <ele>26.611742</ele>
        <time>2026-07-23T15:08:49.267Z</time>
      </trkpt>
      <trkpt lat="53.556097" lon="10.731757">
        <ele>25.944304</ele>
        <time>2026-07-23T15:08:51.857Z</time>
      </trkpt>
      <trkpt lat="53.556345" lon="10.733202">
        <ele>22.140563</ele>
        <time>2026-07-23T15:09:03.898Z</time>
      </trkpt>
      <trkpt lat="53.556345" lon="10.733240">
        <ele>22.076706</ele>
        <time>2026-07-23T15:09:04.594Z</time>
      </trkpt>
      <trkpt lat="53.556156" lon="10.735485">
        <ele>27.525430</ele>
        <time>2026-07-23T15:10:13.248Z</time>
      </trkpt>
      <trkpt lat="53.556137" lon="10.736081">
        <ele>28.324942</ele>
        <time>2026-07-23T15:10:28.313Z</time>
      </trkpt>
      <trkpt lat="53.556174" lon="10.736627">
        <ele>28.668745</ele>
        <time>2026-07-23T15:10:40.205Z</time>
      </trkpt>
      <trkpt lat="53.556487" lon="10.738512">
        <ele>28.763707</ele>
        <time>2026-07-23T15:11:17.064Z</time>
      </trkpt>
      <trkpt lat="53.557051" lon="10.742209">
        <ele>32.364154</ele>
        <time>2026-07-23T15:12:45.472Z</time>
      </trkpt>
      <trkpt lat="53.557082" lon="10.742397">
        <ele>32.668824</ele>
        <time>2026-07-23T15:12:50.855Z</time>
      </trkpt>
      <trkpt lat="53.557028" lon="10.742573">
        <ele>32.860013</ele>
        <time>2026-07-23T15:12:54.170Z</time>
      </trkpt>
      <trkpt lat="53.556953" lon="10.742714">
        <ele>32.892453</ele>
        <time>2026-07-23T15:12:56.458Z</time>
      </trkpt>
      <trkpt lat="53.556860" lon="10.742781">
        <ele>32.814310</ele>
        <time>2026-07-23T15:12:58.138Z</time>
      </trkpt>
      <trkpt lat="53.556386" lon="10.742640">
        <ele>31.556340</ele>
        <time>2026-07-23T15:13:05.199Z</time>
      </trkpt>
      <trkpt lat="53.555794" lon="10.742525">
        <ele>30.389853</ele>
        <time>2026-07-23T15:13:14.379Z</time>
      </trkpt>
      <trkpt lat="53.553772" lon="10.742289">
        <ele>32.087798</ele>
        <time>2026-07-23T15:14:01.237Z</time>
      </trkpt>
      <trkpt lat="53.553563" lon="10.742264">
        <ele>32.170717</ele>
        <time>2026-07-23T15:14:05.975Z</time>
      </trkpt>
      <trkpt lat="53.552337" lon="10.742044">
        <ele>31.566501</ele>
        <time>2026-07-23T15:14:28.596Z</time>
      </trkpt>
      <trkpt lat="53.551279" lon="10.741832">
        <ele>28.477975</ele>
        <time>2026-07-23T15:14:43.878Z</time>
      </trkpt>
      <trkpt lat="53.550613" lon="10.741793">
        <ele>27.528283</ele>
        <time>2026-07-23T15:14:54.748Z</time>
      </trkpt>
      <trkpt lat="53.549531" lon="10.741416">
        <ele>26.841168</ele>
        <time>2026-07-23T15:15:14.159Z</time>
      </trkpt>
      <trkpt lat="53.546029" lon="10.740067">
        <ele>29.478459</ele>
        <time>2026-07-23T15:16:35.524Z</time>
      </trkpt>
      <trkpt lat="53.545800" lon="10.739945">
        <ele>29.455564</ele>
        <time>2026-07-23T15:16:39.959Z</time>
      </trkpt>
      <trkpt lat="53.545477" lon="10.739626">
        <ele>28.972782</ele>
        <time>2026-07-23T15:16:45.407Z</time>
      </trkpt>
      <trkpt lat="53.544827" lon="10.738863">
        <ele>27.484828</ele>
        <time>2026-07-23T15:16:56.246Z</time>
      </trkpt>
      <trkpt lat="53.544693" lon="10.738742">
        <ele>27.157804</ele>
        <time>2026-07-23T15:16:58.313Z</time>
      </trkpt>
      <trkpt lat="53.544233" lon="10.738295">
        <ele>25.659645</ele>
        <time>2026-07-23T15:17:05.001Z</time>
      </trkpt>
      <trkpt lat="53.543896" lon="10.738035">
        <ele>25.588049</ele>
        <time>2026-07-23T15:17:11.486Z</time>
      </trkpt>
      <trkpt lat="53.543799" lon="10.737936">
        <ele>26.025945</ele>
        <time>2026-07-23T15:17:14.645Z</time>
      </trkpt>
      <trkpt lat="53.543752" lon="10.737910">
        <ele>26.239839</ele>
        <time>2026-07-23T15:17:16.502Z</time>
      </trkpt>
      <trkpt lat="53.543128" lon="10.737264">
        <ele>31.200584</ele>
        <time>2026-07-23T15:17:53.105Z</time>
      </trkpt>
      <trkpt lat="53.542601" lon="10.737837">
        <ele>32.249785</ele>
        <time>2026-07-23T15:18:08.332Z</time>
      </trkpt>
      <trkpt lat="53.542250" lon="10.738219">
        <ele>31.615385</ele>
        <time>2026-07-23T15:18:14.410Z</time>
      </trkpt>
      <trkpt lat="53.541540" lon="10.738649">
        <ele>28.388354</ele>
        <time>2026-07-23T15:18:23.248Z</time>
      </trkpt>
      <trkpt lat="53.539504" lon="10.739432">
        <ele>29.807819</ele>
        <time>2026-07-23T15:19:06.380Z</time>
      </trkpt>
      <trkpt lat="53.537672" lon="10.740137">
        <ele>31.434280</ele>
        <time>2026-07-23T15:19:45.962Z</time>
      </trkpt>
      <trkpt lat="53.537622" lon="10.740244">
        <ele>31.466496</ele>
        <time>2026-07-23T15:19:47.495Z</time>
      </trkpt>
      <trkpt lat="53.537111" lon="10.740428">
        <ele>31.242322</ele>
        <time>2026-07-23T15:19:55.574Z</time>
      </trkpt>
      <trkpt lat="53.538301" lon="10.747465">
        <ele>37.299623</ele>
        <time>2026-07-23T15:21:38.112Z</time>
      </trkpt>
      <trkpt lat="53.538288" lon="10.747897">
        <ele>37.282116</ele>
        <time>2026-07-23T15:21:42.302Z</time>
      </trkpt>
      <trkpt lat="53.538365" lon="10.748075">
        <ele>37.211122</ele>
        <time>2026-07-23T15:21:44.498Z</time>
      </trkpt>
      <trkpt lat="53.538441" lon="10.748365">
        <ele>37.108485</ele>
        <time>2026-07-23T15:21:48.012Z</time>
      </trkpt>
      <trkpt lat="53.538679" lon="10.749752">
        <ele>36.795110</ele>
        <time>2026-07-23T15:22:03.531Z</time>
      </trkpt>
      <trkpt lat="53.538753" lon="10.750055">
        <ele>36.691154</ele>
        <time>2026-07-23T15:22:07.015Z</time>
      </trkpt>
      <trkpt lat="53.538843" lon="10.750235">
        <ele>36.612784</ele>
        <time>2026-07-23T15:22:09.503Z</time>
      </trkpt>
      <trkpt lat="53.539314" lon="10.750760">
        <ele>36.288945</ele>
        <time>2026-07-23T15:22:19.483Z</time>
      </trkpt>
      <trkpt lat="53.539814" lon="10.751162">
        <ele>35.830365</ele>
        <time>2026-07-23T15:22:28.959Z</time>
      </trkpt>
      <trkpt lat="53.541995" lon="10.751911">
        <ele>34.509169</ele>
        <time>2026-07-23T15:23:08.432Z</time>
      </trkpt>
      <trkpt lat="53.543066" lon="10.752243">
        <ele>34.000674</ele>
        <time>2026-07-23T15:23:27.921Z</time>
      </trkpt>
      <trkpt lat="53.542188" lon="10.763455">
        <ele>31.015489</ele>
        <time>2026-07-23T15:25:15.074Z</time>
      </trkpt>
      <trkpt lat="53.542147" lon="10.763982">
        <ele>31.310053</ele>
        <time>2026-07-23T15:25:20.421Z</time>
      </trkpt>
      <trkpt lat="53.542056" lon="10.765160">
        <ele>33.227544</ele>
        <time>2026-07-23T15:25:43.502Z</time>
      </trkpt>
      <trkpt lat="53.541732" lon="10.769370">
        <ele>33.884839</ele>
        <time>2026-07-23T15:26:28.721Z</time>
      </trkpt>
      <trkpt lat="53.541520" lon="10.772274">
        <ele>33.634265</ele>
        <time>2026-07-23T15:26:57.713Z</time>
      </trkpt>
      <trkpt lat="53.537232" lon="10.769059">
        <ele>35.618067</ele>
        <time>2026-07-23T15:29:45.467Z</time>
      </trkpt>
      <trkpt lat="53.533275" lon="10.766114">
        <ele>34.104179</ele>
        <time>2026-07-23T15:32:06.555Z</time>
      </trkpt>
      <trkpt lat="53.532928" lon="10.766055">
        <ele>34.024767</ele>
        <time>2026-07-23T15:32:18.157Z</time>
      </trkpt>
      <trkpt lat="53.531225" lon="10.766151">
        <ele>34.207435</ele>
        <time>2026-07-23T15:32:48.216Z</time>
      </trkpt>
      <trkpt lat="53.530993" lon="10.767222">
        <ele>34.382097</ele>
        <time>2026-07-23T15:33:10.376Z</time>
      </trkpt>
      <trkpt lat="53.529397" lon="10.772424">
        <ele>34.014150</ele>
        <time>2026-07-23T15:34:59.729Z</time>
      </trkpt>
      <trkpt lat="53.528689" lon="10.774688">
        <ele>36.101209</ele>
        <time>2026-07-23T15:35:57.927Z</time>
      </trkpt>
      <trkpt lat="53.528599" lon="10.774978">
        <ele>36.375915</ele>
        <time>2026-07-23T15:36:05.322Z</time>
      </trkpt>
      <trkpt lat="53.528157" lon="10.776506">
        <ele>37.008977</ele>
        <time>2026-07-23T15:36:40.826Z</time>
      </trkpt>
      <trkpt lat="53.527509" lon="10.779259">
        <ele>35.016245</ele>
        <time>2026-07-23T15:37:31.389Z</time>
      </trkpt>
      <trkpt lat="53.527492" lon="10.779614">
        <ele>34.770157</ele>
        <time>2026-07-23T15:37:37.686Z</time>
      </trkpt>
      <trkpt lat="53.527458" lon="10.779611">
        <ele>34.713138</ele>
        <time>2026-07-23T15:37:38.197Z</time>
      </trkpt>
      <trkpt lat="53.527130" lon="10.781119">
        <ele>33.131756</ele>
        <time>2026-07-23T15:37:51.483Z</time>
      </trkpt>
      <trkpt lat="53.526669" lon="10.782119">
        <ele>32.268482</ele>
        <time>2026-07-23T15:38:02.422Z</time>
      </trkpt>
      <trkpt lat="53.526507" lon="10.782769">
        <ele>32.587300</ele>
        <time>2026-07-23T15:38:11.179Z</time>
      </trkpt>
      <trkpt lat="53.526342" lon="10.783485">
        <ele>32.898885</ele>
        <time>2026-07-23T15:38:20.418Z</time>
      </trkpt>
      <trkpt lat="53.526314" lon="10.783748">
        <ele>32.993804</ele>
        <time>2026-07-23T15:38:23.714Z</time>
      </trkpt>
      <trkpt lat="53.526330" lon="10.784028">
        <ele>32.986771</ele>
        <time>2026-07-23T15:38:26.981Z</time>
      </trkpt>
      <trkpt lat="53.526493" lon="10.785681">
        <ele>32.017318</ele>
        <time>2026-07-23T15:38:41.654Z</time>
      </trkpt>
      <trkpt lat="53.526634" lon="10.788142">
        <ele>30.943991</ele>
        <time>2026-07-23T15:39:04.070Z</time>
      </trkpt>
      <trkpt lat="53.528203" lon="10.789482">
        <ele>30.831152</ele>
        <time>2026-07-23T15:39:59.873Z</time>
      </trkpt>
      <trkpt lat="53.528644" lon="10.789853">
        <ele>31.198507</ele>
        <time>2026-07-23T15:40:17.306Z</time>
      </trkpt>
      <trkpt lat="53.529099" lon="10.790236">
        <ele>31.589316</ele>
        <time>2026-07-23T15:40:35.361Z</time>
      </trkpt>
      <trkpt lat="53.529741" lon="10.790573">
        <ele>31.966730</ele>
        <time>2026-07-23T15:40:58.220Z</time>
      </trkpt>
      <trkpt lat="53.530649" lon="10.790050">
        <ele>32.000000</ele>
        <time>2026-07-23T15:41:28.738Z</time>
      </trkpt>
      <trkpt lat="53.531695" lon="10.789162">
        <ele>31.987705</ele>
        <time>2026-07-23T15:42:06.220Z</time>
      </trkpt>
      <trkpt lat="53.531940" lon="10.789156">
        <ele>31.886320</ele>
        <time>2026-07-23T15:42:13.717Z</time>
      </trkpt>
      <trkpt lat="53.532802" lon="10.789773">
        <ele>31.253465</ele>
        <time>2026-07-23T15:42:41.563Z</time>
      </trkpt>
      <trkpt lat="53.533399" lon="10.789728">
        <ele>31.271116</ele>
        <time>2026-07-23T15:43:00.874Z</time>
      </trkpt>
      <trkpt lat="53.533686" lon="10.789679">
        <ele>31.135798</ele>
        <time>2026-07-23T15:43:09.672Z</time>
      </trkpt>
      <trkpt lat="53.534198" lon="10.789222">
        <ele>31.112076</ele>
        <time>2026-07-23T15:43:28.033Z</time>
      </trkpt>
      <trkpt lat="53.534728" lon="10.788366">
        <ele>31.290591</ele>
        <time>2026-07-23T15:43:52.320Z</time>
      </trkpt>
      <trkpt lat="53.535142" lon="10.787315">
        <ele>31.282229</ele>
        <time>2026-07-23T15:44:15.928Z</time>
      </trkpt>
      <trkpt lat="53.536353" lon="10.788578">
        <ele>31.042306</ele>
        <time>2026-07-23T15:44:39.483Z</time>
      </trkpt>
      <trkpt lat="53.538552" lon="10.790798">
        <ele>32.675569</ele>
        <time>2026-07-23T15:45:31.196Z</time>
      </trkpt>
      <trkpt lat="53.539374" lon="10.791580">
        <ele>32.838473</ele>
        <time>2026-07-23T15:45:47.954Z</time>
      </trkpt>
      <trkpt lat="53.539802" lon="10.791929">
        <ele>33.189975</ele>
        <time>2026-07-23T15:45:57.712Z</time>
      </trkpt>
      <trkpt lat="53.540458" lon="10.792283">
        <ele>33.684786</ele>
        <time>2026-07-23T15:46:11.675Z</time>
      </trkpt>
      <trkpt lat="53.540508" lon="10.792108">
        <ele>33.742547</ele>
        <time>2026-07-23T15:46:14.037Z</time>
      </trkpt>
      <trkpt lat="53.541840" lon="10.790350">
        <ele>32.111956</ele>
        <time>2026-07-23T15:46:39.390Z</time>
      </trkpt>
      <trkpt lat="53.542487" lon="10.789474">
        <ele>30.220744</ele>
        <time>2026-07-23T15:46:50.315Z</time>
      </trkpt>
      <trkpt lat="53.542525" lon="10.789368">
        <ele>30.167707</ele>
        <time>2026-07-23T15:46:51.403Z</time>
      </trkpt>
      <trkpt lat="53.543377" lon="10.788397">
        <ele>30.039591</ele>
        <time>2026-07-23T15:47:26.067Z</time>
      </trkpt>
      <trkpt lat="53.544388" lon="10.787727">
        <ele>28.705000</ele>
        <time>2026-07-23T15:47:59.275Z</time>
      </trkpt>
      <trkpt lat="53.546430" lon="10.786167">
        <ele>26.311509</ele>
        <time>2026-07-23T15:49:08.736Z</time>
      </trkpt>
      <trkpt lat="53.546898" lon="10.785776">
        <ele>27.501094</ele>
        <time>2026-07-23T15:49:32.189Z</time>
      </trkpt>
      <trkpt lat="53.547731" lon="10.785933">
        <ele>29.668600</ele>
        <time>2026-07-23T15:50:08.116Z</time>
      </trkpt>
      <trkpt lat="53.547738" lon="10.785060">
        <ele>31.854739</ele>
        <time>2026-07-23T15:50:36.752Z</time>
      </trkpt>
      <trkpt lat="53.549803" lon="10.783057">
        <ele>35.656135</ele>
        <time>2026-07-23T15:52:13.247Z</time>
      </trkpt>
      <trkpt lat="53.550179" lon="10.782693">
        <ele>35.800951</ele>
        <time>2026-07-23T15:52:28.570Z</time>
      </trkpt>
      <trkpt lat="53.551201" lon="10.781702">
        <ele>35.975816</ele>
        <time>2026-07-23T15:53:09.343Z</time>
      </trkpt>
      <trkpt lat="53.550787" lon="10.778886">
        <ele>31.422303</ele>
        <time>2026-07-23T15:53:35.721Z</time>
      </trkpt>
      <trkpt lat="53.551191" lon="10.778991">
        <ele>32.012966</ele>
        <time>2026-07-23T15:53:46.131Z</time>
      </trkpt>
      <trkpt lat="53.551462" lon="10.779055">
        <ele>32.549955</ele>
        <time>2026-07-23T15:53:53.538Z</time>
      </trkpt>
      <trkpt lat="53.552317" lon="10.778982">
        <ele>33.519300</ele>
        <time>2026-07-23T15:54:12.141Z</time>
      </trkpt>
      <trkpt lat="53.553027" lon="10.778922">
        <ele>34.430936</ele>
        <time>2026-07-23T15:54:28.908Z</time>
      </trkpt>
      <trkpt lat="53.553140" lon="10.778912">
        <ele>34.441993</ele>
        <time>2026-07-23T15:54:30.860Z</time>
      </trkpt>
      <trkpt lat="53.553331" lon="10.778816">
        <ele>34.295701</ele>
        <time>2026-07-23T15:54:33.788Z</time>
      </trkpt>
      <trkpt lat="53.553676" lon="10.778636">
        <ele>33.858896</ele>
        <time>2026-07-23T15:54:39.092Z</time>
      </trkpt>
      <trkpt lat="53.553719" lon="10.778586">
        <ele>33.788251</ele>
        <time>2026-07-23T15:54:39.853Z</time>
      </trkpt>
      <trkpt lat="53.553734" lon="10.778346">
        <ele>33.398904</ele>
        <time>2026-07-23T15:54:42.165Z</time>
      </trkpt>
      <trkpt lat="53.553772" lon="10.777747">
        <ele>32.103862</ele>
        <time>2026-07-23T15:54:47.320Z</time>
      </trkpt>
      <trkpt lat="53.553937" lon="10.775091">
        <ele>26.313591</ele>
        <time>2026-07-23T15:55:10.432Z</time>
      </trkpt>
      <trkpt lat="53.554079" lon="10.775076">
        <ele>26.391541</ele>
        <time>2026-07-23T15:55:16.171Z</time>
      </trkpt>
      <trkpt lat="53.554598" lon="10.775250">
        <ele>28.239405</ele>
        <time>2026-07-23T15:55:43.020Z</time>
      </trkpt>
      <trkpt lat="53.554770" lon="10.775099">
        <ele>28.764293</ele>
        <time>2026-07-23T15:55:52.114Z</time>
      </trkpt>
      <trkpt lat="53.554735" lon="10.774951">
        <ele>28.919116</ele>
        <time>2026-07-23T15:55:54.405Z</time>
      </trkpt>
      <trkpt lat="53.554725" lon="10.774913">
        <ele>28.959510</ele>
        <time>2026-07-23T15:55:54.938Z</time>
      </trkpt>
      <trkpt lat="53.554691" lon="10.774771">
        <ele>29.097509</ele>
        <time>2026-07-23T15:55:56.850Z</time>
      </trkpt>
      <trkpt lat="53.554422" lon="10.773817">
        <ele>29.903964</ele>
        <time>2026-07-23T15:56:10.262Z</time>
      </trkpt>
      <trkpt lat="53.555148" lon="10.773319">
        <ele>34.242478</ele>
        <time>2026-07-23T15:56:47.495Z</time>
      </trkpt>
      <trkpt lat="53.555249" lon="10.773265">
        <ele>34.557756</ele>
        <time>2026-07-23T15:56:50.725Z</time>
      </trkpt>
      <trkpt lat="53.555249" lon="10.772900">
        <ele>34.565473</ele>
        <time>2026-07-23T15:56:54.250Z</time>
      </trkpt>
      <trkpt lat="53.555300" lon="10.772380">
        <ele>33.795592</ele>
        <time>2026-07-23T15:56:58.299Z</time>
      </trkpt>
      <trkpt lat="53.555358" lon="10.771985">
        <ele>32.988956</ele>
        <time>2026-07-23T15:57:01.357Z</time>
      </trkpt>
      <trkpt lat="53.555397" lon="10.771700">
        <ele>32.217654</ele>
        <time>2026-07-23T15:57:03.370Z</time>
      </trkpt>
      <trkpt lat="53.555465" lon="10.771263">
        <ele>31.651346</ele>
        <time>2026-07-23T15:57:06.986Z</time>
      </trkpt>
      <trkpt lat="53.555492" lon="10.771087">
        <ele>31.544775</ele>
        <time>2026-07-23T15:57:08.561Z</time>
      </trkpt>
      <trkpt lat="53.555560" lon="10.770638">
        <ele>31.394361</ele>
        <time>2026-07-23T15:57:13.089Z</time>
      </trkpt>
      <trkpt lat="53.555658" lon="10.770027">
        <ele>31.014202</ele>
        <time>2026-07-23T15:57:18.977Z</time>
      </trkpt>
      <trkpt lat="53.555731" lon="10.769527">
        <ele>30.078630</ele>
        <time>2026-07-23T15:57:22.705Z</time>
      </trkpt>
      <trkpt lat="53.555827" lon="10.768731">
        <ele>29.324527</ele>
        <time>2026-07-23T15:57:29.557Z</time>
      </trkpt>
      <trkpt lat="53.555829" lon="10.768690">
        <ele>29.297159</ele>
        <time>2026-07-23T15:57:29.927Z</time>
      </trkpt>
      <trkpt lat="53.555841" lon="10.768513">
        <ele>29.178641</ele>
        <time>2026-07-23T15:57:31.558Z</time>
      </trkpt>
      <trkpt lat="53.555909" lon="10.766464">
        <ele>27.655517</ele>
        <time>2026-07-23T15:57:49.008Z</time>
      </trkpt>
      <trkpt lat="53.555966" lon="10.764946">
        <ele>29.844155</ele>
        <time>2026-07-23T15:58:14.988Z</time>
      </trkpt>
      <trkpt lat="53.555982" lon="10.764219">
        <ele>31.263101</ele>
        <time>2026-07-23T15:58:29.527Z</time>
      </trkpt>
      <trkpt lat="53.555985" lon="10.764106">
        <ele>31.209179</ele>
        <time>2026-07-23T15:58:30.804Z</time>
      </trkpt>
      <trkpt lat="53.555996" lon="10.763624">
        <ele>31.083199</ele>
        <time>2026-07-23T15:58:34.600Z</time>
      </trkpt>
      <trkpt lat="53.555979" lon="10.763304">
        <ele>31.461901</ele>
        <time>2026-07-23T15:58:40.664Z</time>
      </trkpt>
      <trkpt lat="53.555974" lon="10.763250">
        <ele>31.580634</ele>
        <time>2026-07-23T15:58:41.909Z</time>
      </trkpt>
      <trkpt lat="53.555909" lon="10.762897">
        <ele>32.392244</ele>
        <time>2026-07-23T15:58:50.049Z</time>
      </trkpt>
      <trkpt lat="53.555998" lon="10.762818">
        <ele>32.749144</ele>
        <time>2026-07-23T15:58:52.886Z</time>
      </trkpt>
      <trkpt lat="53.556035" lon="10.762724">
        <ele>32.845725</ele>
        <time>2026-07-23T15:58:54.494Z</time>
      </trkpt>
      <trkpt lat="53.556077" lon="10.761948">
        <ele>33.258611</ele>
        <time>2026-07-23T15:59:04.974Z</time>
      </trkpt>
      <trkpt lat="53.556118" lon="10.760586">
        <ele>32.719454</ele>
        <time>2026-07-23T15:59:17.423Z</time>
      </trkpt>
      <trkpt lat="53.556147" lon="10.759831">
        <ele>31.231043</ele>
        <time>2026-07-23T15:59:22.965Z</time>
      </trkpt>
      <trkpt lat="53.556181" lon="10.759496">
        <ele>30.809180</ele>
        <time>2026-07-23T15:59:25.568Z</time>
      </trkpt>
      <trkpt lat="53.556270" lon="10.759077">
        <ele>30.833671</ele>
        <time>2026-07-23T15:59:30.705Z</time>
      </trkpt>
      <trkpt lat="53.556563" lon="10.758203">
        <ele>31.512462</ele>
        <time>2026-07-23T15:59:54.325Z</time>
      </trkpt>
      <trkpt lat="53.556675" lon="10.757863">
        <ele>31.463795</ele>
        <time>2026-07-23T16:00:01.892Z</time>
      </trkpt>
      <trkpt lat="53.556761" lon="10.757606">
        <ele>31.339659</ele>
        <time>2026-07-23T16:00:07.304Z</time>
      </trkpt>
      <trkpt lat="53.557511" lon="10.755373">
        <ele>30.720737</ele>
        <time>2026-07-23T16:00:56.953Z</time>
      </trkpt>
      <trkpt lat="53.557620" lon="10.755088">
        <ele>30.712031</ele>
        <time>2026-07-23T16:01:00.938Z</time>
      </trkpt>
      <trkpt lat="53.557968" lon="10.754901">
        <ele>30.801551</ele>
        <time>2026-07-23T16:01:13.844Z</time>
      </trkpt>
      <trkpt lat="53.558259" lon="10.754668">
        <ele>30.905669</ele>
        <time>2026-07-23T16:01:24.977Z</time>
      </trkpt>
      <trkpt lat="53.558644" lon="10.754225">
        <ele>31.137762</ele>
        <time>2026-07-23T16:01:41.700Z</time>
      </trkpt>
      <trkpt lat="53.559423" lon="10.753060">
        <ele>32.070203</ele>
        <time>2026-07-23T16:02:21.300Z</time>
      </trkpt>
      <trkpt lat="53.559396" lon="10.752835">
        <ele>32.090002</ele>
        <time>2026-07-23T16:02:25.959Z</time>
      </trkpt>
      <trkpt lat="53.559380" lon="10.752098">
        <ele>32.100000</ele>
        <time>2026-07-23T16:02:40.670Z</time>
      </trkpt>
      <trkpt lat="53.559219" lon="10.751325">
        <ele>32.100000</ele>
        <time>2026-07-23T16:02:56.954Z</time>
      </trkpt>
      <trkpt lat="53.558802" lon="10.749792">
        <ele>32.138195</ele>
        <time>2026-07-23T16:03:30.608Z</time>
      </trkpt>
      <trkpt lat="53.559073" lon="10.749266">
        <ele>32.507081</ele>
        <time>2026-07-23T16:03:46.424Z</time>
      </trkpt>
      <trkpt lat="53.559355" lon="10.748574">
        <ele>33.033383</ele>
        <time>2026-07-23T16:04:05.925Z</time>
      </trkpt>
      <trkpt lat="53.560404" lon="10.746214">
        <ele>33.102687</ele>
        <time>2026-07-23T16:05:04.723Z</time>
      </trkpt>
      <trkpt lat="53.560713" lon="10.745761">
        <ele>34.364118</ele>
        <time>2026-07-23T16:05:18.660Z</time>
      </trkpt>
      <trkpt lat="53.561774" lon="10.745172">
        <ele>37.191785</ele>
        <time>2026-07-23T16:05:53.122Z</time>
      </trkpt>
      <trkpt lat="53.562568" lon="10.744666">
        <ele>37.462743</ele>
        <time>2026-07-23T16:06:10.489Z</time>
      </trkpt>
      <trkpt lat="53.562793" lon="10.744575">
        <ele>37.389119</ele>
        <time>2026-07-23T16:06:14.644Z</time>
      </trkpt>
      <trkpt lat="53.563245" lon="10.744314">
        <ele>37.131454</ele>
        <time>2026-07-23T16:06:23.055Z</time>
      </trkpt>
      <trkpt lat="53.563523" lon="10.744109">
        <ele>37.164844</ele>
        <time>2026-07-23T16:06:29.168Z</time>
      </trkpt>
      <trkpt lat="53.564159" lon="10.743731">
        <ele>38.406549</ele>
        <time>2026-07-23T16:06:47.541Z</time>
      </trkpt>
      <trkpt lat="53.565075" lon="10.742909">
        <ele>40.434914</ele>
        <time>2026-07-23T16:07:17.534Z</time>
      </trkpt>
      <trkpt lat="53.565952" lon="10.741993">
        <ele>39.530709</ele>
        <time>2026-07-23T16:07:34.871Z</time>
      </trkpt>
      <trkpt lat="53.567001" lon="10.741656">
        <ele>38.941224</ele>
        <time>2026-07-23T16:07:53.796Z</time>
      </trkpt>
      <trkpt lat="53.568162" lon="10.741261">
        <ele>39.998453</ele>
        <time>2026-07-23T16:08:21.116Z</time>
      </trkpt>
      <trkpt lat="53.568673" lon="10.741140">
        <ele>41.202243</ele>
        <time>2026-07-23T16:08:36.521Z</time>
      </trkpt>
      <trkpt lat="53.569157" lon="10.740881">
        <ele>42.475969</ele>
        <time>2026-07-23T16:08:52.293Z</time>
      </trkpt>
      <trkpt lat="53.569672" lon="10.740533">
        <ele>43.529333</ele>
        <time>2026-07-23T16:09:07.760Z</time>
      </trkpt>
      <trkpt lat="53.570002" lon="10.740371">
        <ele>43.783385</ele>
        <time>2026-07-23T16:09:15.577Z</time>
      </trkpt>
      <trkpt lat="53.570532" lon="10.740184">
        <ele>43.840396</ele>
        <time>2026-07-23T16:09:26.314Z</time>
      </trkpt>
      <trkpt lat="53.570786" lon="10.740007">
        <ele>43.660651</ele>
        <time>2026-07-23T16:09:30.817Z</time>
      </trkpt>
      <trkpt lat="53.571333" lon="10.739590">
        <ele>43.360948</ele>
        <time>2026-07-23T16:09:41.953Z</time>
      </trkpt>
      <trkpt lat="53.571873" lon="10.739380">
        <ele>42.627346</ele>
        <time>2026-07-23T16:09:50.996Z</time>
      </trkpt>
      <trkpt lat="53.572614" lon="10.739016">
        <ele>40.700252</ele>
        <time>2026-07-23T16:10:02.533Z</time>
      </trkpt>
      <trkpt lat="53.572984" lon="10.738824">
        <ele>39.866773</ele>
        <time>2026-07-23T16:10:08.276Z</time>
      </trkpt>
      <trkpt lat="53.574103" lon="10.738296">
        <ele>40.823265</ele>
        <time>2026-07-23T16:10:35.637Z</time>
      </trkpt>
      <trkpt lat="53.575584" lon="10.737552">
        <ele>43.292124</ele>
        <time>2026-07-23T16:11:16.162Z</time>
      </trkpt>
      <trkpt lat="53.577126" lon="10.736852">
        <ele>45.579632</ele>
        <time>2026-07-23T16:11:57.512Z</time>
      </trkpt>
      <trkpt lat="53.578018" lon="10.736580">
        <ele>46.332159</ele>
        <time>2026-07-23T16:12:18.266Z</time>
      </trkpt>
      <trkpt lat="53.579251" lon="10.736212">
        <ele>45.131497</ele>
        <time>2026-07-23T16:12:39.244Z</time>
      </trkpt>
      <trkpt lat="53.580870" lon="10.735800">
        <ele>46.903685</ele>
        <time>2026-07-23T16:13:19.302Z</time>
      </trkpt>
      <trkpt lat="53.581195" lon="10.735696">
        <ele>46.673316</ele>
        <time>2026-07-23T16:13:24.926Z</time>
      </trkpt>
      <trkpt lat="53.581533" lon="10.735620">
        <ele>46.174212</ele>
        <time>2026-07-23T16:13:30.464Z</time>
      </trkpt>
      <trkpt lat="53.582503" lon="10.735312">
        <ele>44.317081</ele>
        <time>2026-07-23T16:13:45.771Z</time>
      </trkpt>
      <trkpt lat="53.583907" lon="10.734888">
        <ele>44.674506</ele>
        <time>2026-07-23T16:14:15.921Z</time>
      </trkpt>
      <trkpt lat="53.584613" lon="10.734674">
        <ele>43.546231</ele>
        <time>2026-07-23T16:14:27.121Z</time>
      </trkpt>
      <trkpt lat="53.584941" lon="10.734567">
        <ele>43.252881</ele>
        <time>2026-07-23T16:14:32.899Z</time>
      </trkpt>
      <trkpt lat="53.585232" lon="10.734477">
        <ele>43.269953</ele>
        <time>2026-07-23T16:14:38.953Z</time>
      </trkpt>
      <trkpt lat="53.585311" lon="10.734453">
        <ele>43.275549</ele>
        <time>2026-07-23T16:14:40.472Z</time>
      </trkpt>
      <trkpt lat="53.585508" lon="10.734327">
        <ele>43.267912</ele>
        <time>2026-07-23T16:14:44.213Z</time>
      </trkpt>
      <trkpt lat="53.585875" lon="10.734241">
        <ele>43.484002</ele>
        <time>2026-07-23T16:14:57.847Z</time>
      </trkpt>
      <trkpt lat="53.586351" lon="10.734135">
        <ele>43.406016</ele>
        <time>2026-07-23T16:15:06.548Z</time>
      </trkpt>
      <trkpt lat="53.587632" lon="10.733763">
        <ele>42.866728</ele>
        <time>2026-07-23T16:15:30.251Z</time>
      </trkpt>
      <trkpt lat="53.588953" lon="10.733710">
        <ele>40.361540</ele>
        <time>2026-07-23T16:15:50.705Z</time>
      </trkpt>
      <trkpt lat="53.590368" lon="10.733812">
        <ele>38.963992</ele>
        <time>2026-07-23T16:16:14.668Z</time>
      </trkpt>
      <trkpt lat="53.591017" lon="10.733859">
        <ele>39.042099</ele>
        <time>2026-07-23T16:16:27.442Z</time>
      </trkpt>
      <trkpt lat="53.591919" lon="10.733838">
        <ele>39.557746</ele>
        <time>2026-07-23T16:16:47.318Z</time>
      </trkpt>
      <trkpt lat="53.593812" lon="10.733889">
        <ele>40.081002</ele>
        <time>2026-07-23T16:17:25.745Z</time>
      </trkpt>
      <trkpt lat="53.594837" lon="10.733859">
        <ele>42.245143</ele>
        <time>2026-07-23T16:17:55.488Z</time>
      </trkpt>
      <trkpt lat="53.595729" lon="10.733905">
        <ele>43.654809</ele>
        <time>2026-07-23T16:18:18.965Z</time>
      </trkpt>
      <trkpt lat="53.595862" lon="10.733941">
        <ele>43.797809</ele>
        <time>2026-07-23T16:18:21.813Z</time>
      </trkpt>
      <trkpt lat="53.596854" lon="10.733914">
        <ele>44.501648</ele>
        <time>2026-07-23T16:18:44.511Z</time>
      </trkpt>
      <trkpt lat="53.596971" lon="10.733917">
        <ele>44.586134</ele>
        <time>2026-07-23T16:18:47.345Z</time>
      </trkpt>
      <trkpt lat="53.598613" lon="10.733959">
        <ele>45.179068</ele>
        <time>2026-07-23T16:19:22.903Z</time>
      </trkpt>
      <trkpt lat="53.599390" lon="10.733937">
        <ele>43.996075</ele>
        <time>2026-07-23T16:19:35.624Z</time>
      </trkpt>
      <trkpt lat="53.600927" lon="10.733915">
        <ele>43.987443</ele>
        <time>2026-07-23T16:20:06.910Z</time>
      </trkpt>
      <trkpt lat="53.602188" lon="10.733994">
        <ele>43.841445</ele>
        <time>2026-07-23T16:20:31.278Z</time>
      </trkpt>
      <trkpt lat="53.602875" lon="10.734317">
        <ele>44.311042</ele>
        <time>2026-07-23T16:20:48.388Z</time>
      </trkpt>
      <trkpt lat="53.605031" lon="10.735583">
        <ele>43.256554</ele>
        <time>2026-07-23T16:21:31.066Z</time>
      </trkpt>
      <trkpt lat="53.605335" lon="10.735811">
        <ele>42.438768</ele>
        <time>2026-07-23T16:21:36.036Z</time>
      </trkpt>
      <trkpt lat="53.605628" lon="10.736045">
        <ele>41.870132</ele>
        <time>2026-07-23T16:21:41.377Z</time>
      </trkpt>
      <trkpt lat="53.605764" lon="10.736152">
        <ele>41.723901</ele>
        <time>2026-07-23T16:21:43.996Z</time>
      </trkpt>
      <trkpt lat="53.607562" lon="10.736299">
        <ele>41.816846</ele>
        <time>2026-07-23T16:22:20.304Z</time>
      </trkpt>
      <trkpt lat="53.609005" lon="10.736356">
        <ele>42.426647</ele>
        <time>2026-07-23T16:22:52.450Z</time>
      </trkpt>
      <trkpt lat="53.610550" lon="10.736671">
        <ele>40.707830</ele>
        <time>2026-07-23T16:23:19.333Z</time>
      </trkpt>
      <trkpt lat="53.612316" lon="10.736928">
        <ele>38.798226</ele>
        <time>2026-07-23T16:23:49.947Z</time>
      </trkpt>
      <trkpt lat="53.613163" lon="10.736705">
        <ele>39.154797</ele>
        <time>2026-07-23T16:24:08.906Z</time>
      </trkpt>
      <trkpt lat="53.613725" lon="10.736556">
        <ele>40.220275</ele>
        <time>2026-07-23T16:24:24.982Z</time>
      </trkpt>
      <trkpt lat="53.618392" lon="10.734616">
        <ele>51.228916</ele>
        <time>2026-07-23T16:26:50.505Z</time>
      </trkpt>
      <trkpt lat="53.620143" lon="10.733745">
        <ele>50.836814</ele>
        <time>2026-07-23T16:27:25.619Z</time>
      </trkpt>
      <trkpt lat="53.620680" lon="10.733458">
        <ele>49.963871</ele>
        <time>2026-07-23T16:27:34.906Z</time>
      </trkpt>
      <trkpt lat="53.620993" lon="10.733232">
        <ele>49.742472</ele>
        <time>2026-07-23T16:27:41.084Z</time>
      </trkpt>
      <trkpt lat="53.621990" lon="10.732510">
        <ele>50.069164</ele>
        <time>2026-07-23T16:28:04.311Z</time>
      </trkpt>
      <trkpt lat="53.623367" lon="10.731834">
        <ele>49.288302</ele>
        <time>2026-07-23T16:28:30.686Z</time>
      </trkpt>
      <trkpt lat="53.625048" lon="10.731405">
        <ele>50.106093</ele>
        <time>2026-07-23T16:29:08.454Z</time>
      </trkpt>
      <trkpt lat="53.626049" lon="10.731405">
        <ele>50.790976</ele>
        <time>2026-07-23T16:29:31.151Z</time>
      </trkpt>
      <trkpt lat="53.626426" lon="10.731442">
        <ele>50.983646</ele>
        <time>2026-07-23T16:29:39.494Z</time>
      </trkpt>
      <trkpt lat="53.626683" lon="10.731443">
        <ele>51.022286</ele>
        <time>2026-07-23T16:29:44.784Z</time>
      </trkpt>
      <trkpt lat="53.626851" lon="10.731445">
        <ele>51.086012</ele>
        <time>2026-07-23T16:29:48.632Z</time>
      </trkpt>
      <trkpt lat="53.628525" lon="10.731487">
        <ele>51.229426</ele>
        <time>2026-07-23T16:30:22.618Z</time>
      </trkpt>
      <trkpt lat="53.629543" lon="10.731373">
        <ele>50.541147</ele>
        <time>2026-07-23T16:30:40.939Z</time>
      </trkpt>
      <trkpt lat="53.630331" lon="10.731373">
        <ele>50.670611</ele>
        <time>2026-07-23T16:30:57.942Z</time>
      </trkpt>
      <trkpt lat="53.630299" lon="10.732249">
        <ele>50.082194</ele>
        <time>2026-07-23T16:31:13.774Z</time>
      </trkpt>
      <trkpt lat="53.630276" lon="10.732641">
        <ele>49.717208</ele>
        <time>2026-07-23T16:31:20.731Z</time>
      </trkpt>
      <trkpt lat="53.630267" lon="10.732788">
        <ele>49.593724</ele>
        <time>2026-07-23T16:31:23.424Z</time>
      </trkpt>
      <trkpt lat="53.630264" lon="10.732849">
        <ele>49.552347</ele>
        <time>2026-07-23T16:31:24.589Z</time>
      </trkpt>
      <trkpt lat="53.630259" lon="10.732924">
        <ele>49.501327</ele>
        <time>2026-07-23T16:31:26.027Z</time>
      </trkpt>
      <trkpt lat="53.630247" lon="10.733123">
        <ele>49.355142</ele>
        <time>2026-07-23T16:31:29.775Z</time>
      </trkpt>
      <trkpt lat="53.630191" lon="10.734665">
        <ele>47.345872</ele>
        <time>2026-07-23T16:31:56.365Z</time>
      </trkpt>
      <trkpt lat="53.630341" lon="10.735843">
        <ele>44.968487</ele>
        <time>2026-07-23T16:32:15.763Z</time>
      </trkpt>
      <trkpt lat="53.630709" lon="10.736996">
        <ele>43.080885</ele>
        <time>2026-07-23T16:32:38.000Z</time>
      </trkpt>
      <trkpt lat="53.630907" lon="10.737606">
        <ele>42.745277</ele>
        <time>2026-07-23T16:32:50.964Z</time>
      </trkpt>
      <trkpt lat="53.631508" lon="10.739020">
        <ele>42.818397</ele>
        <time>2026-07-23T16:33:26.546Z</time>
      </trkpt>
      <trkpt lat="53.632688" lon="10.741648">
        <ele>43.691064</ele>
        <time>2026-07-23T16:34:36.324Z</time>
      </trkpt>
      <trkpt lat="53.632975" lon="10.742203">
        <ele>43.759491</ele>
        <time>2026-07-23T16:34:51.354Z</time>
      </trkpt>
      <trkpt lat="53.633235" lon="10.742761">
        <ele>43.422928</ele>
        <time>2026-07-23T16:35:04.720Z</time>
      </trkpt>
      <trkpt lat="53.633868" lon="10.743340">
        <ele>41.781785</ele>
        <time>2026-07-23T16:35:25.652Z</time>
      </trkpt>
      <trkpt lat="53.634431" lon="10.743536">
        <ele>38.849990</ele>
        <time>2026-07-23T16:35:40.249Z</time>
      </trkpt>
      <trkpt lat="53.634978" lon="10.743536">
        <ele>36.343649</ele>
        <time>2026-07-23T16:35:54.469Z</time>
      </trkpt>
      <trkpt lat="53.635385" lon="10.743558">
        <ele>35.921738</ele>
        <time>2026-07-23T16:36:01.335Z</time>
      </trkpt>
      <trkpt lat="53.636016" lon="10.743717">
        <ele>36.778225</ele>
        <time>2026-07-23T16:36:17.705Z</time>
      </trkpt>
      <trkpt lat="53.636140" lon="10.743812">
        <ele>37.059028</ele>
        <time>2026-07-23T16:36:24.085Z</time>
      </trkpt>
      <trkpt lat="53.638000" lon="10.745219">
        <ele>41.188991</ele>
        <time>2026-07-23T16:37:51.548Z</time>
      </trkpt>
      <trkpt lat="53.639083" lon="10.745632">
        <ele>43.198913</ele>
        <time>2026-07-23T16:38:37.817Z</time>
      </trkpt>
      <trkpt lat="53.639578" lon="10.745820">
        <ele>43.977285</ele>
        <time>2026-07-23T16:38:58.750Z</time>
      </trkpt>
      <trkpt lat="53.641257" lon="10.746936">
        <ele>44.671540</ele>
        <time>2026-07-23T16:40:02.347Z</time>
      </trkpt>
      <trkpt lat="53.642348" lon="10.747137">
        <ele>44.579575</ele>
        <time>2026-07-23T16:40:39.305Z</time>
      </trkpt>
      <trkpt lat="53.642410" lon="10.745585">
        <ele>42.925323</ele>
        <time>2026-07-23T16:41:06.634Z</time>
      </trkpt>
      <trkpt lat="53.642359" lon="10.743482">
        <ele>39.745498</ele>
        <time>2026-07-23T16:41:41.765Z</time>
      </trkpt>
      <trkpt lat="53.642359" lon="10.742109">
        <ele>41.131459</ele>
        <time>2026-07-23T16:42:15.930Z</time>
      </trkpt>
      <trkpt lat="53.641863" lon="10.736294">
        <ele>49.491293</ele>
        <time>2026-07-23T16:44:50.954Z</time>
      </trkpt>
      <trkpt lat="53.642232" lon="10.736221">
        <ele>50.193830</ele>
        <time>2026-07-23T16:45:06.711Z</time>
      </trkpt>
      <trkpt lat="53.642926" lon="10.735824">
        <ele>50.287703</ele>
        <time>2026-07-23T16:45:29.813Z</time>
      </trkpt>
      <trkpt lat="53.643407" lon="10.735950">
        <ele>50.145757</ele>
        <time>2026-07-23T16:45:44.827Z</time>
      </trkpt>
      <trkpt lat="53.644124" lon="10.736564">
        <ele>50.593043</ele>
        <time>2026-07-23T16:46:12.596Z</time>
      </trkpt>
      <trkpt lat="53.644737" lon="10.736763">
        <ele>50.918212</ele>
        <time>2026-07-23T16:46:33.686Z</time>
      </trkpt>
      <trkpt lat="53.644981" lon="10.736843">
        <ele>51.200729</ele>
        <time>2026-07-23T16:46:42.376Z</time>
      </trkpt>
      <trkpt lat="53.646156" lon="10.737538">
        <ele>54.301171</ele>
        <time>2026-07-23T16:47:37.152Z</time>
      </trkpt>
      <trkpt lat="53.647889" lon="10.737755">
        <ele>55.181260</ele>
        <time>2026-07-23T16:48:35.761Z</time>
      </trkpt>
      <trkpt lat="53.647785" lon="10.737870">
        <ele>55.076443</ele>
        <time>2026-07-23T16:48:39.609Z</time>
      </trkpt>
      <trkpt lat="53.648246" lon="10.738909">
        <ele>54.080246</ele>
        <time>2026-07-23T16:49:02.906Z</time>
      </trkpt>
      <trkpt lat="53.648919" lon="10.740798">
        <ele>51.590904</ele>
        <time>2026-07-23T16:49:41.417Z</time>
      </trkpt>
      <trkpt lat="53.649575" lon="10.741977">
        <ele>49.479151</ele>
        <time>2026-07-23T16:50:09.317Z</time>
      </trkpt>
      <trkpt lat="53.650531" lon="10.743462">
        <ele>42.816436</ele>
        <time>2026-07-23T16:50:42.279Z</time>
      </trkpt>
      <trkpt lat="53.651058" lon="10.742679">
        <ele>44.234842</ele>
        <time>2026-07-23T16:51:14.263Z</time>
      </trkpt>
      <trkpt lat="53.651686" lon="10.741710">
        <ele>45.177500</ele>
        <time>2026-07-23T16:51:47.849Z</time>
      </trkpt>
      <trkpt lat="53.652594" lon="10.741367">
        <ele>44.188277</ele>
        <time>2026-07-23T16:52:16.601Z</time>
      </trkpt>
      <trkpt lat="53.652940" lon="10.741262">
        <ele>42.765246</ele>
        <time>2026-07-23T16:52:21.846Z</time>
      </trkpt>
      <trkpt lat="53.653188" lon="10.741629">
        <ele>40.072544</ele>
        <time>2026-07-23T16:52:25.304Z</time>
      </trkpt>
      <trkpt lat="53.653240" lon="10.741705">
        <ele>39.617315</ele>
        <time>2026-07-23T16:52:26.094Z</time>
      </trkpt>
      <trkpt lat="53.653493" lon="10.741228">
        <ele>39.177640</ele>
        <time>2026-07-23T16:52:33.105Z</time>
      </trkpt>
      <trkpt lat="53.653493" lon="10.739726">
        <ele>38.317624</ele>
        <time>2026-07-23T16:52:48.703Z</time>
      </trkpt>
      <trkpt lat="53.653137" lon="10.738010">
        <ele>37.690902</ele>
        <time>2026-07-23T16:53:08.267Z</time>
      </trkpt>
      <trkpt lat="53.652911" lon="10.737228">
        <ele>37.779212</ele>
        <time>2026-07-23T16:53:20.583Z</time>
      </trkpt>
      <trkpt lat="53.653001" lon="10.737334">
        <ele>37.279806</ele>
        <time>2026-07-23T16:53:22.086Z</time>
      </trkpt>
      <trkpt lat="53.653261" lon="10.737486">
        <ele>35.601285</ele>
        <time>2026-07-23T16:53:25.650Z</time>
      </trkpt>
      <trkpt lat="53.654884" lon="10.738224">
        <ele>31.599758</ele>
        <time>2026-07-23T16:53:52.189Z</time>
      </trkpt>
      <trkpt lat="53.655638" lon="10.738655">
        <ele>32.311549</ele>
        <time>2026-07-23T16:54:12.385Z</time>
      </trkpt>
      <trkpt lat="53.656873" lon="10.739832">
        <ele>29.676896</ele>
        <time>2026-07-23T16:54:35.148Z</time>
      </trkpt>
      <trkpt lat="53.657911" lon="10.740622">
        <ele>32.079522</ele>
        <time>2026-07-23T16:55:09.121Z</time>
      </trkpt>
      <trkpt lat="53.659531" lon="10.741130">
        <ele>34.866209</ele>
        <time>2026-07-23T16:55:54.671Z</time>
      </trkpt>
      <trkpt lat="53.661189" lon="10.741446">
        <ele>36.755201</ele>
        <time>2026-07-23T16:56:36.545Z</time>
      </trkpt>
      <trkpt lat="53.662977" lon="10.741790">
        <ele>37.395569</ele>
        <time>2026-07-23T16:57:14.263Z</time>
      </trkpt>
      <trkpt lat="53.664060" lon="10.741703">
        <ele>39.597069</ele>
        <time>2026-07-23T16:57:46.180Z</time>
      </trkpt>
      <trkpt lat="53.664728" lon="10.741595">
        <ele>40.527239</ele>
        <time>2026-07-23T16:58:05.958Z</time>
      </trkpt>
      <trkpt lat="53.664689" lon="10.741736">
        <ele>40.314435</ele>
        <time>2026-07-23T16:58:08.139Z</time>
      </trkpt>
      <trkpt lat="53.664784" lon="10.742416">
        <ele>37.312757</ele>
        <time>2026-07-23T16:58:17.367Z</time>
      </trkpt>
      <trkpt lat="53.664775" lon="10.742714">
        <ele>36.259829</ele>
        <time>2026-07-23T16:58:21.544Z</time>
      </trkpt>
      <trkpt lat="53.664357" lon="10.743962">
        <ele>32.397861</ele>
        <time>2026-07-23T16:58:42.213Z</time>
      </trkpt>
      <trkpt lat="53.664529" lon="10.745505">
        <ele>30.638958</ele>
        <time>2026-07-23T16:59:08.338Z</time>
      </trkpt>
      <trkpt lat="53.664482" lon="10.745633">
        <ele>30.439258</ele>
        <time>2026-07-23T16:59:10.709Z</time>
      </trkpt>
      <trkpt lat="53.664013" lon="10.746127">
        <ele>28.618649</ele>
        <time>2026-07-23T16:59:24.868Z</time>
      </trkpt>
      <trkpt lat="53.663999" lon="10.746235">
        <ele>28.410455</ele>
        <time>2026-07-23T16:59:26.550Z</time>
      </trkpt>
      <trkpt lat="53.664058" lon="10.746607">
        <ele>27.769027</ele>
        <time>2026-07-23T16:59:32.508Z</time>
      </trkpt>
      <trkpt lat="53.663998" lon="10.746864">
        <ele>27.462005</ele>
        <time>2026-07-23T16:59:37.007Z</time>
      </trkpt>
      <trkpt lat="53.663989" lon="10.747003">
        <ele>27.377251</ele>
        <time>2026-07-23T16:59:39.390Z</time>
      </trkpt>
      <trkpt lat="53.664013" lon="10.747111">
        <ele>27.307337</ele>
        <time>2026-07-23T16:59:41.423Z</time>
      </trkpt>
      <trkpt lat="53.664094" lon="10.747178">
        <ele>27.376645</ele>
        <time>2026-07-23T16:59:44.288Z</time>
      </trkpt>
      <trkpt lat="53.665488" lon="10.747418">
        <ele>28.454016</ele>
        <time>2026-07-23T17:00:34.383Z</time>
      </trkpt>
      <trkpt lat="53.665810" lon="10.747676">
        <ele>28.467271</ele>
        <time>2026-07-23T17:00:45.818Z</time>
      </trkpt>
      <trkpt lat="53.665981" lon="10.748041">
        <ele>28.236107</ele>
        <time>2026-07-23T17:00:53.934Z</time>
      </trkpt>
      <trkpt lat="53.666266" lon="10.748287">
        <ele>27.697628</ele>
        <time>2026-07-23T17:01:02.891Z</time>
      </trkpt>
      <trkpt lat="53.666509" lon="10.749057">
        <ele>26.693227</ele>
        <time>2026-07-23T17:01:17.053Z</time>
      </trkpt>
      <trkpt lat="53.666943" lon="10.750129">
        <ele>25.105125</ele>
        <time>2026-07-23T17:01:38.046Z</time>
      </trkpt>
      <trkpt lat="53.667111" lon="10.750839">
        <ele>24.168294</ele>
        <time>2026-07-23T17:01:50.430Z</time>
      </trkpt>
      <trkpt lat="53.667113" lon="10.751168">
        <ele>23.605818</ele>
        <time>2026-07-23T17:01:55.684Z</time>
      </trkpt>
      <trkpt lat="53.666926" lon="10.752016">
        <ele>21.885349</ele>
        <time>2026-07-23T17:02:09.182Z</time>
      </trkpt>
      <trkpt lat="53.666971" lon="10.752402">
        <ele>21.883037</ele>
        <time>2026-07-23T17:02:14.143Z</time>
      </trkpt>
      <trkpt lat="53.667170" lon="10.753112">
        <ele>21.969517</ele>
        <time>2026-07-23T17:02:22.345Z</time>
      </trkpt>
      <trkpt lat="53.667233" lon="10.753553">
        <ele>21.864499</ele>
        <time>2026-07-23T17:02:26.467Z</time>
      </trkpt>
      <trkpt lat="53.667267" lon="10.753717">
        <ele>21.911974</ele>
        <time>2026-07-23T17:02:28.640Z</time>
      </trkpt>
      <trkpt lat="53.667322" lon="10.753809">
        <ele>21.947684</ele>
        <time>2026-07-23T17:02:30.346Z</time>
      </trkpt>
      <trkpt lat="53.667483" lon="10.753965">
        <ele>21.753303</ele>
        <time>2026-07-23T17:02:33.333Z</time>
      </trkpt>
      <trkpt lat="53.667703" lon="10.754175">
        <ele>21.142317</ele>
        <time>2026-07-23T17:02:36.461Z</time>
      </trkpt>
      <trkpt lat="53.667842" lon="10.754467">
        <ele>21.095163</ele>
        <time>2026-07-23T17:02:40.668Z</time>
      </trkpt>
      <trkpt lat="53.668565" lon="10.757458">
        <ele>21.215921</ele>
        <time>2026-07-23T17:03:14.281Z</time>
      </trkpt>
      <trkpt lat="53.668748" lon="10.758378">
        <ele>20.590626</ele>
        <time>2026-07-23T17:03:22.752Z</time>
      </trkpt>
      <trkpt lat="53.668851" lon="10.758708">
        <ele>19.545445</ele>
        <time>2026-07-23T17:03:25.421Z</time>
      </trkpt>
      <trkpt lat="53.669026" lon="10.759090">
        <ele>17.721130</ele>
        <time>2026-07-23T17:03:28.453Z</time>
      </trkpt>
      <trkpt lat="53.669572" lon="10.760148">
        <ele>19.405482</ele>
        <time>2026-07-23T17:03:52.121Z</time>
      </trkpt>
      <trkpt lat="53.669633" lon="10.760455">
        <ele>20.835211</ele>
        <time>2026-07-23T17:04:02.509Z</time>
      </trkpt>
      <trkpt lat="53.669821" lon="10.760656">
        <ele>22.342498</ele>
        <time>2026-07-23T17:04:15.664Z</time>
      </trkpt>
      <trkpt lat="53.670251" lon="10.760721">
        <ele>22.983242</ele>
        <time>2026-07-23T17:04:25.851Z</time>
      </trkpt>
      <trkpt lat="53.670467" lon="10.760823">
        <ele>22.787373</ele>
        <time>2026-07-23T17:04:29.457Z</time>
      </trkpt>
      <trkpt lat="53.670643" lon="10.760968">
        <ele>22.448394</ele>
        <time>2026-07-23T17:04:32.547Z</time>
      </trkpt>
      <trkpt lat="53.670843" lon="10.761037">
        <ele>21.983515</ele>
        <time>2026-07-23T17:04:35.640Z</time>
      </trkpt>
      <trkpt lat="53.671244" lon="10.761052">
        <ele>20.970173</ele>
        <time>2026-07-23T17:04:41.557Z</time>
      </trkpt>
      <trkpt lat="53.671786" lon="10.761260">
        <ele>20.237337</ele>
        <time>2026-07-23T17:04:50.505Z</time>
      </trkpt>
      <trkpt lat="53.672241" lon="10.761309">
        <ele>20.627006</ele>
        <time>2026-07-23T17:05:02.009Z</time>
      </trkpt>
      <trkpt lat="53.672746" lon="10.761279">
        <ele>20.581575</ele>
        <time>2026-07-23T17:05:11.591Z</time>
      </trkpt>
      <trkpt lat="53.672984" lon="10.761201">
        <ele>20.365852</ele>
        <time>2026-07-23T17:05:15.752Z</time>
      </trkpt>
      <trkpt lat="53.673180" lon="10.761047">
        <ele>20.002898</ele>
        <time>2026-07-23T17:05:19.119Z</time>
      </trkpt>
      <trkpt lat="53.673332" lon="10.760928">
        <ele>19.734530</ele>
        <time>2026-07-23T17:05:21.740Z</time>
      </trkpt>
      <trkpt lat="53.673513" lon="10.760829">
        <ele>19.526278</ele>
        <time>2026-07-23T17:05:24.984Z</time>
      </trkpt>
      <trkpt lat="53.673649" lon="10.760804">
        <ele>19.469547</ele>
        <time>2026-07-23T17:05:27.363Z</time>
      </trkpt>
      <trkpt lat="53.673837" lon="10.760792">
        <ele>19.578670</ele>
        <time>2026-07-23T17:05:31.090Z</time>
      </trkpt>
      <trkpt lat="53.674110" lon="10.760883">
        <ele>20.625101</ele>
        <time>2026-07-23T17:05:40.080Z</time>
      </trkpt>
      <trkpt lat="53.674154" lon="10.760981">
        <ele>21.173749</ele>
        <time>2026-07-23T17:05:43.588Z</time>
      </trkpt>
      <trkpt lat="53.674136" lon="10.761207">
        <ele>22.602194</ele>
        <time>2026-07-23T17:05:53.486Z</time>
      </trkpt>
      <trkpt lat="53.674082" lon="10.761273">
        <ele>23.648487</ele>
        <time>2026-07-23T17:05:59.801Z</time>
      </trkpt>
      <trkpt lat="53.673948" lon="10.761679">
        <ele>27.514529</ele>
        <time>2026-07-23T17:06:26.734Z</time>
      </trkpt>
      <trkpt lat="53.673854" lon="10.762281">
        <ele>29.002525</ele>
        <time>2026-07-23T17:06:38.564Z</time>
      </trkpt>
      <trkpt lat="53.673174" lon="10.771187">
        <ele>31.500819</ele>
        <time>2026-07-23T17:08:34.469Z</time>
      </trkpt>
      <trkpt lat="53.673823" lon="10.771028">
        <ele>31.804757</ele>
        <time>2026-07-23T17:08:47.280Z</time>
      </trkpt>
      <trkpt lat="53.674262" lon="10.770652">
        <ele>32.101961</ele>
        <time>2026-07-23T17:08:56.722Z</time>
      </trkpt>
      <trkpt lat="53.674342" lon="10.770616">
        <ele>32.177410</ele>
        <time>2026-07-23T17:08:58.417Z</time>
      </trkpt>
      <trkpt lat="53.674529" lon="10.770656">
        <ele>32.490194</ele>
        <time>2026-07-23T17:09:03.056Z</time>
      </trkpt>
      <trkpt lat="53.674660" lon="10.770783">
        <ele>32.889675</ele>
        <time>2026-07-23T17:09:07.749Z</time>
      </trkpt>
      <trkpt lat="53.674696" lon="10.770808">
        <ele>32.977539</ele>
        <time>2026-07-23T17:09:08.930Z</time>
      </trkpt>
      <trkpt lat="53.674704" lon="10.770813">
        <ele>32.996795</ele>
        <time>2026-07-23T17:09:09.181Z</time>
      </trkpt>
      <trkpt lat="53.674933" lon="10.770900">
        <ele>33.448908</ele>
        <time>2026-07-23T17:09:15.153Z</time>
      </trkpt>
      <trkpt lat="53.674981" lon="10.770928">
        <ele>33.501982</ele>
        <time>2026-07-23T17:09:16.265Z</time>
      </trkpt>
      <trkpt lat="53.675052" lon="10.770968">
        <ele>33.580207</ele>
        <time>2026-07-23T17:09:17.934Z</time>
      </trkpt>
      <trkpt lat="53.675033" lon="10.771136">
        <ele>33.558147</ele>
        <time>2026-07-23T17:09:19.878Z</time>
      </trkpt>
      <trkpt lat="53.674914" lon="10.771668">
        <ele>33.129749</ele>
        <time>2026-07-23T17:09:25.444Z</time>
      </trkpt>
      <trkpt lat="53.674871" lon="10.771798">
        <ele>33.025671</ele>
        <time>2026-07-23T17:09:26.935Z</time>
      </trkpt>
      <trkpt lat="53.674810" lon="10.771925">
        <ele>32.958442</ele>
        <time>2026-07-23T17:09:28.694Z</time>
      </trkpt>
      <trkpt lat="53.674685" lon="10.772116">
        <ele>32.797285</ele>
        <time>2026-07-23T17:09:34.332Z</time>
      </trkpt>
      <trkpt lat="53.674177" lon="10.772642">
        <ele>32.017966</ele>
        <time>2026-07-23T17:09:52.305Z</time>
      </trkpt>
      <trkpt lat="53.673916" lon="10.772991">
        <ele>31.855965</ele>
        <time>2026-07-23T17:10:02.741Z</time>
      </trkpt>
      <trkpt lat="53.672112" lon="10.776337">
        <ele>33.309060</ele>
        <time>2026-07-23T17:11:39.701Z</time>
      </trkpt>
      <trkpt lat="53.671663" lon="10.778103">
        <ele>35.084255</ele>
        <time>2026-07-23T17:12:27.676Z</time>
      </trkpt>
      <trkpt lat="53.671265" lon="10.778653">
        <ele>34.947881</ele>
        <time>2026-07-23T17:12:43.804Z</time>
      </trkpt>
      <trkpt lat="53.671047" lon="10.779188">
        <ele>34.971730</ele>
        <time>2026-07-23T17:12:57.365Z</time>
      </trkpt>
      <trkpt lat="53.670786" lon="10.779723">
        <ele>34.895838</ele>
        <time>2026-07-23T17:13:10.861Z</time>
      </trkpt>
      <trkpt lat="53.670517" lon="10.780710">
        <ele>34.698557</ele>
        <time>2026-07-23T17:13:32.073Z</time>
      </trkpt>
      <trkpt lat="53.670328" lon="10.781080">
        <ele>34.620629</ele>
        <time>2026-07-23T17:13:41.607Z</time>
      </trkpt>
      <trkpt lat="53.670185" lon="10.781148">
        <ele>34.607381</ele>
        <time>2026-07-23T17:13:46.553Z</time>
      </trkpt>
      <trkpt lat="53.668489" lon="10.781568">
        <ele>34.936346</ele>
        <time>2026-07-23T17:14:45.426Z</time>
      </trkpt>
      <trkpt lat="53.664217" lon="10.787318">
        <ele>39.941235</ele>
        <time>2026-07-23T17:18:12.844Z</time>
      </trkpt>
      <trkpt lat="53.663709" lon="10.790000">
        <ele>38.705163</ele>
        <time>2026-07-23T17:19:05.337Z</time>
      </trkpt>
      <trkpt lat="53.664039" lon="10.792811">
        <ele>38.976876</ele>
        <time>2026-07-23T17:20:04.147Z</time>
      </trkpt>
      <trkpt lat="53.664283" lon="10.793995">
        <ele>38.671218</ele>
        <time>2026-07-23T17:20:28.275Z</time>
      </trkpt>
      <trkpt lat="53.664539" lon="10.795238">
        <ele>39.049037</ele>
        <time>2026-07-23T17:20:56.165Z</time>
      </trkpt>
      <trkpt lat="53.664738" lon="10.796343">
        <ele>40.084988</ele>
        <time>2026-07-23T17:21:22.690Z</time>
      </trkpt>
      <trkpt lat="53.664949" lon="10.796148">
        <ele>40.536873</ele>
        <time>2026-07-23T17:21:28.239Z</time>
      </trkpt>
      <trkpt lat="53.665179" lon="10.796964">
        <ele>42.988584</ele>
        <time>2026-07-23T17:21:50.825Z</time>
      </trkpt>
      <trkpt lat="53.665421" lon="10.799346">
        <ele>47.843042</ele>
        <time>2026-07-23T17:22:40.083Z</time>
      </trkpt>
      <trkpt lat="53.665726" lon="10.801363">
        <ele>50.700260</ele>
        <time>2026-07-23T17:23:16.336Z</time>
      </trkpt>
      <trkpt lat="53.665650" lon="10.801942">
        <ele>51.493363</ele>
        <time>2026-07-23T17:23:26.562Z</time>
      </trkpt>
      <trkpt lat="53.665732" lon="10.803035">
        <ele>52.879637</ele>
        <time>2026-07-23T17:23:45.074Z</time>
      </trkpt>
      <trkpt lat="53.665791" lon="10.803403">
        <ele>53.303743</ele>
        <time>2026-07-23T17:23:51.270Z</time>
      </trkpt>
      <trkpt lat="53.665762" lon="10.803766">
        <ele>53.711845</ele>
        <time>2026-07-23T17:23:57.255Z</time>
      </trkpt>
      <trkpt lat="53.665675" lon="10.804236">
        <ele>54.245377</ele>
        <time>2026-07-23T17:24:05.573Z</time>
      </trkpt>
      <trkpt lat="53.665448" lon="10.804598">
        <ele>54.506017</ele>
        <time>2026-07-23T17:24:12.616Z</time>
      </trkpt>
      <trkpt lat="53.664950" lon="10.805354">
        <ele>55.003893</ele>
        <time>2026-07-23T17:24:27.862Z</time>
      </trkpt>
      <trkpt lat="53.664556" lon="10.806642">
        <ele>55.679804</ele>
        <time>2026-07-23T17:24:47.319Z</time>
      </trkpt>
      <trkpt lat="53.664404" lon="10.807414">
        <ele>55.733990</ele>
        <time>2026-07-23T17:24:57.044Z</time>
      </trkpt>
      <trkpt lat="53.663399" lon="10.808723">
        <ele>54.475147</ele>
        <time>2026-07-23T17:25:18.333Z</time>
      </trkpt>
      <trkpt lat="53.664222" lon="10.811931">
        <ele>51.151663</ele>
        <time>2026-07-23T17:25:51.354Z</time>
      </trkpt>
      <trkpt lat="53.663798" lon="10.813720">
        <ele>50.901520</ele>
        <time>2026-07-23T17:26:12.646Z</time>
      </trkpt>
      <trkpt lat="53.663564" lon="10.814860">
        <ele>50.806433</ele>
        <time>2026-07-23T17:26:26.168Z</time>
      </trkpt>
      <trkpt lat="53.663553" lon="10.815037">
        <ele>50.800328</ele>
        <time>2026-07-23T17:26:28.116Z</time>
      </trkpt>
      <trkpt lat="53.663572" lon="10.815230">
        <ele>50.774477</ele>
        <time>2026-07-23T17:26:30.270Z</time>
      </trkpt>
      <trkpt lat="53.663435" lon="10.815416">
        <ele>50.720314</ele>
        <time>2026-07-23T17:26:33.212Z</time>
      </trkpt>
      <trkpt lat="53.663207" lon="10.815723">
        <ele>50.751375</ele>
        <time>2026-07-23T17:26:37.998Z</time>
      </trkpt>
      <trkpt lat="53.663329" lon="10.815998">
        <ele>50.859938</ele>
        <time>2026-07-23T17:26:42.872Z</time>
      </trkpt>
      <trkpt lat="53.663369" lon="10.816102">
        <ele>50.892575</ele>
        <time>2026-07-23T17:26:44.616Z</time>
      </trkpt>
      <trkpt lat="53.663379" lon="10.816130">
        <ele>50.901180</ele>
        <time>2026-07-23T17:26:45.060Z</time>
      </trkpt>
      <trkpt lat="53.663863" lon="10.817464">
        <ele>51.290521</ele>
        <time>2026-07-23T17:27:04.973Z</time>
      </trkpt>
      <trkpt lat="53.664060" lon="10.818210">
        <ele>51.405860</ele>
        <time>2026-07-23T17:27:14.997Z</time>
      </trkpt>
      <trkpt lat="53.664200" lon="10.818556">
        <ele>51.527905</ele>
        <time>2026-07-23T17:27:20.579Z</time>
      </trkpt>
      <trkpt lat="53.664301" lon="10.818904">
        <ele>51.699587</ele>
        <time>2026-07-23T17:27:26.359Z</time>
      </trkpt>
      <trkpt lat="53.664497" lon="10.819771">
        <ele>51.110036</ele>
        <time>2026-07-23T17:27:35.824Z</time>
      </trkpt>
      <trkpt lat="53.664743" lon="10.820599">
        <ele>50.539918</ele>
        <time>2026-07-23T17:27:45.301Z</time>
      </trkpt>
      <trkpt lat="53.664808" lon="10.821171">
        <ele>50.805573</ele>
        <time>2026-07-23T17:27:52.488Z</time>
      </trkpt>
      <trkpt lat="53.664892" lon="10.821528">
        <ele>51.595226</ele>
        <time>2026-07-23T17:28:01.421Z</time>
      </trkpt>
      <trkpt lat="53.665130" lon="10.822157">
        <ele>53.877886</ele>
        <time>2026-07-23T17:28:21.285Z</time>
      </trkpt>
      <trkpt lat="53.665175" lon="10.822411">
        <ele>54.434178</ele>
        <time>2026-07-23T17:28:27.080Z</time>
      </trkpt>
      <trkpt lat="53.665112" lon="10.822788">
        <ele>54.772083</ele>
        <time>2026-07-23T17:28:31.841Z</time>
      </trkpt>
      <trkpt lat="53.665090" lon="10.822938">
        <ele>55.039558</ele>
        <time>2026-07-23T17:28:34.526Z</time>
      </trkpt>
      <trkpt lat="53.665215" lon="10.824758">
        <ele>60.997278</ele>
        <time>2026-07-23T17:29:24.425Z</time>
      </trkpt>
      <trkpt lat="53.665269" lon="10.825032">
        <ele>61.696959</ele>
        <time>2026-07-23T17:29:30.894Z</time>
      </trkpt>
      <trkpt lat="53.665380" lon="10.825255">
        <ele>62.109908</ele>
        <time>2026-07-23T17:29:36.174Z</time>
      </trkpt>
      <trkpt lat="53.667171" lon="10.826869">
        <ele>60.453175</ele>
        <time>2026-07-23T17:30:12.202Z</time>
      </trkpt>
      <trkpt lat="53.669673" lon="10.828809">
        <ele>62.657260</ele>
        <time>2026-07-23T17:31:16.995Z</time>
      </trkpt>
      <trkpt lat="53.670363" lon="10.830023">
        <ele>64.215032</ele>
        <time>2026-07-23T17:31:43.638Z</time>
      </trkpt>
      <trkpt lat="53.670564" lon="10.831111">
        <ele>64.196764</ele>
        <time>2026-07-23T17:31:56.745Z</time>
      </trkpt>
      <trkpt lat="53.671355" lon="10.832849">
        <ele>61.586710</ele>
        <time>2026-07-23T17:32:16.728Z</time>
      </trkpt>
      <trkpt lat="53.671553" lon="10.833131">
        <ele>61.043050</ele>
        <time>2026-07-23T17:32:20.650Z</time>
      </trkpt>
      <trkpt lat="53.671966" lon="10.833490">
        <ele>60.300097</ele>
        <time>2026-07-23T17:32:34.639Z</time>
      </trkpt>
      <trkpt lat="53.672155" lon="10.833597">
        <ele>60.007581</ele>
        <time>2026-07-23T17:32:40.667Z</time>
      </trkpt>
      <trkpt lat="53.672374" lon="10.833622">
        <ele>59.666419</ele>
        <time>2026-07-23T17:32:47.256Z</time>
      </trkpt>
      <trkpt lat="53.673285" lon="10.833548">
        <ele>57.910309</ele>
        <time>2026-07-23T17:33:14.087Z</time>
      </trkpt>
      <trkpt lat="53.673900" lon="10.833639">
        <ele>56.898448</ele>
        <time>2026-07-23T17:33:32.260Z</time>
      </trkpt>
      <trkpt lat="53.676884" lon="10.834437">
        <ele>55.042160</ele>
        <time>2026-07-23T17:35:09.363Z</time>
      </trkpt>
      <trkpt lat="53.677149" lon="10.834474">
        <ele>55.082267</ele>
        <time>2026-07-23T17:35:18.634Z</time>
      </trkpt>
      <trkpt lat="53.677559" lon="10.834432">
        <ele>54.985048</ele>
        <time>2026-07-23T17:35:32.219Z</time>
      </trkpt>
      <trkpt lat="53.678225" lon="10.834603">
        <ele>54.683680</ele>
        <time>2026-07-23T17:35:53.739Z</time>
      </trkpt>
      <trkpt lat="53.678939" lon="10.834920">
        <ele>55.550749</ele>
        <time>2026-07-23T17:36:23.041Z</time>
      </trkpt>
      <trkpt lat="53.679366" lon="10.835206">
        <ele>55.562106</ele>
        <time>2026-07-23T17:36:38.462Z</time>
      </trkpt>
      <trkpt lat="53.679786" lon="10.835206">
        <ele>55.197822</ele>
        <time>2026-07-23T17:36:51.669Z</time>
      </trkpt>
      <trkpt lat="53.680364" lon="10.835349">
        <ele>54.640805</ele>
        <time>2026-07-23T17:37:09.942Z</time>
      </trkpt>
      <trkpt lat="53.680684" lon="10.835634">
        <ele>54.540445</ele>
        <time>2026-07-23T17:37:21.804Z</time>
      </trkpt>
      <trkpt lat="53.681453" lon="10.836921">
        <ele>55.035627</ele>
        <time>2026-07-23T17:38:00.358Z</time>
      </trkpt>
      <trkpt lat="53.681750" lon="10.837592">
        <ele>55.824449</ele>
        <time>2026-07-23T17:38:20.717Z</time>
      </trkpt>
      <trkpt lat="53.682708" lon="10.839817">
        <ele>58.772238</ele>
        <time>2026-07-23T17:39:30.622Z</time>
      </trkpt>
      <trkpt lat="53.683364" lon="10.841594">
        <ele>57.517123</ele>
        <time>2026-07-23T17:40:08.360Z</time>
      </trkpt>
      <trkpt lat="53.683987" lon="10.844346">
        <ele>56.127864</ele>
        <time>2026-07-23T17:41:03.942Z</time>
      </trkpt>
      <trkpt lat="53.684399" lon="10.844829">
        <ele>54.210464</ele>
        <time>2026-07-23T17:41:10.790Z</time>
      </trkpt>
      <trkpt lat="53.684579" lon="10.844946">
        <ele>54.184315</ele>
        <time>2026-07-23T17:41:14.257Z</time>
      </trkpt>
      <trkpt lat="53.684742" lon="10.844935">
        <ele>54.789817</ele>
        <time>2026-07-23T17:41:20.283Z</time>
      </trkpt>
      <trkpt lat="53.684894" lon="10.844777">
        <ele>55.576656</ele>
        <time>2026-07-23T17:41:29.179Z</time>
      </trkpt>
      <trkpt lat="53.685700" lon="10.843868">
        <ele>59.284775</ele>
        <time>2026-07-23T17:42:04.077Z</time>
      </trkpt>
      <trkpt lat="53.685941" lon="10.843695">
        <ele>59.304020</ele>
        <time>2026-07-23T17:42:09.049Z</time>
      </trkpt>
      <trkpt lat="53.686546" lon="10.843386">
        <ele>57.595539</ele>
        <time>2026-07-23T17:42:18.336Z</time>
      </trkpt>
      <trkpt lat="53.686669" lon="10.843392">
        <ele>57.165423</ele>
        <time>2026-07-23T17:42:20.003Z</time>
      </trkpt>
      <trkpt lat="53.687002" lon="10.843353">
        <ele>56.148867</ele>
        <time>2026-07-23T17:42:28.618Z</time>
      </trkpt>
      <trkpt lat="53.692707" lon="10.842697">
        <ele>53.823605</ele>
        <time>2026-07-23T17:44:10.634Z</time>
      </trkpt>
      <trkpt lat="53.692799" lon="10.842684">
        <ele>53.631730</ele>
        <time>2026-07-23T17:44:12.067Z</time>
      </trkpt>
      <trkpt lat="53.695391" lon="10.842338">
        <ele>46.696570</ele>
        <time>2026-07-23T17:44:49.635Z</time>
      </trkpt>
      <trkpt lat="53.700217" lon="10.841719">
        <ele>45.029969</ele>
        <time>2026-07-23T17:46:16.514Z</time>
      </trkpt>
      <trkpt lat="53.700255" lon="10.841689">
        <ele>45.025026</ele>
        <time>2026-07-23T17:46:17.394Z</time>
      </trkpt>
      <trkpt lat="53.700611" lon="10.840993">
        <ele>45.192085</ele>
        <time>2026-07-23T17:46:28.726Z</time>
      </trkpt>
      <trkpt lat="53.700943" lon="10.840344">
        <ele>45.158060</ele>
        <time>2026-07-23T17:46:38.567Z</time>
      </trkpt>
      <trkpt lat="53.701077" lon="10.840184">
        <ele>44.971784</ele>
        <time>2026-07-23T17:46:40.933Z</time>
      </trkpt>
      <trkpt lat="53.701276" lon="10.840136">
        <ele>44.766489</ele>
        <time>2026-07-23T17:46:44.299Z</time>
      </trkpt>
      <trkpt lat="53.702428" lon="10.839893">
        <ele>45.518315</ele>
        <time>2026-07-23T17:47:09.347Z</time>
      </trkpt>
      <trkpt lat="53.704694" lon="10.838807">
        <ele>50.901701</ele>
        <time>2026-07-23T17:48:19.138Z</time>
      </trkpt>
      <trkpt lat="53.705013" lon="10.838551">
        <ele>51.034034</ele>
        <time>2026-07-23T17:48:26.342Z</time>
      </trkpt>
      <trkpt lat="53.705137" lon="10.838399">
        <ele>50.942704</ele>
        <time>2026-07-23T17:48:28.854Z</time>
      </trkpt>
      <trkpt lat="53.705664" lon="10.837468">
        <ele>48.992350</ele>
        <time>2026-07-23T17:48:39.967Z</time>
      </trkpt>
      <trkpt lat="53.706811" lon="10.835442">
        <ele>44.485182</ele>
        <time>2026-07-23T17:49:04.035Z</time>
      </trkpt>
      <trkpt lat="53.707389" lon="10.834302">
        <ele>41.779774</ele>
        <time>2026-07-23T17:49:16.693Z</time>
      </trkpt>
      <trkpt lat="53.708376" lon="10.832794">
        <ele>37.347907</ele>
        <time>2026-07-23T17:49:35.165Z</time>
      </trkpt>
      <trkpt lat="53.708442" lon="10.832692">
        <ele>37.158635</ele>
        <time>2026-07-23T17:49:36.643Z</time>
      </trkpt>
      <trkpt lat="53.708596" lon="10.832852">
        <ele>37.187041</ele>
        <time>2026-07-23T17:49:40.394Z</time>
      </trkpt>
      <trkpt lat="53.708739" lon="10.833105">
        <ele>37.179703</ele>
        <time>2026-07-23T17:49:43.898Z</time>
      </trkpt>
      <trkpt lat="53.708821" lon="10.833498">
        <ele>37.005212</ele>
        <time>2026-07-23T17:49:47.773Z</time>
      </trkpt>
      <trkpt lat="53.708948" lon="10.834543">
        <ele>35.477744</ele>
        <time>2026-07-23T17:49:55.893Z</time>
      </trkpt>
      <trkpt lat="53.709081" lon="10.834378">
        <ele>35.438994</ele>
        <time>2026-07-23T17:50:01.828Z</time>
      </trkpt>
      <trkpt lat="53.709378" lon="10.833866">
        <ele>35.591119</ele>
        <time>2026-07-23T17:50:18.201Z</time>
      </trkpt>
      <trkpt lat="53.709847" lon="10.833044">
        <ele>33.406804</ele>
        <time>2026-07-23T17:50:36.406Z</time>
      </trkpt>
      <trkpt lat="53.709965" lon="10.832719">
        <ele>32.957959</ele>
        <time>2026-07-23T17:50:43.047Z</time>
      </trkpt>
      <trkpt lat="53.710088" lon="10.832230">
        <ele>32.775083</ele>
        <time>2026-07-23T17:50:53.254Z</time>
      </trkpt>
      <trkpt lat="53.710303" lon="10.831546">
        <ele>33.058592</ele>
        <time>2026-07-23T17:51:10.446Z</time>
      </trkpt>
      <trkpt lat="53.710659" lon="10.829479">
        <ele>33.110818</ele>
        <time>2026-07-23T17:51:53.362Z</time>
      </trkpt>
      <trkpt lat="53.710705" lon="10.828211">
        <ele>33.219161</ele>
        <time>2026-07-23T17:52:18.997Z</time>
      </trkpt>
      <trkpt lat="53.710554" lon="10.826993">
        <ele>33.591570</ele>
        <time>2026-07-23T17:52:45.898Z</time>
      </trkpt>
      <trkpt lat="53.710533" lon="10.826375">
        <ele>33.640123</ele>
        <time>2026-07-23T17:52:58.533Z</time>
      </trkpt>
      <trkpt lat="53.710812" lon="10.825112">
        <ele>33.013153</ele>
        <time>2026-07-23T17:53:23.508Z</time>
      </trkpt>
      <trkpt lat="53.711112" lon="10.824149">
        <ele>32.634993</ele>
        <time>2026-07-23T17:53:44.170Z</time>
      </trkpt>
      <trkpt lat="53.711484" lon="10.823535">
        <ele>32.786517</ele>
        <time>2026-07-23T17:54:02.501Z</time>
      </trkpt>
      <trkpt lat="53.711884" lon="10.823010">
        <ele>32.854153</ele>
        <time>2026-07-23T17:54:20.421Z</time>
      </trkpt>
      <trkpt lat="53.713473" lon="10.821113">
        <ele>31.617080</ele>
        <time>2026-07-23T17:55:22.359Z</time>
      </trkpt>
      <trkpt lat="53.713943" lon="10.820759">
        <ele>31.387454</ele>
        <time>2026-07-23T17:55:39.203Z</time>
      </trkpt>
      <trkpt lat="53.714600" lon="10.819957">
        <ele>30.884849</ele>
        <time>2026-07-23T17:56:05.183Z</time>
      </trkpt>
      <trkpt lat="53.715139" lon="10.819352">
        <ele>30.327352</ele>
        <time>2026-07-23T17:56:25.486Z</time>
      </trkpt>
      <trkpt lat="53.715733" lon="10.818918">
        <ele>30.227600</ele>
        <time>2026-07-23T17:56:46.833Z</time>
      </trkpt>
      <trkpt lat="53.715846" lon="10.818770">
        <ele>30.323891</ele>
        <time>2026-07-23T17:56:51.968Z</time>
      </trkpt>
      <trkpt lat="53.716263" lon="10.818023">
        <ele>30.896251</ele>
        <time>2026-07-23T17:57:15.568Z</time>
      </trkpt>
      <trkpt lat="53.716363" lon="10.817704">
        <ele>31.074373</ele>
        <time>2026-07-23T17:57:23.682Z</time>
      </trkpt>
      <trkpt lat="53.716248" lon="10.817318">
        <ele>31.178946</ele>
        <time>2026-07-23T17:57:32.466Z</time>
      </trkpt>
      <trkpt lat="53.716136" lon="10.816687">
        <ele>31.192706</ele>
        <time>2026-07-23T17:57:45.521Z</time>
      </trkpt>
      <trkpt lat="53.716036" lon="10.815786">
        <ele>31.099898</ele>
        <time>2026-07-23T17:58:03.622Z</time>
      </trkpt>
      <trkpt lat="53.716225" lon="10.812169">
        <ele>30.725485</ele>
        <time>2026-07-23T17:59:14.764Z</time>
      </trkpt>
      <trkpt lat="53.716219" lon="10.811549">
        <ele>30.913338</ele>
        <time>2026-07-23T17:59:28.014Z</time>
      </trkpt>
      <trkpt lat="53.716144" lon="10.810939">
        <ele>31.402487</ele>
        <time>2026-07-23T17:59:42.043Z</time>
      </trkpt>
      <trkpt lat="53.716166" lon="10.810795">
        <ele>31.691754</ele>
        <time>2026-07-23T17:59:46.443Z</time>
      </trkpt>
      <trkpt lat="53.716192" lon="10.810724">
        <ele>31.854152</ele>
        <time>2026-07-23T17:59:49.268Z</time>
      </trkpt>
      <trkpt lat="53.716345" lon="10.810398">
        <ele>33.364973</ele>
        <time>2026-07-23T18:00:04.785Z</time>
      </trkpt>
      <trkpt lat="53.716447" lon="10.809933">
        <ele>34.796602</ele>
        <time>2026-07-23T18:00:17.153Z</time>
      </trkpt>
      <trkpt lat="53.716449" lon="10.809672">
        <ele>35.239373</ele>
        <time>2026-07-23T18:00:21.125Z</time>
      </trkpt>
      <trkpt lat="53.716421" lon="10.809589">
        <ele>35.267624</ele>
        <time>2026-07-23T18:00:22.043Z</time>
      </trkpt>
      <trkpt lat="53.716362" lon="10.809513">
        <ele>35.304695</ele>
        <time>2026-07-23T18:00:23.211Z</time>
      </trkpt>
      <trkpt lat="53.716330" lon="10.809456">
        <ele>35.327929</ele>
        <time>2026-07-23T18:00:24.081Z</time>
      </trkpt>
      <trkpt lat="53.716286" lon="10.809281">
        <ele>35.464270</ele>
        <time>2026-07-23T18:00:26.721Z</time>
      </trkpt>
      <trkpt lat="53.716475" lon="10.808456">
        <ele>36.210705</ele>
        <time>2026-07-23T18:00:39.452Z</time>
      </trkpt>
      <trkpt lat="53.716534" lon="10.807906">
        <ele>36.116077</ele>
        <time>2026-07-23T18:00:45.241Z</time>
      </trkpt>
      <trkpt lat="53.716539" lon="10.807843">
        <ele>35.960986</ele>
        <time>2026-07-23T18:00:45.713Z</time>
      </trkpt>
      <trkpt lat="53.716544" lon="10.807791">
        <ele>35.832447</ele>
        <time>2026-07-23T18:00:46.083Z</time>
      </trkpt>
      <trkpt lat="53.716566" lon="10.807391">
        <ele>34.987285</ele>
        <time>2026-07-23T18:00:48.790Z</time>
      </trkpt>
      <trkpt lat="53.716629" lon="10.805975">
        <ele>34.383068</ele>
        <time>2026-07-23T18:01:02.567Z</time>
      </trkpt>
      <trkpt lat="53.716679" lon="10.804968">
        <ele>34.024314</ele>
        <time>2026-07-23T18:01:11.818Z</time>
      </trkpt>
      <trkpt lat="53.716726" lon="10.804656">
        <ele>33.979235</ele>
        <time>2026-07-23T18:01:14.867Z</time>
      </trkpt>
      <trkpt lat="53.716878" lon="10.804032">
        <ele>33.940580</ele>
        <time>2026-07-23T18:01:21.348Z</time>
      </trkpt>
      <trkpt lat="53.717121" lon="10.804127">
        <ele>34.143316</ele>
        <time>2026-07-23T18:01:27.636Z</time>
      </trkpt>
      <trkpt lat="53.717335" lon="10.804172">
        <ele>34.119723</ele>
        <time>2026-07-23T18:01:30.886Z</time>
      </trkpt>
      <trkpt lat="53.717524" lon="10.804204">
        <ele>34.029481</ele>
        <time>2026-07-23T18:01:33.941Z</time>
      </trkpt>
      <trkpt lat="53.717832" lon="10.804253">
        <ele>34.022379</ele>
        <time>2026-07-23T18:01:39.216Z</time>
      </trkpt>
      <trkpt lat="53.717879" lon="10.804260">
        <ele>34.031940</ele>
        <time>2026-07-23T18:01:40.056Z</time>
      </trkpt>
      <trkpt lat="53.717971" lon="10.804276">
        <ele>34.109222</ele>
        <time>2026-07-23T18:01:41.844Z</time>
      </trkpt>
      <trkpt lat="53.718297" lon="10.804366">
        <ele>34.336355</ele>
        <time>2026-07-23T18:01:48.815Z</time>
      </trkpt>
      <trkpt lat="53.719082" lon="10.804755">
        <ele>33.759255</ele>
        <time>2026-07-23T18:02:01.333Z</time>
      </trkpt>
      <trkpt lat="53.719538" lon="10.805057">
        <ele>33.800344</ele>
        <time>2026-07-23T18:02:09.845Z</time>
      </trkpt>
      <trkpt lat="53.719963" lon="10.805410">
        <ele>33.891114</ele>
        <time>2026-07-23T18:02:18.628Z</time>
      </trkpt>
      <trkpt lat="53.720850" lon="10.805933">
        <ele>33.900000</ele>
        <time>2026-07-23T18:02:34.861Z</time>
      </trkpt>
      <trkpt lat="53.721272" lon="10.806236">
        <ele>33.909044</ele>
        <time>2026-07-23T18:02:42.564Z</time>
      </trkpt>
      <trkpt lat="53.721570" lon="10.806555">
        <ele>34.013484</ele>
        <time>2026-07-23T18:02:48.848Z</time>
      </trkpt>
      <trkpt lat="53.721715" lon="10.806758">
        <ele>34.134217</ele>
        <time>2026-07-23T18:02:52.493Z</time>
      </trkpt>
      <trkpt lat="53.722045" lon="10.807437">
        <ele>34.605350</ele>
        <time>2026-07-23T18:03:03.647Z</time>
      </trkpt>
      <trkpt lat="53.722182" lon="10.807649">
        <ele>34.798717</ele>
        <time>2026-07-23T18:03:07.833Z</time>
      </trkpt>
      <trkpt lat="53.722341" lon="10.807823">
        <ele>34.906010</ele>
        <time>2026-07-23T18:03:12.023Z</time>
      </trkpt>
      <trkpt lat="53.722640" lon="10.807982">
        <ele>34.696512</ele>
        <time>2026-07-23T18:03:16.866Z</time>
      </trkpt>
      <trkpt lat="53.722925" lon="10.808079">
        <ele>33.943004</ele>
        <time>2026-07-23T18:03:20.547Z</time>
      </trkpt>
      <trkpt lat="53.723052" lon="10.808090">
        <ele>33.695601</ele>
        <time>2026-07-23T18:03:22.296Z</time>
      </trkpt>
      <trkpt lat="53.723486" lon="10.807987">
        <ele>33.361744</ele>
        <time>2026-07-23T18:03:28.941Z</time>
      </trkpt>
      <trkpt lat="53.723888" lon="10.807758">
        <ele>33.539873</ele>
        <time>2026-07-23T18:03:37.405Z</time>
      </trkpt>
      <trkpt lat="53.724427" lon="10.807343">
        <ele>34.184332</ele>
        <time>2026-07-23T18:03:50.460Z</time>
      </trkpt>
      <trkpt lat="53.725339" lon="10.806882">
        <ele>34.989521</ele>
        <time>2026-07-23T18:04:10.620Z</time>
      </trkpt>
      <trkpt lat="53.725801" lon="10.806823">
        <ele>35.180912</ele>
        <time>2026-07-23T18:04:19.684Z</time>
      </trkpt>
      <trkpt lat="53.727614" lon="10.806188">
        <ele>34.237329</ele>
        <time>2026-07-23T18:04:48.728Z</time>
      </trkpt>
      <trkpt lat="53.728338" lon="10.805998">
        <ele>34.340112</ele>
        <time>2026-07-23T18:05:01.547Z</time>
      </trkpt>
      <trkpt lat="53.728631" lon="10.805963">
        <ele>34.736454</ele>
        <time>2026-07-23T18:05:08.203Z</time>
      </trkpt>
      <trkpt lat="53.729048" lon="10.806080">
        <ele>35.517119</ele>
        <time>2026-07-23T18:05:19.496Z</time>
      </trkpt>
      <trkpt lat="53.729372" lon="10.806121">
        <ele>35.590519</ele>
        <time>2026-07-23T18:05:25.247Z</time>
      </trkpt>
      <trkpt lat="53.729951" lon="10.806006">
        <ele>35.395502</ele>
        <time>2026-07-23T18:05:34.887Z</time>
      </trkpt>
      <trkpt lat="53.730146" lon="10.806072">
        <ele>34.947970</ele>
        <time>2026-07-23T18:05:37.446Z</time>
      </trkpt>
      <trkpt lat="53.730250" lon="10.806168">
        <ele>34.514454</ele>
        <time>2026-07-23T18:05:38.898Z</time>
      </trkpt>
      <trkpt lat="53.730350" lon="10.806340">
        <ele>34.004380</ele>
        <time>2026-07-23T18:05:40.639Z</time>
      </trkpt>
      <trkpt lat="53.730443" lon="10.806577">
        <ele>33.430037</ele>
        <time>2026-07-23T18:05:42.733Z</time>
      </trkpt>
      <trkpt lat="53.730601" lon="10.807241">
        <ele>32.433835</ele>
        <time>2026-07-23T18:05:48.243Z</time>
      </trkpt>
      <trkpt lat="53.731735" lon="10.806985">
        <ele>33.076580</ele>
        <time>2026-07-23T18:06:11.607Z</time>
      </trkpt>
      <trkpt lat="53.732005" lon="10.807058">
        <ele>33.066442</ele>
        <time>2026-07-23T18:06:16.184Z</time>
      </trkpt>
      <trkpt lat="53.732227" lon="10.807166">
        <ele>32.936863</ele>
        <time>2026-07-23T18:06:19.797Z</time>
      </trkpt>
      <trkpt lat="53.732489" lon="10.807505">
        <ele>32.927253</ele>
        <time>2026-07-23T18:06:25.476Z</time>
      </trkpt>
      <trkpt lat="53.732673" lon="10.807610">
        <ele>33.038905</ele>
        <time>2026-07-23T18:06:29.249Z</time>
      </trkpt>
      <trkpt lat="53.732739" lon="10.807584">
        <ele>33.096028</ele>
        <time>2026-07-23T18:06:30.584Z</time>
      </trkpt>
      <trkpt lat="53.732833" lon="10.807482">
        <ele>33.197031</ele>
        <time>2026-07-23T18:06:32.839Z</time>
      </trkpt>
      <trkpt lat="53.733235" lon="10.806884">
        <ele>33.704222</ele>
        <time>2026-07-23T18:06:44.225Z</time>
      </trkpt>
      <trkpt lat="53.733420" lon="10.806771">
        <ele>33.898270</ele>
        <time>2026-07-23T18:06:48.477Z</time>
      </trkpt>
      <trkpt lat="53.733524" lon="10.806779">
        <ele>34.002697</ele>
        <time>2026-07-23T18:06:50.740Z</time>
      </trkpt>
      <trkpt lat="53.734252" lon="10.807165">
        <ele>34.850368</ele>
        <time>2026-07-23T18:07:07.723Z</time>
      </trkpt>
      <trkpt lat="53.734453" lon="10.807195">
        <ele>35.147034</ele>
        <time>2026-07-23T18:07:12.618Z</time>
      </trkpt>
      <trkpt lat="53.735196" lon="10.807002">
        <ele>36.109252</ele>
        <time>2026-07-23T18:07:29.611Z</time>
      </trkpt>
      <trkpt lat="53.736039" lon="10.806618">
        <ele>37.362157</ele>
        <time>2026-07-23T18:07:50.148Z</time>
      </trkpt>
      <trkpt lat="53.736258" lon="10.806447">
        <ele>37.922670</ele>
        <time>2026-07-23T18:07:57.101Z</time>
      </trkpt>
      <trkpt lat="53.736603" lon="10.806063">
        <ele>39.034028</ele>
        <time>2026-07-23T18:08:09.446Z</time>
      </trkpt>
      <trkpt lat="53.737230" lon="10.805247">
        <ele>40.971654</ele>
        <time>2026-07-23T18:08:30.671Z</time>
      </trkpt>
      <trkpt lat="53.737318" lon="10.805091">
        <ele>42.172687</ele>
        <time>2026-07-23T18:08:37.243Z</time>
      </trkpt>
      <trkpt lat="53.737651" lon="10.804454">
        <ele>48.256819</ele>
        <time>2026-07-23T18:09:16.054Z</time>
      </trkpt>
      <trkpt lat="53.737801" lon="10.804229">
        <ele>50.067526</ele>
        <time>2026-07-23T18:09:26.784Z</time>
      </trkpt>
      <trkpt lat="53.737960" lon="10.804035">
        <ele>51.523252</ele>
        <time>2026-07-23T18:09:37.015Z</time>
      </trkpt>
      <trkpt lat="53.738227" lon="10.803860">
        <ele>53.383752</ele>
        <time>2026-07-23T18:09:50.221Z</time>
      </trkpt>
      <trkpt lat="53.738315" lon="10.803767">
        <ele>54.090690</ele>
        <time>2026-07-23T18:09:54.559Z</time>
      </trkpt>
      <trkpt lat="53.738371" lon="10.803598">
        <ele>54.917283</ele>
        <time>2026-07-23T18:10:00.048Z</time>
      </trkpt>
      <trkpt lat="53.738409" lon="10.803219">
        <ele>56.720357</ele>
        <time>2026-07-23T18:10:13.701Z</time>
      </trkpt>
      <trkpt lat="53.738436" lon="10.801718">
        <ele>60.831658</ele>
        <time>2026-07-23T18:10:49.202Z</time>
      </trkpt>
      <trkpt lat="53.738507" lon="10.800527">
        <ele>56.626518</ele>
        <time>2026-07-23T18:11:06.506Z</time>
      </trkpt>
      <trkpt lat="53.738587" lon="10.799656">
        <ele>54.814599</ele>
        <time>2026-07-23T18:11:20.680Z</time>
      </trkpt>
      <trkpt lat="53.738560" lon="10.799444">
        <ele>54.627243</ele>
        <time>2026-07-23T18:11:24.656Z</time>
      </trkpt>
      <trkpt lat="53.738474" lon="10.799281">
        <ele>54.593429</ele>
        <time>2026-07-23T18:11:29.108Z</time>
      </trkpt>
      <trkpt lat="53.738272" lon="10.799014">
        <ele>54.721728</ele>
        <time>2026-07-23T18:11:38.556Z</time>
      </trkpt>
      <trkpt lat="53.738005" lon="10.798542">
        <ele>54.963943</ele>
        <time>2026-07-23T18:11:52.675Z</time>
      </trkpt>
      <trkpt lat="53.737807" lon="10.798300">
        <ele>54.948799</ele>
        <time>2026-07-23T18:12:01.020Z</time>
      </trkpt>
      <trkpt lat="53.735652" lon="10.796653">
        <ele>53.350457</ele>
        <time>2026-07-23T18:13:16.105Z</time>
      </trkpt>
      <trkpt lat="53.735312" lon="10.796247">
        <ele>53.568102</ele>
        <time>2026-07-23T18:13:31.277Z</time>
      </trkpt>
      <trkpt lat="53.735073" lon="10.795856">
        <ele>54.109523</ele>
        <time>2026-07-23T18:13:44.921Z</time>
      </trkpt>
      <trkpt lat="53.734910" lon="10.795542">
        <ele>54.624390</ele>
        <time>2026-07-23T18:13:55.705Z</time>
      </trkpt>
      <trkpt lat="53.734783" lon="10.795127">
        <ele>55.308584</ele>
        <time>2026-07-23T18:14:08.124Z</time>
      </trkpt>
      <trkpt lat="53.734663" lon="10.794598">
        <ele>56.201610</ele>
        <time>2026-07-23T18:14:23.405Z</time>
      </trkpt>
      <trkpt lat="53.734586" lon="10.794058">
        <ele>57.083930</ele>
        <time>2026-07-23T18:14:38.524Z</time>
      </trkpt>
      <trkpt lat="53.734555" lon="10.793370">
        <ele>58.096468</ele>
        <time>2026-07-23T18:14:56.848Z</time>
      </trkpt>
      <trkpt lat="53.734603" lon="10.792951">
        <ele>58.696178</ele>
        <time>2026-07-23T18:15:07.961Z</time>
      </trkpt>
      <trkpt lat="53.734734" lon="10.792488">
        <ele>59.384747</ele>
        <time>2026-07-23T18:15:21.189Z</time>
      </trkpt>
      <trkpt lat="53.734958" lon="10.791925">
        <ele>60.165436</ele>
        <time>2026-07-23T18:15:38.317Z</time>
      </trkpt>
      <trkpt lat="53.735244" lon="10.791370">
        <ele>60.753692</ele>
        <time>2026-07-23T18:15:56.100Z</time>
      </trkpt>
      <trkpt lat="53.735632" lon="10.790817">
        <ele>61.132683</ele>
        <time>2026-07-23T18:16:14.605Z</time>
      </trkpt>
      <trkpt lat="53.736223" lon="10.790129">
        <ele>60.861245</ele>
        <time>2026-07-23T18:16:37.850Z</time>
      </trkpt>
      <trkpt lat="53.736584" lon="10.789680">
        <ele>61.264447</ele>
        <time>2026-07-23T18:16:47.700Z</time>
      </trkpt>
      <trkpt lat="53.737131" lon="10.789147">
        <ele>61.449175</ele>
        <time>2026-07-23T18:16:58.948Z</time>
      </trkpt>
      <trkpt lat="53.737175" lon="10.788988">
        <ele>61.524381</ele>
        <time>2026-07-23T18:17:01.149Z</time>
      </trkpt>
      <trkpt lat="53.737182" lon="10.788812">
        <ele>61.649283</ele>
        <time>2026-07-23T18:17:03.630Z</time>
      </trkpt>
      <trkpt lat="53.737155" lon="10.788583">
        <ele>61.730981</ele>
        <time>2026-07-23T18:17:06.708Z</time>
      </trkpt>
      <trkpt lat="53.736818" lon="10.786659">
        <ele>61.150664</ele>
        <time>2026-07-23T18:17:25.732Z</time>
      </trkpt>
      <trkpt lat="53.736783" lon="10.785673">
        <ele>59.561327</ele>
        <time>2026-07-23T18:17:33.146Z</time>
      </trkpt>
      <trkpt lat="53.736762" lon="10.783672">
        <ele>57.671947</ele>
        <time>2026-07-23T18:17:49.715Z</time>
      </trkpt>
      <trkpt lat="53.736631" lon="10.781986">
        <ele>56.838431</ele>
        <time>2026-07-23T18:18:05.140Z</time>
      </trkpt>
      <trkpt lat="53.736635" lon="10.781684">
        <ele>56.652599</ele>
        <time>2026-07-23T18:18:07.555Z</time>
      </trkpt>
      <trkpt lat="53.737340" lon="10.782121">
        <ele>57.037432</ele>
        <time>2026-07-23T18:18:22.948Z</time>
      </trkpt>
      <trkpt lat="53.738253" lon="10.782576">
        <ele>55.744959</ele>
        <time>2026-07-23T18:18:36.675Z</time>
      </trkpt>
      <trkpt lat="53.740122" lon="10.783667">
        <ele>51.245392</ele>
        <time>2026-07-23T18:19:02.887Z</time>
      </trkpt>
      <trkpt lat="53.740332" lon="10.783892">
        <ele>51.033791</ele>
        <time>2026-07-23T18:19:06.628Z</time>
      </trkpt>
      <trkpt lat="53.741020" lon="10.784975">
        <ele>50.982336</ele>
        <time>2026-07-23T18:19:22.942Z</time>
      </trkpt>
      <trkpt lat="53.741262" lon="10.785235">
        <ele>50.847324</ele>
        <time>2026-07-23T18:19:27.471Z</time>
      </trkpt>
      <trkpt lat="53.741406" lon="10.785318">
        <ele>50.709025</ele>
        <time>2026-07-23T18:19:29.718Z</time>
      </trkpt>
      <trkpt lat="53.742616" lon="10.785401">
        <ele>49.328363</ele>
        <time>2026-07-23T18:19:47.399Z</time>
      </trkpt>
      <trkpt lat="53.743248" lon="10.785606">
        <ele>48.660575</ele>
        <time>2026-07-23T18:19:57.523Z</time>
      </trkpt>
      <trkpt lat="53.744962" lon="10.785863">
        <ele>40.760787</ele>
        <time>2026-07-23T18:20:17.688Z</time>
      </trkpt>
      <trkpt lat="53.745864" lon="10.786224">
        <ele>41.017309</ele>
        <time>2026-07-23T18:20:42.357Z</time>
      </trkpt>
      <trkpt lat="53.746266" lon="10.786335">
        <ele>39.990773</ele>
        <time>2026-07-23T18:20:49.723Z</time>
      </trkpt>
      <trkpt lat="53.746731" lon="10.786429">
        <ele>38.486393</ele>
        <time>2026-07-23T18:20:58.060Z</time>
      </trkpt>
      <trkpt lat="53.747212" lon="10.786367">
        <ele>36.963240</ele>
        <time>2026-07-23T18:21:06.591Z</time>
      </trkpt>
      <trkpt lat="53.747233" lon="10.786368">
        <ele>36.933054</ele>
        <time>2026-07-23T18:21:07.020Z</time>
      </trkpt>
      <trkpt lat="53.747303" lon="10.786125">
        <ele>36.765146</ele>
        <time>2026-07-23T18:21:09.972Z</time>
      </trkpt>
      <trkpt lat="53.747483" lon="10.785567">
        <ele>36.935129</ele>
        <time>2026-07-23T18:21:24.396Z</time>
      </trkpt>
      <trkpt lat="53.748098" lon="10.783975">
        <ele>34.113292</ele>
        <time>2026-07-23T18:21:56.214Z</time>
      </trkpt>
      <trkpt lat="53.748465" lon="10.782376">
        <ele>31.820571</ele>
        <time>2026-07-23T18:22:25.298Z</time>
      </trkpt>
      <trkpt lat="53.748551" lon="10.781846">
        <ele>31.794253</ele>
        <time>2026-07-23T18:22:36.240Z</time>
      </trkpt>
      <trkpt lat="53.748666" lon="10.780853">
        <ele>32.943331</ele>
        <time>2026-07-23T18:23:01.737Z</time>
      </trkpt>
      <trkpt lat="53.748718" lon="10.780675">
        <ele>33.232389</ele>
        <time>2026-07-23T18:23:07.154Z</time>
      </trkpt>
      <trkpt lat="53.748764" lon="10.780613">
        <ele>33.423273</ele>
        <time>2026-07-23T18:23:10.005Z</time>
      </trkpt>
      <trkpt lat="53.748877" lon="10.780607">
        <ele>33.816368</ele>
        <time>2026-07-23T18:23:15.618Z</time>
      </trkpt>
      <trkpt lat="53.749409" lon="10.780933">
        <ele>35.869934</ele>
        <time>2026-07-23T18:23:44.175Z</time>
      </trkpt>
      <trkpt lat="53.749556" lon="10.780972">
        <ele>36.341457</ele>
        <time>2026-07-23T18:23:51.233Z</time>
      </trkpt>
      <trkpt lat="53.749665" lon="10.780958">
        <ele>36.593422</ele>
        <time>2026-07-23T18:23:56.207Z</time>
      </trkpt>
      <trkpt lat="53.749727" lon="10.780899">
        <ele>36.737987</ele>
        <time>2026-07-23T18:23:59.299Z</time>
      </trkpt>
      <trkpt lat="53.749766" lon="10.780795">
        <ele>36.883735</ele>
        <time>2026-07-23T18:24:02.275Z</time>
      </trkpt>
      <trkpt lat="53.749955" lon="10.778465">
        <ele>38.354819</ele>
        <time>2026-07-23T18:24:55.362Z</time>
      </trkpt>
      <trkpt lat="53.749995" lon="10.778296">
        <ele>38.575835</ele>
        <time>2026-07-23T18:24:59.963Z</time>
      </trkpt>
      <trkpt lat="53.750068" lon="10.778268">
        <ele>38.732024</ele>
        <time>2026-07-23T18:25:03.475Z</time>
      </trkpt>
      <trkpt lat="53.751872" lon="10.778645">
        <ele>45.150364</ele>
        <time>2026-07-23T18:26:34.721Z</time>
      </trkpt>
      <trkpt lat="53.751909" lon="10.778537">
        <ele>44.874276</ele>
        <time>2026-07-23T18:26:37.079Z</time>
      </trkpt>
      <trkpt lat="53.752032" lon="10.776594">
        <ele>40.509728</ele>
        <time>2026-07-23T18:27:07.761Z</time>
      </trkpt>
      <trkpt lat="53.752104" lon="10.775453">
        <ele>37.966516</ele>
        <time>2026-07-23T18:27:25.827Z</time>
      </trkpt>
      <trkpt lat="53.752139" lon="10.775108">
        <ele>37.665273</ele>
        <time>2026-07-23T18:27:32.265Z</time>
      </trkpt>
      <trkpt lat="53.752169" lon="10.775026">
        <ele>37.642436</ele>
        <time>2026-07-23T18:27:34.157Z</time>
      </trkpt>
      <trkpt lat="53.752210" lon="10.774973">
        <ele>37.621767</ele>
        <time>2026-07-23T18:27:35.997Z</time>
      </trkpt>
      <trkpt lat="53.752254" lon="10.774980">
        <ele>37.684110</ele>
        <time>2026-07-23T18:27:37.651Z</time>
      </trkpt>
      <trkpt lat="53.753246" lon="10.775583">
        <ele>39.370640</ele>
        <time>2026-07-23T18:28:21.039Z</time>
      </trkpt>
      <trkpt lat="53.753336" lon="10.775609">
        <ele>39.489030</ele>
        <time>2026-07-23T18:28:24.689Z</time>
      </trkpt>
      <trkpt lat="53.753371" lon="10.775565">
        <ele>39.539969</ele>
        <time>2026-07-23T18:28:26.415Z</time>
      </trkpt>
      <trkpt lat="53.753429" lon="10.774896">
        <ele>40.136863</ele>
        <time>2026-07-23T18:28:42.321Z</time>
      </trkpt>
      <trkpt lat="53.753470" lon="10.773479">
        <ele>41.859517</ele>
        <time>2026-07-23T18:29:18.604Z</time>
      </trkpt>
      <trkpt lat="53.753592" lon="10.771182">
        <ele>42.973821</ele>
        <time>2026-07-23T18:30:09.457Z</time>
      </trkpt>
      <trkpt lat="53.753627" lon="10.770848">
        <ele>42.979206</ele>
        <time>2026-07-23T18:30:16.422Z</time>
      </trkpt>
      <trkpt lat="53.753983" lon="10.768515">
        <ele>42.113364</ele>
        <time>2026-07-23T18:31:02.264Z</time>
      </trkpt>
      <trkpt lat="53.754034" lon="10.768299">
        <ele>41.860838</ele>
        <time>2026-07-23T18:31:06.244Z</time>
      </trkpt>
      <trkpt lat="53.754127" lon="10.768050">
        <ele>41.377786</ele>
        <time>2026-07-23T18:31:11.094Z</time>
      </trkpt>
      <trkpt lat="53.754496" lon="10.767205">
        <ele>39.374603</ele>
        <time>2026-07-23T18:31:28.204Z</time>
      </trkpt>
      <trkpt lat="53.754553" lon="10.767007">
        <ele>38.920713</ele>
        <time>2026-07-23T18:31:31.780Z</time>
      </trkpt>
      <trkpt lat="53.754613" lon="10.766583">
        <ele>38.109333</ele>
        <time>2026-07-23T18:31:38.883Z</time>
      </trkpt>
      <trkpt lat="53.754708" lon="10.766533">
        <ele>37.825602</ele>
        <time>2026-07-23T18:31:41.682Z</time>
      </trkpt>
      <trkpt lat="53.755015" lon="10.766605">
        <ele>36.988591</ele>
        <time>2026-07-23T18:31:50.472Z</time>
      </trkpt>
      <trkpt lat="53.755106" lon="10.766522">
        <ele>36.500445</ele>
        <time>2026-07-23T18:31:53.275Z</time>
      </trkpt>
      <trkpt lat="53.755546" lon="10.764912">
        <ele>31.222459</ele>
        <time>2026-07-23T18:32:20.195Z</time>
      </trkpt>
      <trkpt lat="53.755595" lon="10.764693">
        <ele>30.340294</ele>
        <time>2026-07-23T18:32:23.294Z</time>
      </trkpt>
      <trkpt lat="53.755822" lon="10.764005">
        <ele>28.219559</ele>
        <time>2026-07-23T18:32:34.727Z</time>
      </trkpt>
      <trkpt lat="53.756021" lon="10.763589">
        <ele>27.523443</ele>
        <time>2026-07-23T18:32:40.821Z</time>
      </trkpt>
      <trkpt lat="53.756335" lon="10.763056">
        <ele>26.772540</ele>
        <time>2026-07-23T18:32:49.840Z</time>
      </trkpt>
      <trkpt lat="53.756508" lon="10.762759">
        <ele>25.857689</ele>
        <time>2026-07-23T18:32:54.041Z</time>
      </trkpt>
      <trkpt lat="53.756641" lon="10.762526">
        <ele>25.260086</ele>
        <time>2026-07-23T18:32:57.331Z</time>
      </trkpt>
      <trkpt lat="53.756957" lon="10.763090">
        <ele>25.234039</ele>
        <time>2026-07-23T18:33:06.600Z</time>
      </trkpt>
      <trkpt lat="53.757198" lon="10.763252">
        <ele>24.627044</ele>
        <time>2026-07-23T18:33:09.844Z</time>
      </trkpt>
      <trkpt lat="53.757931" lon="10.763718">
        <ele>23.342179</ele>
        <time>2026-07-23T18:33:20.849Z</time>
      </trkpt>
      <trkpt lat="53.758388" lon="10.764088">
        <ele>23.019294</ele>
        <time>2026-07-23T18:33:28.891Z</time>
      </trkpt>
      <trkpt lat="53.759143" lon="10.764748">
        <ele>22.923569</ele>
        <time>2026-07-23T18:33:43.208Z</time>
      </trkpt>
      <trkpt lat="53.759957" lon="10.765558">
        <ele>21.323163</ele>
        <time>2026-07-23T18:33:56.307Z</time>
      </trkpt>
      <trkpt lat="53.759968" lon="10.765569">
        <ele>21.306667</ele>
        <time>2026-07-23T18:33:56.480Z</time>
      </trkpt>
      <trkpt lat="53.761031" lon="10.766666">
        <ele>19.679874</ele>
        <time>2026-07-23T18:34:14.457Z</time>
      </trkpt>
      <trkpt lat="53.761457" lon="10.767050">
        <ele>18.849299</ele>
        <time>2026-07-23T18:34:21.271Z</time>
      </trkpt>
      <trkpt lat="53.761687" lon="10.767235">
        <ele>18.267020</ele>
        <time>2026-07-23T18:34:24.561Z</time>
      </trkpt>
      <trkpt lat="53.761902" lon="10.767340">
        <ele>18.069634</ele>
        <time>2026-07-23T18:34:27.884Z</time>
      </trkpt>
      <trkpt lat="53.762885" lon="10.767710">
        <ele>18.905191</ele>
        <time>2026-07-23T18:34:49.184Z</time>
      </trkpt>
      <trkpt lat="53.763152" lon="10.767952">
        <ele>19.145357</ele>
        <time>2026-07-23T18:34:55.513Z</time>
      </trkpt>
      <trkpt lat="53.763844" lon="10.768769">
        <ele>19.046451</ele>
        <time>2026-07-23T18:35:09.659Z</time>
      </trkpt>
      <trkpt lat="53.764018" lon="10.768886">
        <ele>18.890316</ele>
        <time>2026-07-23T18:35:12.502Z</time>
      </trkpt>
      <trkpt lat="53.764980" lon="10.769283">
        <ele>17.760379</ele>
        <time>2026-07-23T18:35:26.926Z</time>
      </trkpt>
      <trkpt lat="53.765158" lon="10.769356">
        <ele>17.654599</ele>
        <time>2026-07-23T18:35:29.935Z</time>
      </trkpt>
      <trkpt lat="53.765496" lon="10.769502">
        <ele>17.328068</ele>
        <time>2026-07-23T18:35:35.302Z</time>
      </trkpt>
      <trkpt lat="53.766000" lon="10.769622">
        <ele>15.865432</ele>
        <time>2026-07-23T18:35:41.774Z</time>
      </trkpt>
      <trkpt lat="53.766360" lon="10.769649">
        <ele>14.638878</ele>
        <time>2026-07-23T18:35:46.219Z</time>
      </trkpt>
      <trkpt lat="53.766408" lon="10.769652">
        <ele>14.493414</ele>
        <time>2026-07-23T18:35:46.841Z</time>
      </trkpt>
      <trkpt lat="53.766642" lon="10.769670">
        <ele>13.844898</ele>
        <time>2026-07-23T18:35:49.887Z</time>
      </trkpt>
      <trkpt lat="53.766693" lon="10.769723">
        <ele>13.708366</ele>
        <time>2026-07-23T18:35:50.706Z</time>
      </trkpt>
      <trkpt lat="53.766740" lon="10.769842">
        <ele>13.515392</ele>
        <time>2026-07-23T18:35:51.812Z</time>
      </trkpt>
      <trkpt lat="53.766832" lon="10.769767">
        <ele>13.275806</ele>
        <time>2026-07-23T18:35:53.202Z</time>
      </trkpt>
      <trkpt lat="53.766864" lon="10.769906">
        <ele>13.065858</ele>
        <time>2026-07-23T18:35:54.379Z</time>
      </trkpt>
      <trkpt lat="53.767066" lon="10.769799">
        <ele>12.639075</ele>
        <time>2026-07-23T18:35:57.105Z</time>
      </trkpt>
      <trkpt lat="53.767075" lon="10.769644">
        <ele>12.500621</ele>
        <time>2026-07-23T18:35:58.461Z</time>
      </trkpt>
      <trkpt lat="53.767632" lon="10.769564">
        <ele>13.630459</ele>
        <time>2026-07-23T18:36:12.971Z</time>
      </trkpt>
      <trkpt lat="53.767973" lon="10.769435">
        <ele>14.996685</ele>
        <time>2026-07-23T18:36:25.552Z</time>
      </trkpt>
      <trkpt lat="53.768433" lon="10.769102">
        <ele>17.016562</ele>
        <time>2026-07-23T18:36:43.519Z</time>
      </trkpt>
      <trkpt lat="53.768717" lon="10.768875">
        <ele>17.771837</ele>
        <time>2026-07-23T18:36:52.623Z</time>
      </trkpt>
      <trkpt lat="53.768864" lon="10.768836">
        <ele>17.892642</ele>
        <time>2026-07-23T18:36:55.415Z</time>
      </trkpt>
      <trkpt lat="53.769076" lon="10.768802">
        <ele>17.890907</ele>
        <time>2026-07-23T18:36:58.874Z</time>
      </trkpt>
      <trkpt lat="53.769123" lon="10.768792">
        <ele>17.884722</ele>
        <time>2026-07-23T18:36:59.666Z</time>
      </trkpt>
      <trkpt lat="53.769854" lon="10.768664">
        <ele>17.737146</ele>
        <time>2026-07-23T18:37:11.772Z</time>
      </trkpt>
      <trkpt lat="53.770569" lon="10.768540">
        <ele>18.083703</ele>
        <time>2026-07-23T18:37:25.705Z</time>
      </trkpt>
      <trkpt lat="53.770761" lon="10.768562">
        <ele>18.056190</ele>
        <time>2026-07-23T18:37:29.193Z</time>
      </trkpt>
      <trkpt lat="53.771329" lon="10.768850">
        <ele>17.513492</ele>
        <time>2026-07-23T18:37:37.931Z</time>
      </trkpt>
      <trkpt lat="53.771379" lon="10.768878">
        <ele>17.466814</ele>
        <time>2026-07-23T18:37:38.775Z</time>
      </trkpt>
      <trkpt lat="53.771749" lon="10.769109">
        <ele>17.424835</ele>
        <time>2026-07-23T18:37:47.417Z</time>
      </trkpt>
      <trkpt lat="53.772140" lon="10.770123">
        <ele>17.474723</ele>
        <time>2026-07-23T18:38:04.077Z</time>
      </trkpt>
      <trkpt lat="53.772193" lon="10.770255">
        <ele>17.397146</ele>
        <time>2026-07-23T18:38:05.898Z</time>
      </trkpt>
      <trkpt lat="53.772320" lon="10.770124">
        <ele>17.092011</ele>
        <time>2026-07-23T18:38:08.670Z</time>
      </trkpt>
      <trkpt lat="53.772538" lon="10.769997">
        <ele>16.607083</ele>
        <time>2026-07-23T18:38:13.153Z</time>
      </trkpt>
      <trkpt lat="53.772934" lon="10.769941">
        <ele>15.768099</ele>
        <time>2026-07-23T18:38:20.752Z</time>
      </trkpt>
      <trkpt lat="53.773127" lon="10.769979">
        <ele>15.246481</ele>
        <time>2026-07-23T18:38:24.378Z</time>
      </trkpt>
      <trkpt lat="53.774647" lon="10.770739">
        <ele>10.211108</ele>
        <time>2026-07-23T18:38:52.707Z</time>
      </trkpt>
      <trkpt lat="53.775654" lon="10.771144">
        <ele>7.016318</ele>
        <time>2026-07-23T18:39:07.671Z</time>
      </trkpt>
      <trkpt lat="53.776617" lon="10.771034">
        <ele>4.584572</ele>
        <time>2026-07-23T18:39:22.019Z</time>
      </trkpt>
      <trkpt lat="53.777020" lon="10.770877">
        <ele>4.132546</ele>
        <time>2026-07-23T18:39:29.039Z</time>
      </trkpt>
      <trkpt lat="53.777499" lon="10.770578">
        <ele>4.063734</ele>
        <time>2026-07-23T18:39:38.685Z</time>
      </trkpt>
      <trkpt lat="53.778577" lon="10.769696">
        <ele>4.666697</ele>
        <time>2026-07-23T18:40:04.451Z</time>
      </trkpt>
      <trkpt lat="53.779612" lon="10.769187">
        <ele>6.545284</ele>
        <time>2026-07-23T18:40:34.326Z</time>
      </trkpt>
      <trkpt lat="53.782134" lon="10.767944">
        <ele>4.519048</ele>
        <time>2026-07-23T18:41:19.567Z</time>
      </trkpt>
      <trkpt lat="53.782331" lon="10.767779">
        <ele>4.416893</ele>
        <time>2026-07-23T18:41:23.384Z</time>
      </trkpt>
      <trkpt lat="53.782513" lon="10.767565">
        <ele>4.316067</ele>
        <time>2026-07-23T18:41:27.583Z</time>
      </trkpt>
      <trkpt lat="53.782787" lon="10.767134">
        <ele>3.785223</ele>
        <time>2026-07-23T18:41:33.743Z</time>
      </trkpt>
      <trkpt lat="53.782998" lon="10.766801">
        <ele>3.798586</ele>
        <time>2026-07-23T18:41:40.841Z</time>
      </trkpt>
      <trkpt lat="53.783156" lon="10.766474">
        <ele>3.719188</ele>
        <time>2026-07-23T18:41:46.921Z</time>
      </trkpt>
      <trkpt lat="53.783296" lon="10.766154">
        <ele>3.341298</ele>
        <time>2026-07-23T18:41:51.148Z</time>
      </trkpt>
      <trkpt lat="53.783845" lon="10.764862">
        <ele>3.317499</ele>
        <time>2026-07-23T18:42:13.770Z</time>
      </trkpt>
      <trkpt lat="53.784755" lon="10.762708">
        <ele>4.266110</ele>
        <time>2026-07-23T18:42:43.301Z</time>
      </trkpt>
      <trkpt lat="53.784822" lon="10.762686">
        <ele>4.535465</ele>
        <time>2026-07-23T18:42:46.122Z</time>
      </trkpt>
      <trkpt lat="53.785024" lon="10.762228">
        <ele>6.865291</ele>
        <time>2026-07-23T18:43:04.211Z</time>
      </trkpt>
      <trkpt lat="53.785138" lon="10.762119">
        <ele>7.638618</ele>
        <time>2026-07-23T18:43:10.058Z</time>
      </trkpt>
      <trkpt lat="53.785171" lon="10.761868">
        <ele>7.870419</ele>
        <time>2026-07-23T18:43:14.195Z</time>
      </trkpt>
      <trkpt lat="53.785277" lon="10.761634">
        <ele>7.811337</ele>
        <time>2026-07-23T18:43:16.445Z</time>
      </trkpt>
      <trkpt lat="53.785275" lon="10.761483">
        <ele>7.701831</ele>
        <time>2026-07-23T18:43:17.678Z</time>
      </trkpt>
      <trkpt lat="53.785336" lon="10.761332">
        <ele>7.761711</ele>
        <time>2026-07-23T18:43:20.036Z</time>
      </trkpt>
      <trkpt lat="53.785777" lon="10.760315">
        <ele>10.716541</ele>
        <time>2026-07-23T18:43:46.700Z</time>
      </trkpt>
      <trkpt lat="53.785935" lon="10.760169">
        <ele>11.512947</ele>
        <time>2026-07-23T18:43:53.414Z</time>
      </trkpt>
      <trkpt lat="53.786305" lon="10.759368">
        <ele>14.255648</ele>
        <time>2026-07-23T18:44:16.081Z</time>
      </trkpt>
      <trkpt lat="53.786480" lon="10.759076">
        <ele>15.075654</ele>
        <time>2026-07-23T18:44:24.040Z</time>
      </trkpt>
      <trkpt lat="53.786657" lon="10.758713">
        <ele>15.728010</ele>
        <time>2026-07-23T18:44:31.826Z</time>
      </trkpt>
      <trkpt lat="53.786809" lon="10.758135">
        <ele>16.119598</ele>
        <time>2026-07-23T18:44:39.963Z</time>
      </trkpt>
      <trkpt lat="53.787525" lon="10.756523">
        <ele>14.404862</ele>
        <time>2026-07-23T18:44:56.961Z</time>
      </trkpt>
      <trkpt lat="53.787572" lon="10.756475">
        <ele>14.248976</ele>
        <time>2026-07-23T18:44:57.668Z</time>
      </trkpt>
      <trkpt lat="53.787687" lon="10.756490">
        <ele>13.924019</ele>
        <time>2026-07-23T18:44:59.090Z</time>
      </trkpt>
      <trkpt lat="53.787720" lon="10.756312">
        <ele>13.772433</ele>
        <time>2026-07-23T18:45:00.481Z</time>
      </trkpt>
      <trkpt lat="53.787739" lon="10.756185">
        <ele>13.665984</ele>
        <time>2026-07-23T18:45:01.609Z</time>
      </trkpt>
      <trkpt lat="53.790420" lon="10.756932">
        <ele>18.986714</ele>
        <time>2026-07-23T18:46:13.198Z</time>
      </trkpt>
      <trkpt lat="53.790897" lon="10.757005">
        <ele>18.461509</ele>
        <time>2026-07-23T18:46:20.245Z</time>
      </trkpt>
      <trkpt lat="53.791143" lon="10.757039">
        <ele>17.916781</ele>
        <time>2026-07-23T18:46:23.458Z</time>
      </trkpt>
      <trkpt lat="53.791539" lon="10.757021">
        <ele>17.151974</ele>
        <time>2026-07-23T18:46:28.889Z</time>
      </trkpt>
      <trkpt lat="53.791710" lon="10.756893">
        <ele>17.061576</ele>
        <time>2026-07-23T18:46:31.825Z</time>
      </trkpt>
      <trkpt lat="53.791809" lon="10.756670">
        <ele>17.113040</ele>
        <time>2026-07-23T18:46:35.223Z</time>
      </trkpt>
      <trkpt lat="53.791844" lon="10.756652">
        <ele>17.136929</ele>
        <time>2026-07-23T18:46:35.930Z</time>
      </trkpt>
      <trkpt lat="53.791868" lon="10.756673">
        <ele>17.154572</ele>
        <time>2026-07-23T18:46:36.443Z</time>
      </trkpt>
      <trkpt lat="53.791890" lon="10.756690">
        <ele>17.170366</ele>
        <time>2026-07-23T18:46:36.863Z</time>
      </trkpt>
      <trkpt lat="53.791919" lon="10.756700">
        <ele>17.188765</ele>
        <time>2026-07-23T18:46:37.363Z</time>
      </trkpt>
      <trkpt lat="53.791945" lon="10.756700">
        <ele>17.178644</ele>
        <time>2026-07-23T18:46:37.794Z</time>
      </trkpt>
      <trkpt lat="53.791973" lon="10.756701">
        <ele>17.167741</ele>
        <time>2026-07-23T18:46:38.252Z</time>
      </trkpt>
      <trkpt lat="53.792136" lon="10.756743">
        <ele>17.103556</ele>
        <time>2026-07-23T18:46:40.946Z</time>
      </trkpt>
      <trkpt lat="53.792306" lon="10.756979">
        <ele>17.003718</ele>
        <time>2026-07-23T18:46:44.509Z</time>
      </trkpt>
      <trkpt lat="53.792597" lon="10.756970">
        <ele>16.839284</ele>
        <time>2026-07-23T18:46:49.125Z</time>
      </trkpt>
      <trkpt lat="53.793082" lon="10.756824">
        <ele>16.398147</ele>
        <time>2026-07-23T18:46:56.813Z</time>
      </trkpt>
      <trkpt lat="53.793600" lon="10.756561">
        <ele>17.288592</ele>
        <time>2026-07-23T18:47:11.694Z</time>
      </trkpt>
      <trkpt lat="53.793684" lon="10.756477">
        <ele>17.437665</ele>
        <time>2026-07-23T18:47:14.224Z</time>
      </trkpt>
      <trkpt lat="53.793762" lon="10.756187">
        <ele>17.600772</ele>
        <time>2026-07-23T18:47:18.112Z</time>
      </trkpt>
      <trkpt lat="53.793813" lon="10.756122">
        <ele>17.532677</ele>
        <time>2026-07-23T18:47:19.076Z</time>
      </trkpt>
      <trkpt lat="53.793884" lon="10.756089">
        <ele>17.454140</ele>
        <time>2026-07-23T18:47:20.098Z</time>
      </trkpt>
      <trkpt lat="53.793952" lon="10.756091">
        <ele>17.373433</ele>
        <time>2026-07-23T18:47:21.028Z</time>
      </trkpt>
      <trkpt lat="53.794077" lon="10.756295">
        <ele>16.986739</ele>
        <time>2026-07-23T18:47:23.369Z</time>
      </trkpt>
      <trkpt lat="53.794141" lon="10.756346">
        <ele>16.838376</ele>
        <time>2026-07-23T18:47:24.306Z</time>
      </trkpt>
      <trkpt lat="53.794490" lon="10.756232">
        <ele>16.299729</ele>
        <time>2026-07-23T18:47:29.237Z</time>
      </trkpt>
      <trkpt lat="53.795491" lon="10.755794">
        <ele>16.419125</ele>
        <time>2026-07-23T18:47:48.089Z</time>
      </trkpt>
      <trkpt lat="53.795781" lon="10.755645">
        <ele>16.128855</ele>
        <time>2026-07-23T18:47:52.442Z</time>
      </trkpt>
      <trkpt lat="53.796530" lon="10.755315">
        <ele>15.487778</ele>
        <time>2026-07-23T18:48:04.265Z</time>
      </trkpt>
      <trkpt lat="53.796793" lon="10.755240">
        <ele>15.196928</ele>
        <time>2026-07-23T18:48:08.299Z</time>
      </trkpt>
      <trkpt lat="53.796911" lon="10.755164">
        <ele>15.044718</ele>
        <time>2026-07-23T18:48:10.127Z</time>
      </trkpt>
      <trkpt lat="53.797451" lon="10.754774">
        <ele>13.652056</ele>
        <time>2026-07-23T18:48:17.995Z</time>
      </trkpt>
      <trkpt lat="53.798365" lon="10.753864">
        <ele>9.702038</ele>
        <time>2026-07-23T18:48:30.899Z</time>
      </trkpt>
      <trkpt lat="53.798506" lon="10.753700">
        <ele>9.063507</ele>
        <time>2026-07-23T18:48:33.001Z</time>
      </trkpt>
      <trkpt lat="53.798530" lon="10.753761">
        <ele>8.946244</ele>
        <time>2026-07-23T18:48:36.009Z</time>
      </trkpt>
      <trkpt lat="53.798725" lon="10.753536">
        <ele>8.635369</ele>
        <time>2026-07-23T18:48:39.184Z</time>
      </trkpt>
      <trkpt lat="53.798769" lon="10.753699">
        <ele>8.902513</ele>
        <time>2026-07-23T18:48:42.684Z</time>
      </trkpt>
      <trkpt lat="53.798845" lon="10.754371">
        <ele>10.710959</ele>
        <time>2026-07-23T18:48:59.594Z</time>
      </trkpt>
      <trkpt lat="53.798946" lon="10.754763">
        <ele>11.713497</ele>
        <time>2026-07-23T18:49:10.368Z</time>
      </trkpt>
      <trkpt lat="53.799061" lon="10.755466">
        <ele>11.960766</ele>
        <time>2026-07-23T18:49:19.183Z</time>
      </trkpt>
      <trkpt lat="53.799110" lon="10.755722">
        <ele>11.868914</ele>
        <time>2026-07-23T18:49:22.047Z</time>
      </trkpt>
      <trkpt lat="53.799181" lon="10.755941">
        <ele>11.693457</ele>
        <time>2026-07-23T18:49:24.564Z</time>
      </trkpt>
      <trkpt lat="53.799587" lon="10.756821">
        <ele>10.873418</ele>
        <time>2026-07-23T18:49:35.804Z</time>
      </trkpt>
      <trkpt lat="53.799868" lon="10.757390">
        <ele>10.740693</ele>
        <time>2026-07-23T18:49:44.524Z</time>
      </trkpt>
      <trkpt lat="53.800075" lon="10.757757">
        <ele>10.014624</ele>
        <time>2026-07-23T18:49:49.073Z</time>
      </trkpt>
      <trkpt lat="53.800308" lon="10.757994">
        <ele>9.406659</ele>
        <time>2026-07-23T18:49:52.670Z</time>
      </trkpt>
      <trkpt lat="53.800563" lon="10.758186">
        <ele>9.419081</ele>
        <time>2026-07-23T18:49:57.030Z</time>
      </trkpt>
      <trkpt lat="53.801460" lon="10.758768">
        <ele>12.447117</ele>
        <time>2026-07-23T18:50:28.836Z</time>
      </trkpt>
      <trkpt lat="53.801949" lon="10.758905">
        <ele>12.704210</ele>
        <time>2026-07-23T18:50:37.968Z</time>
      </trkpt>
      <trkpt lat="53.806030" lon="10.759142">
        <ele>14.047421</ele>
        <time>2026-07-23T18:51:54.209Z</time>
      </trkpt>
      <trkpt lat="53.807226" lon="10.759228">
        <ele>12.963671</ele>
        <time>2026-07-23T18:52:12.310Z</time>
      </trkpt>
      <trkpt lat="53.807313" lon="10.759193">
        <ele>12.772739</ele>
        <time>2026-07-23T18:52:13.509Z</time>
      </trkpt>
      <trkpt lat="53.807509" lon="10.759114">
        <ele>11.856295</ele>
        <time>2026-07-23T18:52:18.689Z</time>
      </trkpt>
      <trkpt lat="53.807523" lon="10.759121">
        <ele>11.783570</ele>
        <time>2026-07-23T18:52:19.040Z</time>
      </trkpt>
      <trkpt lat="53.807770" lon="10.759239">
        <ele>10.463143</ele>
        <time>2026-07-23T18:52:25.613Z</time>
      </trkpt>
      <trkpt lat="53.809227" lon="10.759016">
        <ele>5.706378</ele>
        <time>2026-07-23T18:53:05.615Z</time>
      </trkpt>
      <trkpt lat="53.809963" lon="10.758964">
        <ele>5.348106</ele>
        <time>2026-07-23T18:53:30.372Z</time>
      </trkpt>
      <trkpt lat="53.810054" lon="10.758982">
        <ele>5.290921</ele>
        <time>2026-07-23T18:53:31.935Z</time>
      </trkpt>
      <trkpt lat="53.810134" lon="10.759055">
        <ele>5.188312</ele>
        <time>2026-07-23T18:53:34.718Z</time>
      </trkpt>
      <trkpt lat="53.810262" lon="10.759400">
        <ele>4.908322</ele>
        <time>2026-07-23T18:53:41.942Z</time>
      </trkpt>
      <trkpt lat="53.810416" lon="10.760294">
        <ele>4.338434</ele>
        <time>2026-07-23T18:53:59.042Z</time>
      </trkpt>
      <trkpt lat="53.810491" lon="10.760433">
        <ele>4.323071</ele>
        <time>2026-07-23T18:54:02.670Z</time>
      </trkpt>
      <trkpt lat="53.810629" lon="10.760537">
        <ele>4.376766</ele>
        <time>2026-07-23T18:54:07.979Z</time>
      </trkpt>
      <trkpt lat="53.811616" lon="10.760477">
        <ele>5.626958</ele>
        <time>2026-07-23T18:54:47.202Z</time>
      </trkpt>
      <trkpt lat="53.812052" lon="10.760387">
        <ele>6.389817</ele>
        <time>2026-07-23T18:55:05.289Z</time>
      </trkpt>
      <trkpt lat="53.812466" lon="10.760204">
        <ele>7.106168</ele>
        <time>2026-07-23T18:55:23.232Z</time>
      </trkpt>
      <trkpt lat="53.812549" lon="10.760136">
        <ele>7.262141</ele>
        <time>2026-07-23T18:55:27.038Z</time>
      </trkpt>
      <trkpt lat="53.812875" lon="10.759702">
        <ele>7.726794</ele>
        <time>2026-07-23T18:55:42.671Z</time>
      </trkpt>
      <trkpt lat="53.812938" lon="10.759684">
        <ele>7.800744</ele>
        <time>2026-07-23T18:55:45.287Z</time>
      </trkpt>
      <trkpt lat="53.813001" lon="10.759728">
        <ele>7.897972</ele>
        <time>2026-07-23T18:55:48.157Z</time>
      </trkpt>
      <trkpt lat="53.813082" lon="10.759913">
        <ele>8.091987</ele>
        <time>2026-07-23T18:55:53.618Z</time>
      </trkpt>
      <trkpt lat="53.813147" lon="10.759998">
        <ele>8.185905</ele>
        <time>2026-07-23T18:55:56.832Z</time>
      </trkpt>
      <trkpt lat="53.813224" lon="10.760008">
        <ele>8.269858</ele>
        <time>2026-07-23T18:55:59.854Z</time>
      </trkpt>
      <trkpt lat="53.813355" lon="10.759961">
        <ele>8.384445</ele>
        <time>2026-07-23T18:56:04.936Z</time>
      </trkpt>
      <trkpt lat="53.814035" lon="10.759227">
        <ele>8.759244</ele>
        <time>2026-07-23T18:56:33.677Z</time>
      </trkpt>
      <trkpt lat="53.814749" lon="10.758482">
        <ele>8.412114</ele>
        <time>2026-07-23T18:57:00.954Z</time>
      </trkpt>
      <trkpt lat="53.815111" lon="10.758256">
        <ele>8.300024</ele>
        <time>2026-07-23T18:57:13.595Z</time>
      </trkpt>
      <trkpt lat="53.815489" lon="10.758119">
        <ele>8.207373</ele>
        <time>2026-07-23T18:57:26.426Z</time>
      </trkpt>
      <trkpt lat="53.816012" lon="10.758033">
        <ele>8.200000</ele>
        <time>2026-07-23T18:57:44.206Z</time>
      </trkpt>
      <trkpt lat="53.816668" lon="10.757865">
        <ele>8.198360</ele>
        <time>2026-07-23T18:58:06.541Z</time>
      </trkpt>
      <trkpt lat="53.816851" lon="10.757923">
        <ele>8.186472</ele>
        <time>2026-07-23T18:58:12.729Z</time>
      </trkpt>
      <trkpt lat="53.817309" lon="10.758544">
        <ele>8.016773</ele>
        <time>2026-07-23T18:58:32.093Z</time>
      </trkpt>
      <trkpt lat="53.817552" lon="10.758772">
        <ele>8.000081</ele>
        <time>2026-07-23T18:58:41.376Z</time>
      </trkpt>
      <trkpt lat="53.817616" lon="10.758789">
        <ele>8.001687</ele>
        <time>2026-07-23T18:58:43.568Z</time>
      </trkpt>
      <trkpt lat="53.817689" lon="10.758752">
        <ele>8.004026</ele>
        <time>2026-07-23T18:58:46.131Z</time>
      </trkpt>
      <trkpt lat="53.817801" lon="10.758613">
        <ele>8.030288</ele>
        <time>2026-07-23T18:58:50.934Z</time>
      </trkpt>
      <trkpt lat="53.818105" lon="10.758081">
        <ele>8.221549</ele>
        <time>2026-07-23T18:59:06.652Z</time>
      </trkpt>
      <trkpt lat="53.818264" lon="10.758121">
        <ele>8.079935</ele>
        <time>2026-07-23T18:59:11.647Z</time>
      </trkpt>
      <trkpt lat="53.818388" lon="10.758230">
        <ele>7.897537</ele>
        <time>2026-07-23T18:59:15.823Z</time>
      </trkpt>
      <trkpt lat="53.818620" lon="10.758662">
        <ele>7.420959</ele>
        <time>2026-07-23T18:59:26.325Z</time>
      </trkpt>
      <trkpt lat="53.818841" lon="10.758928">
        <ele>7.216322</ele>
        <time>2026-07-23T18:59:34.878Z</time>
      </trkpt>
      <trkpt lat="53.819080" lon="10.759103">
        <ele>7.152527</ele>
        <time>2026-07-23T18:59:43.431Z</time>
      </trkpt>
      <trkpt lat="53.821068" lon="10.758925">
        <ele>7.515316</ele>
        <time>2026-07-23T19:00:52.496Z</time>
      </trkpt>
      <trkpt lat="53.821183" lon="10.759028">
        <ele>7.373429</ele>
        <time>2026-07-23T19:00:56.491Z</time>
      </trkpt>
      <trkpt lat="53.821313" lon="10.760114">
        <ele>6.318160</ele>
        <time>2026-07-23T19:01:16.032Z</time>
      </trkpt>
      <trkpt lat="53.821352" lon="10.760203">
        <ele>6.216802</ele>
        <time>2026-07-23T19:01:17.994Z</time>
      </trkpt>
      <trkpt lat="53.821552" lon="10.760276">
        <ele>5.995329</ele>
        <time>2026-07-23T19:01:24.279Z</time>
      </trkpt>
      <trkpt lat="53.821899" lon="10.760243">
        <ele>5.623715</ele>
        <time>2026-07-23T19:01:35.120Z</time>
      </trkpt>
      <trkpt lat="53.822365" lon="10.760199">
        <ele>5.229583</ele>
        <time>2026-07-23T19:01:49.745Z</time>
      </trkpt>
      <trkpt lat="53.823212" lon="10.759611">
        <ele>4.875836</ele>
        <time>2026-07-23T19:02:19.797Z</time>
      </trkpt>
      <trkpt lat="53.822913" lon="10.758641">
        <ele>4.394750</ele>
        <time>2026-07-23T19:02:31.010Z</time>
      </trkpt>
      <trkpt lat="53.822825" lon="10.758280">
        <ele>4.231431</ele>
        <time>2026-07-23T19:02:34.975Z</time>
      </trkpt>
      <trkpt lat="53.822813" lon="10.758138">
        <ele>4.181018</ele>
        <time>2026-07-23T19:02:36.435Z</time>
      </trkpt>
      <trkpt lat="53.822840" lon="10.757943">
        <ele>4.228773</ele>
        <time>2026-07-23T19:02:38.543Z</time>
      </trkpt>
      <trkpt lat="53.822884" lon="10.757831">
        <ele>4.281758</ele>
        <time>2026-07-23T19:02:40.293Z</time>
      </trkpt>
      <trkpt lat="53.823065" lon="10.757572">
        <ele>4.702581</ele>
        <time>2026-07-23T19:02:47.224Z</time>
      </trkpt>
      <trkpt lat="53.823097" lon="10.757521">
        <ele>4.791847</ele>
        <time>2026-07-23T19:02:48.587Z</time>
      </trkpt>
      <trkpt lat="53.823262" lon="10.757333">
        <ele>5.092161</ele>
        <time>2026-07-23T19:02:54.213Z</time>
      </trkpt>
      <trkpt lat="53.823288" lon="10.757263">
        <ele>5.071844</ele>
        <time>2026-07-23T19:02:55.125Z</time>
      </trkpt>
      <trkpt lat="53.823299" lon="10.757048">
        <ele>4.820961</ele>
        <time>2026-07-23T19:02:57.031Z</time>
      </trkpt>
      <trkpt lat="53.823288" lon="10.756847">
        <ele>4.630617</ele>
        <time>2026-07-23T19:02:58.732Z</time>
      </trkpt>
      <trkpt lat="53.822905" lon="10.755393">
        <ele>3.860147</ele>
        <time>2026-07-23T19:03:14.924Z</time>
      </trkpt>
      <trkpt lat="53.822891" lon="10.755172">
        <ele>3.978362</ele>
        <time>2026-07-23T19:03:18.474Z</time>
      </trkpt>
      <trkpt lat="53.822922" lon="10.754931">
        <ele>4.098913</ele>
        <time>2026-07-23T19:03:22.241Z</time>
      </trkpt>
      <trkpt lat="53.823041" lon="10.754484">
        <ele>4.279136</ele>
        <time>2026-07-23T19:03:27.713Z</time>
      </trkpt>
      <trkpt lat="53.823212" lon="10.753718">
        <ele>6.367952</ele>
        <time>2026-07-23T19:03:47.097Z</time>
      </trkpt>
      <trkpt lat="53.823240" lon="10.753422">
        <ele>7.029625</ele>
        <time>2026-07-23T19:03:53.638Z</time>
      </trkpt>
      <trkpt lat="53.823231" lon="10.753207">
        <ele>7.118975</ele>
        <time>2026-07-23T19:03:57.642Z</time>
      </trkpt>
      <trkpt lat="53.822883" lon="10.751406">
        <ele>6.738710</ele>
        <time>2026-07-23T19:04:17.155Z</time>
      </trkpt>
      <trkpt lat="53.822663" lon="10.747658">
        <ele>8.657446</ele>
        <time>2026-07-23T19:05:08.748Z</time>
      </trkpt>
      <trkpt lat="53.822646" lon="10.747166">
        <ele>9.195525</ele>
        <time>2026-07-23T19:05:16.998Z</time>
      </trkpt>
      <trkpt lat="53.822659" lon="10.746922">
        <ele>9.454079</ele>
        <time>2026-07-23T19:05:21.131Z</time>
      </trkpt>
      <trkpt lat="53.822785" lon="10.746155">
        <ele>9.950524</ele>
        <time>2026-07-23T19:05:32.128Z</time>
      </trkpt>
      <trkpt lat="53.822831" lon="10.746044">
        <ele>9.983847</ele>
        <time>2026-07-23T19:05:33.892Z</time>
      </trkpt>
      <trkpt lat="53.823688" lon="10.745057">
        <ele>10.244882</ele>
        <time>2026-07-23T19:05:54.532Z</time>
      </trkpt>
      <trkpt lat="53.824371" lon="10.744156">
        <ele>10.961345</ele>
        <time>2026-07-23T19:06:14.699Z</time>
      </trkpt>
      <trkpt lat="53.824504" lon="10.743955">
        <ele>10.973997</ele>
        <time>2026-07-23T19:06:18.159Z</time>
      </trkpt>
      <trkpt lat="53.825369" lon="10.742865">
        <ele>10.305877</ele>
        <time>2026-07-23T19:06:36.994Z</time>
      </trkpt>
      <trkpt lat="53.825829" lon="10.742309">
        <ele>10.017802</ele>
        <time>2026-07-23T19:06:47.124Z</time>
      </trkpt>
      <trkpt lat="53.825935" lon="10.742272">
        <ele>9.988689</ele>
        <time>2026-07-23T19:06:49.176Z</time>
      </trkpt>
      <trkpt lat="53.826171" lon="10.742373">
        <ele>9.966060</ele>
        <time>2026-07-23T19:06:53.691Z</time>
      </trkpt>
      <trkpt lat="53.826277" lon="10.742362">
        <ele>10.065296</ele>
        <time>2026-07-23T19:06:56.068Z</time>
      </trkpt>
      <trkpt lat="53.826455" lon="10.742105">
        <ele>10.412981</ele>
        <time>2026-07-23T19:07:02.971Z</time>
      </trkpt>
      <trkpt lat="53.826629" lon="10.741967">
        <ele>10.540647</ele>
        <time>2026-07-23T19:07:06.691Z</time>
      </trkpt>
      <trkpt lat="53.827361" lon="10.741729">
        <ele>10.001578</ele>
        <time>2026-07-23T19:07:19.568Z</time>
      </trkpt>
      <trkpt lat="53.827870" lon="10.741705">
        <ele>9.607646</ele>
        <time>2026-07-23T19:07:28.447Z</time>
      </trkpt>
      <trkpt lat="53.828026" lon="10.741650">
        <ele>9.507907</ele>
        <time>2026-07-23T19:07:31.212Z</time>
      </trkpt>
      <trkpt lat="53.828181" lon="10.741428">
        <ele>9.391127</ele>
        <time>2026-07-23T19:07:34.779Z</time>
      </trkpt>
      <trkpt lat="53.828269" lon="10.741208">
        <ele>9.298390</ele>
        <time>2026-07-23T19:07:37.593Z</time>
      </trkpt>
      <trkpt lat="53.828276" lon="10.740994">
        <ele>9.240948</ele>
        <time>2026-07-23T19:07:39.888Z</time>
      </trkpt>
      <trkpt lat="53.828189" lon="10.740809">
        <ele>9.204476</ele>
        <time>2026-07-23T19:07:42.458Z</time>
      </trkpt>
      <trkpt lat="53.828149" lon="10.740541">
        <ele>9.215234</ele>
        <time>2026-07-23T19:07:45.562Z</time>
      </trkpt>
      <trkpt lat="53.828120" lon="10.739833">
        <ele>9.394378</ele>
        <time>2026-07-23T19:07:54.512Z</time>
      </trkpt>
      <trkpt lat="53.828233" lon="10.739382">
        <ele>9.486510</ele>
        <time>2026-07-23T19:08:00.568Z</time>
      </trkpt>
      <trkpt lat="53.828762" lon="10.738512">
        <ele>9.525977</ele>
        <time>2026-07-23T19:08:14.793Z</time>
      </trkpt>
      <trkpt lat="53.828907" lon="10.738322">
        <ele>9.553257</ele>
        <time>2026-07-23T19:08:18.765Z</time>
      </trkpt>
      <trkpt lat="53.829611" lon="10.737601">
        <ele>9.291939</ele>
        <time>2026-07-23T19:08:33.587Z</time>
      </trkpt>
      <trkpt lat="53.829755" lon="10.737429">
        <ele>9.063070</ele>
        <time>2026-07-23T19:08:36.746Z</time>
      </trkpt>
      <trkpt lat="53.830001" lon="10.737309">
        <ele>8.468429</ele>
        <time>2026-07-23T19:08:40.484Z</time>
      </trkpt>
      <trkpt lat="53.830249" lon="10.737380">
        <ele>8.013300</ele>
        <time>2026-07-23T19:08:44.396Z</time>
      </trkpt>
      <trkpt lat="53.830999" lon="10.737809">
        <ele>6.993808</ele>
        <time>2026-07-23T19:08:57.523Z</time>
      </trkpt>
      <trkpt lat="53.831135" lon="10.737806">
        <ele>6.815413</ele>
        <time>2026-07-23T19:08:59.753Z</time>
      </trkpt>
      <trkpt lat="53.831224" lon="10.737721">
        <ele>6.718503</ele>
        <time>2026-07-23T19:09:01.420Z</time>
      </trkpt>
      <trkpt lat="53.831359" lon="10.737120">
        <ele>6.407198</ele>
        <time>2026-07-23T19:09:07.891Z</time>
      </trkpt>
      <trkpt lat="53.831427" lon="10.736974">
        <ele>6.345794</ele>
        <time>2026-07-23T19:09:09.846Z</time>
      </trkpt>
      <trkpt lat="53.831530" lon="10.736922">
        <ele>6.302149</ele>
        <time>2026-07-23T19:09:11.840Z</time>
      </trkpt>
      <trkpt lat="53.831867" lon="10.737000">
        <ele>6.330559</ele>
        <time>2026-07-23T19:09:18.432Z</time>
      </trkpt>
      <trkpt lat="53.832035" lon="10.736929">
        <ele>6.399989</ele>
        <time>2026-07-23T19:09:22.126Z</time>
      </trkpt>
      <trkpt lat="53.832168" lon="10.736712">
        <ele>6.519363</ele>
        <time>2026-07-23T19:09:26.355Z</time>
      </trkpt>
      <trkpt lat="53.832441" lon="10.735893">
        <ele>6.954972</ele>
        <time>2026-07-23T19:09:39.071Z</time>
      </trkpt>
      <trkpt lat="53.832902" lon="10.735378">
        <ele>7.019274</ele>
        <time>2026-07-23T19:09:49.570Z</time>
      </trkpt>
      <trkpt lat="53.833155" lon="10.734791">
        <ele>7.216075</ele>
        <time>2026-07-23T19:09:59.014Z</time>
      </trkpt>
      <trkpt lat="53.833360" lon="10.734158">
        <ele>7.603322</ele>
        <time>2026-07-23T19:10:08.719Z</time>
      </trkpt>
      <trkpt lat="53.833776" lon="10.733759">
        <ele>8.084364</ele>
        <time>2026-07-23T19:10:20.479Z</time>
      </trkpt>
      <trkpt lat="53.833903" lon="10.733696">
        <ele>8.157528</ele>
        <time>2026-07-23T19:10:23.379Z</time>
      </trkpt>
      <trkpt lat="53.834131" lon="10.733685">
        <ele>8.185058</ele>
        <time>2026-07-23T19:10:27.751Z</time>
      </trkpt>
      <trkpt lat="53.834229" lon="10.733636">
        <ele>8.149426</ele>
        <time>2026-07-23T19:10:29.592Z</time>
      </trkpt>
      <trkpt lat="53.834275" lon="10.733552">
        <ele>8.088515</ele>
        <time>2026-07-23T19:10:30.764Z</time>
      </trkpt>
      <trkpt lat="53.834351" lon="10.733241">
        <ele>7.934214</ele>
        <time>2026-07-23T19:10:34.114Z</time>
      </trkpt>
      <trkpt lat="53.834705" lon="10.732372">
        <ele>7.639739</ele>
        <time>2026-07-23T19:10:45.136Z</time>
      </trkpt>
      <trkpt lat="53.835051" lon="10.731253">
        <ele>7.969319</ele>
        <time>2026-07-23T19:11:01.279Z</time>
      </trkpt>
      <trkpt lat="53.835073" lon="10.731045">
        <ele>7.996326</ele>
        <time>2026-07-23T19:11:03.733Z</time>
      </trkpt>
      <trkpt lat="53.835055" lon="10.730912">
        <ele>7.957838</ele>
        <time>2026-07-23T19:11:05.206Z</time>
      </trkpt>
      <trkpt lat="53.834854" lon="10.730667">
        <ele>7.764277</ele>
        <time>2026-07-23T19:11:09.533Z</time>
      </trkpt>
      <trkpt lat="53.834824" lon="10.730558">
        <ele>7.681246</ele>
        <time>2026-07-23T19:11:10.728Z</time>
      </trkpt>
      <trkpt lat="53.834801" lon="10.730106">
        <ele>7.308699</ele>
        <time>2026-07-23T19:11:15.080Z</time>
      </trkpt>
      <trkpt lat="53.834813" lon="10.729555">
        <ele>6.966732</ele>
        <time>2026-07-23T19:11:20.367Z</time>
      </trkpt>
      <trkpt lat="53.834779" lon="10.728777">
        <ele>6.993881</ele>
        <time>2026-07-23T19:11:29.203Z</time>
      </trkpt>
      <trkpt lat="53.834711" lon="10.728289">
        <ele>7.462038</ele>
        <time>2026-07-23T19:11:37.301Z</time>
      </trkpt>
      <trkpt lat="53.834703" lon="10.727499">
        <ele>8.773196</ele>
        <time>2026-07-23T19:11:52.320Z</time>
      </trkpt>
      <trkpt lat="53.834345" lon="10.726793">
        <ele>9.999284</ele>
        <time>2026-07-23T19:12:08.816Z</time>
      </trkpt>
      <trkpt lat="53.834217" lon="10.726263">
        <ele>10.164302</ele>
        <time>2026-07-23T19:12:15.620Z</time>
      </trkpt>
      <trkpt lat="53.834234" lon="10.725912">
        <ele>10.118317</ele>
        <time>2026-07-23T19:12:19.336Z</time>
      </trkpt>
      <trkpt lat="53.834238" lon="10.725806">
        <ele>10.098081</ele>
        <time>2026-07-23T19:12:20.480Z</time>
      </trkpt>
      <trkpt lat="53.834442" lon="10.724967">
        <ele>9.952362</ele>
        <time>2026-07-23T19:12:30.557Z</time>
      </trkpt>
      <trkpt lat="53.834825" lon="10.724024">
        <ele>9.342963</ele>
        <time>2026-07-23T19:12:42.108Z</time>
      </trkpt>
      <trkpt lat="53.835345" lon="10.723036">
        <ele>8.114873</ele>
        <time>2026-07-23T19:12:54.501Z</time>
      </trkpt>
      <trkpt lat="53.835671" lon="10.722486">
        <ele>7.530009</ele>
        <time>2026-07-23T19:13:02.097Z</time>
      </trkpt>
      <trkpt lat="53.836000" lon="10.721659">
        <ele>7.228650</ele>
        <time>2026-07-23T19:13:12.637Z</time>
      </trkpt>
      <trkpt lat="53.836013" lon="10.721469">
        <ele>7.199998</ele>
        <time>2026-07-23T19:13:14.765Z</time>
      </trkpt>
      <trkpt lat="53.835967" lon="10.721267">
        <ele>7.199712</ele>
        <time>2026-07-23T19:13:17.244Z</time>
      </trkpt>
      <trkpt lat="53.835830" lon="10.721021">
        <ele>6.979797</ele>
        <time>2026-07-23T19:13:20.993Z</time>
      </trkpt>
      <trkpt lat="53.835792" lon="10.720843">
        <ele>6.742071</ele>
        <time>2026-07-23T19:13:22.647Z</time>
      </trkpt>
      <trkpt lat="53.835813" lon="10.720495">
        <ele>5.660474</ele>
        <time>2026-07-23T19:13:25.233Z</time>
      </trkpt>
      <trkpt lat="53.836234" lon="10.718346">
        <ele>5.308869</ele>
        <time>2026-07-23T19:13:50.359Z</time>
      </trkpt>
      <trkpt lat="53.836287" lon="10.718156">
        <ele>5.410005</ele>
        <time>2026-07-23T19:13:56.152Z</time>
      </trkpt>
      <trkpt lat="53.836312" lon="10.718065">
        <ele>5.469255</ele>
        <time>2026-07-23T19:13:58.777Z</time>
      </trkpt>
      <trkpt lat="53.835827" lon="10.717564">
        <ele>5.337697</ele>
        <time>2026-07-23T19:14:08.870Z</time>
      </trkpt>
      <trkpt lat="53.835570" lon="10.717476">
        <ele>5.436114</ele>
        <time>2026-07-23T19:14:14.586Z</time>
      </trkpt>
      <trkpt lat="53.835293" lon="10.717446">
        <ele>5.716334</ele>
        <time>2026-07-23T19:14:21.201Z</time>
      </trkpt>
      <trkpt lat="53.834726" lon="10.717223">
        <ele>6.497744</ele>
        <time>2026-07-23T19:14:36.070Z</time>
      </trkpt>
      <trkpt lat="53.834531" lon="10.717058">
        <ele>6.760335</ele>
        <time>2026-07-23T19:14:41.265Z</time>
      </trkpt>
      <trkpt lat="53.834331" lon="10.716834">
        <ele>6.802311</ele>
        <time>2026-07-23T19:14:46.289Z</time>
      </trkpt>
      <trkpt lat="53.834289" lon="10.716825">
        <ele>6.749246</ele>
        <time>2026-07-23T19:14:47.064Z</time>
      </trkpt>
      <trkpt lat="53.834183" lon="10.716804">
        <ele>6.615474</ele>
        <time>2026-07-23T19:14:48.766Z</time>
      </trkpt>
      <trkpt lat="53.834038" lon="10.716651">
        <ele>6.348719</ele>
        <time>2026-07-23T19:14:51.319Z</time>
      </trkpt>
      <trkpt lat="53.833848" lon="10.716354">
        <ele>6.332743</ele>
        <time>2026-07-23T19:14:56.330Z</time>
      </trkpt>
      <trkpt lat="53.833754" lon="10.716255">
        <ele>6.567193</ele>
        <time>2026-07-23T19:14:59.691Z</time>
      </trkpt>
      <trkpt lat="53.833641" lon="10.716271">
        <ele>6.958442</ele>
        <time>2026-07-23T19:15:03.604Z</time>
      </trkpt>
      <trkpt lat="53.833165" lon="10.716536">
        <ele>9.075585</ele>
        <time>2026-07-23T19:15:23.116Z</time>
      </trkpt>
      <trkpt lat="53.833028" lon="10.716486">
        <ele>9.542254</ele>
        <time>2026-07-23T19:15:28.220Z</time>
      </trkpt>
      <trkpt lat="53.833017" lon="10.716452">
        <ele>9.617787</ele>
        <time>2026-07-23T19:15:28.960Z</time>
      </trkpt>
      <trkpt lat="53.832947" lon="10.716464">
        <ele>9.839932</ele>
        <time>2026-07-23T19:15:30.916Z</time>
      </trkpt>
      <trkpt lat="53.832968" lon="10.716614">
        <ele>9.931136</ele>
        <time>2026-07-23T19:15:33.098Z</time>
      </trkpt>
      <trkpt lat="53.832996" lon="10.716964">
        <ele>10.079042</ele>
        <time>2026-07-23T19:15:37.203Z</time>
      </trkpt>
      <trkpt lat="53.832983" lon="10.717213">
        <ele>10.113183</ele>
        <time>2026-07-23T19:15:40.059Z</time>
      </trkpt>
      <trkpt lat="53.832894" lon="10.717936">
        <ele>10.259297</ele>
        <time>2026-07-23T19:15:48.564Z</time>
      </trkpt>
      <trkpt lat="53.832873" lon="10.718148">
        <ele>10.262543</ele>
        <time>2026-07-23T19:15:50.756Z</time>
      </trkpt>
    </trkseg>
  </trk>
</gpx>