<?xml version='1.0' encoding='UTF-8'?>
<gpx version="1.1" creator="https://www.komoot.de" xmlns="http://www.topografix.com/GPX/1/1" xmlns:xsi="http://www.w3.org/2001/XMLSchema-instance" xsi:schemaLocation="http://www.topografix.com/GPX/1/1 http://www.topografix.com/GPX/1/1/gpx.xsd">
  <metadata>
    <name>Mini-Matschfuß</name>
    <author>
      <link href="https://www.komoot.de">
        <text>komoot</text>
        <type>text/html</type>
      </link>
    </author>
  </metadata>
  <wpt lat="53.663816" lon="10.911865">
    <name>Dielencafé</name>
    <sym>Restaurant</sym>
  </wpt>
  <trk>
    <name>Mini-Matschfuß</name>
    <type>mtb_easy</type>
    <trkseg>
      <trkpt lat="53.838103" lon="10.678410">
        <ele>12.141374</ele>
        <time>2026-10-02T06:48:25.584Z</time>
      </trkpt>
      <trkpt lat="53.838034" lon="10.678355">
        <ele>12.141374</ele>
        <time>2026-10-02T06:48:26.831Z</time>
      </trkpt>
      <trkpt lat="53.837760" lon="10.678047">
        <ele>12.141374</ele>
        <time>2026-10-02T06:48:32.127Z</time>
      </trkpt>
      <trkpt lat="53.837243" lon="10.677476">
        <ele>12.179600</ele>
        <time>2026-10-02T06:48:42.229Z</time>
      </trkpt>
      <trkpt lat="53.836849" lon="10.677122">
        <ele>12.318389</ele>
        <time>2026-10-02T06:48:49.406Z</time>
      </trkpt>
      <trkpt lat="53.836788" lon="10.677094">
        <ele>12.338057</ele>
        <time>2026-10-02T06:48:50.431Z</time>
      </trkpt>
      <trkpt lat="53.834729" lon="10.676710">
        <ele>13.398933</ele>
        <time>2026-10-02T06:49:33.199Z</time>
      </trkpt>
      <trkpt lat="53.834666" lon="10.676901">
        <ele>13.498518</ele>
        <time>2026-10-02T06:49:36.044Z</time>
      </trkpt>
      <trkpt lat="53.834618" lon="10.677077">
        <ele>13.586759</ele>
        <time>2026-10-02T06:49:38.573Z</time>
      </trkpt>
      <trkpt lat="53.834628" lon="10.677440">
        <ele>13.752147</ele>
        <time>2026-10-02T06:49:43.098Z</time>
      </trkpt>
      <trkpt lat="53.834348" lon="10.678978">
        <ele>14.267487</ele>
        <time>2026-10-02T06:50:01.791Z</time>
      </trkpt>
      <trkpt lat="53.834192" lon="10.679942">
        <ele>14.473131</ele>
        <time>2026-10-02T06:50:12.911Z</time>
      </trkpt>
      <trkpt lat="53.834072" lon="10.680658">
        <ele>14.626258</ele>
        <time>2026-10-02T06:50:21.821Z</time>
      </trkpt>
      <trkpt lat="53.833840" lon="10.681897">
        <ele>14.720358</ele>
        <time>2026-10-02T06:50:36.613Z</time>
      </trkpt>
      <trkpt lat="53.833735" lon="10.682175">
        <ele>14.722259</ele>
        <time>2026-10-02T06:50:40.495Z</time>
      </trkpt>
      <trkpt lat="53.833497" lon="10.682739">
        <ele>14.726252</ele>
        <time>2026-10-02T06:50:48.344Z</time>
      </trkpt>
      <trkpt lat="53.833441" lon="10.682960">
        <ele>14.727637</ele>
        <time>2026-10-02T06:50:51.008Z</time>
      </trkpt>
      <trkpt lat="53.833274" lon="10.683701">
        <ele>14.732205</ele>
        <time>2026-10-02T06:50:59.719Z</time>
      </trkpt>
      <trkpt lat="53.832944" lon="10.685423">
        <ele>14.829518</ele>
        <time>2026-10-02T06:51:20.120Z</time>
      </trkpt>
      <trkpt lat="53.832833" lon="10.685816">
        <ele>14.854473</ele>
        <time>2026-10-02T06:51:25.277Z</time>
      </trkpt>
      <trkpt lat="53.832584" lon="10.686202">
        <ele>14.887228</ele>
        <time>2026-10-02T06:51:32.337Z</time>
      </trkpt>
      <trkpt lat="53.832376" lon="10.686499">
        <ele>14.907725</ele>
        <time>2026-10-02T06:51:38.105Z</time>
      </trkpt>
      <trkpt lat="53.832245" lon="10.686713">
        <ele>14.908402</ele>
        <time>2026-10-02T06:51:41.915Z</time>
      </trkpt>
      <trkpt lat="53.832088" lon="10.686945">
        <ele>14.909177</ele>
        <time>2026-10-02T06:51:46.218Z</time>
      </trkpt>
      <trkpt lat="53.831839" lon="10.687163">
        <ele>14.910219</ele>
        <time>2026-10-02T06:51:51.740Z</time>
      </trkpt>
      <trkpt lat="53.831502" lon="10.687334">
        <ele>14.911528</ele>
        <time>2026-10-02T06:51:58.174Z</time>
      </trkpt>
      <trkpt lat="53.830986" lon="10.687395">
        <ele>14.913452</ele>
        <time>2026-10-02T06:52:08.212Z</time>
      </trkpt>
      <trkpt lat="53.830959" lon="10.687399">
        <ele>14.913553</ele>
        <time>2026-10-02T06:52:08.684Z</time>
      </trkpt>
      <trkpt lat="53.830887" lon="10.687396">
        <ele>14.913821</ele>
        <time>2026-10-02T06:52:09.911Z</time>
      </trkpt>
      <trkpt lat="53.830752" lon="10.687345">
        <ele>14.882622</ele>
        <time>2026-10-02T06:52:12.244Z</time>
      </trkpt>
      <trkpt lat="53.830709" lon="10.687239">
        <ele>14.825073</ele>
        <time>2026-10-02T06:52:13.526Z</time>
      </trkpt>
      <trkpt lat="53.830615" lon="10.686936">
        <ele>14.671915</ele>
        <time>2026-10-02T06:52:16.741Z</time>
      </trkpt>
      <trkpt lat="53.830518" lon="10.686642">
        <ele>14.521214</ele>
        <time>2026-10-02T06:52:19.873Z</time>
      </trkpt>
      <trkpt lat="53.830445" lon="10.686421">
        <ele>14.407900</ele>
        <time>2026-10-02T06:52:22.177Z</time>
      </trkpt>
      <trkpt lat="53.830389" lon="10.686345">
        <ele>14.353506</ele>
        <time>2026-10-02T06:52:23.290Z</time>
      </trkpt>
      <trkpt lat="53.830320" lon="10.686317">
        <ele>14.299717</ele>
        <time>2026-10-02T06:52:24.342Z</time>
      </trkpt>
      <trkpt lat="53.830248" lon="10.686338">
        <ele>14.244330</ele>
        <time>2026-10-02T06:52:25.472Z</time>
      </trkpt>
      <trkpt lat="53.829505" lon="10.686878">
        <ele>13.631418</ele>
        <time>2026-10-02T06:52:37.531Z</time>
      </trkpt>
      <trkpt lat="53.829078" lon="10.687230">
        <ele>13.396428</ele>
        <time>2026-10-02T06:52:44.221Z</time>
      </trkpt>
      <trkpt lat="53.828983" lon="10.687297">
        <ele>13.353348</ele>
        <time>2026-10-02T06:52:45.690Z</time>
      </trkpt>
      <trkpt lat="53.828997" lon="10.687928">
        <ele>13.197323</ele>
        <time>2026-10-02T06:52:51.609Z</time>
      </trkpt>
      <trkpt lat="53.828980" lon="10.688175">
        <ele>13.135878</ele>
        <time>2026-10-02T06:52:54.094Z</time>
      </trkpt>
      <trkpt lat="53.828997" lon="10.688439">
        <ele>13.070259</ele>
        <time>2026-10-02T06:52:56.876Z</time>
      </trkpt>
      <trkpt lat="53.829026" lon="10.688645">
        <ele>13.017930</ele>
        <time>2026-10-02T06:52:59.278Z</time>
      </trkpt>
      <trkpt lat="53.829135" lon="10.688995">
        <ele>12.920147</ele>
        <time>2026-10-02T06:53:04.131Z</time>
      </trkpt>
      <trkpt lat="53.829198" lon="10.689170">
        <ele>12.869497</ele>
        <time>2026-10-02T06:53:06.827Z</time>
      </trkpt>
      <trkpt lat="53.829682" lon="10.690241">
        <ele>12.171117</ele>
        <time>2026-10-02T06:53:23.127Z</time>
      </trkpt>
      <trkpt lat="53.829830" lon="10.690629">
        <ele>11.897533</ele>
        <time>2026-10-02T06:53:27.504Z</time>
      </trkpt>
      <trkpt lat="53.829801" lon="10.690661">
        <ele>11.862808</ele>
        <time>2026-10-02T06:53:28.001Z</time>
      </trkpt>
      <trkpt lat="53.829835" lon="10.690750">
        <ele>11.800025</ele>
        <time>2026-10-02T06:53:28.910Z</time>
      </trkpt>
      <trkpt lat="53.829194" lon="10.691594">
        <ele>10.977782</ele>
        <time>2026-10-02T06:53:41.525Z</time>
      </trkpt>
      <trkpt lat="53.828832" lon="10.692109">
        <ele>10.007136</ele>
        <time>2026-10-02T06:53:48.532Z</time>
      </trkpt>
      <trkpt lat="53.828772" lon="10.692354">
        <ele>9.685658</ele>
        <time>2026-10-02T06:53:50.874Z</time>
      </trkpt>
      <trkpt lat="53.828665" lon="10.692685">
        <ele>9.228266</ele>
        <time>2026-10-02T06:53:54.269Z</time>
      </trkpt>
      <trkpt lat="53.828471" lon="10.693868">
        <ele>7.740191</ele>
        <time>2026-10-02T06:54:05.642Z</time>
      </trkpt>
      <trkpt lat="53.828418" lon="10.694729">
        <ele>6.980856</ele>
        <time>2026-10-02T06:54:13.657Z</time>
      </trkpt>
      <trkpt lat="53.828475" lon="10.695366">
        <ele>6.572036</ele>
        <time>2026-10-02T06:54:19.684Z</time>
      </trkpt>
      <trkpt lat="53.828576" lon="10.695686">
        <ele>6.341773</ele>
        <time>2026-10-02T06:54:23.182Z</time>
      </trkpt>
      <trkpt lat="53.828590" lon="10.695867">
        <ele>6.225940</ele>
        <time>2026-10-02T06:54:24.989Z</time>
      </trkpt>
      <trkpt lat="53.828597" lon="10.696093">
        <ele>6.082337</ele>
        <time>2026-10-02T06:54:27.255Z</time>
      </trkpt>
      <trkpt lat="53.828557" lon="10.696459">
        <ele>5.846149</ele>
        <time>2026-10-02T06:54:31.064Z</time>
      </trkpt>
      <trkpt lat="53.828587" lon="10.696616">
        <ele>5.741436</ele>
        <time>2026-10-02T06:54:32.816Z</time>
      </trkpt>
      <trkpt lat="53.828607" lon="10.696738">
        <ele>5.661091</ele>
        <time>2026-10-02T06:54:34.141Z</time>
      </trkpt>
      <trkpt lat="53.828750" lon="10.697008">
        <ele>5.430899</ele>
        <time>2026-10-02T06:54:38.032Z</time>
      </trkpt>
      <trkpt lat="53.828889" lon="10.697584">
        <ele>5.566510</ele>
        <time>2026-10-02T06:54:44.996Z</time>
      </trkpt>
      <trkpt lat="53.828927" lon="10.697850">
        <ele>5.672375</ele>
        <time>2026-10-02T06:54:48.193Z</time>
      </trkpt>
      <trkpt lat="53.828939" lon="10.698207">
        <ele>5.810692</ele>
        <time>2026-10-02T06:54:52.798Z</time>
      </trkpt>
      <trkpt lat="53.829011" lon="10.698553">
        <ele>5.952606</ele>
        <time>2026-10-02T06:54:57.783Z</time>
      </trkpt>
      <trkpt lat="53.829023" lon="10.698932">
        <ele>6.099420</ele>
        <time>2026-10-02T06:55:03.009Z</time>
      </trkpt>
      <trkpt lat="53.829035" lon="10.699447">
        <ele>6.298785</ele>
        <time>2026-10-02T06:55:10.294Z</time>
      </trkpt>
      <trkpt lat="53.829120" lon="10.700146">
        <ele>6.584254</ele>
        <time>2026-10-02T06:55:20.726Z</time>
      </trkpt>
      <trkpt lat="53.828958" lon="10.701769">
        <ele>7.417884</ele>
        <time>2026-10-02T06:55:44.180Z</time>
      </trkpt>
      <trkpt lat="53.828984" lon="10.702321">
        <ele>7.698331</ele>
        <time>2026-10-02T06:55:52.221Z</time>
      </trkpt>
      <trkpt lat="53.829063" lon="10.702901">
        <ele>7.999789</ele>
        <time>2026-10-02T06:56:00.303Z</time>
      </trkpt>
      <trkpt lat="53.829255" lon="10.703300">
        <ele>8.057512</ele>
        <time>2026-10-02T06:56:05.963Z</time>
      </trkpt>
      <trkpt lat="53.829422" lon="10.703582">
        <ele>8.021976</ele>
        <time>2026-10-02T06:56:09.984Z</time>
      </trkpt>
      <trkpt lat="53.829611" lon="10.703732">
        <ele>7.990520</ele>
        <time>2026-10-02T06:56:13.666Z</time>
      </trkpt>
      <trkpt lat="53.829755" lon="10.703922">
        <ele>7.963011</ele>
        <time>2026-10-02T06:56:17.003Z</time>
      </trkpt>
      <trkpt lat="53.829821" lon="10.704227">
        <ele>7.934115</ele>
        <time>2026-10-02T06:56:20.508Z</time>
      </trkpt>
      <trkpt lat="53.829842" lon="10.704802">
        <ele>7.882869</ele>
        <time>2026-10-02T06:56:26.766Z</time>
      </trkpt>
      <trkpt lat="53.830015" lon="10.705272">
        <ele>7.833597</ele>
        <time>2026-10-02T06:56:32.820Z</time>
      </trkpt>
      <trkpt lat="53.830788" lon="10.706517">
        <ele>8.091706</ele>
        <time>2026-10-02T06:56:54.571Z</time>
      </trkpt>
      <trkpt lat="53.831885" lon="10.708203">
        <ele>8.630496</ele>
        <time>2026-10-02T06:57:25.960Z</time>
      </trkpt>
      <trkpt lat="53.832017" lon="10.708465">
        <ele>8.724866</ele>
        <time>2026-10-02T06:57:29.823Z</time>
      </trkpt>
      <trkpt lat="53.832607" lon="10.709305">
        <ele>9.082577</ele>
        <time>2026-10-02T06:57:46.275Z</time>
      </trkpt>
      <trkpt lat="53.832672" lon="10.709494">
        <ele>9.142502</ele>
        <time>2026-10-02T06:57:49.270Z</time>
      </trkpt>
      <trkpt lat="53.832677" lon="10.709575">
        <ele>9.164812</ele>
        <time>2026-10-02T06:57:50.426Z</time>
      </trkpt>
      <trkpt lat="53.832698" lon="10.709781">
        <ele>9.167187</ele>
        <time>2026-10-02T06:57:53.399Z</time>
      </trkpt>
      <trkpt lat="53.832858" lon="10.710217">
        <ele>9.160532</ele>
        <time>2026-10-02T06:58:00.242Z</time>
      </trkpt>
      <trkpt lat="53.833122" lon="10.710686">
        <ele>9.152130</ele>
        <time>2026-10-02T06:58:07.937Z</time>
      </trkpt>
      <trkpt lat="53.833358" lon="10.710934">
        <ele>9.146030</ele>
        <time>2026-10-02T06:58:13.252Z</time>
      </trkpt>
      <trkpt lat="53.833456" lon="10.711123">
        <ele>9.142769</ele>
        <time>2026-10-02T06:58:15.996Z</time>
      </trkpt>
      <trkpt lat="53.833544" lon="10.711531">
        <ele>9.137138</ele>
        <time>2026-10-02T06:58:19.922Z</time>
      </trkpt>
      <trkpt lat="53.833654" lon="10.711980">
        <ele>9.130836</ele>
        <time>2026-10-02T06:58:24.427Z</time>
      </trkpt>
      <trkpt lat="53.834013" lon="10.713002">
        <ele>8.780146</ele>
        <time>2026-10-02T06:58:35.054Z</time>
      </trkpt>
      <trkpt lat="53.834299" lon="10.713832">
        <ele>8.484303</ele>
        <time>2026-10-02T06:58:43.922Z</time>
      </trkpt>
      <trkpt lat="53.834317" lon="10.713883">
        <ele>8.466011</ele>
        <time>2026-10-02T06:58:44.497Z</time>
      </trkpt>
      <trkpt lat="53.834426" lon="10.714222">
        <ele>8.347182</ele>
        <time>2026-10-02T06:58:48.110Z</time>
      </trkpt>
      <trkpt lat="53.834515" lon="10.714515">
        <ele>8.245749</ele>
        <time>2026-10-02T06:58:51.225Z</time>
      </trkpt>
      <trkpt lat="53.834127" lon="10.714981">
        <ele>8.359960</ele>
        <time>2026-10-02T06:58:59.464Z</time>
      </trkpt>
      <trkpt lat="53.834021" lon="10.715145">
        <ele>8.424681</ele>
        <time>2026-10-02T06:59:01.897Z</time>
      </trkpt>
      <trkpt lat="53.833644" lon="10.715555">
        <ele>8.626668</ele>
        <time>2026-10-02T06:59:09.998Z</time>
      </trkpt>
      <trkpt lat="53.833532" lon="10.715663">
        <ele>8.684773</ele>
        <time>2026-10-02T06:59:12.628Z</time>
      </trkpt>
      <trkpt lat="53.833154" lon="10.716020">
        <ele>8.879900</ele>
        <time>2026-10-02T06:59:21.426Z</time>
      </trkpt>
      <trkpt lat="53.832895" lon="10.716218">
        <ele>9.009500</ele>
        <time>2026-10-02T06:59:27.774Z</time>
      </trkpt>
      <trkpt lat="53.832928" lon="10.716322">
        <ele>9.050213</ele>
        <time>2026-10-02T06:59:30.373Z</time>
      </trkpt>
      <trkpt lat="53.832947" lon="10.716464">
        <ele>9.100415</ele>
        <time>2026-10-02T06:59:32.516Z</time>
      </trkpt>
      <trkpt lat="53.832968" lon="10.716614">
        <ele>9.153568</ele>
        <time>2026-10-02T06:59:34.729Z</time>
      </trkpt>
      <trkpt lat="53.832996" lon="10.716964">
        <ele>9.275346</ele>
        <time>2026-10-02T06:59:39.882Z</time>
      </trkpt>
      <trkpt lat="53.832983" lon="10.717213">
        <ele>9.361533</ele>
        <time>2026-10-02T06:59:43.311Z</time>
      </trkpt>
      <trkpt lat="53.832894" lon="10.717936">
        <ele>9.616178</ele>
        <time>2026-10-02T06:59:52.336Z</time>
      </trkpt>
      <trkpt lat="53.832787" lon="10.718993">
        <ele>9.985939</ele>
        <time>2026-10-02T07:00:03.808Z</time>
      </trkpt>
      <trkpt lat="53.832780" lon="10.719056">
        <ele>10.008042</ele>
        <time>2026-10-02T07:00:04.469Z</time>
      </trkpt>
      <trkpt lat="53.832719" lon="10.719572">
        <ele>10.019342</ele>
        <time>2026-10-02T07:00:09.972Z</time>
      </trkpt>
      <trkpt lat="53.832601" lon="10.720063">
        <ele>9.972841</ele>
        <time>2026-10-02T07:00:15.719Z</time>
      </trkpt>
      <trkpt lat="53.832546" lon="10.720213">
        <ele>9.957351</ele>
        <time>2026-10-02T07:00:17.615Z</time>
      </trkpt>
      <trkpt lat="53.832416" lon="10.720541">
        <ele>9.922696</ele>
        <time>2026-10-02T07:00:21.760Z</time>
      </trkpt>
      <trkpt lat="53.832409" lon="10.720559">
        <ele>9.920805</ele>
        <time>2026-10-02T07:00:21.997Z</time>
      </trkpt>
      <trkpt lat="53.832399" lon="10.720584">
        <ele>9.918156</ele>
        <time>2026-10-02T07:00:22.334Z</time>
      </trkpt>
      <trkpt lat="53.832299" lon="10.720821">
        <ele>9.892601</ele>
        <time>2026-10-02T07:00:25.367Z</time>
      </trkpt>
      <trkpt lat="53.832183" lon="10.721098">
        <ele>9.862809</ele>
        <time>2026-10-02T07:00:28.861Z</time>
      </trkpt>
      <trkpt lat="53.832031" lon="10.721437">
        <ele>9.825466</ele>
        <time>2026-10-02T07:00:33.217Z</time>
      </trkpt>
      <trkpt lat="53.832023" lon="10.721456">
        <ele>9.823418</ele>
        <time>2026-10-02T07:00:33.451Z</time>
      </trkpt>
      <trkpt lat="53.831865" lon="10.721818">
        <ele>9.780556</ele>
        <time>2026-10-02T07:00:37.888Z</time>
      </trkpt>
      <trkpt lat="53.831575" lon="10.722542">
        <ele>9.604072</ele>
        <time>2026-10-02T07:00:46.502Z</time>
      </trkpt>
      <trkpt lat="53.831209" lon="10.723429">
        <ele>9.385777</ele>
        <time>2026-10-02T07:00:56.846Z</time>
      </trkpt>
      <trkpt lat="53.830600" lon="10.724956">
        <ele>9.444040</ele>
        <time>2026-10-02T07:01:16.300Z</time>
      </trkpt>
      <trkpt lat="53.830519" lon="10.725157">
        <ele>9.528752</ele>
        <time>2026-10-02T07:01:19.557Z</time>
      </trkpt>
      <trkpt lat="53.830288" lon="10.725730">
        <ele>9.770274</ele>
        <time>2026-10-02T07:01:29.302Z</time>
      </trkpt>
      <trkpt lat="53.830209" lon="10.725925">
        <ele>9.852597</ele>
        <time>2026-10-02T07:01:32.577Z</time>
      </trkpt>
      <trkpt lat="53.830141" lon="10.726089">
        <ele>9.922357</ele>
        <time>2026-10-02T07:01:35.258Z</time>
      </trkpt>
      <trkpt lat="53.830064" lon="10.726277">
        <ele>10.002005</ele>
        <time>2026-10-02T07:01:38.300Z</time>
      </trkpt>
      <trkpt lat="53.829987" lon="10.726464">
        <ele>10.081367</ele>
        <time>2026-10-02T07:01:41.214Z</time>
      </trkpt>
      <trkpt lat="53.829920" lon="10.726627">
        <ele>10.150504</ele>
        <time>2026-10-02T07:01:43.752Z</time>
      </trkpt>
      <trkpt lat="53.829834" lon="10.726835">
        <ele>10.229817</ele>
        <time>2026-10-02T07:01:46.655Z</time>
      </trkpt>
      <trkpt lat="53.829683" lon="10.727203">
        <ele>10.162627</ele>
        <time>2026-10-02T07:01:51.351Z</time>
      </trkpt>
      <trkpt lat="53.829672" lon="10.727229">
        <ele>10.157832</ele>
        <time>2026-10-02T07:01:51.689Z</time>
      </trkpt>
      <trkpt lat="53.829566" lon="10.727486">
        <ele>10.110829</ele>
        <time>2026-10-02T07:01:54.906Z</time>
      </trkpt>
      <trkpt lat="53.829066" lon="10.728750">
        <ele>9.882716</ele>
        <time>2026-10-02T07:02:09.569Z</time>
      </trkpt>
      <trkpt lat="53.828656" lon="10.729747">
        <ele>10.093744</ele>
        <time>2026-10-02T07:02:21.537Z</time>
      </trkpt>
      <trkpt lat="53.828409" lon="10.730363">
        <ele>10.566328</ele>
        <time>2026-10-02T07:02:31.089Z</time>
      </trkpt>
      <trkpt lat="53.828310" lon="10.730614">
        <ele>10.757903</ele>
        <time>2026-10-02T07:02:35.612Z</time>
      </trkpt>
      <trkpt lat="53.828209" lon="10.730872">
        <ele>10.954367</ele>
        <time>2026-10-02T07:02:40.463Z</time>
      </trkpt>
      <trkpt lat="53.828107" lon="10.731131">
        <ele>11.151956</ele>
        <time>2026-10-02T07:02:45.503Z</time>
      </trkpt>
      <trkpt lat="53.827788" lon="10.731943">
        <ele>11.760913</ele>
        <time>2026-10-02T07:03:00.615Z</time>
      </trkpt>
      <trkpt lat="53.827768" lon="10.731988">
        <ele>11.790811</ele>
        <time>2026-10-02T07:03:01.456Z</time>
      </trkpt>
      <trkpt lat="53.827495" lon="10.732628">
        <ele>12.209913</ele>
        <time>2026-10-02T07:03:12.253Z</time>
      </trkpt>
      <trkpt lat="53.826930" lon="10.733432">
        <ele>12.873408</ele>
        <time>2026-10-02T07:03:27.974Z</time>
      </trkpt>
      <trkpt lat="53.826640" lon="10.733785">
        <ele>13.194512</ele>
        <time>2026-10-02T07:03:34.308Z</time>
      </trkpt>
      <trkpt lat="53.826439" lon="10.734026">
        <ele>13.334820</ele>
        <time>2026-10-02T07:03:38.497Z</time>
      </trkpt>
      <trkpt lat="53.825659" lon="10.732732">
        <ele>13.421281</ele>
        <time>2026-10-02T07:04:15.385Z</time>
      </trkpt>
      <trkpt lat="53.825254" lon="10.733093">
        <ele>13.457525</ele>
        <time>2026-10-02T07:04:31.077Z</time>
      </trkpt>
      <trkpt lat="53.824876" lon="10.733445">
        <ele>13.546410</ele>
        <time>2026-10-02T07:04:45.897Z</time>
      </trkpt>
      <trkpt lat="53.824102" lon="10.734293">
        <ele>13.798965</ele>
        <time>2026-10-02T07:05:18.050Z</time>
      </trkpt>
      <trkpt lat="53.822907" lon="10.735442">
        <ele>13.833930</ele>
        <time>2026-10-02T07:06:06.719Z</time>
      </trkpt>
      <trkpt lat="53.821977" lon="10.736515">
        <ele>13.558028</ele>
        <time>2026-10-02T07:06:43.295Z</time>
      </trkpt>
      <trkpt lat="53.820867" lon="10.737623">
        <ele>12.233389</ele>
        <time>2026-10-02T07:07:22.263Z</time>
      </trkpt>
      <trkpt lat="53.820360" lon="10.738121">
        <ele>11.844243</ele>
        <time>2026-10-02T07:07:40.989Z</time>
      </trkpt>
      <trkpt lat="53.819459" lon="10.739000">
        <ele>12.005143</ele>
        <time>2026-10-02T07:08:17.285Z</time>
      </trkpt>
      <trkpt lat="53.818884" lon="10.739639">
        <ele>12.150202</ele>
        <time>2026-10-02T07:08:41.998Z</time>
      </trkpt>
      <trkpt lat="53.818269" lon="10.740200">
        <ele>12.505431</ele>
        <time>2026-10-02T07:09:06.641Z</time>
      </trkpt>
      <trkpt lat="53.817454" lon="10.741030">
        <ele>12.989047</ele>
        <time>2026-10-02T07:09:41.620Z</time>
      </trkpt>
      <trkpt lat="53.816876" lon="10.741613">
        <ele>13.084109</ele>
        <time>2026-10-02T07:10:05.347Z</time>
      </trkpt>
      <trkpt lat="53.816600" lon="10.741818">
        <ele>13.119703</ele>
        <time>2026-10-02T07:10:15.295Z</time>
      </trkpt>
      <trkpt lat="53.815677" lon="10.742768">
        <ele>13.294516</ele>
        <time>2026-10-02T07:10:51.479Z</time>
      </trkpt>
      <trkpt lat="53.815433" lon="10.741804">
        <ele>13.503422</ele>
        <time>2026-10-02T07:11:11.905Z</time>
      </trkpt>
      <trkpt lat="53.815004" lon="10.742294">
        <ele>13.677982</ele>
        <time>2026-10-02T07:11:30.132Z</time>
      </trkpt>
      <trkpt lat="53.814491" lon="10.742729">
        <ele>13.800326</ele>
        <time>2026-10-02T07:11:49.667Z</time>
      </trkpt>
      <trkpt lat="53.813992" lon="10.743171">
        <ele>13.675151</ele>
        <time>2026-10-02T07:12:07.463Z</time>
      </trkpt>
      <trkpt lat="53.813693" lon="10.743292">
        <ele>13.606815</ele>
        <time>2026-10-02T07:12:16.955Z</time>
      </trkpt>
      <trkpt lat="53.813626" lon="10.743361">
        <ele>13.589385</ele>
        <time>2026-10-02T07:12:18.297Z</time>
      </trkpt>
      <trkpt lat="53.811638" lon="10.745397">
        <ele>12.304941</ele>
        <time>2026-10-02T07:12:56.298Z</time>
      </trkpt>
      <trkpt lat="53.811550" lon="10.745307">
        <ele>12.232766</ele>
        <time>2026-10-02T07:12:58.143Z</time>
      </trkpt>
      <trkpt lat="53.811144" lon="10.744709">
        <ele>11.775740</ele>
        <time>2026-10-02T07:13:07.655Z</time>
      </trkpt>
      <trkpt lat="53.811102" lon="10.744648">
        <ele>11.726993</ele>
        <time>2026-10-02T07:13:08.808Z</time>
      </trkpt>
      <trkpt lat="53.810528" lon="10.745614">
        <ele>11.014056</ele>
        <time>2026-10-02T07:13:20.887Z</time>
      </trkpt>
      <trkpt lat="53.810465" lon="10.745435">
        <ele>10.905650</ele>
        <time>2026-10-02T07:13:22.689Z</time>
      </trkpt>
      <trkpt lat="53.810451" lon="10.745219">
        <ele>10.792608</ele>
        <time>2026-10-02T07:13:24.567Z</time>
      </trkpt>
      <trkpt lat="53.810477" lon="10.744876">
        <ele>10.612709</ele>
        <time>2026-10-02T07:13:27.592Z</time>
      </trkpt>
      <trkpt lat="53.810545" lon="10.744009">
        <ele>10.366717</ele>
        <time>2026-10-02T07:13:35.723Z</time>
      </trkpt>
      <trkpt lat="53.810676" lon="10.742467">
        <ele>9.956154</ele>
        <time>2026-10-02T07:13:50.792Z</time>
      </trkpt>
      <trkpt lat="53.810677" lon="10.742300">
        <ele>9.912140</ele>
        <time>2026-10-02T07:13:52.331Z</time>
      </trkpt>
      <trkpt lat="53.810631" lon="10.742018">
        <ele>9.835038</ele>
        <time>2026-10-02T07:13:55.110Z</time>
      </trkpt>
      <trkpt lat="53.810288" lon="10.741264">
        <ele>9.771353</ele>
        <time>2026-10-02T07:14:04.198Z</time>
      </trkpt>
      <trkpt lat="53.810258" lon="10.741200">
        <ele>9.770560</ele>
        <time>2026-10-02T07:14:05.066Z</time>
      </trkpt>
      <trkpt lat="53.810162" lon="10.741264">
        <ele>9.768864</ele>
        <time>2026-10-02T07:14:06.924Z</time>
      </trkpt>
      <trkpt lat="53.809961" lon="10.741170">
        <ele>9.765436</ele>
        <time>2026-10-02T07:14:10.885Z</time>
      </trkpt>
      <trkpt lat="53.808738" lon="10.739746">
        <ele>9.939665</ele>
        <time>2026-10-02T07:14:40.598Z</time>
      </trkpt>
      <trkpt lat="53.808519" lon="10.739558">
        <ele>10.037056</ele>
        <time>2026-10-02T07:14:45.783Z</time>
      </trkpt>
      <trkpt lat="53.807460" lon="10.739210">
        <ele>10.465177</ele>
        <time>2026-10-02T07:15:08.447Z</time>
      </trkpt>
      <trkpt lat="53.807052" lon="10.739128">
        <ele>10.642301</ele>
        <time>2026-10-02T07:15:17.691Z</time>
      </trkpt>
      <trkpt lat="53.806783" lon="10.739136">
        <ele>10.758286</ele>
        <time>2026-10-02T07:15:24.006Z</time>
      </trkpt>
      <trkpt lat="53.806454" lon="10.739285">
        <ele>10.905103</ele>
        <time>2026-10-02T07:15:32.003Z</time>
      </trkpt>
      <trkpt lat="53.806006" lon="10.739627">
        <ele>11.116954</ele>
        <time>2026-10-02T07:15:42.257Z</time>
      </trkpt>
      <trkpt lat="53.805719" lon="10.739897">
        <ele>11.226956</ele>
        <time>2026-10-02T07:15:48.207Z</time>
      </trkpt>
      <trkpt lat="53.805658" lon="10.740038">
        <ele>11.203659</ele>
        <time>2026-10-02T07:15:50.072Z</time>
      </trkpt>
      <trkpt lat="53.805553" lon="10.740286">
        <ele>11.162986</ele>
        <time>2026-10-02T07:15:53.258Z</time>
      </trkpt>
      <trkpt lat="53.805408" lon="10.740101">
        <ele>11.122010</ele>
        <time>2026-10-02T07:15:56.477Z</time>
      </trkpt>
      <trkpt lat="53.805181" lon="10.739769">
        <ele>11.054310</ele>
        <time>2026-10-02T07:16:01.678Z</time>
      </trkpt>
      <trkpt lat="53.803097" lon="10.735890">
        <ele>10.867410</ele>
        <time>2026-10-02T07:17:01.204Z</time>
      </trkpt>
      <trkpt lat="53.802698" lon="10.735073">
        <ele>10.859160</ele>
        <time>2026-10-02T07:17:13.082Z</time>
      </trkpt>
      <trkpt lat="53.802465" lon="10.734724">
        <ele>10.855061</ele>
        <time>2026-10-02T07:17:18.895Z</time>
      </trkpt>
      <trkpt lat="53.802248" lon="10.734464">
        <ele>10.851558</ele>
        <time>2026-10-02T07:17:23.875Z</time>
      </trkpt>
      <trkpt lat="53.802258" lon="10.733456">
        <ele>11.019312</ele>
        <time>2026-10-02T07:17:34.406Z</time>
      </trkpt>
      <trkpt lat="53.802159" lon="10.731881">
        <ele>11.533040</ele>
        <time>2026-10-02T07:17:53.544Z</time>
      </trkpt>
      <trkpt lat="53.802017" lon="10.730152">
        <ele>11.934386</ele>
        <time>2026-10-02T07:18:14.452Z</time>
      </trkpt>
      <trkpt lat="53.800380" lon="10.730650">
        <ele>12.473447</ele>
        <time>2026-10-02T07:18:42.476Z</time>
      </trkpt>
      <trkpt lat="53.799950" lon="10.730749">
        <ele>12.810723</ele>
        <time>2026-10-02T07:18:51.784Z</time>
      </trkpt>
      <trkpt lat="53.799691" lon="10.730740">
        <ele>13.012063</ele>
        <time>2026-10-02T07:18:57.642Z</time>
      </trkpt>
      <trkpt lat="53.799483" lon="10.730683">
        <ele>13.175826</ele>
        <time>2026-10-02T07:19:02.559Z</time>
      </trkpt>
      <trkpt lat="53.799174" lon="10.730481">
        <ele>13.433262</ele>
        <time>2026-10-02T07:19:10.596Z</time>
      </trkpt>
      <trkpt lat="53.795891" lon="10.727573">
        <ele>14.969557</ele>
        <time>2026-10-02T07:20:20.215Z</time>
      </trkpt>
      <trkpt lat="53.795180" lon="10.727015">
        <ele>15.043108</ele>
        <time>2026-10-02T07:20:34.152Z</time>
      </trkpt>
      <trkpt lat="53.794350" lon="10.726547">
        <ele>15.090603</ele>
        <time>2026-10-02T07:20:51.222Z</time>
      </trkpt>
      <trkpt lat="53.793468" lon="10.726148">
        <ele>14.921816</ele>
        <time>2026-10-02T07:21:09.569Z</time>
      </trkpt>
      <trkpt lat="53.793298" lon="10.726138">
        <ele>14.874902</ele>
        <time>2026-10-02T07:21:12.692Z</time>
      </trkpt>
      <trkpt lat="53.792220" lon="10.726308">
        <ele>14.582235</ele>
        <time>2026-10-02T07:21:32.802Z</time>
      </trkpt>
      <trkpt lat="53.792015" lon="10.726342">
        <ele>14.535991</ele>
        <time>2026-10-02T07:21:36.876Z</time>
      </trkpt>
      <trkpt lat="53.791626" lon="10.726407">
        <ele>14.448234</ele>
        <time>2026-10-02T07:21:44.392Z</time>
      </trkpt>
      <trkpt lat="53.791280" lon="10.726440">
        <ele>14.370432</ele>
        <time>2026-10-02T07:21:51.013Z</time>
      </trkpt>
      <trkpt lat="53.791099" lon="10.726377">
        <ele>14.328947</ele>
        <time>2026-10-02T07:21:54.530Z</time>
      </trkpt>
      <trkpt lat="53.790750" lon="10.726118">
        <ele>14.243396</ele>
        <time>2026-10-02T07:22:01.763Z</time>
      </trkpt>
      <trkpt lat="53.790631" lon="10.726076">
        <ele>14.216105</ele>
        <time>2026-10-02T07:22:04.170Z</time>
      </trkpt>
      <trkpt lat="53.790125" lon="10.726120">
        <ele>14.261775</ele>
        <time>2026-10-02T07:22:14.654Z</time>
      </trkpt>
      <trkpt lat="53.789573" lon="10.726243">
        <ele>14.332077</ele>
        <time>2026-10-02T07:22:26.418Z</time>
      </trkpt>
      <trkpt lat="53.787180" lon="10.726788">
        <ele>14.279336</ele>
        <time>2026-10-02T07:23:14.790Z</time>
      </trkpt>
      <trkpt lat="53.786861" lon="10.726877">
        <ele>14.010723</ele>
        <time>2026-10-02T07:23:21.060Z</time>
      </trkpt>
      <trkpt lat="53.786638" lon="10.726979">
        <ele>13.626413</ele>
        <time>2026-10-02T07:23:25.222Z</time>
      </trkpt>
      <trkpt lat="53.785999" lon="10.727350">
        <ele>12.502512</ele>
        <time>2026-10-02T07:23:36.506Z</time>
      </trkpt>
      <trkpt lat="53.784843" lon="10.728416">
        <ele>11.090592</ele>
        <time>2026-10-02T07:23:56.803Z</time>
      </trkpt>
      <trkpt lat="53.784488" lon="10.728688">
        <ele>10.968630</ele>
        <time>2026-10-02T07:24:03.763Z</time>
      </trkpt>
      <trkpt lat="53.784349" lon="10.728761">
        <ele>10.923080</ele>
        <time>2026-10-02T07:24:06.711Z</time>
      </trkpt>
      <trkpt lat="53.784033" lon="10.728781">
        <ele>10.824109</ele>
        <time>2026-10-02T07:24:14.274Z</time>
      </trkpt>
      <trkpt lat="53.783788" lon="10.728657">
        <ele>10.744074</ele>
        <time>2026-10-02T07:24:21.547Z</time>
      </trkpt>
      <trkpt lat="53.783652" lon="10.728525">
        <ele>10.815509</ele>
        <time>2026-10-02T07:24:26.469Z</time>
      </trkpt>
      <trkpt lat="53.782824" lon="10.727263">
        <ele>13.706857</ele>
        <time>2026-10-02T07:25:04.115Z</time>
      </trkpt>
      <trkpt lat="53.782613" lon="10.727024">
        <ele>14.365678</ele>
        <time>2026-10-02T07:25:12.069Z</time>
      </trkpt>
      <trkpt lat="53.782201" lon="10.726644">
        <ele>15.519615</ele>
        <time>2026-10-02T07:25:26.119Z</time>
      </trkpt>
      <trkpt lat="53.779950" lon="10.724886">
        <ele>20.305531</ele>
        <time>2026-10-02T07:26:34.458Z</time>
      </trkpt>
      <trkpt lat="53.779372" lon="10.724372">
        <ele>21.756356</ele>
        <time>2026-10-02T07:26:54.636Z</time>
      </trkpt>
      <trkpt lat="53.778984" lon="10.723965">
        <ele>22.809767</ele>
        <time>2026-10-02T07:27:09.466Z</time>
      </trkpt>
      <trkpt lat="53.777290" lon="10.729485">
        <ele>32.398919</ele>
        <time>2026-10-02T07:29:52.413Z</time>
      </trkpt>
      <trkpt lat="53.776180" lon="10.733014">
        <ele>33.747867</ele>
        <time>2026-10-02T07:31:14.237Z</time>
      </trkpt>
      <trkpt lat="53.775692" lon="10.732519">
        <ele>33.518175</ele>
        <time>2026-10-02T07:31:23.085Z</time>
      </trkpt>
      <trkpt lat="53.775581" lon="10.732520">
        <ele>33.473363</ele>
        <time>2026-10-02T07:31:24.726Z</time>
      </trkpt>
      <trkpt lat="53.775414" lon="10.732659">
        <ele>33.398229</ele>
        <time>2026-10-02T07:31:27.432Z</time>
      </trkpt>
      <trkpt lat="53.775001" lon="10.733110">
        <ele>32.591856</ele>
        <time>2026-10-02T07:31:34.225Z</time>
      </trkpt>
      <trkpt lat="53.774644" lon="10.733882">
        <ele>31.064846</ele>
        <time>2026-10-02T07:31:41.936Z</time>
      </trkpt>
      <trkpt lat="53.774074" lon="10.735284">
        <ele>28.346685</ele>
        <time>2026-10-02T07:31:54.604Z</time>
      </trkpt>
      <trkpt lat="53.773823" lon="10.735798">
        <ele>26.856290</ele>
        <time>2026-10-02T07:32:00.450Z</time>
      </trkpt>
      <trkpt lat="53.773731" lon="10.735908">
        <ele>26.430215</ele>
        <time>2026-10-02T07:32:02.097Z</time>
      </trkpt>
      <trkpt lat="53.773611" lon="10.735960">
        <ele>25.961692</ele>
        <time>2026-10-02T07:32:03.918Z</time>
      </trkpt>
      <trkpt lat="53.773487" lon="10.735966">
        <ele>25.492495</ele>
        <time>2026-10-02T07:32:05.728Z</time>
      </trkpt>
      <trkpt lat="53.773088" lon="10.735807">
        <ele>23.942071</ele>
        <time>2026-10-02T07:32:11.706Z</time>
      </trkpt>
      <trkpt lat="53.772754" lon="10.735713">
        <ele>22.661428</ele>
        <time>2026-10-02T07:32:16.590Z</time>
      </trkpt>
      <trkpt lat="53.772608" lon="10.735711">
        <ele>22.109194</ele>
        <time>2026-10-02T07:32:18.702Z</time>
      </trkpt>
      <trkpt lat="53.772465" lon="10.735793">
        <ele>21.440096</ele>
        <time>2026-10-02T07:32:20.875Z</time>
      </trkpt>
      <trkpt lat="53.772368" lon="10.735953">
        <ele>20.706951</ele>
        <time>2026-10-02T07:32:22.815Z</time>
      </trkpt>
      <trkpt lat="53.772163" lon="10.736445">
        <ele>18.781485</ele>
        <time>2026-10-02T07:32:27.794Z</time>
      </trkpt>
      <trkpt lat="53.772079" lon="10.736676">
        <ele>17.913960</ele>
        <time>2026-10-02T07:32:29.982Z</time>
      </trkpt>
      <trkpt lat="53.771961" lon="10.737034">
        <ele>16.602830</ele>
        <time>2026-10-02T07:32:33.259Z</time>
      </trkpt>
      <trkpt lat="53.771889" lon="10.737396">
        <ele>15.381139</ele>
        <time>2026-10-02T07:32:36.287Z</time>
      </trkpt>
      <trkpt lat="53.771877" lon="10.737457">
        <ele>15.175501</ele>
        <time>2026-10-02T07:32:36.797Z</time>
      </trkpt>
      <trkpt lat="53.771592" lon="10.738861">
        <ele>10.830989</ele>
        <time>2026-10-02T07:32:46.698Z</time>
      </trkpt>
      <trkpt lat="53.771469" lon="10.739382">
        <ele>9.488264</ele>
        <time>2026-10-02T07:32:50.542Z</time>
      </trkpt>
      <trkpt lat="53.771297" lon="10.739916">
        <ele>8.032747</ele>
        <time>2026-10-02T07:32:54.806Z</time>
      </trkpt>
      <trkpt lat="53.771283" lon="10.739966">
        <ele>7.900330</ele>
        <time>2026-10-02T07:32:55.278Z</time>
      </trkpt>
      <trkpt lat="53.771183" lon="10.740203">
        <ele>7.203386</ele>
        <time>2026-10-02T07:32:57.787Z</time>
      </trkpt>
      <trkpt lat="53.770983" lon="10.740175">
        <ele>6.390705</ele>
        <time>2026-10-02T07:33:00.647Z</time>
      </trkpt>
      <trkpt lat="53.770839" lon="10.740089">
        <ele>5.772307</ele>
        <time>2026-10-02T07:33:02.911Z</time>
      </trkpt>
      <trkpt lat="53.770513" lon="10.740075">
        <ele>4.692783</ele>
        <time>2026-10-02T07:33:08.015Z</time>
      </trkpt>
      <trkpt lat="53.770091" lon="10.740132">
        <ele>4.376190</ele>
        <time>2026-10-02T07:33:15.149Z</time>
      </trkpt>
      <trkpt lat="53.769953" lon="10.740132">
        <ele>4.272988</ele>
        <time>2026-10-02T07:33:17.509Z</time>
      </trkpt>
      <trkpt lat="53.769827" lon="10.740086">
        <ele>4.176592</ele>
        <time>2026-10-02T07:33:19.721Z</time>
      </trkpt>
      <trkpt lat="53.769619" lon="10.739961">
        <ele>4.011520</ele>
        <time>2026-10-02T07:33:23.612Z</time>
      </trkpt>
      <trkpt lat="53.769303" lon="10.739795">
        <ele>3.764074</ele>
        <time>2026-10-02T07:33:29.607Z</time>
      </trkpt>
      <trkpt lat="53.769078" lon="10.739589">
        <ele>3.572754</ele>
        <time>2026-10-02T07:33:34.427Z</time>
      </trkpt>
      <trkpt lat="53.768592" lon="10.739056">
        <ele>3.446277</ele>
        <time>2026-10-02T07:33:45.943Z</time>
      </trkpt>
      <trkpt lat="53.768017" lon="10.738161">
        <ele>3.544142</ele>
        <time>2026-10-02T07:34:01.162Z</time>
      </trkpt>
      <trkpt lat="53.767825" lon="10.737740">
        <ele>3.583510</ele>
        <time>2026-10-02T07:34:07.159Z</time>
      </trkpt>
      <trkpt lat="53.767747" lon="10.737660">
        <ele>3.594935</ele>
        <time>2026-10-02T07:34:08.903Z</time>
      </trkpt>
      <trkpt lat="53.767442" lon="10.737519">
        <ele>3.672039</ele>
        <time>2026-10-02T07:34:15.207Z</time>
      </trkpt>
      <trkpt lat="53.767002" lon="10.737235">
        <ele>4.048728</ele>
        <time>2026-10-02T07:34:25.359Z</time>
      </trkpt>
      <trkpt lat="53.766727" lon="10.737103">
        <ele>4.277376</ele>
        <time>2026-10-02T07:34:31.966Z</time>
      </trkpt>
      <trkpt lat="53.765719" lon="10.736382">
        <ele>5.083796</ele>
        <time>2026-10-02T07:34:58.691Z</time>
      </trkpt>
      <trkpt lat="53.765605" lon="10.736378">
        <ele>5.102280</ele>
        <time>2026-10-02T07:35:01.345Z</time>
      </trkpt>
      <trkpt lat="53.765352" lon="10.736508">
        <ele>5.145141</ele>
        <time>2026-10-02T07:35:07.170Z</time>
      </trkpt>
      <trkpt lat="53.765131" lon="10.736453">
        <ele>5.181351</ele>
        <time>2026-10-02T07:35:11.754Z</time>
      </trkpt>
      <trkpt lat="53.764834" lon="10.736187">
        <ele>5.235825</ele>
        <time>2026-10-02T07:35:18.243Z</time>
      </trkpt>
      <trkpt lat="53.764611" lon="10.736208">
        <ele>5.272030</ele>
        <time>2026-10-02T07:35:22.380Z</time>
      </trkpt>
      <trkpt lat="53.764268" lon="10.736358">
        <ele>5.329458</ele>
        <time>2026-10-02T07:35:28.745Z</time>
      </trkpt>
      <trkpt lat="53.764156" lon="10.736360">
        <ele>5.347615</ele>
        <time>2026-10-02T07:35:30.708Z</time>
      </trkpt>
      <trkpt lat="53.763280" lon="10.735545">
        <ele>5.314772</ele>
        <time>2026-10-02T07:35:48.869Z</time>
      </trkpt>
      <trkpt lat="53.762988" lon="10.735236">
        <ele>5.298939</ele>
        <time>2026-10-02T07:35:55.680Z</time>
      </trkpt>
      <trkpt lat="53.762607" lon="10.735035">
        <ele>5.280592</ele>
        <time>2026-10-02T07:36:03.859Z</time>
      </trkpt>
      <trkpt lat="53.762323" lon="10.734542">
        <ele>5.500872</ele>
        <time>2026-10-02T07:36:12.688Z</time>
      </trkpt>
      <trkpt lat="53.762138" lon="10.734031">
        <ele>5.778011</ele>
        <time>2026-10-02T07:36:20.703Z</time>
      </trkpt>
      <trkpt lat="53.762011" lon="10.733897">
        <ele>5.895118</ele>
        <time>2026-10-02T07:36:24.224Z</time>
      </trkpt>
      <trkpt lat="53.761596" lon="10.733889">
        <ele>6.219832</ele>
        <time>2026-10-02T07:36:34.171Z</time>
      </trkpt>
      <trkpt lat="53.761270" lon="10.733699">
        <ele>6.489605</ele>
        <time>2026-10-02T07:36:42.361Z</time>
      </trkpt>
      <trkpt lat="53.760898" lon="10.733402">
        <ele>6.643626</ele>
        <time>2026-10-02T07:36:51.738Z</time>
      </trkpt>
      <trkpt lat="53.760564" lon="10.733002">
        <ele>6.547448</ele>
        <time>2026-10-02T07:37:00.332Z</time>
      </trkpt>
      <trkpt lat="53.760318" lon="10.732995">
        <ele>6.489625</ele>
        <time>2026-10-02T07:37:05.028Z</time>
      </trkpt>
      <trkpt lat="53.759811" lon="10.733148">
        <ele>6.368588</ele>
        <time>2026-10-02T07:37:14.170Z</time>
      </trkpt>
      <trkpt lat="53.759306" lon="10.733097">
        <ele>6.245262</ele>
        <time>2026-10-02T07:37:22.585Z</time>
      </trkpt>
      <trkpt lat="53.758860" lon="10.733405">
        <ele>6.081799</ele>
        <time>2026-10-02T07:37:30.647Z</time>
      </trkpt>
      <trkpt lat="53.758609" lon="10.733428">
        <ele>5.996505</ele>
        <time>2026-10-02T07:37:34.998Z</time>
      </trkpt>
      <trkpt lat="53.758392" lon="10.733344">
        <ele>5.920969</ele>
        <time>2026-10-02T07:37:39.001Z</time>
      </trkpt>
      <trkpt lat="53.758103" lon="10.733018">
        <ele>5.803099</ele>
        <time>2026-10-02T07:37:45.727Z</time>
      </trkpt>
      <trkpt lat="53.757497" lon="10.732563">
        <ele>5.671023</ele>
        <time>2026-10-02T07:37:59.888Z</time>
      </trkpt>
      <trkpt lat="53.757062" lon="10.732403">
        <ele>5.716965</ele>
        <time>2026-10-02T07:38:09.675Z</time>
      </trkpt>
      <trkpt lat="53.755964" lon="10.731820">
        <ele>5.831121</ele>
        <time>2026-10-02T07:38:31.866Z</time>
      </trkpt>
      <trkpt lat="53.755822" lon="10.731773">
        <ele>5.754480</ele>
        <time>2026-10-02T07:38:34.393Z</time>
      </trkpt>
      <trkpt lat="53.755172" lon="10.731860">
        <ele>5.409110</ele>
        <time>2026-10-02T07:38:45.617Z</time>
      </trkpt>
      <trkpt lat="53.754847" lon="10.731815">
        <ele>5.236388</ele>
        <time>2026-10-02T07:38:51.270Z</time>
      </trkpt>
      <trkpt lat="53.754271" lon="10.731806">
        <ele>4.931278</ele>
        <time>2026-10-02T07:39:01.444Z</time>
      </trkpt>
      <trkpt lat="53.752749" lon="10.731549">
        <ele>4.851731</ele>
        <time>2026-10-02T07:39:30.621Z</time>
      </trkpt>
      <trkpt lat="53.752432" lon="10.731390">
        <ele>4.844705</ele>
        <time>2026-10-02T07:39:37.256Z</time>
      </trkpt>
      <trkpt lat="53.752268" lon="10.731244">
        <ele>4.871455</ele>
        <time>2026-10-02T07:39:41.043Z</time>
      </trkpt>
      <trkpt lat="53.752105" lon="10.730952">
        <ele>4.913609</ele>
        <time>2026-10-02T07:39:45.980Z</time>
      </trkpt>
      <trkpt lat="53.751656" lon="10.730815">
        <ele>4.994609</ele>
        <time>2026-10-02T07:39:55.581Z</time>
      </trkpt>
      <trkpt lat="53.751063" lon="10.730867">
        <ele>5.100029</ele>
        <time>2026-10-02T07:40:07.501Z</time>
      </trkpt>
      <trkpt lat="53.750368" lon="10.730952">
        <ele>5.119102</ele>
        <time>2026-10-02T07:40:20.542Z</time>
      </trkpt>
      <trkpt lat="53.750110" lon="10.731223">
        <ele>5.079565</ele>
        <time>2026-10-02T07:40:26.177Z</time>
      </trkpt>
      <trkpt lat="53.749896" lon="10.731296">
        <ele>5.051146</ele>
        <time>2026-10-02T07:40:30.177Z</time>
      </trkpt>
      <trkpt lat="53.749755" lon="10.731295">
        <ele>5.032790</ele>
        <time>2026-10-02T07:40:32.779Z</time>
      </trkpt>
      <trkpt lat="53.748950" lon="10.731743">
        <ele>4.928713</ele>
        <time>2026-10-02T07:40:48.653Z</time>
      </trkpt>
      <trkpt lat="53.748434" lon="10.732197">
        <ele>4.923004</ele>
        <time>2026-10-02T07:41:00.664Z</time>
      </trkpt>
      <trkpt lat="53.748235" lon="10.732353">
        <ele>4.920851</ele>
        <time>2026-10-02T07:41:05.037Z</time>
      </trkpt>
      <trkpt lat="53.748174" lon="10.732366">
        <ele>4.920248</ele>
        <time>2026-10-02T07:41:06.213Z</time>
      </trkpt>
      <trkpt lat="53.748058" lon="10.732392">
        <ele>4.919099</ele>
        <time>2026-10-02T07:41:10.208Z</time>
      </trkpt>
      <trkpt lat="53.747786" lon="10.732365">
        <ele>4.916425</ele>
        <time>2026-10-02T07:41:19.363Z</time>
      </trkpt>
      <trkpt lat="53.747630" lon="10.732465">
        <ele>4.914788</ele>
        <time>2026-10-02T07:41:24.871Z</time>
      </trkpt>
      <trkpt lat="53.747484" lon="10.732729">
        <ele>4.912690</ele>
        <time>2026-10-02T07:41:31.874Z</time>
      </trkpt>
      <trkpt lat="53.747417" lon="10.733179">
        <ele>4.910136</ele>
        <time>2026-10-02T07:41:40.848Z</time>
      </trkpt>
      <trkpt lat="53.747305" lon="10.733486">
        <ele>4.908228</ele>
        <time>2026-10-02T07:41:47.857Z</time>
      </trkpt>
      <trkpt lat="53.746825" lon="10.733558">
        <ele>4.903918</ele>
        <time>2026-10-02T07:42:03.568Z</time>
      </trkpt>
      <trkpt lat="53.746380" lon="10.733524">
        <ele>4.899934</ele>
        <time>2026-10-02T07:42:18.553Z</time>
      </trkpt>
      <trkpt lat="53.745787" lon="10.733443">
        <ele>4.937987</ele>
        <time>2026-10-02T07:42:39.804Z</time>
      </trkpt>
      <trkpt lat="53.744843" lon="10.733170">
        <ele>5.357040</ele>
        <time>2026-10-02T07:43:14.919Z</time>
      </trkpt>
      <trkpt lat="53.744402" lon="10.733156">
        <ele>5.550037</ele>
        <time>2026-10-02T07:43:30.608Z</time>
      </trkpt>
      <trkpt lat="53.744097" lon="10.733244">
        <ele>5.682566</ele>
        <time>2026-10-02T07:43:41.296Z</time>
      </trkpt>
      <trkpt lat="53.743687" lon="10.733674">
        <ele>5.687741</ele>
        <time>2026-10-02T07:43:57.612Z</time>
      </trkpt>
      <trkpt lat="53.743216" lon="10.734324">
        <ele>5.694263</ele>
        <time>2026-10-02T07:44:17.965Z</time>
      </trkpt>
      <trkpt lat="53.742982" lon="10.734732">
        <ele>5.697869</ele>
        <time>2026-10-02T07:44:29.271Z</time>
      </trkpt>
      <trkpt lat="53.742781" lon="10.735216">
        <ele>5.701621</ele>
        <time>2026-10-02T07:44:41.156Z</time>
      </trkpt>
      <trkpt lat="53.742203" lon="10.737009">
        <ele>5.702054</ele>
        <time>2026-10-02T07:45:21.669Z</time>
      </trkpt>
      <trkpt lat="53.741812" lon="10.737476">
        <ele>5.702161</ele>
        <time>2026-10-02T07:45:37.567Z</time>
      </trkpt>
      <trkpt lat="53.741242" lon="10.737777">
        <ele>5.978534</ele>
        <time>2026-10-02T07:45:58.104Z</time>
      </trkpt>
      <trkpt lat="53.740917" lon="10.737874">
        <ele>6.172876</ele>
        <time>2026-10-02T07:46:10.200Z</time>
      </trkpt>
      <trkpt lat="53.740625" lon="10.738085">
        <ele>6.359871</ele>
        <time>2026-10-02T07:46:22.317Z</time>
      </trkpt>
      <trkpt lat="53.739944" lon="10.738669">
        <ele>6.802009</ele>
        <time>2026-10-02T07:46:51.363Z</time>
      </trkpt>
      <trkpt lat="53.739792" lon="10.739019">
        <ele>6.929643</ele>
        <time>2026-10-02T07:47:00.873Z</time>
      </trkpt>
      <trkpt lat="53.739404" lon="10.740321">
        <ele>7.358188</ele>
        <time>2026-10-02T07:47:31.178Z</time>
      </trkpt>
      <trkpt lat="53.739327" lon="10.740476">
        <ele>7.417688</ele>
        <time>2026-10-02T07:47:35.143Z</time>
      </trkpt>
      <trkpt lat="53.738980" lon="10.740757">
        <ele>7.608900</ele>
        <time>2026-10-02T07:47:48.322Z</time>
      </trkpt>
      <trkpt lat="53.738910" lon="10.740931">
        <ele>7.682290</ele>
        <time>2026-10-02T07:47:51.107Z</time>
      </trkpt>
      <trkpt lat="53.738932" lon="10.741580">
        <ele>8.015468</ele>
        <time>2026-10-02T07:48:00.191Z</time>
      </trkpt>
      <trkpt lat="53.738909" lon="10.742904">
        <ele>8.694350</ele>
        <time>2026-10-02T07:48:20.846Z</time>
      </trkpt>
      <trkpt lat="53.738720" lon="10.743742">
        <ele>9.154016</ele>
        <time>2026-10-02T07:48:33.960Z</time>
      </trkpt>
      <trkpt lat="53.738335" lon="10.744815">
        <ele>8.576860</ele>
        <time>2026-10-02T07:48:48.020Z</time>
      </trkpt>
      <trkpt lat="53.737888" lon="10.745848">
        <ele>7.860591</ele>
        <time>2026-10-02T07:49:00.489Z</time>
      </trkpt>
      <trkpt lat="53.737389" lon="10.746602">
        <ele>7.526838</ele>
        <time>2026-10-02T07:49:11.480Z</time>
      </trkpt>
      <trkpt lat="53.736530" lon="10.747188">
        <ele>7.572225</ele>
        <time>2026-10-02T07:49:29.826Z</time>
      </trkpt>
      <trkpt lat="53.736185" lon="10.747008">
        <ele>7.589917</ele>
        <time>2026-10-02T07:49:39.221Z</time>
      </trkpt>
      <trkpt lat="53.735730" lon="10.746850">
        <ele>7.616117</ele>
        <time>2026-10-02T07:49:51.266Z</time>
      </trkpt>
      <trkpt lat="53.735378" lon="10.746838">
        <ele>7.638136</ele>
        <time>2026-10-02T07:50:00.230Z</time>
      </trkpt>
      <trkpt lat="53.735128" lon="10.746870">
        <ele>7.653816</ele>
        <time>2026-10-02T07:50:06.150Z</time>
      </trkpt>
      <trkpt lat="53.734485" lon="10.747157">
        <ele>7.695407</ele>
        <time>2026-10-02T07:50:18.604Z</time>
      </trkpt>
      <trkpt lat="53.734293" lon="10.747335">
        <ele>7.709101</ele>
        <time>2026-10-02T07:50:22.285Z</time>
      </trkpt>
      <trkpt lat="53.733944" lon="10.747527">
        <ele>7.395894</ele>
        <time>2026-10-02T07:50:28.270Z</time>
      </trkpt>
      <trkpt lat="53.733946" lon="10.747743">
        <ele>7.264996</ele>
        <time>2026-10-02T07:50:30.018Z</time>
      </trkpt>
      <trkpt lat="53.733732" lon="10.748357">
        <ele>6.833172</ele>
        <time>2026-10-02T07:50:35.925Z</time>
      </trkpt>
      <trkpt lat="53.733649" lon="10.748580">
        <ele>6.673525</ele>
        <time>2026-10-02T07:50:38.156Z</time>
      </trkpt>
      <trkpt lat="53.733456" lon="10.749092">
        <ele>6.305645</ele>
        <time>2026-10-02T07:50:44.257Z</time>
      </trkpt>
      <trkpt lat="53.733361" lon="10.749189">
        <ele>6.191959</ele>
        <time>2026-10-02T07:50:46.256Z</time>
      </trkpt>
      <trkpt lat="53.733291" lon="10.749191">
        <ele>6.120244</ele>
        <time>2026-10-02T07:50:47.605Z</time>
      </trkpt>
      <trkpt lat="53.733094" lon="10.749064">
        <ele>5.904272</ele>
        <time>2026-10-02T07:50:51.729Z</time>
      </trkpt>
      <trkpt lat="53.732672" lon="10.748368">
        <ele>5.886066</ele>
        <time>2026-10-02T07:51:03.095Z</time>
      </trkpt>
      <trkpt lat="53.732599" lon="10.748317">
        <ele>5.888308</ele>
        <time>2026-10-02T07:51:04.615Z</time>
      </trkpt>
      <trkpt lat="53.732410" lon="10.748260">
        <ele>5.893756</ele>
        <time>2026-10-02T07:51:08.381Z</time>
      </trkpt>
      <trkpt lat="53.731956" lon="10.748321">
        <ele>5.906680</ele>
        <time>2026-10-02T07:51:17.380Z</time>
      </trkpt>
      <trkpt lat="53.731806" lon="10.748280">
        <ele>5.910992</ele>
        <time>2026-10-02T07:51:20.442Z</time>
      </trkpt>
      <trkpt lat="53.731626" lon="10.748049">
        <ele>5.917405</ele>
        <time>2026-10-02T07:51:25.023Z</time>
      </trkpt>
      <trkpt lat="53.731474" lon="10.747917">
        <ele>5.942478</ele>
        <time>2026-10-02T07:51:28.516Z</time>
      </trkpt>
      <trkpt lat="53.731365" lon="10.747881">
        <ele>6.013743</ele>
        <time>2026-10-02T07:51:30.875Z</time>
      </trkpt>
      <trkpt lat="53.731078" lon="10.747836">
        <ele>6.198693</ele>
        <time>2026-10-02T07:51:37.141Z</time>
      </trkpt>
      <trkpt lat="53.730664" lon="10.747625">
        <ele>6.476156</ele>
        <time>2026-10-02T07:51:47.306Z</time>
      </trkpt>
      <trkpt lat="53.730347" lon="10.747596">
        <ele>6.679864</ele>
        <time>2026-10-02T07:51:55.103Z</time>
      </trkpt>
      <trkpt lat="53.729816" lon="10.747456">
        <ele>7.024710</ele>
        <time>2026-10-02T07:52:08.169Z</time>
      </trkpt>
      <trkpt lat="53.728494" lon="10.746648">
        <ele>7.304207</ele>
        <time>2026-10-02T07:52:37.499Z</time>
      </trkpt>
      <trkpt lat="53.728377" lon="10.746526">
        <ele>7.327910</ele>
        <time>2026-10-02T07:52:40.184Z</time>
      </trkpt>
      <trkpt lat="53.727908" lon="10.745769">
        <ele>7.546224</ele>
        <time>2026-10-02T07:52:52.458Z</time>
      </trkpt>
      <trkpt lat="53.727769" lon="10.745620">
        <ele>7.630430</ele>
        <time>2026-10-02T07:52:55.478Z</time>
      </trkpt>
      <trkpt lat="53.727476" lon="10.745186">
        <ele>7.829739</ele>
        <time>2026-10-02T07:53:04.370Z</time>
      </trkpt>
      <trkpt lat="53.727247" lon="10.744626">
        <ele>8.035784</ele>
        <time>2026-10-02T07:53:14.810Z</time>
      </trkpt>
      <trkpt lat="53.727135" lon="10.744232">
        <ele>8.168089</ele>
        <time>2026-10-02T07:53:21.136Z</time>
      </trkpt>
      <trkpt lat="53.726852" lon="10.743568">
        <ele>8.264756</ele>
        <time>2026-10-02T07:53:32.107Z</time>
      </trkpt>
      <trkpt lat="53.726571" lon="10.743110">
        <ele>8.190334</ele>
        <time>2026-10-02T07:53:40.423Z</time>
      </trkpt>
      <trkpt lat="53.726367" lon="10.742907">
        <ele>8.145203</ele>
        <time>2026-10-02T07:53:45.568Z</time>
      </trkpt>
      <trkpt lat="53.726167" lon="10.742761">
        <ele>8.103670</ele>
        <time>2026-10-02T07:53:49.892Z</time>
      </trkpt>
      <trkpt lat="53.725835" lon="10.742711">
        <ele>8.040125</ele>
        <time>2026-10-02T07:53:55.653Z</time>
      </trkpt>
      <trkpt lat="53.725212" lon="10.743215">
        <ele>8.488020</ele>
        <time>2026-10-02T07:54:07.359Z</time>
      </trkpt>
      <trkpt lat="53.724887" lon="10.743411">
        <ele>9.123029</ele>
        <time>2026-10-02T07:54:13.866Z</time>
      </trkpt>
      <trkpt lat="53.723966" lon="10.743327">
        <ele>10.820350</ele>
        <time>2026-10-02T07:54:41.961Z</time>
      </trkpt>
      <trkpt lat="53.723794" lon="10.743251">
        <ele>11.147509</ele>
        <time>2026-10-02T07:54:49.584Z</time>
      </trkpt>
      <trkpt lat="53.723654" lon="10.743100">
        <ele>11.766899</ele>
        <time>2026-10-02T07:54:57.261Z</time>
      </trkpt>
      <trkpt lat="53.723340" lon="10.742660">
        <ele>13.823372</ele>
        <time>2026-10-02T07:55:16.175Z</time>
      </trkpt>
      <trkpt lat="53.723309" lon="10.742539">
        <ele>14.216715</ele>
        <time>2026-10-02T07:55:19.818Z</time>
      </trkpt>
      <trkpt lat="53.723304" lon="10.742357">
        <ele>14.760229</ele>
        <time>2026-10-02T07:55:24.733Z</time>
      </trkpt>
      <trkpt lat="53.723338" lon="10.741886">
        <ele>16.175701</ele>
        <time>2026-10-02T07:55:37.693Z</time>
      </trkpt>
      <trkpt lat="53.723308" lon="10.741482">
        <ele>17.390338</ele>
        <time>2026-10-02T07:55:48.629Z</time>
      </trkpt>
      <trkpt lat="53.723211" lon="10.741359">
        <ele>18.001733</ele>
        <time>2026-10-02T07:55:53.841Z</time>
      </trkpt>
      <trkpt lat="53.722991" lon="10.741409">
        <ele>19.120902</ele>
        <time>2026-10-02T07:56:03.112Z</time>
      </trkpt>
      <trkpt lat="53.722715" lon="10.741379">
        <ele>20.439812</ele>
        <time>2026-10-02T07:56:14.039Z</time>
      </trkpt>
      <trkpt lat="53.722306" lon="10.741173">
        <ele>21.659158</ele>
        <time>2026-10-02T07:56:28.974Z</time>
      </trkpt>
      <trkpt lat="53.721632" lon="10.741282">
        <ele>23.593645</ele>
        <time>2026-10-02T07:56:50.833Z</time>
      </trkpt>
      <trkpt lat="53.721169" lon="10.741243">
        <ele>24.918128</ele>
        <time>2026-10-02T07:57:04.604Z</time>
      </trkpt>
      <trkpt lat="53.720657" lon="10.741473">
        <ele>25.294062</ele>
        <time>2026-10-02T07:57:18.862Z</time>
      </trkpt>
      <trkpt lat="53.720187" lon="10.741856">
        <ele>25.002807</ele>
        <time>2026-10-02T07:57:28.818Z</time>
      </trkpt>
      <trkpt lat="53.719671" lon="10.742011">
        <ele>24.710267</ele>
        <time>2026-10-02T07:57:37.108Z</time>
      </trkpt>
      <trkpt lat="53.719381" lon="10.742247">
        <ele>24.530601</ele>
        <time>2026-10-02T07:57:41.967Z</time>
      </trkpt>
      <trkpt lat="53.719138" lon="10.742527">
        <ele>24.017126</ele>
        <time>2026-10-02T07:57:46.539Z</time>
      </trkpt>
      <trkpt lat="53.718999" lon="10.742627">
        <ele>23.664025</ele>
        <time>2026-10-02T07:57:48.912Z</time>
      </trkpt>
      <trkpt lat="53.718877" lon="10.742666">
        <ele>23.373816</ele>
        <time>2026-10-02T07:57:50.851Z</time>
      </trkpt>
      <trkpt lat="53.718631" lon="10.742667">
        <ele>22.798835</ele>
        <time>2026-10-02T07:57:54.585Z</time>
      </trkpt>
      <trkpt lat="53.718428" lon="10.742564">
        <ele>22.303435</ele>
        <time>2026-10-02T07:57:57.778Z</time>
      </trkpt>
      <trkpt lat="53.718299" lon="10.742563">
        <ele>22.001919</ele>
        <time>2026-10-02T07:57:59.749Z</time>
      </trkpt>
      <trkpt lat="53.717844" lon="10.742811">
        <ele>20.884491</ele>
        <time>2026-10-02T07:58:07.019Z</time>
      </trkpt>
      <trkpt lat="53.717129" lon="10.742866">
        <ele>20.313141</ele>
        <time>2026-10-02T07:58:17.436Z</time>
      </trkpt>
      <trkpt lat="53.716624" lon="10.743044">
        <ele>20.359882</ele>
        <time>2026-10-02T07:58:25.058Z</time>
      </trkpt>
      <trkpt lat="53.716485" lon="10.743033">
        <ele>20.372490</ele>
        <time>2026-10-02T07:58:27.630Z</time>
      </trkpt>
      <trkpt lat="53.716118" lon="10.742818">
        <ele>20.407685</ele>
        <time>2026-10-02T07:58:38.551Z</time>
      </trkpt>
      <trkpt lat="53.715897" lon="10.742584">
        <ele>20.431315</ele>
        <time>2026-10-02T07:58:48.461Z</time>
      </trkpt>
      <trkpt lat="53.715835" lon="10.742482">
        <ele>20.725210</ele>
        <time>2026-10-02T07:58:52.087Z</time>
      </trkpt>
      <trkpt lat="53.715785" lon="10.742293">
        <ele>21.500770</ele>
        <time>2026-10-02T07:58:57.617Z</time>
      </trkpt>
      <trkpt lat="53.715731" lon="10.741669">
        <ele>23.863268</ele>
        <time>2026-10-02T07:59:16.535Z</time>
      </trkpt>
      <trkpt lat="53.715711" lon="10.741554">
        <ele>24.312301</ele>
        <time>2026-10-02T07:59:20.414Z</time>
      </trkpt>
      <trkpt lat="53.715483" lon="10.741069">
        <ele>26.632718</ele>
        <time>2026-10-02T07:59:41.781Z</time>
      </trkpt>
      <trkpt lat="53.715359" lon="10.740727">
        <ele>28.135272</ele>
        <time>2026-10-02T07:59:56.132Z</time>
      </trkpt>
      <trkpt lat="53.715267" lon="10.740192">
        <ele>30.222417</ele>
        <time>2026-10-02T08:00:13.663Z</time>
      </trkpt>
      <trkpt lat="53.715221" lon="10.739060">
        <ele>32.712323</ele>
        <time>2026-10-02T08:00:37.726Z</time>
      </trkpt>
      <trkpt lat="53.715097" lon="10.738487">
        <ele>33.480496</ele>
        <time>2026-10-02T08:00:46.707Z</time>
      </trkpt>
      <trkpt lat="53.714892" lon="10.738203">
        <ele>34.044487</ele>
        <time>2026-10-02T08:00:53.155Z</time>
      </trkpt>
      <trkpt lat="53.714531" lon="10.738187">
        <ele>34.812793</ele>
        <time>2026-10-02T08:01:01.299Z</time>
      </trkpt>
      <trkpt lat="53.714372" lon="10.738269">
        <ele>35.166477</ele>
        <time>2026-10-02T08:01:04.660Z</time>
      </trkpt>
      <trkpt lat="53.714205" lon="10.738487">
        <ele>35.615453</ele>
        <time>2026-10-02T08:01:09.250Z</time>
      </trkpt>
      <trkpt lat="53.714324" lon="10.738828">
        <ele>36.236735</ele>
        <time>2026-10-02T08:01:15.321Z</time>
      </trkpt>
      <trkpt lat="53.714218" lon="10.739014">
        <ele>36.647514</ele>
        <time>2026-10-02T08:01:19.871Z</time>
      </trkpt>
      <trkpt lat="53.714142" lon="10.739003">
        <ele>36.852554</ele>
        <time>2026-10-02T08:01:22.292Z</time>
      </trkpt>
      <trkpt lat="53.713914" lon="10.738802">
        <ele>37.543828</ele>
        <time>2026-10-02T08:01:31.353Z</time>
      </trkpt>
      <trkpt lat="53.713762" lon="10.738734">
        <ele>37.966489</ele>
        <time>2026-10-02T08:01:37.467Z</time>
      </trkpt>
      <trkpt lat="53.713623" lon="10.738744">
        <ele>38.340466</ele>
        <time>2026-10-02T08:01:42.974Z</time>
      </trkpt>
      <trkpt lat="53.713566" lon="10.738848">
        <ele>38.565963</ele>
        <time>2026-10-02T08:01:46.202Z</time>
      </trkpt>
      <trkpt lat="53.713560" lon="10.739575">
        <ele>39.722621</ele>
        <time>2026-10-02T08:02:00.965Z</time>
      </trkpt>
      <trkpt lat="53.713625" lon="10.740186">
        <ele>40.426521</ele>
        <time>2026-10-02T08:02:11.958Z</time>
      </trkpt>
      <trkpt lat="53.713594" lon="10.740344">
        <ele>40.361477</ele>
        <time>2026-10-02T08:02:14.787Z</time>
      </trkpt>
      <trkpt lat="53.713474" lon="10.740525">
        <ele>40.255271</ele>
        <time>2026-10-02T08:02:19.174Z</time>
      </trkpt>
      <trkpt lat="53.712888" lon="10.741298">
        <ele>39.764417</ele>
        <time>2026-10-02T08:02:32.719Z</time>
      </trkpt>
      <trkpt lat="53.712362" lon="10.741949">
        <ele>39.333921</ele>
        <time>2026-10-02T08:02:42.383Z</time>
      </trkpt>
      <trkpt lat="53.712003" lon="10.742332">
        <ele>38.338026</ele>
        <time>2026-10-02T08:02:48.546Z</time>
      </trkpt>
      <trkpt lat="53.711800" lon="10.742421">
        <ele>37.788926</ele>
        <time>2026-10-02T08:02:51.532Z</time>
      </trkpt>
      <trkpt lat="53.711678" lon="10.742593">
        <ele>37.372911</ele>
        <time>2026-10-02T08:02:53.818Z</time>
      </trkpt>
      <trkpt lat="53.711426" lon="10.742948">
        <ele>36.513877</ele>
        <time>2026-10-02T08:02:58.644Z</time>
      </trkpt>
      <trkpt lat="53.711022" lon="10.743663">
        <ele>34.982064</ele>
        <time>2026-10-02T08:03:07.451Z</time>
      </trkpt>
      <trkpt lat="53.710802" lon="10.743974">
        <ele>34.428635</ele>
        <time>2026-10-02T08:03:11.870Z</time>
      </trkpt>
      <trkpt lat="53.710220" lon="10.744588">
        <ele>33.633189</ele>
        <time>2026-10-02T08:03:22.994Z</time>
      </trkpt>
      <trkpt lat="53.709435" lon="10.745332">
        <ele>32.589723</ele>
        <time>2026-10-02T08:03:38.887Z</time>
      </trkpt>
      <trkpt lat="53.708846" lon="10.746018">
        <ele>31.924415</ele>
        <time>2026-10-02T08:03:51.132Z</time>
      </trkpt>
      <trkpt lat="53.707369" lon="10.747575">
        <ele>30.234025</ele>
        <time>2026-10-02T08:04:20.558Z</time>
      </trkpt>
      <trkpt lat="53.706758" lon="10.747995">
        <ele>29.503086</ele>
        <time>2026-10-02T08:04:32.186Z</time>
      </trkpt>
      <trkpt lat="53.706623" lon="10.748048">
        <ele>29.349508</ele>
        <time>2026-10-02T08:04:34.416Z</time>
      </trkpt>
      <trkpt lat="53.706539" lon="10.748039">
        <ele>29.256242</ele>
        <time>2026-10-02T08:04:35.751Z</time>
      </trkpt>
      <trkpt lat="53.706518" lon="10.748036">
        <ele>29.232889</ele>
        <time>2026-10-02T08:04:36.353Z</time>
      </trkpt>
      <trkpt lat="53.706203" lon="10.747809">
        <ele>28.835441</ele>
        <time>2026-10-02T08:04:45.928Z</time>
      </trkpt>
      <trkpt lat="53.706109" lon="10.747976">
        <ele>28.596720</ele>
        <time>2026-10-02T08:04:47.829Z</time>
      </trkpt>
      <trkpt lat="53.705842" lon="10.748368">
        <ele>27.977669</ele>
        <time>2026-10-02T08:04:52.627Z</time>
      </trkpt>
      <trkpt lat="53.705604" lon="10.748644">
        <ele>27.472474</ele>
        <time>2026-10-02T08:04:56.591Z</time>
      </trkpt>
      <trkpt lat="53.704970" lon="10.749259">
        <ele>26.193055</ele>
        <time>2026-10-02T08:05:06.271Z</time>
      </trkpt>
      <trkpt lat="53.704536" lon="10.749760">
        <ele>26.076718</ele>
        <time>2026-10-02T08:05:14.228Z</time>
      </trkpt>
      <trkpt lat="53.704231" lon="10.750041">
        <ele>26.522558</ele>
        <time>2026-10-02T08:05:19.855Z</time>
      </trkpt>
      <trkpt lat="53.703510" lon="10.750477">
        <ele>27.505333</ele>
        <time>2026-10-02T08:05:36.415Z</time>
      </trkpt>
      <trkpt lat="53.703240" lon="10.750674">
        <ele>27.882770</ele>
        <time>2026-10-02T08:05:46.831Z</time>
      </trkpt>
      <trkpt lat="53.702959" lon="10.750968">
        <ele>28.975420</ele>
        <time>2026-10-02T08:05:59.507Z</time>
      </trkpt>
      <trkpt lat="53.702762" lon="10.750281">
        <ele>31.035240</ele>
        <time>2026-10-02T08:06:17.242Z</time>
      </trkpt>
      <trkpt lat="53.702663" lon="10.750215">
        <ele>31.520379</ele>
        <time>2026-10-02T08:06:22.358Z</time>
      </trkpt>
      <trkpt lat="53.702564" lon="10.750245">
        <ele>31.978850</ele>
        <time>2026-10-02T08:06:27.182Z</time>
      </trkpt>
      <trkpt lat="53.702361" lon="10.750360">
        <ele>32.954824</ele>
        <time>2026-10-02T08:06:37.777Z</time>
      </trkpt>
      <trkpt lat="53.702174" lon="10.750514">
        <ele>33.903119</ele>
        <time>2026-10-02T08:06:48.431Z</time>
      </trkpt>
      <trkpt lat="53.701892" lon="10.750754">
        <ele>35.342474</ele>
        <time>2026-10-02T08:07:04.034Z</time>
      </trkpt>
      <trkpt lat="53.701721" lon="10.750821">
        <ele>36.142630</ele>
        <time>2026-10-02T08:07:10.968Z</time>
      </trkpt>
      <trkpt lat="53.701336" lon="10.750972">
        <ele>36.752562</ele>
        <time>2026-10-02T08:07:23.021Z</time>
      </trkpt>
      <trkpt lat="53.701074" lon="10.751100">
        <ele>37.124580</ele>
        <time>2026-10-02T08:07:29.698Z</time>
      </trkpt>
      <trkpt lat="53.700978" lon="10.751191">
        <ele>37.274734</ele>
        <time>2026-10-02T08:07:32.396Z</time>
      </trkpt>
      <trkpt lat="53.700786" lon="10.751428">
        <ele>37.599098</ele>
        <time>2026-10-02T08:07:38.693Z</time>
      </trkpt>
      <trkpt lat="53.700556" lon="10.751698">
        <ele>37.981142</ele>
        <time>2026-10-02T08:07:46.096Z</time>
      </trkpt>
      <trkpt lat="53.700252" lon="10.752075">
        <ele>38.495555</ele>
        <time>2026-10-02T08:07:55.668Z</time>
      </trkpt>
      <trkpt lat="53.699881" lon="10.752522">
        <ele>39.335940</ele>
        <time>2026-10-02T08:08:08.059Z</time>
      </trkpt>
      <trkpt lat="53.699819" lon="10.752567">
        <ele>39.475925</ele>
        <time>2026-10-02T08:08:10.125Z</time>
      </trkpt>
      <trkpt lat="53.699661" lon="10.751569">
        <ele>40.744638</ele>
        <time>2026-10-02T08:08:28.523Z</time>
      </trkpt>
      <trkpt lat="53.699614" lon="10.751007">
        <ele>41.441684</ele>
        <time>2026-10-02T08:08:39.711Z</time>
      </trkpt>
      <trkpt lat="53.699592" lon="10.750376">
        <ele>42.217961</ele>
        <time>2026-10-02T08:08:51.213Z</time>
      </trkpt>
      <trkpt lat="53.698784" lon="10.751646">
        <ele>44.448294</ele>
        <time>2026-10-02T08:09:22.275Z</time>
      </trkpt>
      <trkpt lat="53.698503" lon="10.751132">
        <ele>45.283047</ele>
        <time>2026-10-02T08:09:33.089Z</time>
      </trkpt>
      <trkpt lat="53.698360" lon="10.750863">
        <ele>45.714403</ele>
        <time>2026-10-02T08:09:38.289Z</time>
      </trkpt>
      <trkpt lat="53.698302" lon="10.750702">
        <ele>45.939269</ele>
        <time>2026-10-02T08:09:40.989Z</time>
      </trkpt>
      <trkpt lat="53.698141" lon="10.750204">
        <ele>46.035916</ele>
        <time>2026-10-02T08:09:48.463Z</time>
      </trkpt>
      <trkpt lat="53.698085" lon="10.749921">
        <ele>46.025054</ele>
        <time>2026-10-02T08:09:51.943Z</time>
      </trkpt>
      <trkpt lat="53.698015" lon="10.749530">
        <ele>46.010185</ele>
        <time>2026-10-02T08:09:55.955Z</time>
      </trkpt>
      <trkpt lat="53.697999" lon="10.749432">
        <ele>46.006485</ele>
        <time>2026-10-02T08:09:56.845Z</time>
      </trkpt>
      <trkpt lat="53.697854" lon="10.748592">
        <ele>45.974636</ele>
        <time>2026-10-02T08:10:04.670Z</time>
      </trkpt>
      <trkpt lat="53.697812" lon="10.748186">
        <ele>45.959633</ele>
        <time>2026-10-02T08:10:08.419Z</time>
      </trkpt>
      <trkpt lat="53.697773" lon="10.748181">
        <ele>45.957229</ele>
        <time>2026-10-02T08:10:09.067Z</time>
      </trkpt>
      <trkpt lat="53.697352" lon="10.748143">
        <ele>45.985745</ele>
        <time>2026-10-02T08:10:15.806Z</time>
      </trkpt>
      <trkpt lat="53.697311" lon="10.748139">
        <ele>45.995488</ele>
        <time>2026-10-02T08:10:16.522Z</time>
      </trkpt>
      <trkpt lat="53.696715" lon="10.747943">
        <ele>46.139535</ele>
        <time>2026-10-02T08:10:26.608Z</time>
      </trkpt>
      <trkpt lat="53.696502" lon="10.747771">
        <ele>46.195545</ele>
        <time>2026-10-02T08:10:31.285Z</time>
      </trkpt>
      <trkpt lat="53.696374" lon="10.747581">
        <ele>46.235971</ele>
        <time>2026-10-02T08:10:34.820Z</time>
      </trkpt>
      <trkpt lat="53.696253" lon="10.747284">
        <ele>46.286610</ele>
        <time>2026-10-02T08:10:39.454Z</time>
      </trkpt>
      <trkpt lat="53.696157" lon="10.746963">
        <ele>46.337123</ele>
        <time>2026-10-02T08:10:43.909Z</time>
      </trkpt>
      <trkpt lat="53.695523" lon="10.747398">
        <ele>46.439165</ele>
        <time>2026-10-02T08:10:57.284Z</time>
      </trkpt>
      <trkpt lat="53.695496" lon="10.747421">
        <ele>46.443018</ele>
        <time>2026-10-02T08:10:57.866Z</time>
      </trkpt>
      <trkpt lat="53.694840" lon="10.748024">
        <ele>46.538171</ele>
        <time>2026-10-02T08:11:11.322Z</time>
      </trkpt>
      <trkpt lat="53.694741" lon="10.748157">
        <ele>46.554288</ele>
        <time>2026-10-02T08:11:13.754Z</time>
      </trkpt>
      <trkpt lat="53.694529" lon="10.748397">
        <ele>46.586804</ele>
        <time>2026-10-02T08:11:18.574Z</time>
      </trkpt>
      <trkpt lat="53.694450" lon="10.748503">
        <ele>46.591773</ele>
        <time>2026-10-02T08:11:20.438Z</time>
      </trkpt>
      <trkpt lat="53.694018" lon="10.749309">
        <ele>46.172038</ele>
        <time>2026-10-02T08:11:32.017Z</time>
      </trkpt>
      <trkpt lat="53.693494" lon="10.748720">
        <ele>45.761608</ele>
        <time>2026-10-02T08:11:43.082Z</time>
      </trkpt>
      <trkpt lat="53.692344" lon="10.747655">
        <ele>44.841955</ele>
        <time>2026-10-02T08:12:07.705Z</time>
      </trkpt>
      <trkpt lat="53.691890" lon="10.748803">
        <ele>44.242773</ele>
        <time>2026-10-02T08:12:20.816Z</time>
      </trkpt>
      <trkpt lat="53.691798" lon="10.749036">
        <ele>44.121220</ele>
        <time>2026-10-02T08:12:23.374Z</time>
      </trkpt>
      <trkpt lat="53.691295" lon="10.750355">
        <ele>43.023826</ele>
        <time>2026-10-02T08:12:37.473Z</time>
      </trkpt>
      <trkpt lat="53.690831" lon="10.751547">
        <ele>42.018016</ele>
        <time>2026-10-02T08:12:51.141Z</time>
      </trkpt>
      <trkpt lat="53.690809" lon="10.751597">
        <ele>41.974093</ele>
        <time>2026-10-02T08:12:51.719Z</time>
      </trkpt>
      <trkpt lat="53.690162" lon="10.750918">
        <ele>38.267873</ele>
        <time>2026-10-02T08:13:01.899Z</time>
      </trkpt>
      <trkpt lat="53.689864" lon="10.751702">
        <ele>35.564215</ele>
        <time>2026-10-02T08:13:15.031Z</time>
      </trkpt>
      <trkpt lat="53.689844" lon="10.751756">
        <ele>35.379371</ele>
        <time>2026-10-02T08:13:15.889Z</time>
      </trkpt>
      <trkpt lat="53.689469" lon="10.752011">
        <ele>33.398119</ele>
        <time>2026-10-02T08:13:24.675Z</time>
      </trkpt>
      <trkpt lat="53.689199" lon="10.752120">
        <ele>32.211981</ele>
        <time>2026-10-02T08:13:30.634Z</time>
      </trkpt>
      <trkpt lat="53.688972" lon="10.752375">
        <ele>31.085216</ele>
        <time>2026-10-02T08:13:36.693Z</time>
      </trkpt>
      <trkpt lat="53.688908" lon="10.752722">
        <ele>30.195751</ele>
        <time>2026-10-02T08:13:41.652Z</time>
      </trkpt>
      <trkpt lat="53.688767" lon="10.752849">
        <ele>29.535312</ele>
        <time>2026-10-02T08:13:45.439Z</time>
      </trkpt>
      <trkpt lat="53.688535" lon="10.752895">
        <ele>28.569906</ele>
        <time>2026-10-02T08:13:51.226Z</time>
      </trkpt>
      <trkpt lat="53.688252" lon="10.752361">
        <ele>26.816073</ele>
        <time>2026-10-02T08:13:58.076Z</time>
      </trkpt>
      <trkpt lat="53.687763" lon="10.751898">
        <ele>26.389204</ele>
        <time>2026-10-02T08:14:13.275Z</time>
      </trkpt>
      <trkpt lat="53.687531" lon="10.751758">
        <ele>26.951378</ele>
        <time>2026-10-02T08:14:22.931Z</time>
      </trkpt>
      <trkpt lat="53.686951" lon="10.751789">
        <ele>28.275509</ele>
        <time>2026-10-02T08:14:43.060Z</time>
      </trkpt>
      <trkpt lat="53.686155" lon="10.751424">
        <ele>29.915197</ele>
        <time>2026-10-02T08:15:07.296Z</time>
      </trkpt>
      <trkpt lat="53.685009" lon="10.750925">
        <ele>30.670412</ele>
        <time>2026-10-02T08:15:39.804Z</time>
      </trkpt>
      <trkpt lat="53.684542" lon="10.751027">
        <ele>30.951647</ele>
        <time>2026-10-02T08:15:48.090Z</time>
      </trkpt>
      <trkpt lat="53.684512" lon="10.751282">
        <ele>30.131749</ele>
        <time>2026-10-02T08:15:50.811Z</time>
      </trkpt>
      <trkpt lat="53.684545" lon="10.752314">
        <ele>26.872424</ele>
        <time>2026-10-02T08:16:00.662Z</time>
      </trkpt>
      <trkpt lat="53.684464" lon="10.752646">
        <ele>25.740041</ele>
        <time>2026-10-02T08:16:03.888Z</time>
      </trkpt>
      <trkpt lat="53.684272" lon="10.752831">
        <ele>24.562876</ele>
        <time>2026-10-02T08:16:07.185Z</time>
      </trkpt>
      <trkpt lat="53.683935" lon="10.753012">
        <ele>22.679732</ele>
        <time>2026-10-02T08:16:12.450Z</time>
      </trkpt>
      <trkpt lat="53.683611" lon="10.753113">
        <ele>21.038162</ele>
        <time>2026-10-02T08:16:17.391Z</time>
      </trkpt>
      <trkpt lat="53.683494" lon="10.753099">
        <ele>20.564999</ele>
        <time>2026-10-02T08:16:19.136Z</time>
      </trkpt>
      <trkpt lat="53.683459" lon="10.753090">
        <ele>20.422181</ele>
        <time>2026-10-02T08:16:19.653Z</time>
      </trkpt>
      <trkpt lat="53.683274" lon="10.753044">
        <ele>19.667840</ele>
        <time>2026-10-02T08:16:22.422Z</time>
      </trkpt>
      <trkpt lat="53.682991" lon="10.752861">
        <ele>18.445358</ele>
        <time>2026-10-02T08:16:27.170Z</time>
      </trkpt>
      <trkpt lat="53.682814" lon="10.752764">
        <ele>17.694670</ele>
        <time>2026-10-02T08:16:30.263Z</time>
      </trkpt>
      <trkpt lat="53.682515" lon="10.752586">
        <ele>16.415725</ele>
        <time>2026-10-02T08:16:35.633Z</time>
      </trkpt>
      <trkpt lat="53.682417" lon="10.752571">
        <ele>16.018771</ele>
        <time>2026-10-02T08:16:37.277Z</time>
      </trkpt>
      <trkpt lat="53.682270" lon="10.752486">
        <ele>15.391962</ele>
        <time>2026-10-02T08:16:40.063Z</time>
      </trkpt>
      <trkpt lat="53.682069" lon="10.752358">
        <ele>14.525371</ele>
        <time>2026-10-02T08:16:43.226Z</time>
      </trkpt>
      <trkpt lat="53.681910" lon="10.752356">
        <ele>14.246654</ele>
        <time>2026-10-02T08:16:45.619Z</time>
      </trkpt>
      <trkpt lat="53.681565" lon="10.752546">
        <ele>14.895983</ele>
        <time>2026-10-02T08:16:51.562Z</time>
      </trkpt>
      <trkpt lat="53.681534" lon="10.752539">
        <ele>14.951946</ele>
        <time>2026-10-02T08:16:52.120Z</time>
      </trkpt>
      <trkpt lat="53.681382" lon="10.752503">
        <ele>15.226587</ele>
        <time>2026-10-02T08:16:55.767Z</time>
      </trkpt>
      <trkpt lat="53.681255" lon="10.752401">
        <ele>15.478233</ele>
        <time>2026-10-02T08:16:59.991Z</time>
      </trkpt>
      <trkpt lat="53.680973" lon="10.752186">
        <ele>16.031884</ele>
        <time>2026-10-02T08:17:10.640Z</time>
      </trkpt>
      <trkpt lat="53.680839" lon="10.752138">
        <ele>16.276991</ele>
        <time>2026-10-02T08:17:15.051Z</time>
      </trkpt>
      <trkpt lat="53.680654" lon="10.752181">
        <ele>16.611140</ele>
        <time>2026-10-02T08:17:21.185Z</time>
      </trkpt>
      <trkpt lat="53.680421" lon="10.752321">
        <ele>17.053669</ele>
        <time>2026-10-02T08:17:29.752Z</time>
      </trkpt>
      <trkpt lat="53.679763" lon="10.752219">
        <ele>18.097433</ele>
        <time>2026-10-02T08:17:50.984Z</time>
      </trkpt>
      <trkpt lat="53.679265" lon="10.752473">
        <ele>18.882120</ele>
        <time>2026-10-02T08:18:03.587Z</time>
      </trkpt>
      <trkpt lat="53.678984" lon="10.752694">
        <ele>19.349699</ele>
        <time>2026-10-02T08:18:09.991Z</time>
      </trkpt>
      <trkpt lat="53.678907" lon="10.752786">
        <ele>19.491984</ele>
        <time>2026-10-02T08:18:11.902Z</time>
      </trkpt>
      <trkpt lat="53.678729" lon="10.753130">
        <ele>19.900076</ele>
        <time>2026-10-02T08:18:17.953Z</time>
      </trkpt>
      <trkpt lat="53.678331" lon="10.753298">
        <ele>20.036690</ele>
        <time>2026-10-02T08:18:28.271Z</time>
      </trkpt>
      <trkpt lat="53.678033" lon="10.753466">
        <ele>20.005394</ele>
        <time>2026-10-02T08:18:36.551Z</time>
      </trkpt>
      <trkpt lat="53.677585" lon="10.754034">
        <ele>19.949584</ele>
        <time>2026-10-02T08:18:51.603Z</time>
      </trkpt>
      <trkpt lat="53.677204" lon="10.754865">
        <ele>19.887580</ele>
        <time>2026-10-02T08:19:02.392Z</time>
      </trkpt>
      <trkpt lat="53.676979" lon="10.755451">
        <ele>17.763440</ele>
        <time>2026-10-02T08:19:08.211Z</time>
      </trkpt>
      <trkpt lat="53.676871" lon="10.755653">
        <ele>16.932051</ele>
        <time>2026-10-02T08:19:10.358Z</time>
      </trkpt>
      <trkpt lat="53.676745" lon="10.755822">
        <ele>16.101999</ele>
        <time>2026-10-02T08:19:12.473Z</time>
      </trkpt>
      <trkpt lat="53.676782" lon="10.755911">
        <ele>15.769791</ele>
        <time>2026-10-02T08:19:13.280Z</time>
      </trkpt>
      <trkpt lat="53.676773" lon="10.756046">
        <ele>15.354725</ele>
        <time>2026-10-02T08:19:14.289Z</time>
      </trkpt>
      <trkpt lat="53.676902" lon="10.756411">
        <ele>14.056132</ele>
        <time>2026-10-02T08:19:17.410Z</time>
      </trkpt>
      <trkpt lat="53.677001" lon="10.756512">
        <ele>13.459494</ele>
        <time>2026-10-02T08:19:18.845Z</time>
      </trkpt>
      <trkpt lat="53.677054" lon="10.756788">
        <ele>12.573038</ele>
        <time>2026-10-02T08:19:21.006Z</time>
      </trkpt>
      <trkpt lat="53.677052" lon="10.756836">
        <ele>12.426023</ele>
        <time>2026-10-02T08:19:21.370Z</time>
      </trkpt>
      <trkpt lat="53.676912" lon="10.758015">
        <ele>10.984017</ele>
        <time>2026-10-02T08:19:31.023Z</time>
      </trkpt>
      <trkpt lat="53.676609" lon="10.760229">
        <ele>12.381591</ele>
        <time>2026-10-02T08:20:30.808Z</time>
      </trkpt>
      <trkpt lat="53.676590" lon="10.760523">
        <ele>12.864396</ele>
        <time>2026-10-02T08:20:40.976Z</time>
      </trkpt>
      <trkpt lat="53.676556" lon="10.760686">
        <ele>13.343081</ele>
        <time>2026-10-02T08:20:45.517Z</time>
      </trkpt>
      <trkpt lat="53.676502" lon="10.760800">
        <ele>13.747412</ele>
        <time>2026-10-02T08:20:49.370Z</time>
      </trkpt>
      <trkpt lat="53.676388" lon="10.760897">
        <ele>14.344398</ele>
        <time>2026-10-02T08:20:55.001Z</time>
      </trkpt>
      <trkpt lat="53.675894" lon="10.760906">
        <ele>16.654640</ele>
        <time>2026-10-02T08:21:16.990Z</time>
      </trkpt>
      <trkpt lat="53.675424" lon="10.761078">
        <ele>18.903564</ele>
        <time>2026-10-02T08:21:36.396Z</time>
      </trkpt>
      <trkpt lat="53.675257" lon="10.761095">
        <ele>19.685930</ele>
        <time>2026-10-02T08:21:42.183Z</time>
      </trkpt>
      <trkpt lat="53.674853" lon="10.761127">
        <ele>21.396770</ele>
        <time>2026-10-02T08:21:58.120Z</time>
      </trkpt>
      <trkpt lat="53.674485" lon="10.761052">
        <ele>22.675844</ele>
        <time>2026-10-02T08:22:13.029Z</time>
      </trkpt>
      <trkpt lat="53.674350" lon="10.761079">
        <ele>23.144945</ele>
        <time>2026-10-02T08:22:18.269Z</time>
      </trkpt>
      <trkpt lat="53.674136" lon="10.761207">
        <ele>23.928375</ele>
        <time>2026-10-02T08:22:26.665Z</time>
      </trkpt>
      <trkpt lat="53.674082" lon="10.761273">
        <ele>24.158424</ele>
        <time>2026-10-02T08:22:29.121Z</time>
      </trkpt>
      <trkpt lat="53.673948" lon="10.761679">
        <ele>25.108455</ele>
        <time>2026-10-02T08:22:39.002Z</time>
      </trkpt>
      <trkpt lat="53.673854" lon="10.762281">
        <ele>26.381047</ele>
        <time>2026-10-02T08:22:52.035Z</time>
      </trkpt>
      <trkpt lat="53.673174" lon="10.771187">
        <ele>31.494484</ele>
        <time>2026-10-02T08:24:56.759Z</time>
      </trkpt>
      <trkpt lat="53.673823" lon="10.771028">
        <ele>31.929489</ele>
        <time>2026-10-02T08:25:09.929Z</time>
      </trkpt>
      <trkpt lat="53.674262" lon="10.770652">
        <ele>32.210078</ele>
        <time>2026-10-02T08:25:20.514Z</time>
      </trkpt>
      <trkpt lat="53.674342" lon="10.770616">
        <ele>32.257269</ele>
        <time>2026-10-02T08:25:22.181Z</time>
      </trkpt>
      <trkpt lat="53.674529" lon="10.770656">
        <ele>32.364709</ele>
        <time>2026-10-02T08:25:25.937Z</time>
      </trkpt>
      <trkpt lat="53.674660" lon="10.770783">
        <ele>32.450814</ele>
        <time>2026-10-02T08:25:28.885Z</time>
      </trkpt>
      <trkpt lat="53.674696" lon="10.770808">
        <ele>32.473002</ele>
        <time>2026-10-02T08:25:29.674Z</time>
      </trkpt>
      <trkpt lat="53.674704" lon="10.770813">
        <ele>32.477865</ele>
        <time>2026-10-02T08:25:29.848Z</time>
      </trkpt>
      <trkpt lat="53.674933" lon="10.770900">
        <ele>32.611656</ele>
        <time>2026-10-02T08:25:34.283Z</time>
      </trkpt>
      <trkpt lat="53.674981" lon="10.770928">
        <ele>32.640603</ele>
        <time>2026-10-02T08:25:35.229Z</time>
      </trkpt>
      <trkpt lat="53.675052" lon="10.770968">
        <ele>32.683266</ele>
        <time>2026-10-02T08:25:36.577Z</time>
      </trkpt>
      <trkpt lat="53.675033" lon="10.771136">
        <ele>32.741014</ele>
        <time>2026-10-02T08:25:38.414Z</time>
      </trkpt>
      <trkpt lat="53.674914" lon="10.771668">
        <ele>32.666978</ele>
        <time>2026-10-02T08:25:45.059Z</time>
      </trkpt>
      <trkpt lat="53.674871" lon="10.771798">
        <ele>32.647062</ele>
        <time>2026-10-02T08:25:46.770Z</time>
      </trkpt>
      <trkpt lat="53.674810" lon="10.771925">
        <ele>32.625192</ele>
        <time>2026-10-02T08:25:48.594Z</time>
      </trkpt>
      <trkpt lat="53.674685" lon="10.772116">
        <ele>32.587121</ele>
        <time>2026-10-02T08:25:54.054Z</time>
      </trkpt>
      <trkpt lat="53.674177" lon="10.772642">
        <ele>32.452554</ele>
        <time>2026-10-02T08:26:13.043Z</time>
      </trkpt>
      <trkpt lat="53.673916" lon="10.772991">
        <ele>32.377371</ele>
        <time>2026-10-02T08:26:23.883Z</time>
      </trkpt>
      <trkpt lat="53.672796" lon="10.775069">
        <ele>32.867160</ele>
        <time>2026-10-02T08:27:21.806Z</time>
      </trkpt>
      <trkpt lat="53.672112" lon="10.776337">
        <ele>33.569192</ele>
        <time>2026-10-02T08:28:00.395Z</time>
      </trkpt>
      <trkpt lat="53.671663" lon="10.778103">
        <ele>34.500620</ele>
        <time>2026-10-02T08:28:43.671Z</time>
      </trkpt>
      <trkpt lat="53.671265" lon="10.778653">
        <ele>34.588324</ele>
        <time>2026-10-02T08:29:02.182Z</time>
      </trkpt>
      <trkpt lat="53.671047" lon="10.779188">
        <ele>34.653915</ele>
        <time>2026-10-02T08:29:15.329Z</time>
      </trkpt>
      <trkpt lat="53.670786" lon="10.779723">
        <ele>34.723923</ele>
        <time>2026-10-02T08:29:28.839Z</time>
      </trkpt>
      <trkpt lat="53.670517" lon="10.780710">
        <ele>34.821278</ele>
        <time>2026-10-02T08:29:50.285Z</time>
      </trkpt>
      <trkpt lat="53.670328" lon="10.781080">
        <ele>34.852161</ele>
        <time>2026-10-02T08:29:59.929Z</time>
      </trkpt>
      <trkpt lat="53.670185" lon="10.781148">
        <ele>34.868014</ele>
        <time>2026-10-02T08:30:04.914Z</time>
      </trkpt>
      <trkpt lat="53.668489" lon="10.781568">
        <ele>35.391237</ele>
        <time>2026-10-02T08:31:04.282Z</time>
      </trkpt>
      <trkpt lat="53.664217" lon="10.787318">
        <ele>39.084163</ele>
        <time>2026-10-02T08:34:28.588Z</time>
      </trkpt>
      <trkpt lat="53.663709" lon="10.790000">
        <ele>39.044229</ele>
        <time>2026-10-02T08:35:22.966Z</time>
      </trkpt>
      <trkpt lat="53.664039" lon="10.792811">
        <ele>38.982535</ele>
        <time>2026-10-02T08:36:19.895Z</time>
      </trkpt>
      <trkpt lat="53.664283" lon="10.793995">
        <ele>39.263576</ele>
        <time>2026-10-02T08:36:45.301Z</time>
      </trkpt>
      <trkpt lat="53.664539" lon="10.795238">
        <ele>39.771352</ele>
        <time>2026-10-02T08:37:13.568Z</time>
      </trkpt>
      <trkpt lat="53.664738" lon="10.796343">
        <ele>41.369324</ele>
        <time>2026-10-02T08:37:41.301Z</time>
      </trkpt>
      <trkpt lat="53.664949" lon="10.796148">
        <ele>41.931085</ele>
        <time>2026-10-02T08:37:48.201Z</time>
      </trkpt>
      <trkpt lat="53.665179" lon="10.796964">
        <ele>43.181357</ele>
        <time>2026-10-02T08:38:05.917Z</time>
      </trkpt>
      <trkpt lat="53.665421" lon="10.799346">
        <ele>47.331536</ele>
        <time>2026-10-02T08:38:54.684Z</time>
      </trkpt>
      <trkpt lat="53.665726" lon="10.801363">
        <ele>50.484820</ele>
        <time>2026-10-02T08:39:32.080Z</time>
      </trkpt>
      <trkpt lat="53.665650" lon="10.801942">
        <ele>51.235376</ele>
        <time>2026-10-02T08:39:42.180Z</time>
      </trkpt>
      <trkpt lat="53.665732" lon="10.803035">
        <ele>52.629734</ele>
        <time>2026-10-02T08:40:00.600Z</time>
      </trkpt>
      <trkpt lat="53.665791" lon="10.803403">
        <ele>53.044665</ele>
        <time>2026-10-02T08:40:06.699Z</time>
      </trkpt>
      <trkpt lat="53.665762" lon="10.803766">
        <ele>53.293832</ele>
        <time>2026-10-02T08:40:12.432Z</time>
      </trkpt>
      <trkpt lat="53.665675" lon="10.804236">
        <ele>53.628792</ele>
        <time>2026-10-02T08:40:19.938Z</time>
      </trkpt>
      <trkpt lat="53.665448" lon="10.804598">
        <ele>53.987351</ele>
        <time>2026-10-02T08:40:27.752Z</time>
      </trkpt>
      <trkpt lat="53.664950" lon="10.805354">
        <ele>54.756375</ele>
        <time>2026-10-02T08:40:43.696Z</time>
      </trkpt>
      <trkpt lat="53.664556" lon="10.806642">
        <ele>54.941813</ele>
        <time>2026-10-02T08:41:02.022Z</time>
      </trkpt>
      <trkpt lat="53.664404" lon="10.807414">
        <ele>54.872257</ele>
        <time>2026-10-02T08:41:11.190Z</time>
      </trkpt>
      <trkpt lat="53.663399" lon="10.808723">
        <ele>54.094298</ele>
        <time>2026-10-02T08:41:32.922Z</time>
      </trkpt>
      <trkpt lat="53.664222" lon="10.811931">
        <ele>51.896015</ele>
        <time>2026-10-02T08:42:06.683Z</time>
      </trkpt>
      <trkpt lat="53.663798" lon="10.813720">
        <ele>51.046447</ele>
        <time>2026-10-02T08:42:27.062Z</time>
      </trkpt>
      <trkpt lat="53.663564" lon="10.814860">
        <ele>51.021281</ele>
        <time>2026-10-02T08:42:40.571Z</time>
      </trkpt>
      <trkpt lat="53.663553" lon="10.815037">
        <ele>51.017569</ele>
        <time>2026-10-02T08:42:42.606Z</time>
      </trkpt>
      <trkpt lat="53.663572" lon="10.815230">
        <ele>51.013487</ele>
        <time>2026-10-02T08:42:44.864Z</time>
      </trkpt>
      <trkpt lat="53.663435" lon="10.815416">
        <ele>51.007298</ele>
        <time>2026-10-02T08:42:47.958Z</time>
      </trkpt>
      <trkpt lat="53.663401" lon="10.815461">
        <ele>51.005776</ele>
        <time>2026-10-02T08:42:48.707Z</time>
      </trkpt>
      <trkpt lat="53.663296" lon="10.815604">
        <ele>51.001026</ele>
        <time>2026-10-02T08:42:51.105Z</time>
      </trkpt>
      <trkpt lat="53.663207" lon="10.815723">
        <ele>50.997029</ele>
        <time>2026-10-02T08:42:53.123Z</time>
      </trkpt>
      <trkpt lat="53.663329" lon="10.815998">
        <ele>50.989863</ele>
        <time>2026-10-02T08:42:57.327Z</time>
      </trkpt>
      <trkpt lat="53.663369" lon="10.816102">
        <ele>51.000897</ele>
        <time>2026-10-02T08:42:58.861Z</time>
      </trkpt>
      <trkpt lat="53.663379" lon="10.816130">
        <ele>51.003974</ele>
        <time>2026-10-02T08:42:59.255Z</time>
      </trkpt>
      <trkpt lat="53.663863" lon="10.817464">
        <ele>51.151225</ele>
        <time>2026-10-02T08:43:19.074Z</time>
      </trkpt>
      <trkpt lat="53.664060" lon="10.818210">
        <ele>51.228110</ele>
        <time>2026-10-02T08:43:29.029Z</time>
      </trkpt>
      <trkpt lat="53.664200" lon="10.818556">
        <ele>51.267551</ele>
        <time>2026-10-02T08:43:33.863Z</time>
      </trkpt>
      <trkpt lat="53.664301" lon="10.818904">
        <ele>51.410847</ele>
        <time>2026-10-02T08:43:38.263Z</time>
      </trkpt>
      <trkpt lat="53.664497" lon="10.819771">
        <ele>51.825333</ele>
        <time>2026-10-02T08:43:48.769Z</time>
      </trkpt>
      <trkpt lat="53.664743" lon="10.820599">
        <ele>52.239057</ele>
        <time>2026-10-02T08:44:01.532Z</time>
      </trkpt>
      <trkpt lat="53.664808" lon="10.821171">
        <ele>52.499202</ele>
        <time>2026-10-02T08:44:10.356Z</time>
      </trkpt>
      <trkpt lat="53.664892" lon="10.821528">
        <ele>52.804350</ele>
        <time>2026-10-02T08:44:16.710Z</time>
      </trkpt>
      <trkpt lat="53.665130" lon="10.822157">
        <ele>54.268663</ele>
        <time>2026-10-02T08:44:31.109Z</time>
      </trkpt>
      <trkpt lat="53.665175" lon="10.822411">
        <ele>54.788823</ele>
        <time>2026-10-02T08:44:36.884Z</time>
      </trkpt>
      <trkpt lat="53.665112" lon="10.822788">
        <ele>55.557370</ele>
        <time>2026-10-02T08:44:45.938Z</time>
      </trkpt>
      <trkpt lat="53.665090" lon="10.822938">
        <ele>55.860559</ele>
        <time>2026-10-02T08:44:49.744Z</time>
      </trkpt>
      <trkpt lat="53.665215" lon="10.824758">
        <ele>58.903995</ele>
        <time>2026-10-02T08:45:30.089Z</time>
      </trkpt>
      <trkpt lat="53.665269" lon="10.825032">
        <ele>59.110602</ele>
        <time>2026-10-02T08:45:35.713Z</time>
      </trkpt>
      <trkpt lat="53.665380" lon="10.825255">
        <ele>59.318988</ele>
        <time>2026-10-02T08:45:41.006Z</time>
      </trkpt>
      <trkpt lat="53.667171" lon="10.826869">
        <ele>61.119695</ele>
        <time>2026-10-02T08:46:21.883Z</time>
      </trkpt>
      <trkpt lat="53.669673" lon="10.828809">
        <ele>62.931885</ele>
        <time>2026-10-02T08:47:25.633Z</time>
      </trkpt>
      <trkpt lat="53.670363" lon="10.830023">
        <ele>63.079932</ele>
        <time>2026-10-02T08:47:48.848Z</time>
      </trkpt>
      <trkpt lat="53.670564" lon="10.831111">
        <ele>63.177416</ele>
        <time>2026-10-02T08:48:01.568Z</time>
      </trkpt>
      <trkpt lat="53.671355" lon="10.832849">
        <ele>60.651884</ele>
        <time>2026-10-02T08:48:22.010Z</time>
      </trkpt>
      <trkpt lat="53.671553" lon="10.833131">
        <ele>60.086043</ele>
        <time>2026-10-02T08:48:25.813Z</time>
      </trkpt>
      <trkpt lat="53.671569" lon="10.833380">
        <ele>59.761961</ele>
        <time>2026-10-02T08:48:29.673Z</time>
      </trkpt>
      <trkpt lat="53.671532" lon="10.833839">
        <ele>59.079889</ele>
        <time>2026-10-02T08:48:36.719Z</time>
      </trkpt>
      <trkpt lat="53.671401" lon="10.834602">
        <ele>57.246533</ele>
        <time>2026-10-02T08:48:48.566Z</time>
      </trkpt>
      <trkpt lat="53.671397" lon="10.834847">
        <ele>56.680892</ele>
        <time>2026-10-02T08:48:52.166Z</time>
      </trkpt>
      <trkpt lat="53.671448" lon="10.835254">
        <ele>55.720810</ele>
        <time>2026-10-02T08:48:58.242Z</time>
      </trkpt>
      <trkpt lat="53.671249" lon="10.835453">
        <ele>54.819743</ele>
        <time>2026-10-02T08:49:03.933Z</time>
      </trkpt>
      <trkpt lat="53.671002" lon="10.835572">
        <ele>53.819084</ele>
        <time>2026-10-02T08:49:10.243Z</time>
      </trkpt>
      <trkpt lat="53.670842" lon="10.835583">
        <ele>53.195258</ele>
        <time>2026-10-02T08:49:14.170Z</time>
      </trkpt>
      <trkpt lat="53.670669" lon="10.835536">
        <ele>52.512632</ele>
        <time>2026-10-02T08:49:18.531Z</time>
      </trkpt>
      <trkpt lat="53.670397" lon="10.835345">
        <ele>52.018817</ele>
        <time>2026-10-02T08:49:25.945Z</time>
      </trkpt>
      <trkpt lat="53.670189" lon="10.835107">
        <ele>51.754115</ele>
        <time>2026-10-02T08:49:32.459Z</time>
      </trkpt>
      <trkpt lat="53.670021" lon="10.834859">
        <ele>51.519016</ele>
        <time>2026-10-02T08:49:38.413Z</time>
      </trkpt>
      <trkpt lat="53.669981" lon="10.835068">
        <ele>51.381948</ele>
        <time>2026-10-02T08:49:42.218Z</time>
      </trkpt>
      <trkpt lat="53.669991" lon="10.835269">
        <ele>51.256070</ele>
        <time>2026-10-02T08:49:45.866Z</time>
      </trkpt>
      <trkpt lat="53.670043" lon="10.835532">
        <ele>51.083041</ele>
        <time>2026-10-02T08:49:51.102Z</time>
      </trkpt>
      <trkpt lat="53.670020" lon="10.835740">
        <ele>50.950993</ele>
        <time>2026-10-02T08:49:55.295Z</time>
      </trkpt>
      <trkpt lat="53.669927" lon="10.836010">
        <ele>50.756086</ele>
        <time>2026-10-02T08:50:01.934Z</time>
      </trkpt>
      <trkpt lat="53.670036" lon="10.836735">
        <ele>50.593917</ele>
        <time>2026-10-02T08:50:21.596Z</time>
      </trkpt>
      <trkpt lat="53.669783" lon="10.836904">
        <ele>51.438723</ele>
        <time>2026-10-02T08:50:33.472Z</time>
      </trkpt>
      <trkpt lat="53.668992" lon="10.836438">
        <ele>54.039967</ele>
        <time>2026-10-02T08:51:13.701Z</time>
      </trkpt>
      <trkpt lat="53.668813" lon="10.836460">
        <ele>54.597210</ele>
        <time>2026-10-02T08:51:22.659Z</time>
      </trkpt>
      <trkpt lat="53.669048" lon="10.837052">
        <ele>55.908028</ele>
        <time>2026-10-02T08:51:43.899Z</time>
      </trkpt>
      <trkpt lat="53.669114" lon="10.837297">
        <ele>56.250433</ele>
        <time>2026-10-02T08:51:51.590Z</time>
      </trkpt>
      <trkpt lat="53.669256" lon="10.838188">
        <ele>57.374515</ele>
        <time>2026-10-02T08:52:15.676Z</time>
      </trkpt>
      <trkpt lat="53.669393" lon="10.838806">
        <ele>58.178395</ele>
        <time>2026-10-02T08:52:31.784Z</time>
      </trkpt>
      <trkpt lat="53.669657" lon="10.839338">
        <ele>59.023843</ele>
        <time>2026-10-02T08:52:47.524Z</time>
      </trkpt>
      <trkpt lat="53.669992" lon="10.839793">
        <ele>59.691069</ele>
        <time>2026-10-02T08:53:02.901Z</time>
      </trkpt>
      <trkpt lat="53.670450" lon="10.840248">
        <ele>59.866127</ele>
        <time>2026-10-02T08:53:20.755Z</time>
      </trkpt>
      <trkpt lat="53.670918" lon="10.840582">
        <ele>60.033500</ele>
        <time>2026-10-02T08:53:37.261Z</time>
      </trkpt>
      <trkpt lat="53.671325" lon="10.840711">
        <ele>60.169911</ele>
        <time>2026-10-02T08:53:50.474Z</time>
      </trkpt>
      <trkpt lat="53.672133" lon="10.840728">
        <ele>60.481820</ele>
        <time>2026-10-02T08:54:16.268Z</time>
      </trkpt>
      <trkpt lat="53.672982" lon="10.840840">
        <ele>60.828486</ele>
        <time>2026-10-02T08:54:44.614Z</time>
      </trkpt>
      <trkpt lat="53.673608" lon="10.841140">
        <ele>61.278397</ele>
        <time>2026-10-02T08:55:08.175Z</time>
      </trkpt>
      <trkpt lat="53.673913" lon="10.841329">
        <ele>61.616225</ele>
        <time>2026-10-02T08:55:20.422Z</time>
      </trkpt>
      <trkpt lat="53.674126" lon="10.841793">
        <ele>61.977795</ele>
        <time>2026-10-02T08:55:33.685Z</time>
      </trkpt>
      <trkpt lat="53.674166" lon="10.842036">
        <ele>62.133142</ele>
        <time>2026-10-02T08:55:39.323Z</time>
      </trkpt>
      <trkpt lat="53.674141" lon="10.842446">
        <ele>62.387015</ele>
        <time>2026-10-02T08:55:48.432Z</time>
      </trkpt>
      <trkpt lat="53.673983" lon="10.842860">
        <ele>62.690358</ele>
        <time>2026-10-02T08:55:59.033Z</time>
      </trkpt>
      <trkpt lat="53.673755" lon="10.843262">
        <ele>62.802031</ele>
        <time>2026-10-02T08:56:10.517Z</time>
      </trkpt>
      <trkpt lat="53.673529" lon="10.843444">
        <ele>62.743303</ele>
        <time>2026-10-02T08:56:18.786Z</time>
      </trkpt>
      <trkpt lat="53.673028" lon="10.843552">
        <ele>62.624848</ele>
        <time>2026-10-02T08:56:34.517Z</time>
      </trkpt>
      <trkpt lat="53.672871" lon="10.843664">
        <ele>62.584873</ele>
        <time>2026-10-02T08:56:39.669Z</time>
      </trkpt>
      <trkpt lat="53.672331" lon="10.844190">
        <ele>62.438652</ele>
        <time>2026-10-02T08:56:58.109Z</time>
      </trkpt>
      <trkpt lat="53.672087" lon="10.844252">
        <ele>62.388875</ele>
        <time>2026-10-02T08:57:05.377Z</time>
      </trkpt>
      <trkpt lat="53.671626" lon="10.844262">
        <ele>62.301611</ele>
        <time>2026-10-02T08:57:19.136Z</time>
      </trkpt>
      <trkpt lat="53.671022" lon="10.844345">
        <ele>62.186910</ele>
        <time>2026-10-02T08:57:37.881Z</time>
      </trkpt>
      <trkpt lat="53.670287" lon="10.844614">
        <ele>62.166990</ele>
        <time>2026-10-02T08:58:03.374Z</time>
      </trkpt>
      <trkpt lat="53.669677" lon="10.844467">
        <ele>62.428850</ele>
        <time>2026-10-02T08:58:25.746Z</time>
      </trkpt>
      <trkpt lat="53.668947" lon="10.843941">
        <ele>62.766163</ele>
        <time>2026-10-02T08:58:52.995Z</time>
      </trkpt>
      <trkpt lat="53.668522" lon="10.843741">
        <ele>62.442533</ele>
        <time>2026-10-02T08:59:06.523Z</time>
      </trkpt>
      <trkpt lat="53.667762" lon="10.843689">
        <ele>61.221789</ele>
        <time>2026-10-02T08:59:28.078Z</time>
      </trkpt>
      <trkpt lat="53.667600" lon="10.844380">
        <ele>60.515169</ele>
        <time>2026-10-02T08:59:33.945Z</time>
      </trkpt>
      <trkpt lat="53.666616" lon="10.848775">
        <ele>53.704895</ele>
        <time>2026-10-02T09:00:10.216Z</time>
      </trkpt>
      <trkpt lat="53.665321" lon="10.854558">
        <ele>46.156786</ele>
        <time>2026-10-02T09:00:58.625Z</time>
      </trkpt>
      <trkpt lat="53.665261" lon="10.854692">
        <ele>46.095258</ele>
        <time>2026-10-02T09:01:00.120Z</time>
      </trkpt>
      <trkpt lat="53.662046" lon="10.854673">
        <ele>47.453308</ele>
        <time>2026-10-02T09:02:05.115Z</time>
      </trkpt>
      <trkpt lat="53.661878" lon="10.852765">
        <ele>49.220460</ele>
        <time>2026-10-02T09:02:35.402Z</time>
      </trkpt>
      <trkpt lat="53.660034" lon="10.853222">
        <ele>51.499700</ele>
        <time>2026-10-02T09:03:45.028Z</time>
      </trkpt>
      <trkpt lat="53.658301" lon="10.853625">
        <ele>52.586140</ele>
        <time>2026-10-02T09:04:45.092Z</time>
      </trkpt>
      <trkpt lat="53.657052" lon="10.853957">
        <ele>52.318861</ele>
        <time>2026-10-02T09:05:26.701Z</time>
      </trkpt>
      <trkpt lat="53.655482" lon="10.854274">
        <ele>50.723603</ele>
        <time>2026-10-02T09:06:12.024Z</time>
      </trkpt>
      <trkpt lat="53.652938" lon="10.854826">
        <ele>46.112734</ele>
        <time>2026-10-02T09:07:22.881Z</time>
      </trkpt>
      <trkpt lat="53.652658" lon="10.854869">
        <ele>45.574021</ele>
        <time>2026-10-02T09:07:30.514Z</time>
      </trkpt>
      <trkpt lat="53.652341" lon="10.855056">
        <ele>44.939352</ele>
        <time>2026-10-02T09:07:39.630Z</time>
      </trkpt>
      <trkpt lat="53.652229" lon="10.855656">
        <ele>44.234727</ele>
        <time>2026-10-02T09:07:49.746Z</time>
      </trkpt>
      <trkpt lat="53.651184" lon="10.860102">
        <ele>39.770795</ele>
        <time>2026-10-02T09:09:08.937Z</time>
      </trkpt>
      <trkpt lat="53.650555" lon="10.862775">
        <ele>39.971633</ele>
        <time>2026-10-02T09:10:05.809Z</time>
      </trkpt>
      <trkpt lat="53.650981" lon="10.862867">
        <ele>40.216653</ele>
        <time>2026-10-02T09:10:14.431Z</time>
      </trkpt>
      <trkpt lat="53.651474" lon="10.863100">
        <ele>40.553845</ele>
        <time>2026-10-02T09:10:24.814Z</time>
      </trkpt>
      <trkpt lat="53.652099" lon="10.863536">
        <ele>40.999271</ele>
        <time>2026-10-02T09:10:38.608Z</time>
      </trkpt>
      <trkpt lat="53.653070" lon="10.864645">
        <ele>41.463342</ele>
        <time>2026-10-02T09:11:02.445Z</time>
      </trkpt>
      <trkpt lat="53.654035" lon="10.865967">
        <ele>41.567367</ele>
        <time>2026-10-02T09:11:23.521Z</time>
      </trkpt>
      <trkpt lat="53.655086" lon="10.867430">
        <ele>40.896233</ele>
        <time>2026-10-02T09:11:44.640Z</time>
      </trkpt>
      <trkpt lat="53.653649" lon="10.870964">
        <ele>39.827275</ele>
        <time>2026-10-02T09:12:31.110Z</time>
      </trkpt>
      <trkpt lat="53.653466" lon="10.871486">
        <ele>39.876153</ele>
        <time>2026-10-02T09:12:38.585Z</time>
      </trkpt>
      <trkpt lat="53.653294" lon="10.872077">
        <ele>39.929216</ele>
        <time>2026-10-02T09:12:47.276Z</time>
      </trkpt>
      <trkpt lat="53.653078" lon="10.873369">
        <ele>40.577910</ele>
        <time>2026-10-02T09:13:06.258Z</time>
      </trkpt>
      <trkpt lat="53.653072" lon="10.873684">
        <ele>40.844880</ele>
        <time>2026-10-02T09:13:10.887Z</time>
      </trkpt>
      <trkpt lat="53.653247" lon="10.874498">
        <ele>41.578370</ele>
        <time>2026-10-02T09:13:24.156Z</time>
      </trkpt>
      <trkpt lat="53.653353" lon="10.874995">
        <ele>42.025800</ele>
        <time>2026-10-02T09:13:32.645Z</time>
      </trkpt>
      <trkpt lat="53.653253" lon="10.875410">
        <ele>42.405283</ele>
        <time>2026-10-02T09:13:40.150Z</time>
      </trkpt>
      <trkpt lat="53.653180" lon="10.875512">
        <ele>42.540750</ele>
        <time>2026-10-02T09:13:42.918Z</time>
      </trkpt>
      <trkpt lat="53.652588" lon="10.876008">
        <ele>43.883228</ele>
        <time>2026-10-02T09:14:03.317Z</time>
      </trkpt>
      <trkpt lat="53.651953" lon="10.876400">
        <ele>45.261176</ele>
        <time>2026-10-02T09:14:24.109Z</time>
      </trkpt>
      <trkpt lat="53.651984" lon="10.876482">
        <ele>45.378650</ele>
        <time>2026-10-02T09:14:26.420Z</time>
      </trkpt>
      <trkpt lat="53.652175" lon="10.876718">
        <ele>45.861097</ele>
        <time>2026-10-02T09:14:35.713Z</time>
      </trkpt>
      <trkpt lat="53.652315" lon="10.876847">
        <ele>46.186172</ele>
        <time>2026-10-02T09:14:41.775Z</time>
      </trkpt>
      <trkpt lat="53.652410" lon="10.877018">
        <ele>46.445152</ele>
        <time>2026-10-02T09:14:46.969Z</time>
      </trkpt>
      <trkpt lat="53.652633" lon="10.877716">
        <ele>47.311467</ele>
        <time>2026-10-02T09:15:04.122Z</time>
      </trkpt>
      <trkpt lat="53.652760" lon="10.878016">
        <ele>47.714243</ele>
        <time>2026-10-02T09:15:12.253Z</time>
      </trkpt>
      <trkpt lat="53.652893" lon="10.878252">
        <ele>48.070029</ele>
        <time>2026-10-02T09:15:19.681Z</time>
      </trkpt>
      <trkpt lat="53.653084" lon="10.878488">
        <ele>48.506421</ele>
        <time>2026-10-02T09:15:29.046Z</time>
      </trkpt>
      <trkpt lat="53.653243" lon="10.878574">
        <ele>48.814205</ele>
        <time>2026-10-02T09:15:35.956Z</time>
      </trkpt>
      <trkpt lat="53.653357" lon="10.878831">
        <ele>49.164908</ele>
        <time>2026-10-02T09:15:44.210Z</time>
      </trkpt>
      <trkpt lat="53.653779" lon="10.880078">
        <ele>50.807184</ele>
        <time>2026-10-02T09:16:22.936Z</time>
      </trkpt>
      <trkpt lat="53.653822" lon="10.880205">
        <ele>50.976750</ele>
        <time>2026-10-02T09:16:26.845Z</time>
      </trkpt>
      <trkpt lat="53.653879" lon="10.880891">
        <ele>51.779816</ele>
        <time>2026-10-02T09:16:44.699Z</time>
      </trkpt>
      <trkpt lat="53.654413" lon="10.882608">
        <ele>52.943886</ele>
        <time>2026-10-02T09:17:24.217Z</time>
      </trkpt>
      <trkpt lat="53.654534" lon="10.883659">
        <ele>52.808342</ele>
        <time>2026-10-02T09:17:43.259Z</time>
      </trkpt>
      <trkpt lat="53.654496" lon="10.884207">
        <ele>52.738492</ele>
        <time>2026-10-02T09:17:53.222Z</time>
      </trkpt>
      <trkpt lat="53.654477" lon="10.884990">
        <ele>52.620718</ele>
        <time>2026-10-02T09:18:07.256Z</time>
      </trkpt>
      <trkpt lat="53.654559" lon="10.885312">
        <ele>52.545955</ele>
        <time>2026-10-02T09:18:13.501Z</time>
      </trkpt>
      <trkpt lat="53.654757" lon="10.885872">
        <ele>52.406849</ele>
        <time>2026-10-02T09:18:25.255Z</time>
      </trkpt>
      <trkpt lat="53.655378" lon="10.885822">
        <ele>52.183068</ele>
        <time>2026-10-02T09:18:45.623Z</time>
      </trkpt>
      <trkpt lat="53.659515" lon="10.885489">
        <ele>51.065580</ele>
        <time>2026-10-02T09:21:02.912Z</time>
      </trkpt>
      <trkpt lat="53.659872" lon="10.885442">
        <ele>50.522450</ele>
        <time>2026-10-02T09:21:14.398Z</time>
      </trkpt>
      <trkpt lat="53.659893" lon="10.885433">
        <ele>50.489586</ele>
        <time>2026-10-02T09:21:15.061Z</time>
      </trkpt>
      <trkpt lat="53.660079" lon="10.885354">
        <ele>50.198670</ele>
        <time>2026-10-02T09:21:21.032Z</time>
      </trkpt>
      <trkpt lat="53.660151" lon="10.884980">
        <ele>49.845226</ele>
        <time>2026-10-02T09:21:28.158Z</time>
      </trkpt>
      <trkpt lat="53.660198" lon="10.884160">
        <ele>49.104775</ele>
        <time>2026-10-02T09:21:42.647Z</time>
      </trkpt>
      <trkpt lat="53.660322" lon="10.881119">
        <ele>45.080524</ele>
        <time>2026-10-02T09:22:33.437Z</time>
      </trkpt>
      <trkpt lat="53.660708" lon="10.879019">
        <ele>43.334785</ele>
        <time>2026-10-02T09:23:12.302Z</time>
      </trkpt>
      <trkpt lat="53.660716" lon="10.878748">
        <ele>43.200622</ele>
        <time>2026-10-02T09:23:17.506Z</time>
      </trkpt>
      <trkpt lat="53.660656" lon="10.878476">
        <ele>43.057114</ele>
        <time>2026-10-02T09:23:23.166Z</time>
      </trkpt>
      <trkpt lat="53.660411" lon="10.877756">
        <ele>42.646583</ele>
        <time>2026-10-02T09:23:39.970Z</time>
      </trkpt>
      <trkpt lat="53.660114" lon="10.876418">
        <ele>43.526533</ele>
        <time>2026-10-02T09:24:11.056Z</time>
      </trkpt>
      <trkpt lat="53.659966" lon="10.875377">
        <ele>44.311184</ele>
        <time>2026-10-02T09:24:37.290Z</time>
      </trkpt>
      <trkpt lat="53.659909" lon="10.874298">
        <ele>45.172271</ele>
        <time>2026-10-02T09:25:04.335Z</time>
      </trkpt>
      <trkpt lat="53.659982" lon="10.874087">
        <ele>45.391239</ele>
        <time>2026-10-02T09:25:10.532Z</time>
      </trkpt>
      <trkpt lat="53.660158" lon="10.873982">
        <ele>45.673561</ele>
        <time>2026-10-02T09:25:15.551Z</time>
      </trkpt>
      <trkpt lat="53.660317" lon="10.874377">
        <ele>46.101507</ele>
        <time>2026-10-02T09:25:23.255Z</time>
      </trkpt>
      <trkpt lat="53.660440" lon="10.874537">
        <ele>46.336379</ele>
        <time>2026-10-02T09:25:27.394Z</time>
      </trkpt>
      <trkpt lat="53.662708" lon="10.876313">
        <ele>48.375105</ele>
        <time>2026-10-02T09:26:19.272Z</time>
      </trkpt>
      <trkpt lat="53.662926" lon="10.876623">
        <ele>48.099287</ele>
        <time>2026-10-02T09:26:23.517Z</time>
      </trkpt>
      <trkpt lat="53.662998" lon="10.876837">
        <ele>47.869428</ele>
        <time>2026-10-02T09:26:25.625Z</time>
      </trkpt>
      <trkpt lat="53.663040" lon="10.877057">
        <ele>47.653537</ele>
        <time>2026-10-02T09:26:27.561Z</time>
      </trkpt>
      <trkpt lat="53.663055" lon="10.877316">
        <ele>47.410469</ele>
        <time>2026-10-02T09:26:29.700Z</time>
      </trkpt>
      <trkpt lat="53.663039" lon="10.877536">
        <ele>47.203438</ele>
        <time>2026-10-02T09:26:31.486Z</time>
      </trkpt>
      <trkpt lat="53.662590" lon="10.880641">
        <ele>44.596114</ele>
        <time>2026-10-02T09:26:57.093Z</time>
      </trkpt>
      <trkpt lat="53.662509" lon="10.881518">
        <ele>43.996937</ele>
        <time>2026-10-02T09:27:05.156Z</time>
      </trkpt>
      <trkpt lat="53.662367" lon="10.885461">
        <ele>43.674441</ele>
        <time>2026-10-02T09:27:47.000Z</time>
      </trkpt>
      <trkpt lat="53.662355" lon="10.885787">
        <ele>43.597679</ele>
        <time>2026-10-02T09:27:50.227Z</time>
      </trkpt>
      <trkpt lat="53.662383" lon="10.886050">
        <ele>43.534880</ele>
        <time>2026-10-02T09:27:52.847Z</time>
      </trkpt>
      <trkpt lat="53.662469" lon="10.886337">
        <ele>43.459297</ele>
        <time>2026-10-02T09:27:55.962Z</time>
      </trkpt>
      <trkpt lat="53.662554" lon="10.886912">
        <ele>43.320023</ele>
        <time>2026-10-02T09:28:01.622Z</time>
      </trkpt>
      <trkpt lat="53.662951" lon="10.888443">
        <ele>42.931883</ele>
        <time>2026-10-02T09:28:16.654Z</time>
      </trkpt>
      <trkpt lat="53.663220" lon="10.889712">
        <ele>42.631925</ele>
        <time>2026-10-02T09:28:29.297Z</time>
      </trkpt>
      <trkpt lat="53.663214" lon="10.890367">
        <ele>42.486131</ele>
        <time>2026-10-02T09:28:35.619Z</time>
      </trkpt>
      <trkpt lat="53.663100" lon="10.890909">
        <ele>42.358129</ele>
        <time>2026-10-02T09:28:41.375Z</time>
      </trkpt>
      <trkpt lat="53.662882" lon="10.891311">
        <ele>42.394737</ele>
        <time>2026-10-02T09:28:47.309Z</time>
      </trkpt>
      <trkpt lat="53.662085" lon="10.892167">
        <ele>42.590014</ele>
        <time>2026-10-02T09:29:05.791Z</time>
      </trkpt>
      <trkpt lat="53.661555" lon="10.892594">
        <ele>42.707861</ele>
        <time>2026-10-02T09:29:15.732Z</time>
      </trkpt>
      <trkpt lat="53.661174" lon="10.892901">
        <ele>42.462576</ele>
        <time>2026-10-02T09:29:22.718Z</time>
      </trkpt>
      <trkpt lat="53.660873" lon="10.893233">
        <ele>42.253666</ele>
        <time>2026-10-02T09:29:28.388Z</time>
      </trkpt>
      <trkpt lat="53.660480" lon="10.894160">
        <ele>41.861269</ele>
        <time>2026-10-02T09:29:38.282Z</time>
      </trkpt>
      <trkpt lat="53.660034" lon="10.895505">
        <ele>41.440765</ele>
        <time>2026-10-02T09:29:53.098Z</time>
      </trkpt>
      <trkpt lat="53.659672" lon="10.896467">
        <ele>41.177439</ele>
        <time>2026-10-02T09:30:04.068Z</time>
      </trkpt>
      <trkpt lat="53.659620" lon="10.896816">
        <ele>41.094283</ele>
        <time>2026-10-02T09:30:07.509Z</time>
      </trkpt>
      <trkpt lat="53.659610" lon="10.897183">
        <ele>41.009389</ele>
        <time>2026-10-02T09:30:11.026Z</time>
      </trkpt>
      <trkpt lat="53.660190" lon="10.898896">
        <ele>40.686176</ele>
        <time>2026-10-02T09:30:29.299Z</time>
      </trkpt>
      <trkpt lat="53.660200" lon="10.899123">
        <ele>40.650571</ele>
        <time>2026-10-02T09:30:31.452Z</time>
      </trkpt>
      <trkpt lat="53.660159" lon="10.899333">
        <ele>40.615987</ele>
        <time>2026-10-02T09:30:33.590Z</time>
      </trkpt>
      <trkpt lat="53.659693" lon="10.900504">
        <ele>40.622851</ele>
        <time>2026-10-02T09:30:48.879Z</time>
      </trkpt>
      <trkpt lat="53.659320" lon="10.901587">
        <ele>40.900992</ele>
        <time>2026-10-02T09:31:04.246Z</time>
      </trkpt>
      <trkpt lat="53.659309" lon="10.902059">
        <ele>41.005879</ele>
        <time>2026-10-02T09:31:09.634Z</time>
      </trkpt>
      <trkpt lat="53.659413" lon="10.902479">
        <ele>41.106953</ele>
        <time>2026-10-02T09:31:14.516Z</time>
      </trkpt>
      <trkpt lat="53.659568" lon="10.902636">
        <ele>41.151213</ele>
        <time>2026-10-02T09:31:17.647Z</time>
      </trkpt>
      <trkpt lat="53.659807" lon="10.903038">
        <ele>41.016075</ele>
        <time>2026-10-02T09:31:23.237Z</time>
      </trkpt>
      <trkpt lat="53.660014" lon="10.903702">
        <ele>40.838025</ele>
        <time>2026-10-02T09:31:30.281Z</time>
      </trkpt>
      <trkpt lat="53.660489" lon="10.904962">
        <ele>40.483633</ele>
        <time>2026-10-02T09:31:43.923Z</time>
      </trkpt>
      <trkpt lat="53.660615" lon="10.905209">
        <ele>40.489638</ele>
        <time>2026-10-02T09:31:46.948Z</time>
      </trkpt>
      <trkpt lat="53.661023" lon="10.905764">
        <ele>40.755851</ele>
        <time>2026-10-02T09:31:55.689Z</time>
      </trkpt>
      <trkpt lat="53.661139" lon="10.905944">
        <ele>40.835903</ele>
        <time>2026-10-02T09:31:58.619Z</time>
      </trkpt>
      <trkpt lat="53.661255" lon="10.906305">
        <ele>40.959520</ele>
        <time>2026-10-02T09:32:03.379Z</time>
      </trkpt>
      <trkpt lat="53.661358" lon="10.907037">
        <ele>41.185993</ele>
        <time>2026-10-02T09:32:12.925Z</time>
      </trkpt>
      <trkpt lat="53.661375" lon="10.907328">
        <ele>41.274014</ele>
        <time>2026-10-02T09:32:16.803Z</time>
      </trkpt>
      <trkpt lat="53.661363" lon="10.907542">
        <ele>41.338719</ele>
        <time>2026-10-02T09:32:19.726Z</time>
      </trkpt>
      <trkpt lat="53.661317" lon="10.907952">
        <ele>41.642090</ele>
        <time>2026-10-02T09:32:25.700Z</time>
      </trkpt>
      <trkpt lat="53.661008" lon="10.909934">
        <ele>43.278301</ele>
        <time>2026-10-02T09:32:55.734Z</time>
      </trkpt>
      <trkpt lat="53.660970" lon="10.910690">
        <ele>43.737128</ele>
        <time>2026-10-02T09:33:05.473Z</time>
      </trkpt>
      <trkpt lat="53.661022" lon="10.911605">
        <ele>43.433893</ele>
        <time>2026-10-02T09:33:15.336Z</time>
      </trkpt>
      <trkpt lat="53.661124" lon="10.912075">
        <ele>43.268773</ele>
        <time>2026-10-02T09:33:20.035Z</time>
      </trkpt>
      <trkpt lat="53.661228" lon="10.912433">
        <ele>43.137244</ele>
        <time>2026-10-02T09:33:23.643Z</time>
      </trkpt>
      <trkpt lat="53.661308" lon="10.912698">
        <ele>43.039132</ele>
        <time>2026-10-02T09:33:26.225Z</time>
      </trkpt>
      <trkpt lat="53.661569" lon="10.913236">
        <ele>42.809759</ele>
        <time>2026-10-02T09:33:31.968Z</time>
      </trkpt>
      <trkpt lat="53.661917" lon="10.913818">
        <ele>42.001038</ele>
        <time>2026-10-02T09:33:38.641Z</time>
      </trkpt>
      <trkpt lat="53.662209" lon="10.914157">
        <ele>41.366259</ele>
        <time>2026-10-02T09:33:43.407Z</time>
      </trkpt>
      <trkpt lat="53.662267" lon="10.914248">
        <ele>41.224422</ele>
        <time>2026-10-02T09:33:44.471Z</time>
      </trkpt>
      <trkpt lat="53.662416" lon="10.914039">
        <ele>40.877416</ele>
        <time>2026-10-02T09:33:47.093Z</time>
      </trkpt>
      <trkpt lat="53.662394" lon="10.913972">
        <ele>40.796124</ele>
        <time>2026-10-02T09:33:48.418Z</time>
      </trkpt>
      <trkpt lat="53.662421" lon="10.913596">
        <ele>40.394171</ele>
        <time>2026-10-02T09:33:55.005Z</time>
      </trkpt>
      <trkpt lat="53.662477" lon="10.913346">
        <ele>40.110530</ele>
        <time>2026-10-02T09:33:59.644Z</time>
      </trkpt>
      <trkpt lat="53.662600" lon="10.912935">
        <ele>39.621878</ele>
        <time>2026-10-02T09:34:07.781Z</time>
      </trkpt>
      <trkpt lat="53.662753" lon="10.912278">
        <ele>39.735478</ele>
        <time>2026-10-02T09:34:20.613Z</time>
      </trkpt>
      <trkpt lat="53.662980" lon="10.911776">
        <ele>39.909882</ele>
        <time>2026-10-02T09:34:33.123Z</time>
      </trkpt>
      <trkpt lat="53.663041" lon="10.911637">
        <ele>39.957654</ele>
        <time>2026-10-02T09:34:36.878Z</time>
      </trkpt>
      <trkpt lat="53.663204" lon="10.911349">
        <ele>40.067649</ele>
        <time>2026-10-02T09:34:46.158Z</time>
      </trkpt>
      <trkpt lat="53.663041" lon="10.911637">
        <ele>40.177643</ele>
        <time>2026-10-02T09:34:56.000Z</time>
      </trkpt>
      <trkpt lat="53.662980" lon="10.911776">
        <ele>40.225415</ele>
        <time>2026-10-02T09:35:00.393Z</time>
      </trkpt>
      <trkpt lat="53.663559" lon="10.912354">
        <ele>40.855797</ele>
        <time>2026-10-02T09:35:17.285Z</time>
      </trkpt>
      <trkpt lat="53.663761" lon="10.912216">
        <ele>41.181953</ele>
        <time>2026-10-02T09:35:21.885Z</time>
      </trkpt>
      <trkpt lat="53.664085" lon="10.912155">
        <ele>41.669881</ele>
        <time>2026-10-02T09:35:29.703Z</time>
      </trkpt>
      <trkpt lat="53.663981" lon="10.911745">
        <ele>42.065388</ele>
        <time>2026-10-02T09:35:37.755Z</time>
      </trkpt>
      <trkpt lat="53.663869" lon="10.911303">
        <ele>42.491695</ele>
        <time>2026-10-02T09:35:45.856Z</time>
      </trkpt>
      <trkpt lat="53.663814" lon="10.911085">
        <ele>42.701814</ele>
        <time>2026-10-02T09:35:49.542Z</time>
      </trkpt>
      <trkpt lat="53.663869" lon="10.911303">
        <ele>42.911934</ele>
        <time>2026-10-02T09:35:53.276Z</time>
      </trkpt>
      <trkpt lat="53.663981" lon="10.911745">
        <ele>43.597596</ele>
        <time>2026-10-02T09:36:01.379Z</time>
      </trkpt>
      <trkpt lat="53.664085" lon="10.912155">
        <ele>44.402424</ele>
        <time>2026-10-02T09:36:09.969Z</time>
      </trkpt>
      <trkpt lat="53.664426" lon="10.912230">
        <ele>45.449760</ele>
        <time>2026-10-02T09:36:21.252Z</time>
      </trkpt>
      <trkpt lat="53.664501" lon="10.912299">
        <ele>45.709914</ele>
        <time>2026-10-02T09:36:24.292Z</time>
      </trkpt>
      <trkpt lat="53.664579" lon="10.912494">
        <ele>46.134484</ele>
        <time>2026-10-02T09:36:29.429Z</time>
      </trkpt>
      <trkpt lat="53.664663" lon="10.912892">
        <ele>46.896903</ele>
        <time>2026-10-02T09:36:38.462Z</time>
      </trkpt>
      <trkpt lat="53.664693" lon="10.913161">
        <ele>47.390852</ele>
        <time>2026-10-02T09:36:44.005Z</time>
      </trkpt>
      <trkpt lat="53.664684" lon="10.913679">
        <ele>48.326014</ele>
        <time>2026-10-02T09:36:54.038Z</time>
      </trkpt>
      <trkpt lat="53.664659" lon="10.914411">
        <ele>49.091024</ele>
        <time>2026-10-02T09:37:07.829Z</time>
      </trkpt>
      <trkpt lat="53.664665" lon="10.914713">
        <ele>49.355435</ele>
        <time>2026-10-02T09:37:12.994Z</time>
      </trkpt>
      <trkpt lat="53.664707" lon="10.915077">
        <ele>49.679934</ele>
        <time>2026-10-02T09:37:18.634Z</time>
      </trkpt>
      <trkpt lat="53.664721" lon="10.915940">
        <ele>50.435378</ele>
        <time>2026-10-02T09:37:29.276Z</time>
      </trkpt>
      <trkpt lat="53.664673" lon="10.917441">
        <ele>51.087299</ele>
        <time>2026-10-02T09:37:45.384Z</time>
      </trkpt>
      <trkpt lat="53.664690" lon="10.917584">
        <ele>51.054808</ele>
        <time>2026-10-02T09:37:46.757Z</time>
      </trkpt>
      <trkpt lat="53.664371" lon="10.917917">
        <ele>50.913786</ele>
        <time>2026-10-02T09:37:52.630Z</time>
      </trkpt>
      <trkpt lat="53.664124" lon="10.918239">
        <ele>50.796444</ele>
        <time>2026-10-02T09:37:57.465Z</time>
      </trkpt>
      <trkpt lat="53.664626" lon="10.919114">
        <ele>50.518663</ele>
        <time>2026-10-02T09:38:08.748Z</time>
      </trkpt>
      <trkpt lat="53.664428" lon="10.924691">
        <ele>49.065051</ele>
        <time>2026-10-02T09:39:01.354Z</time>
      </trkpt>
      <trkpt lat="53.664243" lon="10.928112">
        <ele>49.237352</ele>
        <time>2026-10-02T09:39:36.538Z</time>
      </trkpt>
      <trkpt lat="53.664524" lon="10.930682">
        <ele>50.656507</ele>
        <time>2026-10-02T09:40:10.678Z</time>
      </trkpt>
      <trkpt lat="53.664530" lon="10.931786">
        <ele>51.110417</ele>
        <time>2026-10-02T09:40:24.511Z</time>
      </trkpt>
      <trkpt lat="53.664766" lon="10.932868">
        <ele>51.493015</ele>
        <time>2026-10-02T09:40:38.083Z</time>
      </trkpt>
      <trkpt lat="53.665187" lon="10.936525">
        <ele>52.070853</ele>
        <time>2026-10-02T09:41:18.382Z</time>
      </trkpt>
      <trkpt lat="53.666067" lon="10.936461">
        <ele>52.211393</ele>
        <time>2026-10-02T09:41:32.503Z</time>
      </trkpt>
      <trkpt lat="53.667097" lon="10.936482">
        <ele>52.395955</ele>
        <time>2026-10-02T09:41:50.455Z</time>
      </trkpt>
      <trkpt lat="53.668866" lon="10.936257">
        <ele>54.479576</ele>
        <time>2026-10-02T09:42:31.597Z</time>
      </trkpt>
      <trkpt lat="53.670279" lon="10.935989">
        <ele>54.713355</ele>
        <time>2026-10-02T09:43:05.968Z</time>
      </trkpt>
      <trkpt lat="53.670368" lon="10.935968">
        <ele>54.710520</ele>
        <time>2026-10-02T09:43:07.365Z</time>
      </trkpt>
      <trkpt lat="53.670538" lon="10.937133">
        <ele>53.745497</ele>
        <time>2026-10-02T09:43:16.534Z</time>
      </trkpt>
      <trkpt lat="53.670644" lon="10.937620">
        <ele>52.377266</ele>
        <time>2026-10-02T09:43:20.099Z</time>
      </trkpt>
      <trkpt lat="53.670803" lon="10.937884">
        <ele>51.384464</ele>
        <time>2026-10-02T09:43:22.646Z</time>
      </trkpt>
      <trkpt lat="53.671165" lon="10.937981">
        <ele>49.752865</ele>
        <time>2026-10-02T09:43:26.827Z</time>
      </trkpt>
      <trkpt lat="53.671484" lon="10.938032">
        <ele>48.326500</ele>
        <time>2026-10-02T09:43:30.505Z</time>
      </trkpt>
      <trkpt lat="53.672655" lon="10.937935">
        <ele>44.479546</ele>
        <time>2026-10-02T09:43:44.970Z</time>
      </trkpt>
      <trkpt lat="53.673063" lon="10.937998">
        <ele>43.354563</ele>
        <time>2026-10-02T09:43:50.531Z</time>
      </trkpt>
      <trkpt lat="53.673408" lon="10.938063">
        <ele>42.401364</ele>
        <time>2026-10-02T09:43:55.208Z</time>
      </trkpt>
      <trkpt lat="53.673656" lon="10.938151">
        <ele>41.725130</ele>
        <time>2026-10-02T09:43:58.733Z</time>
      </trkpt>
      <trkpt lat="53.673946" lon="10.938292">
        <ele>41.266288</ele>
        <time>2026-10-02T09:44:03.021Z</time>
      </trkpt>
      <trkpt lat="53.674263" lon="10.938626">
        <ele>40.698146</ele>
        <time>2026-10-02T09:44:08.268Z</time>
      </trkpt>
      <trkpt lat="53.674652" lon="10.939168">
        <ele>39.931276</ele>
        <time>2026-10-02T09:44:15.300Z</time>
      </trkpt>
      <trkpt lat="53.674796" lon="10.939443">
        <ele>39.600705</ele>
        <time>2026-10-02T09:44:18.353Z</time>
      </trkpt>
      <trkpt lat="53.675483" lon="10.941204">
        <ele>38.324450</ele>
        <time>2026-10-02T09:44:36.777Z</time>
      </trkpt>
      <trkpt lat="53.675655" lon="10.941577">
        <ele>38.100641</ele>
        <time>2026-10-02T09:44:41.046Z</time>
      </trkpt>
      <trkpt lat="53.675753" lon="10.941737">
        <ele>37.991670</ele>
        <time>2026-10-02T09:44:43.148Z</time>
      </trkpt>
      <trkpt lat="53.675877" lon="10.941860">
        <ele>37.876714</ele>
        <time>2026-10-02T09:44:45.382Z</time>
      </trkpt>
      <trkpt lat="53.676092" lon="10.941962">
        <ele>37.698207</ele>
        <time>2026-10-02T09:44:48.963Z</time>
      </trkpt>
      <trkpt lat="53.676091" lon="10.942234">
        <ele>37.572299</ele>
        <time>2026-10-02T09:44:52.424Z</time>
      </trkpt>
      <trkpt lat="53.676108" lon="10.943258">
        <ele>37.268040</ele>
        <time>2026-10-02T09:45:05.814Z</time>
      </trkpt>
      <trkpt lat="53.676108" lon="10.943268">
        <ele>37.265070</ele>
        <time>2026-10-02T09:45:05.947Z</time>
      </trkpt>
      <trkpt lat="53.676113" lon="10.943548">
        <ele>37.181869</ele>
        <time>2026-10-02T09:45:09.531Z</time>
      </trkpt>
      <trkpt lat="53.676089" lon="10.943859">
        <ele>37.088718</ele>
        <time>2026-10-02T09:45:13.411Z</time>
      </trkpt>
      <trkpt lat="53.675915" lon="10.944871">
        <ele>36.775737</ele>
        <time>2026-10-02T09:45:26.073Z</time>
      </trkpt>
      <trkpt lat="53.675750" lon="10.945407">
        <ele>36.629657</ele>
        <time>2026-10-02T09:45:33.247Z</time>
      </trkpt>
      <trkpt lat="53.675205" lon="10.946745">
        <ele>36.350976</ele>
        <time>2026-10-02T09:45:53.366Z</time>
      </trkpt>
      <trkpt lat="53.675001" lon="10.947197">
        <ele>36.253451</ele>
        <time>2026-10-02T09:46:00.771Z</time>
      </trkpt>
      <trkpt lat="53.674891" lon="10.947574">
        <ele>36.181325</ele>
        <time>2026-10-02T09:46:06.430Z</time>
      </trkpt>
      <trkpt lat="53.674854" lon="10.947896">
        <ele>36.204325</ele>
        <time>2026-10-02T09:46:11.013Z</time>
      </trkpt>
      <trkpt lat="53.674901" lon="10.948618">
        <ele>36.418973</ele>
        <time>2026-10-02T09:46:21.664Z</time>
      </trkpt>
      <trkpt lat="53.674928" lon="10.948951">
        <ele>36.518298</ele>
        <time>2026-10-02T09:46:26.621Z</time>
      </trkpt>
      <trkpt lat="53.675091" lon="10.949970">
        <ele>36.830216</ele>
        <time>2026-10-02T09:46:41.548Z</time>
      </trkpt>
      <trkpt lat="53.675496" lon="10.951709">
        <ele>37.633621</ele>
        <time>2026-10-02T09:47:09.734Z</time>
      </trkpt>
      <trkpt lat="53.675713" lon="10.952456">
        <ele>38.066116</ele>
        <time>2026-10-02T09:47:23.522Z</time>
      </trkpt>
      <trkpt lat="53.675917" lon="10.953160">
        <ele>38.473518</ele>
        <time>2026-10-02T09:47:36.214Z</time>
      </trkpt>
      <trkpt lat="53.675991" lon="10.953411">
        <ele>38.619262</ele>
        <time>2026-10-02T09:47:40.679Z</time>
      </trkpt>
      <trkpt lat="53.676010" lon="10.953670">
        <ele>38.678683</ele>
        <time>2026-10-02T09:47:44.762Z</time>
      </trkpt>
      <trkpt lat="53.677538" lon="10.953517">
        <ele>39.202867</ele>
        <time>2026-10-02T09:48:12.285Z</time>
      </trkpt>
      <trkpt lat="53.677817" lon="10.953413">
        <ele>39.213528</ele>
        <time>2026-10-02T09:48:17.509Z</time>
      </trkpt>
      <trkpt lat="53.678193" lon="10.953099">
        <ele>39.128947</ele>
        <time>2026-10-02T09:48:24.953Z</time>
      </trkpt>
      <trkpt lat="53.678220" lon="10.953061">
        <ele>39.121860</ele>
        <time>2026-10-02T09:48:25.550Z</time>
      </trkpt>
      <trkpt lat="53.678545" lon="10.952628">
        <ele>39.038383</ele>
        <time>2026-10-02T09:48:32.638Z</time>
      </trkpt>
      <trkpt lat="53.680328" lon="10.949922">
        <ele>38.294825</ele>
        <time>2026-10-02T09:49:09.824Z</time>
      </trkpt>
      <trkpt lat="53.680748" lon="10.949542">
        <ele>38.701010</ele>
        <time>2026-10-02T09:49:19.683Z</time>
      </trkpt>
      <trkpt lat="53.681196" lon="10.949310">
        <ele>39.418585</ele>
        <time>2026-10-02T09:49:31.001Z</time>
      </trkpt>
      <trkpt lat="53.681733" lon="10.949255">
        <ele>40.242414</ele>
        <time>2026-10-02T09:49:45.583Z</time>
      </trkpt>
      <trkpt lat="53.684083" lon="10.949710">
        <ele>43.981312</ele>
        <time>2026-10-02T09:50:45.798Z</time>
      </trkpt>
      <trkpt lat="53.684382" lon="10.949726">
        <ele>43.886376</ele>
        <time>2026-10-02T09:50:51.219Z</time>
      </trkpt>
      <trkpt lat="53.684670" lon="10.949677">
        <ele>43.794516</ele>
        <time>2026-10-02T09:50:55.933Z</time>
      </trkpt>
      <trkpt lat="53.685102" lon="10.949514">
        <ele>43.654038</ele>
        <time>2026-10-02T09:51:02.688Z</time>
      </trkpt>
      <trkpt lat="53.685544" lon="10.949136">
        <ele>43.496804</ele>
        <time>2026-10-02T09:51:09.851Z</time>
      </trkpt>
      <trkpt lat="53.687069" lon="10.947279">
        <ele>42.704323</ele>
        <time>2026-10-02T09:51:38.917Z</time>
      </trkpt>
      <trkpt lat="53.687379" lon="10.947117">
        <ele>42.918447</ele>
        <time>2026-10-02T09:51:45.580Z</time>
      </trkpt>
      <trkpt lat="53.689510" lon="10.946192">
        <ele>45.106750</ele>
        <time>2026-10-02T09:52:38.177Z</time>
      </trkpt>
      <trkpt lat="53.689904" lon="10.945946">
        <ele>45.279621</ele>
        <time>2026-10-02T09:52:46.152Z</time>
      </trkpt>
      <trkpt lat="53.690134" lon="10.945743">
        <ele>45.386421</ele>
        <time>2026-10-02T09:52:50.740Z</time>
      </trkpt>
      <trkpt lat="53.690448" lon="10.945409">
        <ele>45.539139</ele>
        <time>2026-10-02T09:52:56.812Z</time>
      </trkpt>
      <trkpt lat="53.690883" lon="10.944786">
        <ele>44.577193</ele>
        <time>2026-10-02T09:53:05.368Z</time>
      </trkpt>
      <trkpt lat="53.691159" lon="10.944266">
        <ele>43.618728</ele>
        <time>2026-10-02T09:53:10.913Z</time>
      </trkpt>
      <trkpt lat="53.691404" lon="10.943663">
        <ele>42.615004</ele>
        <time>2026-10-02T09:53:16.449Z</time>
      </trkpt>
      <trkpt lat="53.691728" lon="10.942520">
        <ele>41.145422</ele>
        <time>2026-10-02T09:53:25.730Z</time>
      </trkpt>
      <trkpt lat="53.691795" lon="10.942350">
        <ele>41.002921</ele>
        <time>2026-10-02T09:53:27.249Z</time>
      </trkpt>
      <trkpt lat="53.691881" lon="10.942135">
        <ele>40.821870</ele>
        <time>2026-10-02T09:53:29.209Z</time>
      </trkpt>
      <trkpt lat="53.692071" lon="10.941819">
        <ele>40.507613</ele>
        <time>2026-10-02T09:53:32.730Z</time>
      </trkpt>
      <trkpt lat="53.692249" lon="10.941581">
        <ele>40.240063</ele>
        <time>2026-10-02T09:53:35.938Z</time>
      </trkpt>
      <trkpt lat="53.692356" lon="10.941450">
        <ele>40.084319</ele>
        <time>2026-10-02T09:53:37.949Z</time>
      </trkpt>
      <trkpt lat="53.693282" lon="10.940343">
        <ele>39.936007</ele>
        <time>2026-10-02T09:54:02.233Z</time>
      </trkpt>
      <trkpt lat="53.693568" lon="10.940161">
        <ele>40.343951</ele>
        <time>2026-10-02T09:54:09.944Z</time>
      </trkpt>
      <trkpt lat="53.693840" lon="10.940089">
        <ele>40.711440</ele>
        <time>2026-10-02T09:54:16.600Z</time>
      </trkpt>
      <trkpt lat="53.696129" lon="10.940123">
        <ele>43.912957</ele>
        <time>2026-10-02T09:55:09.931Z</time>
      </trkpt>
      <trkpt lat="53.696499" lon="10.940124">
        <ele>44.418076</ele>
        <time>2026-10-02T09:55:19.166Z</time>
      </trkpt>
      <trkpt lat="53.696932" lon="10.940116">
        <ele>44.948154</ele>
        <time>2026-10-02T09:55:29.897Z</time>
      </trkpt>
      <trkpt lat="53.698854" lon="10.939810">
        <ele>46.493483</ele>
        <time>2026-10-02T09:56:12.080Z</time>
      </trkpt>
      <trkpt lat="53.702930" lon="10.939139">
        <ele>46.218508</ele>
        <time>2026-10-02T09:57:19.459Z</time>
      </trkpt>
      <trkpt lat="53.706540" lon="10.938546">
        <ele>44.878832</ele>
        <time>2026-10-02T09:58:17.755Z</time>
      </trkpt>
      <trkpt lat="53.706661" lon="10.938517">
        <ele>44.836263</ele>
        <time>2026-10-02T09:58:21.641Z</time>
      </trkpt>
      <trkpt lat="53.706956" lon="10.938465">
        <ele>44.732950</ele>
        <time>2026-10-02T09:58:31.223Z</time>
      </trkpt>
      <trkpt lat="53.707169" lon="10.938105">
        <ele>44.767669</ele>
        <time>2026-10-02T09:58:41.103Z</time>
      </trkpt>
      <trkpt lat="53.707400" lon="10.937794">
        <ele>44.982505</ele>
        <time>2026-10-02T09:58:51.168Z</time>
      </trkpt>
      <trkpt lat="53.708119" lon="10.937349">
        <ele>45.539441</ele>
        <time>2026-10-02T09:59:19.334Z</time>
      </trkpt>
      <trkpt lat="53.708262" lon="10.937371">
        <ele>45.643879</ele>
        <time>2026-10-02T09:59:25.138Z</time>
      </trkpt>
      <trkpt lat="53.708429" lon="10.937526">
        <ele>45.782465</ele>
        <time>2026-10-02T09:59:33.077Z</time>
      </trkpt>
      <trkpt lat="53.709179" lon="10.938830">
        <ele>46.389506</ele>
        <time>2026-10-02T10:00:15.988Z</time>
      </trkpt>
      <trkpt lat="53.710959" lon="10.937477">
        <ele>46.620724</ele>
        <time>2026-10-02T10:01:20.502Z</time>
      </trkpt>
      <trkpt lat="53.712395" lon="10.936385">
        <ele>46.213443</ele>
        <time>2026-10-02T10:02:11.902Z</time>
      </trkpt>
      <trkpt lat="53.712585" lon="10.936207">
        <ele>46.164568</ele>
        <time>2026-10-02T10:02:19.192Z</time>
      </trkpt>
      <trkpt lat="53.712999" lon="10.935591">
        <ele>46.040467</ele>
        <time>2026-10-02T10:02:37.771Z</time>
      </trkpt>
      <trkpt lat="53.715715" lon="10.929632">
        <ele>45.805147</ele>
        <time>2026-10-02T10:05:06.666Z</time>
      </trkpt>
      <trkpt lat="53.715825" lon="10.928122">
        <ele>45.899347</ele>
        <time>2026-10-02T10:05:38.021Z</time>
      </trkpt>
      <trkpt lat="53.715961" lon="10.927438">
        <ele>45.934318</ele>
        <time>2026-10-02T10:05:52.931Z</time>
      </trkpt>
      <trkpt lat="53.716152" lon="10.927002">
        <ele>45.931192</ele>
        <time>2026-10-02T10:06:03.719Z</time>
      </trkpt>
      <trkpt lat="53.716357" lon="10.926644">
        <ele>45.928321</ele>
        <time>2026-10-02T10:06:13.534Z</time>
      </trkpt>
      <trkpt lat="53.716650" lon="10.926218">
        <ele>45.924557</ele>
        <time>2026-10-02T10:06:26.475Z</time>
      </trkpt>
      <trkpt lat="53.716726" lon="10.926158">
        <ele>45.923740</ele>
        <time>2026-10-02T10:06:29.350Z</time>
      </trkpt>
      <trkpt lat="53.716795" lon="10.926150">
        <ele>45.923066</ele>
        <time>2026-10-02T10:06:31.708Z</time>
      </trkpt>
      <trkpt lat="53.716824" lon="10.925879">
        <ele>45.921479</ele>
        <time>2026-10-02T10:06:34.668Z</time>
      </trkpt>
      <trkpt lat="53.716904" lon="10.925765">
        <ele>45.920460</ele>
        <time>2026-10-02T10:06:36.611Z</time>
      </trkpt>
      <trkpt lat="53.717309" lon="10.925283">
        <ele>45.779582</ele>
        <time>2026-10-02T10:06:45.017Z</time>
      </trkpt>
      <trkpt lat="53.717829" lon="10.924789">
        <ele>45.377097</ele>
        <time>2026-10-02T10:06:54.548Z</time>
      </trkpt>
      <trkpt lat="53.718513" lon="10.924213">
        <ele>44.861476</ele>
        <time>2026-10-02T10:07:06.303Z</time>
      </trkpt>
      <trkpt lat="53.718657" lon="10.924132">
        <ele>44.759078</ele>
        <time>2026-10-02T10:07:08.492Z</time>
      </trkpt>
      <trkpt lat="53.719239" lon="10.923986">
        <ele>43.951830</ele>
        <time>2026-10-02T10:07:16.684Z</time>
      </trkpt>
      <trkpt lat="53.719383" lon="10.923908">
        <ele>43.727406</ele>
        <time>2026-10-02T10:07:18.765Z</time>
      </trkpt>
      <trkpt lat="53.719745" lon="10.923422">
        <ele>43.041251</ele>
        <time>2026-10-02T10:07:25.297Z</time>
      </trkpt>
      <trkpt lat="53.719865" lon="10.923207">
        <ele>42.781697</ele>
        <time>2026-10-02T10:07:27.777Z</time>
      </trkpt>
      <trkpt lat="53.719950" lon="10.922860">
        <ele>42.451881</ele>
        <time>2026-10-02T10:07:30.916Z</time>
      </trkpt>
      <trkpt lat="53.719986" lon="10.922494">
        <ele>42.126048</ele>
        <time>2026-10-02T10:07:34.011Z</time>
      </trkpt>
      <trkpt lat="53.719983" lon="10.921775">
        <ele>41.699167</ele>
        <time>2026-10-02T10:07:40.088Z</time>
      </trkpt>
      <trkpt lat="53.719981" lon="10.921015">
        <ele>41.284533</ele>
        <time>2026-10-02T10:07:46.626Z</time>
      </trkpt>
      <trkpt lat="53.720057" lon="10.919899">
        <ele>40.671663</ele>
        <time>2026-10-02T10:07:56.944Z</time>
      </trkpt>
      <trkpt lat="53.720188" lon="10.919398">
        <ele>40.375045</ele>
        <time>2026-10-02T10:08:02.043Z</time>
      </trkpt>
      <trkpt lat="53.720245" lon="10.919194">
        <ele>40.329068</ele>
        <time>2026-10-02T10:08:04.215Z</time>
      </trkpt>
      <trkpt lat="53.720376" lon="10.918681">
        <ele>40.215198</ele>
        <time>2026-10-02T10:08:09.560Z</time>
      </trkpt>
      <trkpt lat="53.720395" lon="10.918498">
        <ele>40.177333</ele>
        <time>2026-10-02T10:08:11.349Z</time>
      </trkpt>
      <trkpt lat="53.720144" lon="10.917365">
        <ele>39.930774</ele>
        <time>2026-10-02T10:08:22.974Z</time>
      </trkpt>
      <trkpt lat="53.719821" lon="10.915888">
        <ele>39.824903</ele>
        <time>2026-10-02T10:08:38.083Z</time>
      </trkpt>
      <trkpt lat="53.719766" lon="10.915466">
        <ele>39.865651</ele>
        <time>2026-10-02T10:08:42.534Z</time>
      </trkpt>
      <trkpt lat="53.719759" lon="10.915298">
        <ele>39.881533</ele>
        <time>2026-10-02T10:08:44.269Z</time>
      </trkpt>
      <trkpt lat="53.719827" lon="10.913820">
        <ele>40.021328</ele>
        <time>2026-10-02T10:09:00.394Z</time>
      </trkpt>
      <trkpt lat="53.719805" lon="10.913493">
        <ele>40.074468</ele>
        <time>2026-10-02T10:09:04.347Z</time>
      </trkpt>
      <trkpt lat="53.719704" lon="10.912892">
        <ele>40.280517</ele>
        <time>2026-10-02T10:09:12.236Z</time>
      </trkpt>
      <trkpt lat="53.719457" lon="10.911193">
        <ele>40.857513</ele>
        <time>2026-10-02T10:09:32.274Z</time>
      </trkpt>
      <trkpt lat="53.719348" lon="10.910696">
        <ele>41.032321</ele>
        <time>2026-10-02T10:09:38.347Z</time>
      </trkpt>
      <trkpt lat="53.719170" lon="10.910202">
        <ele>41.234946</ele>
        <time>2026-10-02T10:09:44.771Z</time>
      </trkpt>
      <trkpt lat="53.718466" lon="10.908850">
        <ele>41.868723</ele>
        <time>2026-10-02T10:10:05.939Z</time>
      </trkpt>
      <trkpt lat="53.718353" lon="10.908658">
        <ele>41.964021</ele>
        <time>2026-10-02T10:10:09.209Z</time>
      </trkpt>
      <trkpt lat="53.718210" lon="10.908505">
        <ele>42.064678</ele>
        <time>2026-10-02T10:10:12.651Z</time>
      </trkpt>
      <trkpt lat="53.718173" lon="10.908244">
        <ele>42.169533</ele>
        <time>2026-10-02T10:10:16.215Z</time>
      </trkpt>
      <trkpt lat="53.716963" lon="10.905894">
        <ele>43.571062</ele>
        <time>2026-10-02T10:10:57.378Z</time>
      </trkpt>
      <trkpt lat="53.716780" lon="10.905496">
        <ele>43.899526</ele>
        <time>2026-10-02T10:11:04.649Z</time>
      </trkpt>
      <trkpt lat="53.716647" lon="10.905067">
        <ele>44.215146</ele>
        <time>2026-10-02T10:11:11.750Z</time>
      </trkpt>
      <trkpt lat="53.716536" lon="10.904353">
        <ele>44.696247</ele>
        <time>2026-10-02T10:11:22.807Z</time>
      </trkpt>
      <trkpt lat="53.716358" lon="10.901441">
        <ele>46.849075</ele>
        <time>2026-10-02T10:12:04.477Z</time>
      </trkpt>
      <trkpt lat="53.716231" lon="10.900497">
        <ele>47.610735</ele>
        <time>2026-10-02T10:12:19.393Z</time>
      </trkpt>
      <trkpt lat="53.716077" lon="10.899834">
        <ele>48.208382</ele>
        <time>2026-10-02T10:12:30.831Z</time>
      </trkpt>
      <trkpt lat="53.716056" lon="10.899548">
        <ele>48.458748</ele>
        <time>2026-10-02T10:12:35.575Z</time>
      </trkpt>
      <trkpt lat="53.716081" lon="10.899332">
        <ele>48.649951</ele>
        <time>2026-10-02T10:12:39.202Z</time>
      </trkpt>
      <trkpt lat="53.716303" lon="10.898997">
        <ele>49.086879</ele>
        <time>2026-10-02T10:12:47.530Z</time>
      </trkpt>
      <trkpt lat="53.716677" lon="10.897551">
        <ele>50.452812</ele>
        <time>2026-10-02T10:13:11.047Z</time>
      </trkpt>
      <trkpt lat="53.716796" lon="10.896722">
        <ele>50.284722</ele>
        <time>2026-10-02T10:13:21.741Z</time>
      </trkpt>
      <trkpt lat="53.716791" lon="10.896371">
        <ele>50.215538</ele>
        <time>2026-10-02T10:13:25.753Z</time>
      </trkpt>
      <trkpt lat="53.716672" lon="10.895877">
        <ele>50.110440</ele>
        <time>2026-10-02T10:13:31.545Z</time>
      </trkpt>
      <trkpt lat="53.716468" lon="10.895222">
        <ele>49.964589</ele>
        <time>2026-10-02T10:13:39.022Z</time>
      </trkpt>
      <trkpt lat="53.716472" lon="10.894974">
        <ele>49.915702</ele>
        <time>2026-10-02T10:13:41.415Z</time>
      </trkpt>
      <trkpt lat="53.715933" lon="10.894787">
        <ele>49.287240</ele>
        <time>2026-10-02T10:13:50.239Z</time>
      </trkpt>
      <trkpt lat="53.715489" lon="10.894031">
        <ele>48.313547</ele>
        <time>2026-10-02T10:14:00.233Z</time>
      </trkpt>
      <trkpt lat="53.715060" lon="10.892861">
        <ele>47.070143</ele>
        <time>2026-10-02T10:14:13.190Z</time>
      </trkpt>
      <trkpt lat="53.714762" lon="10.891648">
        <ele>46.716896</ele>
        <time>2026-10-02T10:14:26.181Z</time>
      </trkpt>
      <trkpt lat="53.714515" lon="10.890473">
        <ele>46.381517</ele>
        <time>2026-10-02T10:14:39.796Z</time>
      </trkpt>
      <trkpt lat="53.714028" lon="10.887868">
        <ele>47.083717</ele>
        <time>2026-10-02T10:15:17.155Z</time>
      </trkpt>
      <trkpt lat="53.716301" lon="10.886950">
        <ele>47.192131</ele>
        <time>2026-10-02T10:16:04.348Z</time>
      </trkpt>
      <trkpt lat="53.716514" lon="10.885610">
        <ele>45.582084</ele>
        <time>2026-10-02T10:16:16.966Z</time>
      </trkpt>
      <trkpt lat="53.716508" lon="10.885441">
        <ele>45.385625</ele>
        <time>2026-10-02T10:16:18.443Z</time>
      </trkpt>
      <trkpt lat="53.716481" lon="10.885281">
        <ele>45.192561</ele>
        <time>2026-10-02T10:16:19.883Z</time>
      </trkpt>
      <trkpt lat="53.716375" lon="10.885004">
        <ele>44.809783</ele>
        <time>2026-10-02T10:16:22.724Z</time>
      </trkpt>
      <trkpt lat="53.716294" lon="10.884704">
        <ele>44.427142</ele>
        <time>2026-10-02T10:16:25.593Z</time>
      </trkpt>
      <trkpt lat="53.716232" lon="10.884352">
        <ele>44.000973</ele>
        <time>2026-10-02T10:16:28.838Z</time>
      </trkpt>
      <trkpt lat="53.716132" lon="10.883441">
        <ele>43.326192</ele>
        <time>2026-10-02T10:16:37.208Z</time>
      </trkpt>
      <trkpt lat="53.716001" lon="10.882519">
        <ele>42.710311</ele>
        <time>2026-10-02T10:16:46.427Z</time>
      </trkpt>
      <trkpt lat="53.715729" lon="10.879935">
        <ele>42.641596</ele>
        <time>2026-10-02T10:17:15.789Z</time>
      </trkpt>
      <trkpt lat="53.715634" lon="10.879233">
        <ele>43.068326</ele>
        <time>2026-10-02T10:17:26.114Z</time>
      </trkpt>
      <trkpt lat="53.715336" lon="10.877635">
        <ele>44.332496</ele>
        <time>2026-10-02T10:17:55.045Z</time>
      </trkpt>
      <trkpt lat="53.715328" lon="10.877294">
        <ele>44.672229</ele>
        <time>2026-10-02T10:18:01.408Z</time>
      </trkpt>
      <trkpt lat="53.715454" lon="10.876730">
        <ele>45.272366</ele>
        <time>2026-10-02T10:18:12.156Z</time>
      </trkpt>
      <trkpt lat="53.715850" lon="10.875787">
        <ele>46.423449</ele>
        <time>2026-10-02T10:18:30.112Z</time>
      </trkpt>
      <trkpt lat="53.715979" lon="10.875269">
        <ele>46.477488</ele>
        <time>2026-10-02T10:18:37.074Z</time>
      </trkpt>
      <trkpt lat="53.716110" lon="10.874649">
        <ele>46.010624</ele>
        <time>2026-10-02T10:18:43.938Z</time>
      </trkpt>
      <trkpt lat="53.716240" lon="10.873736">
        <ele>45.344685</ele>
        <time>2026-10-02T10:18:52.770Z</time>
      </trkpt>
      <trkpt lat="53.716426" lon="10.872746">
        <ele>44.608088</ele>
        <time>2026-10-02T10:19:02.128Z</time>
      </trkpt>
      <trkpt lat="53.716439" lon="10.872559">
        <ele>44.434150</ele>
        <time>2026-10-02T10:19:03.835Z</time>
      </trkpt>
      <trkpt lat="53.716570" lon="10.872553">
        <ele>44.167319</ele>
        <time>2026-10-02T10:19:05.609Z</time>
      </trkpt>
      <trkpt lat="53.716563" lon="10.871417">
        <ele>42.798435</ele>
        <time>2026-10-02T10:19:25.814Z</time>
      </trkpt>
      <trkpt lat="53.716513" lon="10.870010">
        <ele>41.100032</ele>
        <time>2026-10-02T10:19:50.810Z</time>
      </trkpt>
      <trkpt lat="53.716464" lon="10.869548">
        <ele>40.375190</ele>
        <time>2026-10-02T10:19:58.351Z</time>
      </trkpt>
      <trkpt lat="53.716494" lon="10.868849">
        <ele>39.129943</ele>
        <time>2026-10-02T10:20:09.382Z</time>
      </trkpt>
      <trkpt lat="53.716593" lon="10.867767">
        <ele>37.184602</ele>
        <time>2026-10-02T10:20:25.559Z</time>
      </trkpt>
      <trkpt lat="53.716695" lon="10.867442">
        <ele>36.530959</ele>
        <time>2026-10-02T10:20:31.064Z</time>
      </trkpt>
      <trkpt lat="53.716886" lon="10.867258">
        <ele>35.870844</ele>
        <time>2026-10-02T10:20:36.743Z</time>
      </trkpt>
      <trkpt lat="53.718175" lon="10.867144">
        <ele>36.512137</ele>
        <time>2026-10-02T10:21:17.991Z</time>
      </trkpt>
      <trkpt lat="53.718437" lon="10.866992">
        <ele>36.761670</ele>
        <time>2026-10-02T10:21:29.771Z</time>
      </trkpt>
      <trkpt lat="53.719131" lon="10.866509">
        <ele>39.030106</ele>
        <time>2026-10-02T10:22:06.886Z</time>
      </trkpt>
      <trkpt lat="53.719425" lon="10.866237">
        <ele>40.714377</ele>
        <time>2026-10-02T10:22:25.255Z</time>
      </trkpt>
      <trkpt lat="53.720458" lon="10.865550">
        <ele>46.258386</ele>
        <time>2026-10-02T10:23:32.613Z</time>
      </trkpt>
      <trkpt lat="53.720720" lon="10.865322">
        <ele>47.429916</ele>
        <time>2026-10-02T10:23:50.330Z</time>
      </trkpt>
      <trkpt lat="53.720933" lon="10.865016">
        <ele>48.541277</ele>
        <time>2026-10-02T10:24:06.192Z</time>
      </trkpt>
      <trkpt lat="53.721005" lon="10.864797">
        <ele>49.130609</ele>
        <time>2026-10-02T10:24:14.322Z</time>
      </trkpt>
      <trkpt lat="53.721176" lon="10.863999">
        <ele>51.127046</ele>
        <time>2026-10-02T10:24:40.168Z</time>
      </trkpt>
      <trkpt lat="53.721190" lon="10.863723">
        <ele>51.778661</ele>
        <time>2026-10-02T10:24:47.963Z</time>
      </trkpt>
      <trkpt lat="53.721157" lon="10.863560">
        <ele>52.183907</ele>
        <time>2026-10-02T10:24:52.619Z</time>
      </trkpt>
      <trkpt lat="53.720989" lon="10.863331">
        <ele>53.041938</ele>
        <time>2026-10-02T10:25:02.135Z</time>
      </trkpt>
      <trkpt lat="53.720878" lon="10.863115">
        <ele>53.379443</ele>
        <time>2026-10-02T10:25:09.237Z</time>
      </trkpt>
      <trkpt lat="53.720850" lon="10.862921">
        <ele>53.488045</ele>
        <time>2026-10-02T10:25:14.046Z</time>
      </trkpt>
      <trkpt lat="53.719040" lon="10.862790">
        <ele>54.917652</ele>
        <time>2026-10-02T10:26:20.334Z</time>
      </trkpt>
      <trkpt lat="53.716131" lon="10.862341">
        <ele>53.587972</ele>
        <time>2026-10-02T10:27:56.884Z</time>
      </trkpt>
      <trkpt lat="53.712949" lon="10.862159">
        <ele>44.804197</ele>
        <time>2026-10-02T10:29:26.847Z</time>
      </trkpt>
      <trkpt lat="53.712869" lon="10.862273">
        <ele>44.393065</ele>
        <time>2026-10-02T10:29:34.123Z</time>
      </trkpt>
      <trkpt lat="53.712610" lon="10.862270">
        <ele>43.375542</ele>
        <time>2026-10-02T10:29:52.133Z</time>
      </trkpt>
      <trkpt lat="53.712493" lon="10.862227">
        <ele>42.905152</ele>
        <time>2026-10-02T10:30:00.489Z</time>
      </trkpt>
      <trkpt lat="53.712176" lon="10.862212">
        <ele>41.659308</ele>
        <time>2026-10-02T10:30:22.556Z</time>
      </trkpt>
      <trkpt lat="53.712011" lon="10.862125">
        <ele>41.122762</ele>
        <time>2026-10-02T10:30:34.578Z</time>
      </trkpt>
      <trkpt lat="53.711524" lon="10.862105">
        <ele>39.765830</ele>
        <time>2026-10-02T10:31:08.427Z</time>
      </trkpt>
      <trkpt lat="53.711466" lon="10.862069">
        <ele>39.593715</ele>
        <time>2026-10-02T10:31:12.771Z</time>
      </trkpt>
      <trkpt lat="53.711394" lon="10.861892">
        <ele>39.239638</ele>
        <time>2026-10-02T10:31:21.595Z</time>
      </trkpt>
      <trkpt lat="53.711349" lon="10.860935">
        <ele>37.656958</ele>
        <time>2026-10-02T10:32:01.072Z</time>
      </trkpt>
      <trkpt lat="53.711311" lon="10.860882">
        <ele>37.519705</ele>
        <time>2026-10-02T10:32:04.472Z</time>
      </trkpt>
      <trkpt lat="53.711256" lon="10.860869">
        <ele>37.365011</ele>
        <time>2026-10-02T10:32:08.388Z</time>
      </trkpt>
      <trkpt lat="53.711159" lon="10.860732">
        <ele>37.012852</ele>
        <time>2026-10-02T10:32:17.182Z</time>
      </trkpt>
      <trkpt lat="53.710953" lon="10.860278">
        <ele>36.564169</ele>
        <time>2026-10-02T10:32:40.690Z</time>
      </trkpt>
      <trkpt lat="53.710763" lon="10.859778">
        <ele>36.825933</ele>
        <time>2026-10-02T10:33:05.117Z</time>
      </trkpt>
      <trkpt lat="53.710511" lon="10.858914">
        <ele>37.250273</ele>
        <time>2026-10-02T10:33:25.989Z</time>
      </trkpt>
      <trkpt lat="53.710409" lon="10.858493">
        <ele>37.450681</ele>
        <time>2026-10-02T10:33:36.490Z</time>
      </trkpt>
      <trkpt lat="53.710290" lon="10.858317">
        <ele>37.568400</ele>
        <time>2026-10-02T10:33:42.946Z</time>
      </trkpt>
      <trkpt lat="53.709981" lon="10.857058">
        <ele>38.391387</ele>
        <time>2026-10-02T10:34:16.833Z</time>
      </trkpt>
      <trkpt lat="53.709904" lon="10.856866">
        <ele>38.554991</ele>
        <time>2026-10-02T10:34:22.495Z</time>
      </trkpt>
      <trkpt lat="53.709643" lon="10.856496">
        <ele>38.961057</ele>
        <time>2026-10-02T10:34:36.250Z</time>
      </trkpt>
      <trkpt lat="53.709130" lon="10.856027">
        <ele>39.656246</ele>
        <time>2026-10-02T10:34:58.313Z</time>
      </trkpt>
      <trkpt lat="53.708853" lon="10.855712">
        <ele>39.920869</ele>
        <time>2026-10-02T10:35:10.351Z</time>
      </trkpt>
      <trkpt lat="53.708750" lon="10.855480">
        <ele>39.881461</ele>
        <time>2026-10-02T10:35:16.475Z</time>
      </trkpt>
      <trkpt lat="53.708727" lon="10.855323">
        <ele>39.859484</ele>
        <time>2026-10-02T10:35:19.807Z</time>
      </trkpt>
      <trkpt lat="53.708729" lon="10.855216">
        <ele>39.844938</ele>
        <time>2026-10-02T10:35:21.993Z</time>
      </trkpt>
      <trkpt lat="53.708736" lon="10.854688">
        <ele>39.773174</ele>
        <time>2026-10-02T10:35:32.582Z</time>
      </trkpt>
      <trkpt lat="53.708806" lon="10.853672">
        <ele>39.634185</ele>
        <time>2026-10-02T10:35:52.535Z</time>
      </trkpt>
      <trkpt lat="53.709012" lon="10.847727">
        <ele>36.375066</ele>
        <time>2026-10-02T10:36:50.168Z</time>
      </trkpt>
      <trkpt lat="53.709041" lon="10.847382">
        <ele>36.185679</ele>
        <time>2026-10-02T10:36:53.706Z</time>
      </trkpt>
      <trkpt lat="53.709096" lon="10.847131">
        <ele>36.040213</ele>
        <time>2026-10-02T10:36:56.464Z</time>
      </trkpt>
      <trkpt lat="53.710239" lon="10.844591">
        <ele>35.003538</ele>
        <time>2026-10-02T10:37:30.181Z</time>
      </trkpt>
      <trkpt lat="53.710422" lon="10.844290">
        <ele>34.816980</ele>
        <time>2026-10-02T10:37:34.358Z</time>
      </trkpt>
      <trkpt lat="53.710594" lon="10.843939">
        <ele>34.596133</ele>
        <time>2026-10-02T10:37:38.727Z</time>
      </trkpt>
      <trkpt lat="53.710885" lon="10.843242">
        <ele>34.182753</ele>
        <time>2026-10-02T10:37:46.942Z</time>
      </trkpt>
      <trkpt lat="53.711115" lon="10.842775">
        <ele>33.888317</ele>
        <time>2026-10-02T10:37:52.843Z</time>
      </trkpt>
      <trkpt lat="53.711163" lon="10.842584">
        <ele>33.787753</ele>
        <time>2026-10-02T10:37:54.901Z</time>
      </trkpt>
      <trkpt lat="53.711314" lon="10.841014">
        <ele>33.466260</ele>
        <time>2026-10-02T10:38:12.138Z</time>
      </trkpt>
      <trkpt lat="53.711446" lon="10.840635">
        <ele>33.454411</ele>
        <time>2026-10-02T10:38:17.363Z</time>
      </trkpt>
      <trkpt lat="53.711881" lon="10.839625">
        <ele>33.420755</ele>
        <time>2026-10-02T10:38:31.917Z</time>
      </trkpt>
      <trkpt lat="53.711946" lon="10.839467">
        <ele>33.415570</ele>
        <time>2026-10-02T10:38:34.113Z</time>
      </trkpt>
      <trkpt lat="53.712093" lon="10.839692">
        <ele>33.367775</ele>
        <time>2026-10-02T10:38:37.564Z</time>
      </trkpt>
      <trkpt lat="53.712280" lon="10.839884">
        <ele>33.267797</ele>
        <time>2026-10-02T10:38:41.156Z</time>
      </trkpt>
      <trkpt lat="53.712401" lon="10.839886">
        <ele>33.212510</ele>
        <time>2026-10-02T10:38:43.126Z</time>
      </trkpt>
      <trkpt lat="53.712614" lon="10.839889">
        <ele>33.115187</ele>
        <time>2026-10-02T10:38:46.522Z</time>
      </trkpt>
      <trkpt lat="53.712704" lon="10.839953">
        <ele>33.070573</ele>
        <time>2026-10-02T10:38:48.056Z</time>
      </trkpt>
      <trkpt lat="53.712728" lon="10.839513">
        <ele>32.951089</ele>
        <time>2026-10-02T10:38:56.433Z</time>
      </trkpt>
      <trkpt lat="53.712699" lon="10.839503">
        <ele>32.937566</ele>
        <time>2026-10-02T10:38:56.898Z</time>
      </trkpt>
      <trkpt lat="53.712735" lon="10.839372">
        <ele>32.898510</ele>
        <time>2026-10-02T10:38:59.646Z</time>
      </trkpt>
      <trkpt lat="53.712884" lon="10.839221">
        <ele>32.819126</ele>
        <time>2026-10-02T10:39:05.213Z</time>
      </trkpt>
      <trkpt lat="53.712887" lon="10.839159">
        <ele>32.802304</ele>
        <time>2026-10-02T10:39:06.380Z</time>
      </trkpt>
      <trkpt lat="53.712940" lon="10.839120">
        <ele>32.775892</ele>
        <time>2026-10-02T10:39:08.230Z</time>
      </trkpt>
      <trkpt lat="53.714363" lon="10.836852">
        <ele>31.656183</ele>
        <time>2026-10-02T10:40:10.458Z</time>
      </trkpt>
      <trkpt lat="53.715555" lon="10.835614">
        <ele>31.434640</ele>
        <time>2026-10-02T10:40:56.702Z</time>
      </trkpt>
      <trkpt lat="53.716745" lon="10.834389">
        <ele>31.403711</ele>
        <time>2026-10-02T10:41:45.570Z</time>
      </trkpt>
      <trkpt lat="53.717121" lon="10.833934">
        <ele>31.409151</ele>
        <time>2026-10-02T10:42:01.398Z</time>
      </trkpt>
      <trkpt lat="53.717334" lon="10.833379">
        <ele>31.413756</ele>
        <time>2026-10-02T10:42:14.546Z</time>
      </trkpt>
      <trkpt lat="53.717787" lon="10.831601">
        <ele>30.955450</ele>
        <time>2026-10-02T10:42:51.184Z</time>
      </trkpt>
      <trkpt lat="53.718137" lon="10.830191">
        <ele>30.564863</ele>
        <time>2026-10-02T10:43:20.135Z</time>
      </trkpt>
      <trkpt lat="53.718233" lon="10.829804">
        <ele>30.701096</ele>
        <time>2026-10-02T10:43:28.389Z</time>
      </trkpt>
      <trkpt lat="53.718589" lon="10.828260">
        <ele>31.239062</ele>
        <time>2026-10-02T10:44:04.428Z</time>
      </trkpt>
      <trkpt lat="53.719066" lon="10.826638">
        <ele>31.755619</ele>
        <time>2026-10-02T10:44:45.521Z</time>
      </trkpt>
      <trkpt lat="53.719483" lon="10.825479">
        <ele>32.091972</ele>
        <time>2026-10-02T10:45:14.167Z</time>
      </trkpt>
      <trkpt lat="53.720304" lon="10.823354">
        <ele>31.850500</ele>
        <time>2026-10-02T10:46:03.768Z</time>
      </trkpt>
      <trkpt lat="53.720608" lon="10.822494">
        <ele>31.610690</ele>
        <time>2026-10-02T10:46:22.460Z</time>
      </trkpt>
      <trkpt lat="53.721237" lon="10.820754">
        <ele>31.304845</ele>
        <time>2026-10-02T10:47:01.253Z</time>
      </trkpt>
      <trkpt lat="53.721288" lon="10.820623">
        <ele>31.283293</ele>
        <time>2026-10-02T10:47:04.530Z</time>
      </trkpt>
      <trkpt lat="53.721931" lon="10.819090">
        <ele>31.174085</ele>
        <time>2026-10-02T10:47:43.640Z</time>
      </trkpt>
      <trkpt lat="53.722253" lon="10.818162">
        <ele>31.230737</ele>
        <time>2026-10-02T10:48:05.670Z</time>
      </trkpt>
      <trkpt lat="53.723365" lon="10.815312">
        <ele>31.093722</ele>
        <time>2026-10-02T10:49:12.830Z</time>
      </trkpt>
      <trkpt lat="53.723707" lon="10.814504">
        <ele>31.042475</ele>
        <time>2026-10-02T10:49:32.287Z</time>
      </trkpt>
      <trkpt lat="53.724111" lon="10.813855">
        <ele>31.145935</ele>
        <time>2026-10-02T10:49:50.769Z</time>
      </trkpt>
      <trkpt lat="53.724973" lon="10.813054">
        <ele>31.328528</ele>
        <time>2026-10-02T10:50:24.671Z</time>
      </trkpt>
      <trkpt lat="53.725354" lon="10.812797">
        <ele>31.694162</ele>
        <time>2026-10-02T10:50:39.817Z</time>
      </trkpt>
      <trkpt lat="53.725465" lon="10.812840">
        <ele>31.840355</ele>
        <time>2026-10-02T10:50:44.119Z</time>
      </trkpt>
      <trkpt lat="53.726510" lon="10.813771">
        <ele>33.356845</ele>
        <time>2026-10-02T10:51:32.073Z</time>
      </trkpt>
      <trkpt lat="53.726694" lon="10.813935">
        <ele>33.623888</ele>
        <time>2026-10-02T10:51:40.765Z</time>
      </trkpt>
      <trkpt lat="53.726825" lon="10.813967">
        <ele>33.790960</ele>
        <time>2026-10-02T10:51:46.297Z</time>
      </trkpt>
      <trkpt lat="53.726963" lon="10.813939">
        <ele>33.965452</ele>
        <time>2026-10-02T10:51:52.007Z</time>
      </trkpt>
      <trkpt lat="53.729728" lon="10.812980">
        <ele>37.328601</ele>
        <time>2026-10-02T10:53:41.866Z</time>
      </trkpt>
      <trkpt lat="53.729997" lon="10.812961">
        <ele>37.628157</ele>
        <time>2026-10-02T10:53:52.164Z</time>
      </trkpt>
      <trkpt lat="53.731479" lon="10.812486">
        <ele>38.065217</ele>
        <time>2026-10-02T10:54:49.291Z</time>
      </trkpt>
      <trkpt lat="53.731831" lon="10.812239">
        <ele>38.108520</ele>
        <time>2026-10-02T10:55:01.414Z</time>
      </trkpt>
      <trkpt lat="53.732101" lon="10.811480">
        <ele>37.218417</ele>
        <time>2026-10-02T10:55:16.756Z</time>
      </trkpt>
      <trkpt lat="53.732030" lon="10.811230">
        <ele>36.790508</ele>
        <time>2026-10-02T10:55:19.144Z</time>
      </trkpt>
      <trkpt lat="53.731984" lon="10.810768">
        <ele>36.067600</ele>
        <time>2026-10-02T10:55:23.100Z</time>
      </trkpt>
      <trkpt lat="53.731873" lon="10.810386">
        <ele>35.410891</ele>
        <time>2026-10-02T10:55:26.662Z</time>
      </trkpt>
      <trkpt lat="53.731533" lon="10.809470">
        <ele>33.742272</ele>
        <time>2026-10-02T10:55:35.811Z</time>
      </trkpt>
      <trkpt lat="53.731370" lon="10.809227">
        <ele>33.382540</ele>
        <time>2026-10-02T10:55:39.103Z</time>
      </trkpt>
      <trkpt lat="53.731353" lon="10.809204">
        <ele>33.370746</ele>
        <time>2026-10-02T10:55:39.719Z</time>
      </trkpt>
      <trkpt lat="53.730982" lon="10.808769">
        <ele>33.126186</ele>
        <time>2026-10-02T10:55:47.094Z</time>
      </trkpt>
      <trkpt lat="53.730840" lon="10.808374">
        <ele>32.978079</ele>
        <time>2026-10-02T10:55:52.014Z</time>
      </trkpt>
      <trkpt lat="53.730690" lon="10.807773">
        <ele>32.769064</ele>
        <time>2026-10-02T10:55:59.943Z</time>
      </trkpt>
      <trkpt lat="53.730601" lon="10.807241">
        <ele>32.591910</ele>
        <time>2026-10-02T10:56:07.123Z</time>
      </trkpt>
      <trkpt lat="53.731735" lon="10.806985">
        <ele>32.849876</ele>
        <time>2026-10-02T10:56:28.697Z</time>
      </trkpt>
      <trkpt lat="53.732005" lon="10.807058">
        <ele>32.966843</ele>
        <time>2026-10-02T10:56:33.895Z</time>
      </trkpt>
      <trkpt lat="53.732227" lon="10.807166">
        <ele>33.065664</ele>
        <time>2026-10-02T10:56:38.265Z</time>
      </trkpt>
      <trkpt lat="53.732489" lon="10.807505">
        <ele>33.206803</ele>
        <time>2026-10-02T10:56:44.567Z</time>
      </trkpt>
      <trkpt lat="53.732673" lon="10.807610">
        <ele>33.347469</ele>
        <time>2026-10-02T10:56:48.291Z</time>
      </trkpt>
      <trkpt lat="53.732739" lon="10.807584">
        <ele>33.405311</ele>
        <time>2026-10-02T10:56:49.582Z</time>
      </trkpt>
      <trkpt lat="53.732833" lon="10.807482">
        <ele>33.500649</ele>
        <time>2026-10-02T10:56:51.735Z</time>
      </trkpt>
      <trkpt lat="53.733235" lon="10.806884">
        <ele>33.957695</ele>
        <time>2026-10-02T10:57:02.558Z</time>
      </trkpt>
      <trkpt lat="53.733420" lon="10.806771">
        <ele>34.125589</ele>
        <time>2026-10-02T10:57:06.783Z</time>
      </trkpt>
      <trkpt lat="53.733524" lon="10.806779">
        <ele>34.214447</ele>
        <time>2026-10-02T10:57:09.037Z</time>
      </trkpt>
      <trkpt lat="53.734252" lon="10.807165">
        <ele>34.940161</ele>
        <time>2026-10-02T10:57:26.006Z</time>
      </trkpt>
      <trkpt lat="53.734453" lon="10.807195">
        <ele>35.242706</ele>
        <time>2026-10-02T10:57:30.575Z</time>
      </trkpt>
      <trkpt lat="53.735196" lon="10.807002">
        <ele>36.369810</ele>
        <time>2026-10-02T10:57:47.878Z</time>
      </trkpt>
      <trkpt lat="53.736039" lon="10.806618">
        <ele>38.063768</ele>
        <time>2026-10-02T10:58:09.652Z</time>
      </trkpt>
      <trkpt lat="53.736258" lon="10.806447">
        <ele>39.073514</ele>
        <time>2026-10-02T10:58:15.892Z</time>
      </trkpt>
      <trkpt lat="53.736603" lon="10.806063">
        <ele>40.802498</ele>
        <time>2026-10-02T10:58:27.695Z</time>
      </trkpt>
      <trkpt lat="53.737230" lon="10.805247">
        <ele>44.114566</ele>
        <time>2026-10-02T10:58:59.898Z</time>
      </trkpt>
      <trkpt lat="53.737318" lon="10.805091">
        <ele>44.648290</ele>
        <time>2026-10-02T10:59:05.693Z</time>
      </trkpt>
      <trkpt lat="53.737651" lon="10.804454">
        <ele>47.601665</ele>
        <time>2026-10-02T10:59:29.960Z</time>
      </trkpt>
      <trkpt lat="53.737801" lon="10.804229">
        <ele>48.845674</ele>
        <time>2026-10-02T10:59:40.465Z</time>
      </trkpt>
      <trkpt lat="53.737960" lon="10.804035">
        <ele>50.062101</ele>
        <time>2026-10-02T10:59:50.970Z</time>
      </trkpt>
      <trkpt lat="53.738227" lon="10.803860">
        <ele>51.838599</ele>
        <time>2026-10-02T11:00:06.658Z</time>
      </trkpt>
      <trkpt lat="53.738315" lon="10.803767">
        <ele>52.482402</ele>
        <time>2026-10-02T11:00:12.126Z</time>
      </trkpt>
      <trkpt lat="53.738371" lon="10.803598">
        <ele>53.193200</ele>
        <time>2026-10-02T11:00:17.964Z</time>
      </trkpt>
      <trkpt lat="53.738409" lon="10.803219">
        <ele>54.603709</ele>
        <time>2026-10-02T11:00:28.129Z</time>
      </trkpt>
      <trkpt lat="53.738436" lon="10.801718">
        <ele>56.202257</ele>
        <time>2026-10-02T11:00:52.486Z</time>
      </trkpt>
      <trkpt lat="53.738507" lon="10.800527">
        <ele>56.259010</ele>
        <time>2026-10-02T11:01:14.235Z</time>
      </trkpt>
      <trkpt lat="53.738587" lon="10.799656">
        <ele>56.225041</ele>
        <time>2026-10-02T11:01:29.066Z</time>
      </trkpt>
      <trkpt lat="53.738560" lon="10.799444">
        <ele>56.095507</ele>
        <time>2026-10-02T11:01:32.730Z</time>
      </trkpt>
      <trkpt lat="53.738474" lon="10.799281">
        <ele>55.965036</ele>
        <time>2026-10-02T11:01:36.481Z</time>
      </trkpt>
      <trkpt lat="53.738272" lon="10.799014">
        <ele>55.706096</ele>
        <time>2026-10-02T11:01:44.218Z</time>
      </trkpt>
      <trkpt lat="53.738005" lon="10.798542">
        <ele>55.315975</ele>
        <time>2026-10-02T11:01:56.468Z</time>
      </trkpt>
      <trkpt lat="53.737807" lon="10.798300">
        <ele>55.069239</ele>
        <time>2026-10-02T11:02:04.491Z</time>
      </trkpt>
      <trkpt lat="53.735652" lon="10.796653">
        <ele>54.091778</ele>
        <time>2026-10-02T11:03:21.607Z</time>
      </trkpt>
      <trkpt lat="53.735312" lon="10.796247">
        <ele>54.677238</ele>
        <time>2026-10-02T11:03:36.918Z</time>
      </trkpt>
      <trkpt lat="53.735073" lon="10.795856">
        <ele>55.169885</ele>
        <time>2026-10-02T11:03:49.981Z</time>
      </trkpt>
      <trkpt lat="53.734910" lon="10.795542">
        <ele>55.535933</ele>
        <time>2026-10-02T11:04:00.200Z</time>
      </trkpt>
      <trkpt lat="53.734783" lon="10.795127">
        <ele>55.945336</ele>
        <time>2026-10-02T11:04:12.066Z</time>
      </trkpt>
      <trkpt lat="53.734663" lon="10.794598">
        <ele>56.441763</ele>
        <time>2026-10-02T11:04:26.781Z</time>
      </trkpt>
      <trkpt lat="53.734586" lon="10.794058">
        <ele>56.975957</ele>
        <time>2026-10-02T11:04:41.428Z</time>
      </trkpt>
      <trkpt lat="53.734555" lon="10.793370">
        <ele>57.743287</ele>
        <time>2026-10-02T11:04:59.588Z</time>
      </trkpt>
      <trkpt lat="53.734603" lon="10.792951">
        <ele>58.217908</ele>
        <time>2026-10-02T11:05:10.688Z</time>
      </trkpt>
      <trkpt lat="53.734734" lon="10.792488">
        <ele>58.788672</ele>
        <time>2026-10-02T11:05:23.784Z</time>
      </trkpt>
      <trkpt lat="53.734958" lon="10.791925">
        <ele>59.543223</ele>
        <time>2026-10-02T11:05:40.474Z</time>
      </trkpt>
      <trkpt lat="53.735244" lon="10.791370">
        <ele>60.208706</ele>
        <time>2026-10-02T11:05:57.503Z</time>
      </trkpt>
      <trkpt lat="53.735632" lon="10.790817">
        <ele>60.522876</ele>
        <time>2026-10-02T11:06:16.359Z</time>
      </trkpt>
      <trkpt lat="53.736223" lon="10.790129">
        <ele>60.967098</ele>
        <time>2026-10-02T11:06:41.883Z</time>
      </trkpt>
      <trkpt lat="53.736584" lon="10.789680">
        <ele>61.244546</ele>
        <time>2026-10-02T11:06:50.129Z</time>
      </trkpt>
      <trkpt lat="53.737131" lon="10.789147">
        <ele>61.116684</ele>
        <time>2026-10-02T11:07:01.781Z</time>
      </trkpt>
      <trkpt lat="53.737175" lon="10.788988">
        <ele>61.095108</ele>
        <time>2026-10-02T11:07:03.709Z</time>
      </trkpt>
      <trkpt lat="53.737182" lon="10.788812">
        <ele>61.073427</ele>
        <time>2026-10-02T11:07:05.632Z</time>
      </trkpt>
      <trkpt lat="53.737155" lon="10.788583">
        <ele>61.044727</ele>
        <time>2026-10-02T11:07:08.109Z</time>
      </trkpt>
      <trkpt lat="53.736818" lon="10.786659">
        <ele>60.396692</ele>
        <time>2026-10-02T11:07:26.403Z</time>
      </trkpt>
      <trkpt lat="53.736783" lon="10.785673">
        <ele>59.627142</ele>
        <time>2026-10-02T11:07:34.614Z</time>
      </trkpt>
      <trkpt lat="53.736762" lon="10.783672">
        <ele>58.196377</ele>
        <time>2026-10-02T11:07:51.189Z</time>
      </trkpt>
      <trkpt lat="53.736631" lon="10.781986">
        <ele>57.261500</ele>
        <time>2026-10-02T11:08:06.525Z</time>
      </trkpt>
      <trkpt lat="53.736635" lon="10.781684">
        <ele>57.095428</ele>
        <time>2026-10-02T11:08:09.374Z</time>
      </trkpt>
      <trkpt lat="53.737340" lon="10.782121">
        <ele>56.287319</ele>
        <time>2026-10-02T11:08:21.201Z</time>
      </trkpt>
      <trkpt lat="53.738253" lon="10.782576">
        <ele>55.178519</ele>
        <time>2026-10-02T11:08:35.249Z</time>
      </trkpt>
      <trkpt lat="53.740122" lon="10.783667">
        <ele>52.075131</ele>
        <time>2026-10-02T11:09:02.289Z</time>
      </trkpt>
      <trkpt lat="53.740332" lon="10.783892">
        <ele>51.697699</ele>
        <time>2026-10-02T11:09:05.941Z</time>
      </trkpt>
      <trkpt lat="53.741020" lon="10.784975">
        <ele>50.843109</ele>
        <time>2026-10-02T11:09:20.332Z</time>
      </trkpt>
      <trkpt lat="53.741262" lon="10.785235">
        <ele>50.582442</ele>
        <time>2026-10-02T11:09:24.834Z</time>
      </trkpt>
      <trkpt lat="53.741406" lon="10.785318">
        <ele>50.444130</ele>
        <time>2026-10-02T11:09:27.180Z</time>
      </trkpt>
      <trkpt lat="53.742616" lon="10.785401">
        <ele>48.498526</ele>
        <time>2026-10-02T11:09:45.159Z</time>
      </trkpt>
      <trkpt lat="53.743248" lon="10.785606">
        <ele>47.266115</ele>
        <time>2026-10-02T11:09:53.697Z</time>
      </trkpt>
      <trkpt lat="53.744962" lon="10.785863">
        <ele>42.547592</ele>
        <time>2026-10-02T11:10:15.241Z</time>
      </trkpt>
      <trkpt lat="53.745864" lon="10.786224">
        <ele>40.713061</ele>
        <time>2026-10-02T11:10:32.979Z</time>
      </trkpt>
      <trkpt lat="53.746266" lon="10.786335">
        <ele>40.191825</ele>
        <time>2026-10-02T11:10:41.018Z</time>
      </trkpt>
      <trkpt lat="53.746731" lon="10.786429">
        <ele>39.592547</ele>
        <time>2026-10-02T11:10:50.504Z</time>
      </trkpt>
      <trkpt lat="53.747212" lon="10.786367">
        <ele>39.365124</ele>
        <time>2026-10-02T11:11:00.959Z</time>
      </trkpt>
      <trkpt lat="53.747233" lon="10.786368">
        <ele>39.426396</ele>
        <time>2026-10-02T11:11:01.508Z</time>
      </trkpt>
      <trkpt lat="53.747380" lon="10.786440">
        <ele>39.872753</ele>
        <time>2026-10-02T11:11:05.538Z</time>
      </trkpt>
      <trkpt lat="53.747875" lon="10.786749">
        <ele>41.411678</ele>
        <time>2026-10-02T11:11:19.462Z</time>
      </trkpt>
      <trkpt lat="53.747983" lon="10.786748">
        <ele>41.726672</ele>
        <time>2026-10-02T11:11:22.896Z</time>
      </trkpt>
      <trkpt lat="53.748537" lon="10.786644">
        <ele>43.352377</ele>
        <time>2026-10-02T11:11:43.444Z</time>
      </trkpt>
      <trkpt lat="53.748929" lon="10.786660">
        <ele>44.553857</ele>
        <time>2026-10-02T11:11:59.116Z</time>
      </trkpt>
      <trkpt lat="53.749935" lon="10.786918">
        <ele>48.622038</ele>
        <time>2026-10-02T11:12:38.456Z</time>
      </trkpt>
      <trkpt lat="53.750620" lon="10.787160">
        <ele>51.419928</ele>
        <time>2026-10-02T11:13:00.882Z</time>
      </trkpt>
      <trkpt lat="53.751090" lon="10.787418">
        <ele>52.271511</ele>
        <time>2026-10-02T11:13:13.927Z</time>
      </trkpt>
      <trkpt lat="53.751565" lon="10.787795">
        <ele>53.104433</ele>
        <time>2026-10-02T11:13:25.642Z</time>
      </trkpt>
      <trkpt lat="53.751872" lon="10.787971">
        <ele>53.619004</ele>
        <time>2026-10-02T11:13:32.321Z</time>
      </trkpt>
      <trkpt lat="53.752483" lon="10.788117">
        <ele>54.635450</ele>
        <time>2026-10-02T11:13:46.208Z</time>
      </trkpt>
      <trkpt lat="53.752807" lon="10.788226">
        <ele>55.251133</ele>
        <time>2026-10-02T11:13:54.555Z</time>
      </trkpt>
      <trkpt lat="53.752987" lon="10.788330">
        <ele>55.605642</ele>
        <time>2026-10-02T11:13:59.565Z</time>
      </trkpt>
      <trkpt lat="53.753640" lon="10.788987">
        <ele>57.021731</ele>
        <time>2026-10-02T11:14:20.172Z</time>
      </trkpt>
      <trkpt lat="53.754235" lon="10.789342">
        <ele>58.061616</ele>
        <time>2026-10-02T11:14:36.516Z</time>
      </trkpt>
      <trkpt lat="53.754328" lon="10.789397">
        <ele>58.190810</ele>
        <time>2026-10-02T11:14:38.864Z</time>
      </trkpt>
      <trkpt lat="53.756049" lon="10.790305">
        <ele>60.682243</ele>
        <time>2026-10-02T11:15:18.463Z</time>
      </trkpt>
      <trkpt lat="53.757068" lon="10.790660">
        <ele>62.426414</ele>
        <time>2026-10-02T11:15:44.723Z</time>
      </trkpt>
      <trkpt lat="53.757308" lon="10.790765">
        <ele>62.842005</ele>
        <time>2026-10-02T11:15:51.192Z</time>
      </trkpt>
      <trkpt lat="53.757483" lon="10.790904">
        <ele>63.182426</ele>
        <time>2026-10-02T11:15:56.189Z</time>
      </trkpt>
      <trkpt lat="53.758527" lon="10.792170">
        <ele>65.993146</ele>
        <time>2026-10-02T11:16:28.995Z</time>
      </trkpt>
      <trkpt lat="53.758759" lon="10.792377">
        <ele>66.567069</ele>
        <time>2026-10-02T11:16:36.395Z</time>
      </trkpt>
      <trkpt lat="53.758909" lon="10.792468">
        <ele>66.915749</ele>
        <time>2026-10-02T11:16:41.085Z</time>
      </trkpt>
      <trkpt lat="53.760843" lon="10.792684">
        <ele>72.121717</ele>
        <time>2026-10-02T11:17:42.643Z</time>
      </trkpt>
      <trkpt lat="53.760921" lon="10.792646">
        <ele>72.133210</ele>
        <time>2026-10-02T11:17:44.794Z</time>
      </trkpt>
      <trkpt lat="53.761916" lon="10.796448">
        <ele>71.526817</ele>
        <time>2026-10-02T11:18:23.866Z</time>
      </trkpt>
      <trkpt lat="53.762238" lon="10.797745">
        <ele>70.676072</ele>
        <time>2026-10-02T11:18:35.850Z</time>
      </trkpt>
      <trkpt lat="53.762335" lon="10.798258">
        <ele>70.178763</ele>
        <time>2026-10-02T11:18:40.272Z</time>
      </trkpt>
      <trkpt lat="53.762390" lon="10.798842">
        <ele>69.469984</ele>
        <time>2026-10-02T11:18:44.998Z</time>
      </trkpt>
      <trkpt lat="53.762374" lon="10.799670">
        <ele>68.477057</ele>
        <time>2026-10-02T11:18:51.520Z</time>
      </trkpt>
      <trkpt lat="53.762398" lon="10.800791">
        <ele>67.132606</ele>
        <time>2026-10-02T11:19:00.286Z</time>
      </trkpt>
      <trkpt lat="53.762357" lon="10.815155">
        <ele>55.378164</ele>
        <time>2026-10-02T11:21:01.033Z</time>
      </trkpt>
      <trkpt lat="53.762317" lon="10.815954">
        <ele>55.006482</ele>
        <time>2026-10-02T11:21:09.713Z</time>
      </trkpt>
      <trkpt lat="53.762180" lon="10.816980">
        <ele>55.100432</ele>
        <time>2026-10-02T11:21:21.819Z</time>
      </trkpt>
      <trkpt lat="53.763701" lon="10.816294">
        <ele>56.121568</ele>
        <time>2026-10-02T11:21:51.521Z</time>
      </trkpt>
      <trkpt lat="53.764389" lon="10.815890">
        <ele>57.353478</ele>
        <time>2026-10-02T11:22:08.358Z</time>
      </trkpt>
      <trkpt lat="53.764844" lon="10.815551">
        <ele>58.194474</ele>
        <time>2026-10-02T11:22:22.102Z</time>
      </trkpt>
      <trkpt lat="53.765113" lon="10.815230">
        <ele>58.751312</ele>
        <time>2026-10-02T11:22:31.802Z</time>
      </trkpt>
      <trkpt lat="53.765637" lon="10.814345">
        <ele>60.617978</ele>
        <time>2026-10-02T11:22:54.087Z</time>
      </trkpt>
      <trkpt lat="53.766314" lon="10.813596">
        <ele>62.657494</ele>
        <time>2026-10-02T11:23:16.912Z</time>
      </trkpt>
      <trkpt lat="53.766564" lon="10.813175">
        <ele>63.535953</ele>
        <time>2026-10-02T11:23:26.161Z</time>
      </trkpt>
      <trkpt lat="53.766812" lon="10.812479">
        <ele>64.696342</ele>
        <time>2026-10-02T11:23:38.841Z</time>
      </trkpt>
      <trkpt lat="53.766951" lon="10.811810">
        <ele>65.708862</ele>
        <time>2026-10-02T11:23:50.315Z</time>
      </trkpt>
      <trkpt lat="53.767067" lon="10.811040">
        <ele>66.843442</ele>
        <time>2026-10-02T11:24:03.821Z</time>
      </trkpt>
      <trkpt lat="53.767353" lon="10.809619">
        <ele>68.811905</ele>
        <time>2026-10-02T11:24:30.096Z</time>
      </trkpt>
      <trkpt lat="53.767447" lon="10.809304">
        <ele>69.250724</ele>
        <time>2026-10-02T11:24:36.037Z</time>
      </trkpt>
      <trkpt lat="53.767558" lon="10.809046">
        <ele>69.647560</ele>
        <time>2026-10-02T11:24:41.278Z</time>
      </trkpt>
      <trkpt lat="53.767748" lon="10.808769">
        <ele>70.175251</ele>
        <time>2026-10-02T11:24:47.989Z</time>
      </trkpt>
      <trkpt lat="53.768622" lon="10.808063">
        <ele>71.563324</ele>
        <time>2026-10-02T11:25:10.549Z</time>
      </trkpt>
      <trkpt lat="53.768941" lon="10.807805">
        <ele>71.700978</ele>
        <time>2026-10-02T11:25:17.497Z</time>
      </trkpt>
      <trkpt lat="53.769082" lon="10.807741">
        <ele>71.757813</ele>
        <time>2026-10-02T11:25:20.199Z</time>
      </trkpt>
      <trkpt lat="53.769515" lon="10.807738">
        <ele>71.926391</ele>
        <time>2026-10-02T11:25:27.638Z</time>
      </trkpt>
      <trkpt lat="53.769755" lon="10.807652">
        <ele>72.021901</ele>
        <time>2026-10-02T11:25:31.626Z</time>
      </trkpt>
      <trkpt lat="53.771731" lon="10.805904">
        <ele>71.537343</ele>
        <time>2026-10-02T11:26:07.988Z</time>
      </trkpt>
      <trkpt lat="53.772098" lon="10.805557">
        <ele>71.282183</ele>
        <time>2026-10-02T11:26:16.820Z</time>
      </trkpt>
      <trkpt lat="53.772140" lon="10.805374">
        <ele>71.211766</ele>
        <time>2026-10-02T11:26:19.182Z</time>
      </trkpt>
      <trkpt lat="53.772104" lon="10.803289">
        <ele>70.195482</ele>
        <time>2026-10-02T11:26:40.383Z</time>
      </trkpt>
      <trkpt lat="53.772118" lon="10.803139">
        <ele>69.990427</ele>
        <time>2026-10-02T11:26:41.717Z</time>
      </trkpt>
      <trkpt lat="53.772218" lon="10.802921">
        <ele>69.617797</ele>
        <time>2026-10-02T11:26:44.137Z</time>
      </trkpt>
      <trkpt lat="53.772332" lon="10.802800">
        <ele>69.310329</ele>
        <time>2026-10-02T11:26:46.130Z</time>
      </trkpt>
      <trkpt lat="53.773099" lon="10.802263">
        <ele>67.413815</ele>
        <time>2026-10-02T11:26:58.310Z</time>
      </trkpt>
      <trkpt lat="53.773367" lon="10.802123">
        <ele>66.772978</ele>
        <time>2026-10-02T11:27:02.446Z</time>
      </trkpt>
      <trkpt lat="53.773679" lon="10.801863">
        <ele>66.153295</ele>
        <time>2026-10-02T11:27:07.682Z</time>
      </trkpt>
      <trkpt lat="53.773820" lon="10.801624">
        <ele>65.866058</ele>
        <time>2026-10-02T11:27:10.774Z</time>
      </trkpt>
      <trkpt lat="53.774200" lon="10.800838">
        <ele>65.002320</ele>
        <time>2026-10-02T11:27:20.976Z</time>
      </trkpt>
      <trkpt lat="53.774311" lon="10.800697">
        <ele>64.802560</ele>
        <time>2026-10-02T11:27:23.375Z</time>
      </trkpt>
      <trkpt lat="53.774430" lon="10.800660">
        <ele>64.628424</ele>
        <time>2026-10-02T11:27:25.468Z</time>
      </trkpt>
      <trkpt lat="53.774587" lon="10.800681">
        <ele>64.401759</ele>
        <time>2026-10-02T11:27:28.143Z</time>
      </trkpt>
      <trkpt lat="53.775037" lon="10.800858">
        <ele>63.726341</ele>
        <time>2026-10-02T11:27:35.889Z</time>
      </trkpt>
      <trkpt lat="53.775673" lon="10.797921">
        <ele>60.929825</ele>
        <time>2026-10-02T11:28:30.534Z</time>
      </trkpt>
      <trkpt lat="53.775991" lon="10.796200">
        <ele>59.939130</ele>
        <time>2026-10-02T11:29:05.189Z</time>
      </trkpt>
      <trkpt lat="53.776125" lon="10.795120">
        <ele>59.269684</ele>
        <time>2026-10-02T11:29:26.061Z</time>
      </trkpt>
      <trkpt lat="53.776580" lon="10.792138">
        <ele>55.573626</ele>
        <time>2026-10-02T11:30:18.246Z</time>
      </trkpt>
      <trkpt lat="53.776682" lon="10.791595">
        <ele>55.069470</ele>
        <time>2026-10-02T11:30:28.197Z</time>
      </trkpt>
      <trkpt lat="53.776830" lon="10.791476">
        <ele>54.824119</ele>
        <time>2026-10-02T11:30:33.162Z</time>
      </trkpt>
      <trkpt lat="53.777048" lon="10.791497">
        <ele>54.497169</ele>
        <time>2026-10-02T11:30:39.837Z</time>
      </trkpt>
      <trkpt lat="53.777277" lon="10.791602">
        <ele>54.141913</ele>
        <time>2026-10-02T11:30:47.227Z</time>
      </trkpt>
      <trkpt lat="53.777698" lon="10.791906">
        <ele>53.456540</ele>
        <time>2026-10-02T11:31:01.677Z</time>
      </trkpt>
      <trkpt lat="53.778140" lon="10.792051">
        <ele>52.421956</ele>
        <time>2026-10-02T11:31:15.422Z</time>
      </trkpt>
      <trkpt lat="53.778395" lon="10.791997">
        <ele>51.389124</ele>
        <time>2026-10-02T11:31:22.939Z</time>
      </trkpt>
      <trkpt lat="53.778732" lon="10.791810">
        <ele>49.963779</ele>
        <time>2026-10-02T11:31:33.006Z</time>
      </trkpt>
      <trkpt lat="53.780882" lon="10.781517">
        <ele>24.215926</ele>
        <time>2026-10-02T11:34:22.943Z</time>
      </trkpt>
      <trkpt lat="53.782372" lon="10.782479">
        <ele>22.463059</ele>
        <time>2026-10-02T11:34:47.160Z</time>
      </trkpt>
      <trkpt lat="53.782852" lon="10.782913">
        <ele>22.120208</ele>
        <time>2026-10-02T11:34:56.930Z</time>
      </trkpt>
      <trkpt lat="53.783740" lon="10.783941">
        <ele>21.719869</ele>
        <time>2026-10-02T11:35:15.072Z</time>
      </trkpt>
      <trkpt lat="53.783930" lon="10.784140">
        <ele>21.636725</ele>
        <time>2026-10-02T11:35:18.533Z</time>
      </trkpt>
      <trkpt lat="53.784062" lon="10.784224">
        <ele>21.584249</ele>
        <time>2026-10-02T11:35:20.680Z</time>
      </trkpt>
      <trkpt lat="53.787153" lon="10.785116">
        <ele>16.976339</ele>
        <time>2026-10-02T11:36:05.026Z</time>
      </trkpt>
      <trkpt lat="53.790336" lon="10.785358">
        <ele>11.397110</ele>
        <time>2026-10-02T11:36:48.939Z</time>
      </trkpt>
      <trkpt lat="53.791389" lon="10.785595">
        <ele>9.680270</ele>
        <time>2026-10-02T11:37:03.785Z</time>
      </trkpt>
      <trkpt lat="53.791655" lon="10.785625">
        <ele>9.376046</ele>
        <time>2026-10-02T11:37:07.612Z</time>
      </trkpt>
      <trkpt lat="53.793028" lon="10.785408">
        <ele>7.842466</ele>
        <time>2026-10-02T11:37:27.827Z</time>
      </trkpt>
      <trkpt lat="53.793179" lon="10.785383">
        <ele>7.877059</ele>
        <time>2026-10-02T11:37:30.235Z</time>
      </trkpt>
      <trkpt lat="53.793315" lon="10.785368">
        <ele>7.908132</ele>
        <time>2026-10-02T11:37:32.457Z</time>
      </trkpt>
      <trkpt lat="53.793539" lon="10.785344">
        <ele>7.959307</ele>
        <time>2026-10-02T11:37:36.271Z</time>
      </trkpt>
      <trkpt lat="53.793766" lon="10.785456">
        <ele>8.013216</ele>
        <time>2026-10-02T11:37:40.478Z</time>
      </trkpt>
      <trkpt lat="53.794367" lon="10.785947">
        <ele>8.165365</ele>
        <time>2026-10-02T11:37:53.349Z</time>
      </trkpt>
      <trkpt lat="53.794628" lon="10.786242">
        <ele>8.236916</ele>
        <time>2026-10-02T11:38:00.111Z</time>
      </trkpt>
      <trkpt lat="53.795266" lon="10.786561">
        <ele>8.539795</ele>
        <time>2026-10-02T11:38:14.628Z</time>
      </trkpt>
      <trkpt lat="53.796934" lon="10.787150">
        <ele>8.988300</ele>
        <time>2026-10-02T11:38:45.166Z</time>
      </trkpt>
      <trkpt lat="53.797738" lon="10.787225">
        <ele>8.833386</ele>
        <time>2026-10-02T11:38:58.391Z</time>
      </trkpt>
      <trkpt lat="53.798026" lon="10.787339">
        <ele>8.776484</ele>
        <time>2026-10-02T11:39:03.357Z</time>
      </trkpt>
      <trkpt lat="53.798546" lon="10.787611">
        <ele>8.396656</ele>
        <time>2026-10-02T11:39:11.837Z</time>
      </trkpt>
      <trkpt lat="53.799067" lon="10.787904">
        <ele>7.891197</ele>
        <time>2026-10-02T11:39:20.064Z</time>
      </trkpt>
      <trkpt lat="53.799044" lon="10.787419">
        <ele>7.626611</ele>
        <time>2026-10-02T11:39:24.781Z</time>
      </trkpt>
      <trkpt lat="53.798838" lon="10.786771">
        <ele>7.226433</ele>
        <time>2026-10-02T11:39:31.824Z</time>
      </trkpt>
      <trkpt lat="53.798643" lon="10.785614">
        <ele>7.046636</ele>
        <time>2026-10-02T11:39:42.226Z</time>
      </trkpt>
      <trkpt lat="53.798584" lon="10.785350">
        <ele>7.034212</ele>
        <time>2026-10-02T11:39:47.591Z</time>
      </trkpt>
      <trkpt lat="53.797706" lon="10.780010">
        <ele>7.990448</ele>
        <time>2026-10-02T11:41:46.597Z</time>
      </trkpt>
      <trkpt lat="53.797489" lon="10.778484">
        <ele>7.925255</ele>
        <time>2026-10-02T11:42:18.376Z</time>
      </trkpt>
      <trkpt lat="53.797272" lon="10.777110">
        <ele>7.580490</ele>
        <time>2026-10-02T11:42:44.720Z</time>
      </trkpt>
      <trkpt lat="53.797128" lon="10.776342">
        <ele>7.182054</ele>
        <time>2026-10-02T11:42:59.416Z</time>
      </trkpt>
      <trkpt lat="53.797037" lon="10.775983">
        <ele>6.988878</ele>
        <time>2026-10-02T11:43:06.694Z</time>
      </trkpt>
      <trkpt lat="53.796863" lon="10.775586">
        <ele>6.744425</ele>
        <time>2026-10-02T11:43:15.861Z</time>
      </trkpt>
      <trkpt lat="53.796693" lon="10.775039">
        <ele>6.438784</ele>
        <time>2026-10-02T11:43:27.414Z</time>
      </trkpt>
      <trkpt lat="53.796589" lon="10.774629">
        <ele>6.322036</ele>
        <time>2026-10-02T11:43:35.968Z</time>
      </trkpt>
      <trkpt lat="53.796494" lon="10.774052">
        <ele>6.208538</ele>
        <time>2026-10-02T11:43:47.571Z</time>
      </trkpt>
      <trkpt lat="53.796724" lon="10.773621">
        <ele>6.098477</ele>
        <time>2026-10-02T11:43:58.829Z</time>
      </trkpt>
      <trkpt lat="53.796738" lon="10.773189">
        <ele>6.016499</ele>
        <time>2026-10-02T11:44:07.185Z</time>
      </trkpt>
      <trkpt lat="53.796682" lon="10.772823">
        <ele>5.944860</ele>
        <time>2026-10-02T11:44:14.404Z</time>
      </trkpt>
      <trkpt lat="53.796675" lon="10.772527">
        <ele>5.888729</ele>
        <time>2026-10-02T11:44:20.094Z</time>
      </trkpt>
      <trkpt lat="53.796674" lon="10.772020">
        <ele>5.831781</ele>
        <time>2026-10-02T11:44:31.065Z</time>
      </trkpt>
      <trkpt lat="53.796681" lon="10.770682">
        <ele>6.164496</ele>
        <time>2026-10-02T11:44:50.394Z</time>
      </trkpt>
      <trkpt lat="53.796355" lon="10.769822">
        <ele>6.418593</ele>
        <time>2026-10-02T11:45:02.532Z</time>
      </trkpt>
      <trkpt lat="53.796053" lon="10.768522">
        <ele>7.164629</ele>
        <time>2026-10-02T11:45:19.207Z</time>
      </trkpt>
      <trkpt lat="53.795825" lon="10.768042">
        <ele>7.624379</ele>
        <time>2026-10-02T11:45:27.064Z</time>
      </trkpt>
      <trkpt lat="53.795561" lon="10.767576">
        <ele>8.106330</ele>
        <time>2026-10-02T11:45:35.805Z</time>
      </trkpt>
      <trkpt lat="53.795422" lon="10.767243">
        <ele>8.410686</ele>
        <time>2026-10-02T11:45:41.493Z</time>
      </trkpt>
      <trkpt lat="53.795249" lon="10.765199">
        <ele>10.643164</ele>
        <time>2026-10-02T11:46:13.814Z</time>
      </trkpt>
      <trkpt lat="53.795190" lon="10.763578">
        <ele>12.496373</ele>
        <time>2026-10-02T11:46:40.908Z</time>
      </trkpt>
      <trkpt lat="53.795288" lon="10.762987">
        <ele>12.241593</ele>
        <time>2026-10-02T11:46:48.862Z</time>
      </trkpt>
      <trkpt lat="53.795419" lon="10.762523">
        <ele>12.028141</ele>
        <time>2026-10-02T11:46:54.272Z</time>
      </trkpt>
      <trkpt lat="53.795474" lon="10.762526">
        <ele>11.989473</ele>
        <time>2026-10-02T11:46:55.168Z</time>
      </trkpt>
      <trkpt lat="53.796731" lon="10.763914">
        <ele>10.366588</ele>
        <time>2026-10-02T11:47:15.465Z</time>
      </trkpt>
      <trkpt lat="53.798052" lon="10.765222">
        <ele>7.782641</ele>
        <time>2026-10-02T11:47:36.217Z</time>
      </trkpt>
      <trkpt lat="53.798197" lon="10.765391">
        <ele>7.770988</ele>
        <time>2026-10-02T11:47:38.870Z</time>
      </trkpt>
      <trkpt lat="53.798353" lon="10.765681">
        <ele>7.755652</ele>
        <time>2026-10-02T11:47:42.484Z</time>
      </trkpt>
      <trkpt lat="53.798512" lon="10.765875">
        <ele>7.742678</ele>
        <time>2026-10-02T11:47:45.724Z</time>
      </trkpt>
      <trkpt lat="53.798887" lon="10.766145">
        <ele>7.715703</ele>
        <time>2026-10-02T11:47:52.905Z</time>
      </trkpt>
      <trkpt lat="53.799483" lon="10.766736">
        <ele>7.800672</ele>
        <time>2026-10-02T11:48:08.237Z</time>
      </trkpt>
      <trkpt lat="53.799780" lon="10.766789">
        <ele>8.174237</ele>
        <time>2026-10-02T11:48:16.173Z</time>
      </trkpt>
      <trkpt lat="53.800023" lon="10.766218">
        <ele>8.694178</ele>
        <time>2026-10-02T11:48:28.269Z</time>
      </trkpt>
      <trkpt lat="53.800075" lon="10.766094">
        <ele>8.806529</ele>
        <time>2026-10-02T11:48:31.070Z</time>
      </trkpt>
      <trkpt lat="53.799804" lon="10.765695">
        <ele>9.255750</ele>
        <time>2026-10-02T11:48:40.224Z</time>
      </trkpt>
      <trkpt lat="53.799781" lon="10.765595">
        <ele>9.335032</ele>
        <time>2026-10-02T11:48:41.903Z</time>
      </trkpt>
      <trkpt lat="53.799809" lon="10.765453">
        <ele>9.445630</ele>
        <time>2026-10-02T11:48:44.020Z</time>
      </trkpt>
      <trkpt lat="53.800131" lon="10.764941">
        <ele>9.969300</ele>
        <time>2026-10-02T11:48:54.998Z</time>
      </trkpt>
      <trkpt lat="53.800246" lon="10.764919">
        <ele>10.055818</ele>
        <time>2026-10-02T11:48:57.884Z</time>
      </trkpt>
      <trkpt lat="53.801228" lon="10.764596">
        <ele>10.803661</ele>
        <time>2026-10-02T11:49:20.458Z</time>
      </trkpt>
      <trkpt lat="53.801310" lon="10.764456">
        <ele>10.890716</ele>
        <time>2026-10-02T11:49:23.110Z</time>
      </trkpt>
      <trkpt lat="53.801302" lon="10.764188">
        <ele>11.009191</ele>
        <time>2026-10-02T11:49:26.546Z</time>
      </trkpt>
      <trkpt lat="53.800996" lon="10.761460">
        <ele>11.403227</ele>
        <time>2026-10-02T11:50:00.483Z</time>
      </trkpt>
      <trkpt lat="53.800676" lon="10.759104">
        <ele>11.433372</ele>
        <time>2026-10-02T11:50:26.214Z</time>
      </trkpt>
      <trkpt lat="53.800603" lon="10.758517">
        <ele>11.424880</ele>
        <time>2026-10-02T11:50:33.049Z</time>
      </trkpt>
      <trkpt lat="53.800563" lon="10.758186">
        <ele>11.420097</ele>
        <time>2026-10-02T11:50:37.163Z</time>
      </trkpt>
      <trkpt lat="53.801460" lon="10.758768">
        <ele>11.864337</ele>
        <time>2026-10-02T11:50:55.987Z</time>
      </trkpt>
      <trkpt lat="53.801949" lon="10.758905">
        <ele>12.217427</ele>
        <time>2026-10-02T11:51:07.855Z</time>
      </trkpt>
      <trkpt lat="53.806030" lon="10.759142">
        <ele>13.291908</ele>
        <time>2026-10-02T11:52:23.831Z</time>
      </trkpt>
      <trkpt lat="53.807226" lon="10.759228">
        <ele>11.357716</ele>
        <time>2026-10-02T11:52:40.909Z</time>
      </trkpt>
      <trkpt lat="53.807313" lon="10.759193">
        <ele>11.187211</ele>
        <time>2026-10-02T11:52:42.078Z</time>
      </trkpt>
      <trkpt lat="53.807509" lon="10.759114">
        <ele>10.803044</ele>
        <time>2026-10-02T11:52:47.755Z</time>
      </trkpt>
      <trkpt lat="53.807770" lon="10.759239">
        <ele>10.285859</ele>
        <time>2026-10-02T11:52:55.322Z</time>
      </trkpt>
      <trkpt lat="53.809227" lon="10.759016">
        <ele>6.941964</ele>
        <time>2026-10-02T11:53:36.277Z</time>
      </trkpt>
      <trkpt lat="53.809963" lon="10.758964">
        <ele>5.590904</ele>
        <time>2026-10-02T11:53:58.439Z</time>
      </trkpt>
      <trkpt lat="53.810054" lon="10.758982">
        <ele>5.570895</ele>
        <time>2026-10-02T11:53:59.966Z</time>
      </trkpt>
      <trkpt lat="53.810134" lon="10.759055">
        <ele>5.551048</ele>
        <time>2026-10-02T11:54:02.830Z</time>
      </trkpt>
      <trkpt lat="53.810262" lon="10.759400">
        <ele>5.498506</ele>
        <time>2026-10-02T11:54:10.599Z</time>
      </trkpt>
      <trkpt lat="53.810416" lon="10.760294">
        <ele>5.378415</ele>
        <time>2026-10-02T11:54:28.941Z</time>
      </trkpt>
      <trkpt lat="53.810491" lon="10.760433">
        <ele>5.354134</ele>
        <time>2026-10-02T11:54:32.696Z</time>
      </trkpt>
      <trkpt lat="53.810629" lon="10.760537">
        <ele>5.321146</ele>
        <time>2026-10-02T11:54:37.868Z</time>
      </trkpt>
      <trkpt lat="53.811616" lon="10.760477">
        <ele>5.947239</ele>
        <time>2026-10-02T11:55:15.067Z</time>
      </trkpt>
      <trkpt lat="53.812052" lon="10.760387">
        <ele>6.464105</ele>
        <time>2026-10-02T11:55:32.705Z</time>
      </trkpt>
      <trkpt lat="53.812466" lon="10.760204">
        <ele>6.967604</ele>
        <time>2026-10-02T11:55:49.936Z</time>
      </trkpt>
      <trkpt lat="53.812549" lon="10.760136">
        <ele>7.076102</ele>
        <time>2026-10-02T11:55:53.622Z</time>
      </trkpt>
      <trkpt lat="53.812875" lon="10.759702">
        <ele>7.459314</ele>
        <time>2026-10-02T11:56:09.947Z</time>
      </trkpt>
      <trkpt lat="53.812938" lon="10.759684">
        <ele>7.497044</ele>
        <time>2026-10-02T11:56:12.450Z</time>
      </trkpt>
      <trkpt lat="53.813001" lon="10.759728">
        <ele>7.537288</ele>
        <time>2026-10-02T11:56:15.100Z</time>
      </trkpt>
      <trkpt lat="53.813082" lon="10.759913">
        <ele>7.617594</ele>
        <time>2026-10-02T11:56:20.321Z</time>
      </trkpt>
      <trkpt lat="53.813147" lon="10.759998">
        <ele>7.666089</ele>
        <time>2026-10-02T11:56:23.458Z</time>
      </trkpt>
      <trkpt lat="53.813224" lon="10.760008">
        <ele>7.711695</ele>
        <time>2026-10-02T11:56:26.384Z</time>
      </trkpt>
      <trkpt lat="53.813355" lon="10.759961">
        <ele>7.790774</ele>
        <time>2026-10-02T11:56:31.343Z</time>
      </trkpt>
      <trkpt lat="53.814035" lon="10.759227">
        <ele>8.266966</ele>
        <time>2026-10-02T11:57:00.004Z</time>
      </trkpt>
      <trkpt lat="53.814749" lon="10.758482">
        <ele>8.362394</ele>
        <time>2026-10-02T11:57:28.067Z</time>
      </trkpt>
      <trkpt lat="53.815111" lon="10.758256">
        <ele>8.327122</ele>
        <time>2026-10-02T11:57:40.823Z</time>
      </trkpt>
      <trkpt lat="53.815489" lon="10.758119">
        <ele>8.291782</ele>
        <time>2026-10-02T11:57:53.636Z</time>
      </trkpt>
      <trkpt lat="53.816012" lon="10.758033">
        <ele>8.246528</ele>
        <time>2026-10-02T11:58:11.146Z</time>
      </trkpt>
      <trkpt lat="53.816668" lon="10.757865">
        <ele>8.207495</ele>
        <time>2026-10-02T11:58:33.314Z</time>
      </trkpt>
      <trkpt lat="53.816851" lon="10.757923">
        <ele>8.196541</ele>
        <time>2026-10-02T11:58:39.554Z</time>
      </trkpt>
      <trkpt lat="53.817309" lon="10.758544">
        <ele>8.162026</ele>
        <time>2026-10-02T11:58:59.320Z</time>
      </trkpt>
      <trkpt lat="53.817552" lon="10.758772">
        <ele>8.146101</ele>
        <time>2026-10-02T11:59:08.699Z</time>
      </trkpt>
      <trkpt lat="53.817616" lon="10.758789">
        <ele>8.173123</ele>
        <time>2026-10-02T11:59:10.893Z</time>
      </trkpt>
      <trkpt lat="53.817689" lon="10.758752">
        <ele>8.204908</ele>
        <time>2026-10-02T11:59:13.462Z</time>
      </trkpt>
      <trkpt lat="53.817801" lon="10.758613">
        <ele>8.262825</ele>
        <time>2026-10-02T11:59:18.147Z</time>
      </trkpt>
      <trkpt lat="53.818105" lon="10.758081">
        <ele>8.445154</ele>
        <time>2026-10-02T11:59:33.453Z</time>
      </trkpt>
      <trkpt lat="53.818219" lon="10.758110">
        <ele>8.493240</ele>
        <time>2026-10-02T11:59:37.522Z</time>
      </trkpt>
      <trkpt lat="53.818105" lon="10.758081">
        <ele>8.541327</ele>
        <time>2026-10-02T11:59:41.635Z</time>
      </trkpt>
      <trkpt lat="53.818445" lon="10.757563">
        <ele>8.732078</ele>
        <time>2026-10-02T11:59:58.106Z</time>
      </trkpt>
      <trkpt lat="53.818483" lon="10.757417">
        <ele>8.771371</ele>
        <time>2026-10-02T12:00:01.543Z</time>
      </trkpt>
      <trkpt lat="53.818459" lon="10.757135">
        <ele>8.841532</ele>
        <time>2026-10-02T12:00:07.628Z</time>
      </trkpt>
      <trkpt lat="53.817940" lon="10.752381">
        <ele>10.846137</ele>
        <time>2026-10-02T12:01:52.507Z</time>
      </trkpt>
      <trkpt lat="53.817848" lon="10.751494">
        <ele>11.284078</ele>
        <time>2026-10-02T12:02:13.204Z</time>
      </trkpt>
      <trkpt lat="53.817519" lon="10.748957">
        <ele>12.239930</ele>
        <time>2026-10-02T12:03:10.598Z</time>
      </trkpt>
      <trkpt lat="53.817323" lon="10.747228">
        <ele>12.684499</ele>
        <time>2026-10-02T12:03:45.829Z</time>
      </trkpt>
      <trkpt lat="53.817312" lon="10.747076">
        <ele>12.705623</ele>
        <time>2026-10-02T12:03:48.886Z</time>
      </trkpt>
      <trkpt lat="53.817152" lon="10.746962">
        <ele>12.746180</ele>
        <time>2026-10-02T12:03:51.848Z</time>
      </trkpt>
      <trkpt lat="53.816239" lon="10.746539">
        <ele>12.967342</ele>
        <time>2026-10-02T12:04:09.434Z</time>
      </trkpt>
      <trkpt lat="53.815946" lon="10.746452">
        <ele>13.013977</ele>
        <time>2026-10-02T12:04:15.384Z</time>
      </trkpt>
      <trkpt lat="53.816024" lon="10.746098">
        <ele>13.030022</ele>
        <time>2026-10-02T12:04:23.398Z</time>
      </trkpt>
      <trkpt lat="53.816099" lon="10.745254">
        <ele>13.066265</ele>
        <time>2026-10-02T12:04:40.800Z</time>
      </trkpt>
      <trkpt lat="53.816150" lon="10.744680">
        <ele>13.090914</ele>
        <time>2026-10-02T12:04:52.134Z</time>
      </trkpt>
      <trkpt lat="53.816134" lon="10.744541">
        <ele>13.096928</ele>
        <time>2026-10-02T12:04:54.868Z</time>
      </trkpt>
      <trkpt lat="53.815937" lon="10.743551">
        <ele>13.135699</ele>
        <time>2026-10-02T12:05:15.155Z</time>
      </trkpt>
      <trkpt lat="53.815677" lon="10.742768">
        <ele>13.147559</ele>
        <time>2026-10-02T12:05:32.935Z</time>
      </trkpt>
      <trkpt lat="53.816600" lon="10.741818">
        <ele>13.171711</ele>
        <time>2026-10-02T12:06:10.229Z</time>
      </trkpt>
      <trkpt lat="53.816876" lon="10.741613">
        <ele>13.092025</ele>
        <time>2026-10-02T12:06:20.696Z</time>
      </trkpt>
      <trkpt lat="53.817454" lon="10.741030">
        <ele>12.849767</ele>
        <time>2026-10-02T12:06:42.723Z</time>
      </trkpt>
      <trkpt lat="53.818269" lon="10.740200">
        <ele>12.503185</ele>
        <time>2026-10-02T12:07:13.041Z</time>
      </trkpt>
      <trkpt lat="53.818884" lon="10.739639">
        <ele>12.195145</ele>
        <time>2026-10-02T12:07:35.844Z</time>
      </trkpt>
      <trkpt lat="53.819459" lon="10.739000">
        <ele>11.891872</ele>
        <time>2026-10-02T12:07:58.055Z</time>
      </trkpt>
      <trkpt lat="53.820360" lon="10.738121">
        <ele>12.101573</ele>
        <time>2026-10-02T12:08:32.318Z</time>
      </trkpt>
      <trkpt lat="53.820867" lon="10.737623">
        <ele>12.420496</ele>
        <time>2026-10-02T12:08:53.724Z</time>
      </trkpt>
      <trkpt lat="53.821977" lon="10.736515">
        <ele>13.293479</ele>
        <time>2026-10-02T12:09:45.629Z</time>
      </trkpt>
      <trkpt lat="53.822907" lon="10.735442">
        <ele>14.079565</ele>
        <time>2026-10-02T12:10:25.696Z</time>
      </trkpt>
      <trkpt lat="53.824102" lon="10.734293">
        <ele>13.731024</ele>
        <time>2026-10-02T12:11:10.495Z</time>
      </trkpt>
      <trkpt lat="53.824876" lon="10.733445">
        <ele>13.565716</ele>
        <time>2026-10-02T12:11:40.873Z</time>
      </trkpt>
      <trkpt lat="53.825254" lon="10.733093">
        <ele>13.507442</ele>
        <time>2026-10-02T12:11:55.233Z</time>
      </trkpt>
      <trkpt lat="53.825659" lon="10.732732">
        <ele>13.445616</ele>
        <time>2026-10-02T12:12:10.476Z</time>
      </trkpt>
      <trkpt lat="53.826439" lon="10.734026">
        <ele>13.150186</ele>
        <time>2026-10-02T12:12:47.186Z</time>
      </trkpt>
      <trkpt lat="53.826640" lon="10.733785">
        <ele>13.068969</ele>
        <time>2026-10-02T12:12:51.453Z</time>
      </trkpt>
      <trkpt lat="53.826930" lon="10.733432">
        <ele>12.951194</ele>
        <time>2026-10-02T12:12:57.421Z</time>
      </trkpt>
      <trkpt lat="53.827495" lon="10.732628">
        <ele>12.385733</ele>
        <time>2026-10-02T12:13:08.473Z</time>
      </trkpt>
      <trkpt lat="53.827768" lon="10.731988">
        <ele>11.735417</ele>
        <time>2026-10-02T12:13:15.161Z</time>
      </trkpt>
      <trkpt lat="53.827788" lon="10.731943">
        <ele>11.689025</ele>
        <time>2026-10-02T12:13:15.672Z</time>
      </trkpt>
      <trkpt lat="53.828107" lon="10.731131">
        <ele>10.885714</ele>
        <time>2026-10-02T12:13:24.014Z</time>
      </trkpt>
      <trkpt lat="53.828209" lon="10.730872">
        <ele>10.629293</ele>
        <time>2026-10-02T12:13:26.631Z</time>
      </trkpt>
      <trkpt lat="53.828310" lon="10.730614">
        <ele>10.374331</ele>
        <time>2026-10-02T12:13:29.272Z</time>
      </trkpt>
      <trkpt lat="53.828409" lon="10.730363">
        <ele>10.285363</ele>
        <time>2026-10-02T12:13:31.899Z</time>
      </trkpt>
      <trkpt lat="53.828656" lon="10.729747">
        <ele>10.240945</ele>
        <time>2026-10-02T12:13:38.918Z</time>
      </trkpt>
      <trkpt lat="53.829066" lon="10.728750">
        <ele>10.168470</ele>
        <time>2026-10-02T12:13:53.320Z</time>
      </trkpt>
      <trkpt lat="53.829566" lon="10.727486">
        <ele>10.013894</ele>
        <time>2026-10-02T12:14:12.058Z</time>
      </trkpt>
      <trkpt lat="53.829672" lon="10.727229">
        <ele>9.964073</ele>
        <time>2026-10-02T12:14:15.549Z</time>
      </trkpt>
      <trkpt lat="53.829683" lon="10.727203">
        <ele>9.958990</ele>
        <time>2026-10-02T12:14:15.887Z</time>
      </trkpt>
      <trkpt lat="53.829834" lon="10.726835">
        <ele>9.887772</ele>
        <time>2026-10-02T12:14:20.709Z</time>
      </trkpt>
      <trkpt lat="53.829920" lon="10.726627">
        <ele>9.847418</ele>
        <time>2026-10-02T12:14:23.270Z</time>
      </trkpt>
      <trkpt lat="53.829987" lon="10.726464">
        <ele>9.815856</ele>
        <time>2026-10-02T12:14:25.139Z</time>
      </trkpt>
      <trkpt lat="53.830064" lon="10.726277">
        <ele>9.779625</ele>
        <time>2026-10-02T12:14:27.286Z</time>
      </trkpt>
      <trkpt lat="53.830141" lon="10.726089">
        <ele>9.743264</ele>
        <time>2026-10-02T12:14:29.409Z</time>
      </trkpt>
      <trkpt lat="53.830209" lon="10.725925">
        <ele>9.711417</ele>
        <time>2026-10-02T12:14:31.247Z</time>
      </trkpt>
      <trkpt lat="53.830288" lon="10.725730">
        <ele>9.673834</ele>
        <time>2026-10-02T12:14:33.386Z</time>
      </trkpt>
      <trkpt lat="53.830519" lon="10.725157">
        <ele>9.596890</ele>
        <time>2026-10-02T12:14:39.619Z</time>
      </trkpt>
      <trkpt lat="53.830600" lon="10.724956">
        <ele>9.577100</ele>
        <time>2026-10-02T12:14:41.868Z</time>
      </trkpt>
      <trkpt lat="53.831209" lon="10.723429">
        <ele>9.427241</ele>
        <time>2026-10-02T12:15:01.455Z</time>
      </trkpt>
      <trkpt lat="53.831575" lon="10.722542">
        <ele>9.499615</ele>
        <time>2026-10-02T12:15:14.958Z</time>
      </trkpt>
      <trkpt lat="53.831865" lon="10.721818">
        <ele>9.683407</ele>
        <time>2026-10-02T12:15:25.358Z</time>
      </trkpt>
      <trkpt lat="53.832023" lon="10.721456">
        <ele>9.777978</ele>
        <time>2026-10-02T12:15:30.673Z</time>
      </trkpt>
      <trkpt lat="53.832031" lon="10.721437">
        <ele>9.782880</ele>
        <time>2026-10-02T12:15:30.963Z</time>
      </trkpt>
      <trkpt lat="53.832183" lon="10.721098">
        <ele>9.872305</ele>
        <time>2026-10-02T12:15:35.708Z</time>
      </trkpt>
      <trkpt lat="53.832299" lon="10.720821">
        <ele>9.943647</ele>
        <time>2026-10-02T12:15:39.480Z</time>
      </trkpt>
      <trkpt lat="53.832399" lon="10.720584">
        <ele>10.004842</ele>
        <time>2026-10-02T12:15:42.625Z</time>
      </trkpt>
      <trkpt lat="53.832409" lon="10.720559">
        <ele>10.011185</ele>
        <time>2026-10-02T12:15:42.937Z</time>
      </trkpt>
      <trkpt lat="53.832416" lon="10.720541">
        <ele>10.015713</ele>
        <time>2026-10-02T12:15:43.167Z</time>
      </trkpt>
      <trkpt lat="53.832546" lon="10.720213">
        <ele>10.020106</ele>
        <time>2026-10-02T12:15:47.409Z</time>
      </trkpt>
      <trkpt lat="53.832601" lon="10.720063">
        <ele>10.018091</ele>
        <time>2026-10-02T12:15:49.255Z</time>
      </trkpt>
      <trkpt lat="53.832719" lon="10.719572">
        <ele>10.012042</ele>
        <time>2026-10-02T12:15:54.784Z</time>
      </trkpt>
      <trkpt lat="53.832780" lon="10.719056">
        <ele>10.006038</ele>
        <time>2026-10-02T12:16:00.434Z</time>
      </trkpt>
      <trkpt lat="53.832787" lon="10.718993">
        <ele>10.005307</ele>
        <time>2026-10-02T12:16:01.130Z</time>
      </trkpt>
      <trkpt lat="53.832894" lon="10.717936">
        <ele>9.993071</ele>
        <time>2026-10-02T12:16:12.440Z</time>
      </trkpt>
      <trkpt lat="53.832983" lon="10.717213">
        <ele>9.878190</ele>
        <time>2026-10-02T12:16:20.188Z</time>
      </trkpt>
      <trkpt lat="53.832996" lon="10.716964">
        <ele>9.811249</ele>
        <time>2026-10-02T12:16:22.739Z</time>
      </trkpt>
      <trkpt lat="53.832968" lon="10.716614">
        <ele>9.716663</ele>
        <time>2026-10-02T12:16:26.294Z</time>
      </trkpt>
      <trkpt lat="53.832947" lon="10.716464">
        <ele>9.675380</ele>
        <time>2026-10-02T12:16:27.814Z</time>
      </trkpt>
      <trkpt lat="53.832928" lon="10.716322">
        <ele>9.636388</ele>
        <time>2026-10-02T12:16:29.258Z</time>
      </trkpt>
      <trkpt lat="53.832895" lon="10.716218">
        <ele>9.604767</ele>
        <time>2026-10-02T12:16:31.363Z</time>
      </trkpt>
      <trkpt lat="53.832801" lon="10.716178">
        <ele>9.560787</ele>
        <time>2026-10-02T12:16:34.297Z</time>
      </trkpt>
      <trkpt lat="53.832710" lon="10.715986">
        <ele>9.494841</ele>
        <time>2026-10-02T12:16:38.668Z</time>
      </trkpt>
      <trkpt lat="53.832752" lon="10.715334">
        <ele>9.319201</ele>
        <time>2026-10-02T12:16:50.285Z</time>
      </trkpt>
      <trkpt lat="53.832747" lon="10.714899">
        <ele>9.202688</ele>
        <time>2026-10-02T12:16:58.002Z</time>
      </trkpt>
      <trkpt lat="53.832710" lon="10.714639">
        <ele>9.099426</ele>
        <time>2026-10-02T12:17:02.712Z</time>
      </trkpt>
      <trkpt lat="53.832381" lon="10.713756">
        <ele>8.609752</ele>
        <time>2026-10-02T12:17:21.114Z</time>
      </trkpt>
      <trkpt lat="53.831735" lon="10.712657">
        <ele>7.882388</ele>
        <time>2026-10-02T12:17:48.016Z</time>
      </trkpt>
      <trkpt lat="53.831407" lon="10.712272">
        <ele>7.735305</ele>
        <time>2026-10-02T12:17:59.861Z</time>
      </trkpt>
      <trkpt lat="53.831543" lon="10.712000">
        <ele>7.727142</ele>
        <time>2026-10-02T12:18:03.589Z</time>
      </trkpt>
      <trkpt lat="53.831622" lon="10.711833">
        <ele>7.722241</ele>
        <time>2026-10-02T12:18:07.687Z</time>
      </trkpt>
      <trkpt lat="53.831984" lon="10.711034">
        <ele>7.699177</ele>
        <time>2026-10-02T12:18:27.589Z</time>
      </trkpt>
      <trkpt lat="53.832241" lon="10.710638">
        <ele>7.685699</ele>
        <time>2026-10-02T12:18:39.537Z</time>
      </trkpt>
      <trkpt lat="53.832444" lon="10.710263">
        <ele>7.676385</ele>
        <time>2026-10-02T12:18:50.740Z</time>
      </trkpt>
      <trkpt lat="53.832568" lon="10.709795">
        <ele>7.803809</ele>
        <time>2026-10-02T12:19:02.253Z</time>
      </trkpt>
      <trkpt lat="53.832677" lon="10.709575">
        <ele>7.875160</ele>
        <time>2026-10-02T12:19:08.728Z</time>
      </trkpt>
      <trkpt lat="53.832672" lon="10.709494">
        <ele>7.895389</ele>
        <time>2026-10-02T12:19:09.829Z</time>
      </trkpt>
      <trkpt lat="53.832607" lon="10.709305">
        <ele>7.949724</ele>
        <time>2026-10-02T12:19:12.883Z</time>
      </trkpt>
      <trkpt lat="53.832017" lon="10.708465">
        <ele>8.274070</ele>
        <time>2026-10-02T12:19:29.468Z</time>
      </trkpt>
      <trkpt lat="53.831885" lon="10.708203">
        <ele>8.359638</ele>
        <time>2026-10-02T12:19:33.527Z</time>
      </trkpt>
      <trkpt lat="53.830788" lon="10.706517">
        <ele>8.033445</ele>
        <time>2026-10-02T12:20:00.166Z</time>
      </trkpt>
      <trkpt lat="53.830015" lon="10.705272">
        <ele>7.947711</ele>
        <time>2026-10-02T12:20:19.818Z</time>
      </trkpt>
      <trkpt lat="53.829842" lon="10.704802">
        <ele>7.982918</ele>
        <time>2026-10-02T12:20:26.406Z</time>
      </trkpt>
      <trkpt lat="53.829821" lon="10.704227">
        <ele>8.019536</ele>
        <time>2026-10-02T12:20:33.351Z</time>
      </trkpt>
      <trkpt lat="53.829755" lon="10.703922">
        <ele>8.040185</ele>
        <time>2026-10-02T12:20:37.323Z</time>
      </trkpt>
      <trkpt lat="53.829611" lon="10.703732">
        <ele>8.059841</ele>
        <time>2026-10-02T12:20:41.066Z</time>
      </trkpt>
      <trkpt lat="53.829422" lon="10.703582">
        <ele>8.062425</ele>
        <time>2026-10-02T12:20:45.649Z</time>
      </trkpt>
      <trkpt lat="53.829255" lon="10.703300">
        <ele>7.930915</ele>
        <time>2026-10-02T12:20:51.116Z</time>
      </trkpt>
      <trkpt lat="53.829063" lon="10.702901">
        <ele>7.761439</ele>
        <time>2026-10-02T12:20:57.194Z</time>
      </trkpt>
      <trkpt lat="53.828984" lon="10.702321">
        <ele>7.565484</ele>
        <time>2026-10-02T12:21:03.222Z</time>
      </trkpt>
      <trkpt lat="53.828958" lon="10.701769">
        <ele>7.383187</ele>
        <time>2026-10-02T12:21:08.632Z</time>
      </trkpt>
      <trkpt lat="53.829120" lon="10.700146">
        <ele>6.688319</ele>
        <time>2026-10-02T12:21:24.868Z</time>
      </trkpt>
      <trkpt lat="53.829035" lon="10.699447">
        <ele>6.300122</ele>
        <time>2026-10-02T12:21:31.807Z</time>
      </trkpt>
      <trkpt lat="53.829023" lon="10.698932">
        <ele>6.019777</ele>
        <time>2026-10-02T12:21:36.911Z</time>
      </trkpt>
      <trkpt lat="53.829011" lon="10.698553">
        <ele>5.813330</ele>
        <time>2026-10-02T12:21:40.717Z</time>
      </trkpt>
      <trkpt lat="53.828939" lon="10.698207">
        <ele>5.613772</ele>
        <time>2026-10-02T12:21:44.436Z</time>
      </trkpt>
      <trkpt lat="53.828927" lon="10.697850">
        <ele>5.419272</ele>
        <time>2026-10-02T12:21:48.173Z</time>
      </trkpt>
      <trkpt lat="53.828889" lon="10.697584">
        <ele>5.518384</ele>
        <time>2026-10-02T12:21:51.199Z</time>
      </trkpt>
      <trkpt lat="53.828750" lon="10.697008">
        <ele>5.747871</ele>
        <time>2026-10-02T12:21:58.351Z</time>
      </trkpt>
      <trkpt lat="53.828607" lon="10.696738">
        <ele>5.881654</ele>
        <time>2026-10-02T12:22:02.817Z</time>
      </trkpt>
      <trkpt lat="53.828587" lon="10.696616">
        <ele>5.928349</ele>
        <time>2026-10-02T12:22:04.455Z</time>
      </trkpt>
      <trkpt lat="53.828557" lon="10.696459">
        <ele>5.989206</ele>
        <time>2026-10-02T12:22:06.528Z</time>
      </trkpt>
      <trkpt lat="53.828597" lon="10.696093">
        <ele>6.126474</ele>
        <time>2026-10-02T12:22:11.470Z</time>
      </trkpt>
      <trkpt lat="53.828590" lon="10.695867">
        <ele>6.209933</ele>
        <time>2026-10-02T12:22:14.632Z</time>
      </trkpt>
      <trkpt lat="53.828576" lon="10.695686">
        <ele>6.277253</ele>
        <time>2026-10-02T12:22:17.178Z</time>
      </trkpt>
      <trkpt lat="53.828475" lon="10.695366">
        <ele>6.411078</ele>
        <time>2026-10-02T12:22:22.591Z</time>
      </trkpt>
      <trkpt lat="53.828418" lon="10.694729">
        <ele>6.868605</ele>
        <time>2026-10-02T12:22:32.797Z</time>
      </trkpt>
      <trkpt lat="53.828471" lon="10.693868">
        <ele>7.846313</ele>
        <time>2026-10-02T12:22:46.778Z</time>
      </trkpt>
      <trkpt lat="53.828665" lon="10.692685">
        <ele>9.233034</ele>
        <time>2026-10-02T12:23:06.668Z</time>
      </trkpt>
      <trkpt lat="53.828772" lon="10.692354">
        <ele>9.659272</ele>
        <time>2026-10-02T12:23:13.154Z</time>
      </trkpt>
      <trkpt lat="53.828832" lon="10.692109">
        <ele>9.958854</ele>
        <time>2026-10-02T12:23:17.875Z</time>
      </trkpt>
      <trkpt lat="53.829194" lon="10.691594">
        <ele>10.868223</ele>
        <time>2026-10-02T12:23:32.591Z</time>
      </trkpt>
      <trkpt lat="53.829835" lon="10.690750">
        <ele>12.430215</ele>
        <time>2026-10-02T12:23:55.809Z</time>
      </trkpt>
      <trkpt lat="53.829801" lon="10.690661">
        <ele>12.550609</ele>
        <time>2026-10-02T12:23:57.351Z</time>
      </trkpt>
      <trkpt lat="53.829830" lon="10.690629">
        <ele>12.617198</ele>
        <time>2026-10-02T12:23:58.188Z</time>
      </trkpt>
      <trkpt lat="53.830328" lon="10.690121">
        <ele>13.548838</ele>
        <time>2026-10-02T12:24:11.764Z</time>
      </trkpt>
      <trkpt lat="53.830369" lon="10.690000">
        <ele>13.605517</ele>
        <time>2026-10-02T12:24:13.506Z</time>
      </trkpt>
      <trkpt lat="53.830384" lon="10.689936">
        <ele>13.633490</ele>
        <time>2026-10-02T12:24:14.415Z</time>
      </trkpt>
      <trkpt lat="53.830444" lon="10.689862">
        <ele>13.684571</ele>
        <time>2026-10-02T12:24:16.041Z</time>
      </trkpt>
      <trkpt lat="53.830495" lon="10.689816">
        <ele>13.724339</ele>
        <time>2026-10-02T12:24:17.288Z</time>
      </trkpt>
      <trkpt lat="53.830606" lon="10.689706">
        <ele>13.812850</ele>
        <time>2026-10-02T12:24:19.735Z</time>
      </trkpt>
      <trkpt lat="53.831813" lon="10.689311">
        <ele>14.658999</ele>
        <time>2026-10-02T12:24:43.147Z</time>
      </trkpt>
      <trkpt lat="53.832391" lon="10.689121">
        <ele>14.882523</ele>
        <time>2026-10-02T12:24:55.150Z</time>
      </trkpt>
      <trkpt lat="53.832366" lon="10.688940">
        <ele>14.922057</ele>
        <time>2026-10-02T12:24:57.356Z</time>
      </trkpt>
      <trkpt lat="53.832331" lon="10.688690">
        <ele>14.976701</ele>
        <time>2026-10-02T12:25:00.260Z</time>
      </trkpt>
      <trkpt lat="53.832300" lon="10.688654">
        <ele>14.990244</ele>
        <time>2026-10-02T12:25:00.904Z</time>
      </trkpt>
      <trkpt lat="53.831326" lon="10.689016">
        <ele>15.327796</ele>
        <time>2026-10-02T12:25:18.896Z</time>
      </trkpt>
      <trkpt lat="53.831280" lon="10.688984">
        <ele>15.324717</ele>
        <time>2026-10-02T12:25:19.768Z</time>
      </trkpt>
      <trkpt lat="53.831260" lon="10.688798">
        <ele>15.317808</ele>
        <time>2026-10-02T12:25:21.635Z</time>
      </trkpt>
      <trkpt lat="53.831247" lon="10.688674">
        <ele>15.313205</ele>
        <time>2026-10-02T12:25:22.924Z</time>
      </trkpt>
      <trkpt lat="53.831233" lon="10.688571">
        <ele>15.309343</ele>
        <time>2026-10-02T12:25:23.985Z</time>
      </trkpt>
      <trkpt lat="53.831048" lon="10.687581">
        <ele>15.271394</ele>
        <time>2026-10-02T12:25:34.643Z</time>
      </trkpt>
      <trkpt lat="53.830986" lon="10.687395">
        <ele>15.263587</ele>
        <time>2026-10-02T12:25:36.784Z</time>
      </trkpt>
      <trkpt lat="53.831502" lon="10.687334">
        <ele>15.231558</ele>
        <time>2026-10-02T12:25:46.379Z</time>
      </trkpt>
      <trkpt lat="53.831839" lon="10.687163">
        <ele>15.176261</ele>
        <time>2026-10-02T12:25:52.873Z</time>
      </trkpt>
      <trkpt lat="53.832088" lon="10.686945">
        <ele>15.099807</ele>
        <time>2026-10-02T12:25:58.023Z</time>
      </trkpt>
      <trkpt lat="53.832245" lon="10.686713">
        <ele>15.042982</ele>
        <time>2026-10-02T12:26:01.810Z</time>
      </trkpt>
      <trkpt lat="53.832376" lon="10.686499">
        <ele>14.993345</ele>
        <time>2026-10-02T12:26:05.109Z</time>
      </trkpt>
      <trkpt lat="53.832584" lon="10.686202">
        <ele>14.919148</ele>
        <time>2026-10-02T12:26:09.997Z</time>
      </trkpt>
      <trkpt lat="53.832833" lon="10.685816">
        <ele>14.827089</ele>
        <time>2026-10-02T12:26:16.119Z</time>
      </trkpt>
      <trkpt lat="53.832944" lon="10.685423">
        <ele>14.756951</ele>
        <time>2026-10-02T12:26:20.914Z</time>
      </trkpt>
      <trkpt lat="53.833274" lon="10.683701">
        <ele>14.752918</ele>
        <time>2026-10-02T12:26:41.522Z</time>
      </trkpt>
      <trkpt lat="53.833441" lon="10.682960">
        <ele>14.764520</ele>
        <time>2026-10-02T12:26:50.927Z</time>
      </trkpt>
      <trkpt lat="53.833497" lon="10.682739">
        <ele>14.768038</ele>
        <time>2026-10-02T12:26:53.712Z</time>
      </trkpt>
      <trkpt lat="53.833735" lon="10.682175">
        <ele>14.744990</ele>
        <time>2026-10-02T12:27:01.551Z</time>
      </trkpt>
      <trkpt lat="53.833840" lon="10.681897">
        <ele>14.715147</ele>
        <time>2026-10-02T12:27:05.215Z</time>
      </trkpt>
      <trkpt lat="53.834072" lon="10.680658">
        <ele>14.597617</ele>
        <time>2026-10-02T12:27:19.859Z</time>
      </trkpt>
      <trkpt lat="53.834192" lon="10.679942">
        <ele>14.530319</ele>
        <time>2026-10-02T12:27:27.968Z</time>
      </trkpt>
      <trkpt lat="53.834348" lon="10.678978">
        <ele>14.273469</ele>
        <time>2026-10-02T12:27:37.454Z</time>
      </trkpt>
      <trkpt lat="53.834628" lon="10.677440">
        <ele>13.710541</ele>
        <time>2026-10-02T12:27:52.356Z</time>
      </trkpt>
      <trkpt lat="53.834618" lon="10.677077">
        <ele>13.583444</ele>
        <time>2026-10-02T12:27:55.584Z</time>
      </trkpt>
      <trkpt lat="53.834666" lon="10.676901">
        <ele>13.515633</ele>
        <time>2026-10-02T12:27:57.277Z</time>
      </trkpt>
      <trkpt lat="53.834729" lon="10.676710">
        <ele>13.439105</ele>
        <time>2026-10-02T12:27:59.180Z</time>
      </trkpt>
      <trkpt lat="53.836788" lon="10.677094">
        <ele>12.131169</ele>
        <time>2026-10-02T12:28:30.770Z</time>
      </trkpt>
      <trkpt lat="53.836849" lon="10.677122">
        <ele>12.131169</ele>
        <time>2026-10-02T12:28:31.963Z</time>
      </trkpt>
      <trkpt lat="53.837243" lon="10.677476">
        <ele>12.131169</ele>
        <time>2026-10-02T12:28:40.375Z</time>
      </trkpt>
      <trkpt lat="53.837760" lon="10.678047">
        <ele>12.131169</ele>
        <time>2026-10-02T12:28:53.193Z</time>
      </trkpt>
      <trkpt lat="53.838034" lon="10.678355">
        <ele>12.131169</ele>
        <time>2026-10-02T12:29:00.186Z</time>
      </trkpt>
      <trkpt lat="53.838103" lon="10.678410">
        <ele>12.131169</ele>
        <time>2026-10-02T12:29:01.798Z</time>
      </trkpt>
    </trkseg>
  </trk>
</gpx>