<?xml version="1.0" encoding="UTF-8"?>
<gpx creator="Garmin Connect" version="1.1"
  xsi:schemaLocation="http://www.topografix.com/GPX/1/1 http://www.topografix.com/GPX/11.xsd"
  xmlns:ns3="http://www.garmin.com/xmlschemas/TrackPointExtension/v1"
  xmlns="http://www.topografix.com/GPX/1/1"
  xmlns:xsi="http://www.w3.org/2001/XMLSchema-instance" xmlns:ns2="http://www.garmin.com/xmlschemas/GpxExtensions/v3">
  <metadata>
    <name>Schaalseerunde+</name>
    <link href="connect.garmin.com">
      <text>Garmin Connect</text>
    </link>
    <time>2024-08-09T11:51:22.000Z</time>
  </metadata>
  <trk>
    <name>Schaalseerunde+</name>
    <trkseg>
      <trkpt lat="53.83708342909813" lon="10.677314847707748">
        <ele>14.48</ele>
      </trkpt>
      <trkpt lat="53.8370899669826" lon="10.677279978990555">
        <ele>14.59</ele>
      </trkpt>
      <trkpt lat="53.836859967559576" lon="10.67709993571043">
        <ele>14.62</ele>
      </trkpt>
      <trkpt lat="53.836789978668094" lon="10.677069928497076">
        <ele>14.67</ele>
      </trkpt>
      <trkpt lat="53.83647993206978" lon="10.677019972354174">
        <ele>14.94</ele>
      </trkpt>
      <trkpt lat="53.836360573768616" lon="10.676998179405928">
        <ele>15.16</ele>
      </trkpt>
      <trkpt lat="53.83604792878032" lon="10.67694109864533">
        <ele>15.39</ele>
      </trkpt>
      <trkpt lat="53.83573528379202" lon="10.676884101703763">
        <ele>15.65</ele>
      </trkpt>
      <trkpt lat="53.83542263880372" lon="10.676827020943165">
        <ele>16.02</ele>
      </trkpt>
      <trkpt lat="53.83510999381542" lon="10.676769940182567">
        <ele>16.32</ele>
      </trkpt>
      <trkpt lat="53.83493933826685" lon="10.676736328750849">
        <ele>16.5</ele>
      </trkpt>
      <trkpt lat="53.834626944735646" lon="10.676674721762538">
        <ele>16.55</ele>
      </trkpt>
      <trkpt lat="53.834314635023475" lon="10.676613114774227">
        <ele>16.71</ele>
      </trkpt>
      <trkpt lat="53.8340023253113" lon="10.676551507785916">
        <ele>16.87</ele>
      </trkpt>
      <trkpt lat="53.8336899317801" lon="10.676489984616637">
        <ele>17.06</ele>
      </trkpt>
      <trkpt lat="53.83355766534805" lon="10.676465258002281">
        <ele>17.2</ele>
      </trkpt>
      <trkpt lat="53.833245104178786" lon="10.676406836137176">
        <ele>17.28</ele>
      </trkpt>
      <trkpt lat="53.83293254300952" lon="10.67634841427207">
        <ele>17.32</ele>
      </trkpt>
      <trkpt lat="53.83261998184025" lon="10.676289992406964">
        <ele>17.38</ele>
      </trkpt>
      <trkpt lat="53.832409931346774" lon="10.67625998519361">
        <ele>17.43</ele>
      </trkpt>
      <trkpt lat="53.832259979099035" lon="10.67625998519361">
        <ele>17.49</ele>
      </trkpt>
      <trkpt lat="53.83198748342693" lon="10.67629024386406">
        <ele>17.5</ele>
      </trkpt>
      <trkpt lat="53.83167374879122" lon="10.676325112581253">
        <ele>17.58</ele>
      </trkpt>
      <trkpt lat="53.831359930336475" lon="10.676359981298447">
        <ele>17.73</ele>
      </trkpt>
      <trkpt lat="53.831344339996576" lon="10.676360400393605">
        <ele>17.82</ele>
      </trkpt>
      <trkpt lat="53.83102993480861" lon="10.67636995576322">
        <ele>17.93</ele>
      </trkpt>
      <trkpt lat="53.8310235645622" lon="10.676369117572904">
        <ele>18.0</ele>
      </trkpt>
      <trkpt lat="53.830709997564554" lon="10.676329974085093">
        <ele>18.0</ele>
      </trkpt>
      <trkpt lat="53.830615282058716" lon="10.676299966871738">
        <ele>17.99</ele>
      </trkpt>
      <trkpt lat="53.83030624128878" lon="10.676201982423663">
        <ele>17.94</ele>
      </trkpt>
      <trkpt lat="53.82999720051885" lon="10.676103914156556">
        <ele>17.96</ele>
      </trkpt>
      <trkpt lat="53.82968807592988" lon="10.67600592970848">
        <ele>17.95</ele>
      </trkpt>
      <trkpt lat="53.829379035159945" lon="10.675907945260406">
        <ele>17.85</ele>
      </trkpt>
      <trkpt lat="53.82906999439001" lon="10.67580996081233">
        <ele>17.78</ele>
      </trkpt>
      <trkpt lat="53.82887947373092" lon="10.675753466784954">
        <ele>17.77</ele>
      </trkpt>
      <trkpt lat="53.8285696785897" lon="10.675661768764257">
        <ele>17.82</ele>
      </trkpt>
      <trkpt lat="53.82825996726751" lon="10.675569986924529">
        <ele>17.75</ele>
      </trkpt>
      <trkpt lat="53.828089982271194" lon="10.675469990819693">
        <ele>17.6</ele>
      </trkpt>
      <trkpt lat="53.827939946204424" lon="10.675309980288148">
        <ele>17.39</ele>
      </trkpt>
      <trkpt lat="53.82781991735101" lon="10.675109988078475">
        <ele>17.16</ele>
      </trkpt>
      <trkpt lat="53.82772997952998" lon="10.674849981442094">
        <ele>16.95</ele>
      </trkpt>
      <trkpt lat="53.82771070115268" lon="10.67475350573659">
        <ele>16.73</ele>
      </trkpt>
      <trkpt lat="53.82760995067656" lon="10.674249920994043">
        <ele>16.52</ele>
      </trkpt>
      <trkpt lat="53.82755999453366" lon="10.674019921571016">
        <ele>16.29</ele>
      </trkpt>
      <trkpt lat="53.827469972893596" lon="10.673629995435476">
        <ele>16.03</ele>
      </trkpt>
      <trkpt lat="53.82738992571831" lon="10.673429919406772">
        <ele>15.73</ele>
      </trkpt>
      <trkpt lat="53.8272799551487" lon="10.673269992694259">
        <ele>15.46</ele>
      </trkpt>
      <trkpt lat="53.82710997015238" lon="10.673149963840842">
        <ele>15.2</ele>
      </trkpt>
      <trkpt lat="53.82702992297709" lon="10.673109982162714">
        <ele>14.93</ele>
      </trkpt>
      <trkpt lat="53.82693998515606" lon="10.673109982162714">
        <ele>14.67</ele>
      </trkpt>
      <trkpt lat="53.82672993466258" lon="10.67318994551897">
        <ele>14.41</ele>
      </trkpt>
      <trkpt lat="53.82655994966626" lon="10.673299999907613">
        <ele>14.07</ele>
      </trkpt>
      <trkpt lat="53.82627412676811" lon="10.673482306301594">
        <ele>13.65</ele>
      </trkpt>
      <trkpt lat="53.82597992196679" lon="10.673669977113605">
        <ele>13.14</ele>
      </trkpt>
      <trkpt lat="53.82582996971905" lon="10.673709958791733">
        <ele>12.74</ele>
      </trkpt>
      <trkpt lat="53.82573994807899" lon="10.673699984326959">
        <ele>12.38</ele>
      </trkpt>
      <trkpt lat="53.82568999193609" lon="10.673669977113605">
        <ele>12.05</ele>
      </trkpt>
      <trkpt lat="53.825469966977835" lon="10.673539973795414">
        <ele>11.75</ele>
      </trkpt>
      <trkpt lat="53.825440211221576" lon="10.673501752316952">
        <ele>11.49</ele>
      </trkpt>
      <trkpt lat="53.825189927592874" lon="10.673179971054196">
        <ele>11.23</ele>
      </trkpt>
      <trkpt lat="53.82499999366701" lon="10.672869924455881">
        <ele>11.02</ele>
      </trkpt>
      <trkpt lat="53.82492992095649" lon="10.672749979421496">
        <ele>10.87</ele>
      </trkpt>
      <trkpt lat="53.82472992874682" lon="10.672469940036535">
        <ele>10.81</ele>
      </trkpt>
      <trkpt lat="53.824703274294734" lon="10.672440519556403">
        <ele>10.73</ele>
      </trkpt>
      <trkpt lat="53.824439998716116" lon="10.672149918973446">
        <ele>10.75</ele>
      </trkpt>
      <trkpt lat="53.82429993711412" lon="10.672039948403835">
        <ele>10.74</ele>
      </trkpt>
      <trkpt lat="53.82414998486638" lon="10.671959985047579">
        <ele>10.74</ele>
      </trkpt>
      <trkpt lat="53.823879919946194" lon="10.671869963407516">
        <ele>10.72</ele>
      </trkpt>
      <trkpt lat="53.823709934949875" lon="10.671829981729388">
        <ele>10.72</ele>
      </trkpt>
      <trkpt lat="53.82356350310147" lon="10.671810870990157">
        <ele>10.78</ele>
      </trkpt>
      <trkpt lat="53.82324976846576" lon="10.671769883483648">
        <ele>10.87</ele>
      </trkpt>
      <trkpt lat="53.82324993610382" lon="10.67176996730268">
        <ele>10.94</ele>
      </trkpt>
      <trkpt lat="53.82315999828279" lon="10.671759992837906">
        <ele>11.03</ele>
      </trkpt>
      <trkpt lat="53.82297383621335" lon="10.671741385012865">
        <ele>11.15</ele>
      </trkpt>
      <trkpt lat="53.822659933939576" lon="10.671709952875972">
        <ele>11.25</ele>
      </trkpt>
      <trkpt lat="53.82244996726513" lon="10.671679945662618">
        <ele>11.3</ele>
      </trkpt>
      <trkpt lat="53.82235324010253" lon="10.671665780246258">
        <ele>11.36</ele>
      </trkpt>
      <trkpt lat="53.82203992456198" lon="10.67161993123591">
        <ele>11.36</ele>
      </trkpt>
      <trkpt lat="53.82190992124379" lon="10.671599982306361">
        <ele>11.43</ele>
      </trkpt>
      <trkpt lat="53.82180992513895" lon="10.67161993123591">
        <ele>11.51</ele>
      </trkpt>
      <trkpt lat="53.821729961782694" lon="10.67165999673307">
        <ele>11.59</ele>
      </trkpt>
      <trkpt lat="53.821672629565" lon="10.671707186847925">
        <ele>11.65</ele>
      </trkpt>
      <trkpt lat="53.821389991790056" lon="10.671939952298999">
        <ele>11.7</ele>
      </trkpt>
      <trkpt lat="53.821089919656515" lon="10.672029973939061">
        <ele>11.76</ele>
      </trkpt>
      <trkpt lat="53.82087995298207" lon="10.672099962830544">
        <ele>11.83</ele>
      </trkpt>
      <trkpt lat="53.82083477452397" lon="10.67211932502687">
        <ele>11.86</ele>
      </trkpt>
      <trkpt lat="53.820529924705625" lon="10.672249998897314">
        <ele>11.88</ele>
      </trkpt>
      <trkpt lat="53.82052229717374" lon="10.67225368693471">
        <ele>11.9</ele>
      </trkpt>
      <trkpt lat="53.82021996192634" lon="10.672399951145053">
        <ele>11.85</ele>
      </trkpt>
      <trkpt lat="53.820039918646216" lon="10.672439932823181">
        <ele>11.8</ele>
      </trkpt>
      <trkpt lat="53.81991393864155" lon="10.672451416030526">
        <ele>11.76</ele>
      </trkpt>
      <trkpt lat="53.81959995254874" lon="10.672479998320341">
        <ele>11.72</ele>
      </trkpt>
      <trkpt lat="53.81949819624424" lon="10.672514699399471">
        <ele>11.71</ele>
      </trkpt>
      <trkpt lat="53.81918999366462" lon="10.672619976103306">
        <ele>11.67</ele>
      </trkpt>
      <trkpt lat="53.81889997981489" lon="10.672719972208142">
        <ele>11.66</ele>
      </trkpt>
      <trkpt lat="53.8188146520406" lon="10.672736819833517">
        <ele>11.64</ele>
      </trkpt>
      <trkpt lat="53.8185022585094" lon="10.672798343002796">
        <ele>11.63</ele>
      </trkpt>
      <trkpt lat="53.818189948797226" lon="10.672859949991107">
        <ele>11.6</ele>
      </trkpt>
      <trkpt lat="53.81801803596318" lon="10.672875037416816">
        <ele>11.56</ele>
      </trkpt>
      <trkpt lat="53.81770396605134" lon="10.672902446240187">
        <ele>11.49</ele>
      </trkpt>
      <trkpt lat="53.817389979958534" lon="10.67292993888259">
        <ele>11.45</ele>
      </trkpt>
      <trkpt lat="53.81722996942699" lon="10.672999927774072">
        <ele>11.42</ele>
      </trkpt>
      <trkpt lat="53.817049926146865" lon="10.673099923878908">
        <ele>11.39</ele>
      </trkpt>
      <trkpt lat="53.8170153927058" lon="10.673126997426152">
        <ele>11.36</ele>
      </trkpt>
      <trkpt lat="53.81672998890281" lon="10.673349956050515">
        <ele>11.38</ele>
      </trkpt>
      <trkpt lat="53.81654994562268" lon="10.67350996658206">
        <ele>11.36</ele>
      </trkpt>
      <trkpt lat="53.81636998616159" lon="10.673689926043153">
        <ele>11.34</ele>
      </trkpt>
      <trkpt lat="53.81611995398998" lon="10.673929983749986">
        <ele>11.26</ele>
      </trkpt>
      <trkpt lat="53.81606999784708" lon="10.673969965428114">
        <ele>11.24</ele>
      </trkpt>
      <trkpt lat="53.81598995067179" lon="10.674109943211079">
        <ele>11.21</ele>
      </trkpt>
      <trkpt lat="53.815869921818376" lon="10.67449995316565">
        <ele>11.18</ele>
      </trkpt>
      <trkpt lat="53.81578995846212" lon="10.674869930371642">
        <ele>11.24</ele>
      </trkpt>
      <trkpt lat="53.815721394494176" lon="10.67525147460401">
        <ele>11.26</ele>
      </trkpt>
      <trkpt lat="53.81562969647348" lon="10.675761178135872">
        <ele>11.28</ele>
      </trkpt>
      <trkpt lat="53.815629947930574" lon="10.675759920850396">
        <ele>11.29</ele>
      </trkpt>
      <trkpt lat="53.815609999001026" lon="10.675859916955233">
        <ele>11.3</ele>
      </trkpt>
      <trkpt lat="53.815589966252446" lon="10.676059992983937">
        <ele>11.31</ele>
      </trkpt>
      <trkpt lat="53.81555995903909" lon="10.676159989088774">
        <ele>11.33</ele>
      </trkpt>
      <trkpt lat="53.815459962934256" lon="10.676329974085093">
        <ele>11.38</ele>
      </trkpt>
      <trkpt lat="53.81539994850755" lon="10.676399962976575">
        <ele>11.42</ele>
      </trkpt>
      <trkpt lat="53.81523231044412" lon="10.676587047055364">
        <ele>11.48</ele>
      </trkpt>
      <trkpt lat="53.81496995687485" lon="10.676879994571209">
        <ele>11.56</ele>
      </trkpt>
      <trkpt lat="53.8147599902004" lon="10.677149975672364">
        <ele>11.54</ele>
      </trkpt>
      <trkpt lat="53.814619928598404" lon="10.677429931238294">
        <ele>11.56</ele>
      </trkpt>
      <trkpt lat="53.81445053033531" lon="10.677873501554132">
        <ele>11.56</ele>
      </trkpt>
      <trkpt lat="53.814279958605766" lon="10.678319921717048">
        <ele>11.56</ele>
      </trkpt>
      <trkpt lat="53.81411994807422" lon="10.678689982742071">
        <ele>11.57</ele>
      </trkpt>
      <trkpt lat="53.813889948651195" lon="10.679009919986129">
        <ele>11.56</ele>
      </trkpt>
      <trkpt lat="53.813699930906296" lon="10.679199937731028">
        <ele>11.59</ele>
      </trkpt>
      <trkpt lat="53.81342684850097" lon="10.679448209702969">
        <ele>11.56</ele>
      </trkpt>
      <trkpt lat="53.81314999423921" lon="10.67969991825521">
        <ele>11.62</ele>
      </trkpt>
      <trkpt lat="53.81304765120149" lon="10.679792957380414">
        <ele>11.72</ele>
      </trkpt>
      <trkpt lat="53.8127707131207" lon="10.680044665932655">
        <ele>11.82</ele>
      </trkpt>
      <trkpt lat="53.81249377503991" lon="10.680296458303928">
        <ele>11.97</ele>
      </trkpt>
      <trkpt lat="53.812216920778155" lon="10.68054816685617">
        <ele>12.21</ele>
      </trkpt>
      <trkpt lat="53.81193998269737" lon="10.680799959227443">
        <ele>12.46</ele>
      </trkpt>
      <trkpt lat="53.81193797104061" lon="10.680801719427109">
        <ele>12.61</ele>
      </trkpt>
      <trkpt lat="53.81165994331241" lon="10.68104999139905">
        <ele>12.78</ele>
      </trkpt>
      <trkpt lat="53.811459951102734" lon="10.681229950860143">
        <ele>12.89</ele>
      </trkpt>
      <trkpt lat="53.81133992224932" lon="10.681319972500205">
        <ele>13.05</ele>
      </trkpt>
      <trkpt lat="53.81122995167971" lon="10.681369928643107">
        <ele>13.25</ele>
      </trkpt>
      <trkpt lat="53.81107999943197" lon="10.681419968605042">
        <ele>13.43</ele>
      </trkpt>
      <trkpt lat="53.811032893136144" lon="10.681427763774991">
        <ele>13.59</ele>
      </trkpt>
      <trkpt lat="53.81071999669075" lon="10.68147998303175">
        <ele>13.75</ele>
      </trkpt>
      <trkpt lat="53.81058999337256" lon="10.681529939174652">
        <ele>13.9</ele>
      </trkpt>
      <trkpt lat="53.810389917343855" lon="10.681659942492843">
        <ele>14.06</ele>
      </trkpt>
      <trkpt lat="53.810344906523824" lon="10.681702187284827">
        <ele>14.19</ele>
      </trkpt>
      <trkpt lat="53.8100699800998" lon="10.681959930807352">
        <ele>14.29</ele>
      </trkpt>
      <trkpt lat="53.809829922392964" lon="10.682279951870441">
        <ele>14.34</ele>
      </trkpt>
      <trkpt lat="53.80965658463538" lon="10.682561667636037">
        <ele>14.42</ele>
      </trkpt>
      <trkpt lat="53.80942993797362" lon="10.682929968461394">
        <ele>14.49</ele>
      </trkpt>
      <trkpt lat="53.80939548835158" lon="10.682915719226003">
        <ele>14.56</ele>
      </trkpt>
      <trkpt lat="53.80908996798098" lon="10.68278999067843">
        <ele>14.6</ele>
      </trkpt>
      <trkpt lat="53.8090612180531" lon="10.682770209386945">
        <ele>14.64</ele>
      </trkpt>
      <trkpt lat="53.80876994691789" lon="10.682569965720177">
        <ele>14.68</ele>
      </trkpt>
      <trkpt lat="53.80866291001439" lon="10.68248807452619">
        <ele>14.71</ele>
      </trkpt>
      <trkpt lat="53.80837641656399" lon="10.682269055396318">
        <ele>14.74</ele>
      </trkpt>
      <trkpt lat="53.808089923113585" lon="10.682049952447414">
        <ele>14.77</ele>
      </trkpt>
      <trkpt lat="53.80791524425149" lon="10.681886840611696">
        <ele>14.79</ele>
      </trkpt>
      <trkpt lat="53.807639982551336" lon="10.681629935279489">
        <ele>14.76</ele>
      </trkpt>
      <trkpt lat="53.80760679021478" lon="10.681595988571644">
        <ele>14.77</ele>
      </trkpt>
      <trkpt lat="53.807337814942" lon="10.681320643052459">
        <ele>14.73</ele>
      </trkpt>
      <trkpt lat="53.80706892348826" lon="10.681045297533274">
        <ele>14.73</ele>
      </trkpt>
      <trkpt lat="53.806799948215485" lon="10.680769952014089">
        <ele>14.76</ele>
      </trkpt>
      <trkpt lat="53.80679525434971" lon="10.680765006691217">
        <ele>14.78</ele>
      </trkpt>
      <trkpt lat="53.80652770400047" lon="10.680485805496573">
        <ele>14.81</ele>
      </trkpt>
      <trkpt lat="53.80626015365124" lon="10.680206688120961">
        <ele>14.84</ele>
      </trkpt>
      <trkpt lat="53.805992603302" lon="10.679927486926317">
        <ele>14.84</ele>
      </trkpt>
      <trkpt lat="53.805725052952766" lon="10.679648285731673">
        <ele>14.91</ele>
      </trkpt>
      <trkpt lat="53.80545750260353" lon="10.679369168356061">
        <ele>15.0</ele>
      </trkpt>
      <trkpt lat="53.805189952254295" lon="10.679089967161417">
        <ele>15.08</ele>
      </trkpt>
      <trkpt lat="53.80510956980288" lon="10.679002963006496">
        <ele>15.14</ele>
      </trkpt>
      <trkpt lat="53.80484478548169" lon="10.678716469556093">
        <ele>15.21</ele>
      </trkpt>
      <trkpt lat="53.80457991734147" lon="10.67842997610569">
        <ele>15.33</ele>
      </trkpt>
      <trkpt lat="53.80448897369206" lon="10.678321933373809">
        <ele>15.42</ele>
      </trkpt>
      <trkpt lat="53.804231733083725" lon="10.678016496822238">
        <ele>15.49</ele>
      </trkpt>
      <trkpt lat="53.80397449247539" lon="10.677710976451635">
        <ele>15.55</ele>
      </trkpt>
      <trkpt lat="53.803717251867056" lon="10.677405456081033">
        <ele>15.68</ele>
      </trkpt>
      <trkpt lat="53.80345992743969" lon="10.67709993571043">
        <ele>15.83</ele>
      </trkpt>
      <trkpt lat="53.80338993854821" lon="10.677029946818948">
        <ele>15.94</ele>
      </trkpt>
      <trkpt lat="53.80323998630047" lon="10.676919976249337">
        <ele>16.03</ele>
      </trkpt>
      <trkpt lat="53.80294150672853" lon="10.676770694553852">
        <ele>16.14</ele>
      </trkpt>
      <trkpt lat="53.80263992585242" lon="10.676619987934828">
        <ele>16.25</ele>
      </trkpt>
      <trkpt lat="53.80249198526144" lon="10.676547652110457">
        <ele>16.36</ele>
      </trkpt>
      <trkpt lat="53.80218998529017" lon="10.676399962976575">
        <ele>16.46</ele>
      </trkpt>
      <trkpt lat="53.80197146907449" lon="10.67629074677825">
        <ele>16.55</ele>
      </trkpt>
      <trkpt lat="53.80166997201741" lon="10.676139956340194">
        <ele>16.66</ele>
      </trkpt>
      <trkpt lat="53.8016392942518" lon="10.676117911934853">
        <ele>16.77</ele>
      </trkpt>
      <trkpt lat="53.80134995095432" lon="10.675909956917167">
        <ele>16.86</ele>
      </trkpt>
      <trkpt lat="53.80112296901643" lon="10.675685908645391">
        <ele>16.93</ele>
      </trkpt>
      <trkpt lat="53.80085147917271" lon="10.675417939200997">
        <ele>17.03</ele>
      </trkpt>
      <trkpt lat="53.80057998932898" lon="10.675149969756603">
        <ele>17.13</ele>
      </trkpt>
      <trkpt lat="53.80032450892031" lon="10.674908990040421">
        <ele>17.25</ele>
      </trkpt>
      <trkpt lat="53.80004991777241" lon="10.674649989232421">
        <ele>17.39</ele>
      </trkpt>
      <trkpt lat="53.79999786615372" lon="10.67462014965713">
        <ele>17.52</ele>
      </trkpt>
      <trkpt lat="53.799699973315" lon="10.674449997022748">
        <ele>17.75</ele>
      </trkpt>
      <trkpt lat="53.79946997389197" lon="10.67438998259604">
        <ele>17.99</ele>
      </trkpt>
      <trkpt lat="53.79941993393004" lon="10.67438998259604">
        <ele>18.12</ele>
      </trkpt>
      <trkpt lat="53.79938422702253" lon="10.674391994252801">
        <ele>18.23</ele>
      </trkpt>
      <trkpt lat="53.79906998947263" lon="10.674409931525588">
        <ele>18.4</ele>
      </trkpt>
      <trkpt lat="53.79892992787063" lon="10.674459971487522">
        <ele>18.44</ele>
      </trkpt>
      <trkpt lat="53.79868995398283" lon="10.674579916521907">
        <ele>18.34</ele>
      </trkpt>
      <trkpt lat="53.79865131340921" lon="10.674612605944276">
        <ele>18.34</ele>
      </trkpt>
      <trkpt lat="53.79836993291974" lon="10.674849981442094">
        <ele>18.28</ele>
      </trkpt>
      <trkpt lat="53.79818418994546" lon="10.67502474412322">
        <ele>18.25</ele>
      </trkpt>
      <trkpt lat="53.797909431159496" lon="10.675283158197999">
        <ele>18.23</ele>
      </trkpt>
      <trkpt lat="53.79763467237353" lon="10.675541572272778">
        <ele>18.21</ele>
      </trkpt>
      <trkpt lat="53.7973599974066" lon="10.675799986347556">
        <ele>18.19</ele>
      </trkpt>
      <trkpt lat="53.79709311760962" lon="10.676056891679764">
        <ele>18.17</ele>
      </trkpt>
      <trkpt lat="53.79681995138526" lon="10.676319999620318">
        <ele>18.15</ele>
      </trkpt>
      <trkpt lat="53.796642841771245" lon="10.676441118121147">
        <ele>18.08</ele>
      </trkpt>
      <trkpt lat="53.79635140299797" lon="10.676640523597598">
        <ele>17.96</ele>
      </trkpt>
      <trkpt lat="53.796059964224696" lon="10.676839929074049">
        <ele>17.87</ele>
      </trkpt>
      <trkpt lat="53.79594571888447" lon="10.676909582689404">
        <ele>17.79</ele>
      </trkpt>
      <trkpt lat="53.795649921521544" lon="10.677089961245656">
        <ele>17.71</ele>
      </trkpt>
      <trkpt lat="53.79563734866679" lon="10.677097253501415">
        <ele>17.62</ele>
      </trkpt>
      <trkpt lat="53.79533995874226" lon="10.677269920706749">
        <ele>17.48</ele>
      </trkpt>
      <trkpt lat="53.79503997042775" lon="10.677409982308745">
        <ele>17.39</ele>
      </trkpt>
      <trkpt lat="53.79485816694796" lon="10.677465638145804">
        <ele>17.32</ele>
      </trkpt>
      <trkpt lat="53.7945487909019" lon="10.677560437470675">
        <ele>17.23</ele>
      </trkpt>
      <trkpt lat="53.794239331036806" lon="10.677655152976513">
        <ele>17.19</ele>
      </trkpt>
      <trkpt lat="53.793929954990745" lon="10.677749952301383">
        <ele>17.13</ele>
      </trkpt>
      <trkpt lat="53.79375326447189" lon="10.67777518182993">
        <ele>16.99</ele>
      </trkpt>
      <trkpt lat="53.793439948931336" lon="10.677819941192865">
        <ele>16.88</ele>
      </trkpt>
      <trkpt lat="53.79321439191699" lon="10.677824132144451">
        <ele>16.78</ele>
      </trkpt>
      <trkpt lat="53.792899986729026" lon="10.677829999476671">
        <ele>16.64</ele>
      </trkpt>
      <trkpt lat="53.792792949825525" lon="10.677835028618574">
        <ele>16.53</ele>
      </trkpt>
      <trkpt lat="53.79247862845659" lon="10.677850032225251">
        <ele>16.4</ele>
      </trkpt>
      <trkpt lat="53.79216430708766" lon="10.677864952012897">
        <ele>16.33</ele>
      </trkpt>
      <trkpt lat="53.791849818080664" lon="10.677879955619574">
        <ele>16.31</ele>
      </trkpt>
      <trkpt lat="53.79184998571873" lon="10.677879955619574">
        <ele>16.23</ele>
      </trkpt>
      <trkpt lat="53.7917944137007" lon="10.677881464362144">
        <ele>16.17</ele>
      </trkpt>
      <trkpt lat="53.791479924693704" lon="10.677889930084348">
        <ele>16.12</ele>
      </trkpt>
      <trkpt lat="53.7914143782109" lon="10.677888253703713">
        <ele>16.07</ele>
      </trkpt>
      <trkpt lat="53.79109997302294" lon="10.677879955619574">
        <ele>16.01</ele>
      </trkpt>
      <trkpt lat="53.79094993695617" lon="10.67784994840622">
        <ele>15.96</ele>
      </trkpt>
      <trkpt lat="53.79077995195985" lon="10.677769985049963">
        <ele>15.9</ele>
      </trkpt>
      <trkpt lat="53.79061818122864" lon="10.677678538486362">
        <ele>15.86</ele>
      </trkpt>
      <trkpt lat="53.790319953113794" lon="10.677509978413582">
        <ele>15.85</ele>
      </trkpt>
      <trkpt lat="53.790149968117476" lon="10.677469996735454">
        <ele>15.86</ele>
      </trkpt>
      <trkpt lat="53.790039997547865" lon="10.677489945665002">
        <ele>15.9</ele>
      </trkpt>
      <trkpt lat="53.789906054735184" lon="10.677570914849639">
        <ele>15.98</ele>
      </trkpt>
      <trkpt lat="53.78960992209613" lon="10.677749952301383">
        <ele>16.14</ele>
      </trkpt>
      <trkpt lat="53.789325105026364" lon="10.67792672663927">
        <ele>16.29</ele>
      </trkpt>
      <trkpt lat="53.789029978215694" lon="10.6781099550426">
        <ele>16.43</ele>
      </trkpt>
      <trkpt lat="53.788899974897504" lon="10.678149936720729">
        <ele>16.59</ele>
      </trkpt>
      <trkpt lat="53.78882998600602" lon="10.678159995004535">
        <ele>16.78</ele>
      </trkpt>
      <trkpt lat="53.78862999379635" lon="10.678119929507375">
        <ele>16.99</ele>
      </trkpt>
      <trkpt lat="53.78841994330287" lon="10.67797995172441">
        <ele>17.2</ele>
      </trkpt>
      <trkpt lat="53.78834995441139" lon="10.677949944511056">
        <ele>17.42</ele>
      </trkpt>
      <trkpt lat="53.788306871429086" lon="10.677917338907719">
        <ele>17.64</ele>
      </trkpt>
      <trkpt lat="53.788019958883524" lon="10.67769999615848">
        <ele>17.84</ele>
      </trkpt>
      <trkpt lat="53.78799590282142" lon="10.67797458730638">
        <ele>18.11</ele>
      </trkpt>
      <trkpt lat="53.78794996999204" lon="10.678499964997172">
        <ele>18.34</ele>
      </trkpt>
      <trkpt lat="53.787948209792376" lon="10.678510274738073">
        <ele>18.6</ele>
      </trkpt>
      <trkpt lat="53.78785994835198" lon="10.679019978269935">
        <ele>18.91</ele>
      </trkpt>
      <trkpt lat="53.7878296058625" lon="10.679192142561078">
        <ele>19.2</ele>
      </trkpt>
      <trkpt lat="53.7877397518605" lon="10.679701007902622">
        <ele>19.53</ele>
      </trkpt>
      <trkpt lat="53.78764998167753" lon="10.680209957063198">
        <ele>19.83</ele>
      </trkpt>
      <trkpt lat="53.787589967250824" lon="10.680639948695898">
        <ele>20.12</ele>
      </trkpt>
      <trkpt lat="53.78758535720408" lon="10.680799540132284">
        <ele>20.36</ele>
      </trkpt>
      <trkpt lat="53.787569934502244" lon="10.68132994696498">
        <ele>20.54</ele>
      </trkpt>
      <trkpt lat="53.78758384846151" lon="10.681789610534906">
        <ele>20.78</ele>
      </trkpt>
      <trkpt lat="53.7875999417156" lon="10.68231993354857">
        <ele>21.13</ele>
      </trkpt>
      <trkpt lat="53.78761846572161" lon="10.682631572708488">
        <ele>21.32</ele>
      </trkpt>
      <trkpt lat="53.78764998167753" lon="10.683159967884421">
        <ele>21.42</ele>
      </trkpt>
      <trkpt lat="53.78765140660107" lon="10.683200033381581">
        <ele>21.54</ele>
      </trkpt>
      <trkpt lat="53.787671187892556" lon="10.683730021119118">
        <ele>21.6</ele>
      </trkpt>
      <trkpt lat="53.78769096918404" lon="10.684260008856654">
        <ele>21.78</ele>
      </trkpt>
      <trkpt lat="53.787710666656494" lon="10.68478999659419">
        <ele>21.9</ele>
      </trkpt>
      <trkpt lat="53.78773044794798" lon="10.685319984331727">
        <ele>21.99</ele>
      </trkpt>
      <trkpt lat="53.787750229239464" lon="10.685849972069263">
        <ele>21.94</ele>
      </trkpt>
      <trkpt lat="53.78776992671192" lon="10.6863799598068">
        <ele>21.78</ele>
      </trkpt>
      <trkpt lat="53.78779993392527" lon="10.686889998614788">
        <ele>21.64</ele>
      </trkpt>
      <trkpt lat="53.78782709129155" lon="10.68705772049725">
        <ele>21.53</ele>
      </trkpt>
      <trkpt lat="53.78790998831391" lon="10.687569938600063">
        <ele>21.37</ele>
      </trkpt>
      <trkpt lat="53.78804032690823" lon="10.688014179468155">
        <ele>21.22</ele>
      </trkpt>
      <trkpt lat="53.78817996941507" lon="10.688489936292171">
        <ele>21.13</ele>
      </trkpt>
      <trkpt lat="53.78822992555797" lon="10.68865992128849">
        <ele>21.06</ele>
      </trkpt>
      <trkpt lat="53.78829010762274" lon="10.688864355906844">
        <ele>20.98</ele>
      </trkpt>
      <trkpt lat="53.788429917767644" lon="10.689339945092797">
        <ele>20.88</ele>
      </trkpt>
      <trkpt lat="53.78843419253826" lon="10.689359894022346">
        <ele>20.82</ele>
      </trkpt>
      <trkpt lat="53.788539972156286" lon="10.68985995836556">
        <ele>20.78</ele>
      </trkpt>
      <trkpt lat="53.78856997936964" lon="10.690249968320131">
        <ele>20.74</ele>
      </trkpt>
      <trkpt lat="53.78856997936964" lon="10.690509974956512">
        <ele>20.72</ele>
      </trkpt>
      <trkpt lat="53.78855916671455" lon="10.690625477582216">
        <ele>20.7</ele>
      </trkpt>
      <trkpt lat="53.78850996494293" lon="10.69114993326366">
        <ele>20.7</ele>
      </trkpt>
      <trkpt lat="53.78843997605145" lon="10.691439947113395">
        <ele>20.73</ele>
      </trkpt>
      <trkpt lat="53.78842740319669" lon="10.691505074501038">
        <ele>20.77</ele>
      </trkpt>
      <trkpt lat="53.78832992166281" lon="10.69200991652906">
        <ele>20.8</ele>
      </trkpt>
      <trkpt lat="53.788299998268485" lon="10.692279981449246">
        <ele>20.92</ele>
      </trkpt>
      <trkpt lat="53.78828993998468" lon="10.692639984190464">
        <ele>21.1</ele>
      </trkpt>
      <trkpt lat="53.788312235847116" lon="10.6928850710392">
        <ele>21.26</ele>
      </trkpt>
      <trkpt lat="53.78835992887616" lon="10.693409945815802">
        <ele>21.56</ele>
      </trkpt>
      <trkpt lat="53.78839999437332" lon="10.69357993081212">
        <ele>21.69</ele>
      </trkpt>
      <trkpt lat="53.788491524755955" lon="10.693957200273871">
        <ele>21.79</ele>
      </trkpt>
      <trkpt lat="53.788610715419054" lon="10.694448547437787">
        <ele>21.81</ele>
      </trkpt>
      <trkpt lat="53.788729989901185" lon="10.694939978420734">
        <ele>21.82</ele>
      </trkpt>
      <trkpt lat="53.78884993493557" lon="10.69535999558866">
        <ele>21.91</ele>
      </trkpt>
      <trkpt lat="53.78888505510986" lon="10.695448592305183">
        <ele>21.96</ele>
      </trkpt>
      <trkpt lat="53.78905998542905" lon="10.695889983326197">
        <ele>22.04</ele>
      </trkpt>
      <trkpt lat="53.78911706618965" lon="10.696004228666425">
        <ele>22.08</ele>
      </trkpt>
      <trkpt lat="53.78931999206543" lon="10.696409996598959">
        <ele>22.13</ele>
      </trkpt>
      <trkpt lat="53.789503974840045" lon="10.696710655465722">
        <ele>22.14</ele>
      </trkpt>
      <trkpt lat="53.78972995094955" lon="10.69707996211946">
        <ele>22.16</ele>
      </trkpt>
      <trkpt lat="53.78978116437793" lon="10.697163445875049">
        <ele>22.13</ele>
      </trkpt>
      <trkpt lat="53.79000747576356" lon="10.697532333433628">
        <ele>22.0</ele>
      </trkpt>
      <trkpt lat="53.79023370333016" lon="10.697901137173176">
        <ele>21.94</ele>
      </trkpt>
      <trkpt lat="53.79045993089676" lon="10.698269940912724">
        <ele>21.96</ele>
      </trkpt>
      <trkpt lat="53.790639974176884" lon="10.698559954762459">
        <ele>21.99</ele>
      </trkpt>
      <trkpt lat="53.79081993363798" lon="10.698749972507358">
        <ele>21.87</ele>
      </trkpt>
      <trkpt lat="53.79090132191777" lon="10.698809316381812">
        <ele>21.78</ele>
      </trkpt>
      <trkpt lat="53.791189994663" lon="10.699019953608513">
        <ele>21.5</ele>
      </trkpt>
      <trkpt lat="53.79144991748035" lon="10.699149956926703">
        <ele>21.24</ele>
      </trkpt>
      <trkpt lat="53.79155997186899" lon="10.699209971353412">
        <ele>21.16</ele>
      </trkpt>
      <trkpt lat="53.791779996827245" lon="10.699329916387796">
        <ele>21.08</ele>
      </trkpt>
      <trkpt lat="53.792039919644594" lon="10.699509959667921">
        <ele>21.01</ele>
      </trkpt>
      <trkpt lat="53.792169922962785" lon="10.699619930237532">
        <ele>21.0</ele>
      </trkpt>
      <trkpt lat="53.79241995513439" lon="10.699869962409139">
        <ele>21.04</ele>
      </trkpt>
      <trkpt lat="53.792669987306" lon="10.700179925188422">
        <ele>21.17</ele>
      </trkpt>
      <trkpt lat="53.79284994676709" lon="10.70042995736003">
        <ele>21.32</ele>
      </trkpt>
      <trkpt lat="53.792860843241215" lon="10.700448984280229">
        <ele>21.44</ele>
      </trkpt>
      <trkpt lat="53.79307994619012" lon="10.700829941779375">
        <ele>21.66</ele>
      </trkpt>
      <trkpt lat="53.79318991675973" lon="10.701049966737628">
        <ele>21.87</ele>
      </trkpt>
      <trkpt lat="53.79329997114837" lon="10.70128994062543">
        <ele>22.1</ele>
      </trkpt>
      <trkpt lat="53.79339996725321" lon="10.701479958370328">
        <ele>22.31</ele>
      </trkpt>
      <trkpt lat="53.7935299705714" lon="10.701929982751608">
        <ele>22.5</ele>
      </trkpt>
      <trkpt lat="53.79357347264886" lon="10.702102649956942">
        <ele>22.65</ele>
      </trkpt>
      <trkpt lat="53.79369677044451" lon="10.702591314911842">
        <ele>22.78</ele>
      </trkpt>
      <trkpt lat="53.793819984421134" lon="10.703079979866743">
        <ele>22.91</ele>
      </trkpt>
      <trkpt lat="53.79383691586554" lon="10.703154327347875">
        <ele>23.01</ele>
      </trkpt>
      <trkpt lat="53.793949987739325" lon="10.703649949282408">
        <ele>23.06</ele>
      </trkpt>
      <trkpt lat="53.79396993666887" lon="10.703899981454015">
        <ele>23.18</ele>
      </trkpt>
      <trkpt lat="53.79402458667755" lon="10.704159568995237">
        <ele>23.3</ele>
      </trkpt>
      <trkpt lat="53.79412994720042" lon="10.704659968614578">
        <ele>23.42</ele>
      </trkpt>
      <trkpt lat="53.79417487420142" lon="10.704884435981512">
        <ele>23.43</ele>
      </trkpt>
      <trkpt lat="53.794275457039475" lon="10.7053876016289">
        <ele>23.35</ele>
      </trkpt>
      <trkpt lat="53.794376123696566" lon="10.705890851095319">
        <ele>23.25</ele>
      </trkpt>
      <trkpt lat="53.794476706534624" lon="10.706394016742706">
        <ele>23.12</ele>
      </trkpt>
      <trkpt lat="53.794577373191714" lon="10.706897182390094">
        <ele>22.97</ele>
      </trkpt>
      <trkpt lat="53.794678039848804" lon="10.707400431856513">
        <ele>22.8</ele>
      </trkpt>
      <trkpt lat="53.794778706505895" lon="10.7079035975039">
        <ele>22.59</ele>
      </trkpt>
      <trkpt lat="53.79487928934395" lon="10.708406763151288">
        <ele>22.29</ele>
      </trkpt>
      <trkpt lat="53.79498012363911" lon="10.70891110226512">
        <ele>22.03</ele>
      </trkpt>
      <trkpt lat="53.79497995600104" lon="10.708909928798676">
        <ele>21.78</ele>
      </trkpt>
      <trkpt lat="53.7950599193573" lon="10.709289964288473">
        <ele>21.45</ele>
      </trkpt>
      <trkpt lat="53.79510249942541" lon="10.70949993096292">
        <ele>21.12</ele>
      </trkpt>
      <trkpt lat="53.795204339548945" lon="10.710002509877086">
        <ele>20.81</ele>
      </trkpt>
      <trkpt lat="53.79530626349151" lon="10.71050500497222">
        <ele>20.62</ele>
      </trkpt>
      <trkpt lat="53.795408103615046" lon="10.711007500067353">
        <ele>20.38</ele>
      </trkpt>
      <trkpt lat="53.79550994373858" lon="10.711509995162487">
        <ele>20.03</ele>
      </trkpt>
      <trkpt lat="53.79553676582873" lon="10.711623402312398">
        <ele>19.73</ele>
      </trkpt>
      <trkpt lat="53.795653358101845" lon="10.712116677314043">
        <ele>19.35</ele>
      </trkpt>
      <trkpt lat="53.79576995037496" lon="10.712609952315688">
        <ele>19.02</ele>
      </trkpt>
      <trkpt lat="53.79588997922838" lon="10.713049918413162">
        <ele>18.82</ele>
      </trkpt>
      <trkpt lat="53.7959545198828" lon="10.713259046897292">
        <ele>18.6</ele>
      </trkpt>
      <trkpt lat="53.796099945902824" lon="10.71372994221747">
        <ele>18.43</ele>
      </trkpt>
      <trkpt lat="53.79628996364772" lon="10.714119952172041">
        <ele>18.27</ele>
      </trkpt>
      <trkpt lat="53.796359952539206" lon="10.714239981025457">
        <ele>18.11</ele>
      </trkpt>
      <trkpt lat="53.796439999714494" lon="10.714299995452166">
        <ele>17.97</ele>
      </trkpt>
      <trkpt lat="53.79668994806707" lon="10.714409966021776">
        <ele>17.84</ele>
      </trkpt>
      <trkpt lat="53.79688994027674" lon="10.714509962126613">
        <ele>17.72</ele>
      </trkpt>
      <trkpt lat="53.79694995470345" lon="10.71456997655332">
        <ele>17.62</ele>
      </trkpt>
      <trkpt lat="53.796978536993265" lon="10.714692184701562">
        <ele>17.53</ele>
      </trkpt>
      <trkpt lat="53.797094291076064" lon="10.715186046436429">
        <ele>17.47</ele>
      </trkpt>
      <trkpt lat="53.79720996133983" lon="10.715679991990328">
        <ele>17.43</ele>
      </trkpt>
      <trkpt lat="53.79727349616587" lon="10.715972604230046">
        <ele>17.39</ele>
      </trkpt>
      <trkpt lat="53.797381706535816" lon="10.716471243649721">
        <ele>17.38</ele>
      </trkpt>
      <trkpt lat="53.79748991690576" lon="10.716969966888428">
        <ele>17.45</ele>
      </trkpt>
      <trkpt lat="53.7975999712944" lon="10.717419991269708">
        <ele>17.52</ele>
      </trkpt>
      <trkpt lat="53.797689992934465" lon="10.717679997906089">
        <ele>17.5</ele>
      </trkpt>
      <trkpt lat="53.79781228490174" lon="10.717981662601233">
        <ele>17.45</ele>
      </trkpt>
      <trkpt lat="53.797989981248975" lon="10.718419952318072">
        <ele>17.37</ele>
      </trkpt>
      <trkpt lat="53.798119900748134" lon="10.718734441325068">
        <ele>17.34</ele>
      </trkpt>
      <trkpt lat="53.79829994402826" lon="10.719169965013862">
        <ele>17.32</ele>
      </trkpt>
      <trkpt lat="53.79846992902458" lon="10.7195099350065">
        <ele>17.34</ele>
      </trkpt>
      <trkpt lat="53.7986499723047" lon="10.719859963282943">
        <ele>17.44</ele>
      </trkpt>
      <trkpt lat="53.79879648797214" lon="10.720120221376419">
        <ele>17.61</ele>
      </trkpt>
      <trkpt lat="53.799013243988156" lon="10.720505118370056">
        <ele>17.79</ele>
      </trkpt>
      <trkpt lat="53.79922991618514" lon="10.720889931544662">
        <ele>17.89</ele>
      </trkpt>
      <trkpt lat="53.79933410324156" lon="10.721060335636139">
        <ele>18.06</ele>
      </trkpt>
      <trkpt lat="53.799559995532036" lon="10.721429977566004">
        <ele>18.22</ele>
      </trkpt>
      <trkpt lat="53.79957784898579" lon="10.721452441066504">
        <ele>18.35</ele>
      </trkpt>
      <trkpt lat="53.79982997663319" lon="10.721769947558641">
        <ele>18.48</ele>
      </trkpt>
      <trkpt lat="53.79999266937375" lon="10.721940184012055">
        <ele>18.66</ele>
      </trkpt>
      <trkpt lat="53.80025996826589" lon="10.722219971939921">
        <ele>18.86</ele>
      </trkpt>
      <trkpt lat="53.800459960475564" lon="10.72253999300301">
        <ele>19.08</ele>
      </trkpt>
      <trkpt lat="53.80062508396804" lon="10.722893122583628">
        <ele>19.26</ele>
      </trkpt>
      <trkpt lat="53.80081996321678" lon="10.723309954628348">
        <ele>19.3</ele>
      </trkpt>
      <trkpt lat="53.80085994489491" lon="10.723429983481765">
        <ele>19.33</ele>
      </trkpt>
      <trkpt lat="53.80087997764349" lon="10.723599968478084">
        <ele>19.29</ele>
      </trkpt>
      <trkpt lat="53.800888527184725" lon="10.723888892680407">
        <ele>19.2</ele>
      </trkpt>
      <trkpt lat="53.800904201343656" lon="10.724419383332133">
        <ele>19.12</ele>
      </trkpt>
      <trkpt lat="53.80091995932162" lon="10.724949957802892">
        <ele>19.08</ele>
      </trkpt>
      <trkpt lat="53.80093923769891" lon="10.725281294435263">
        <ele>19.0</ele>
      </trkpt>
      <trkpt lat="53.80096999928355" lon="10.725809941068292">
        <ele>18.89</ele>
      </trkpt>
      <trkpt lat="53.80105993710458" lon="10.72618997655809">
        <ele>18.75</ele>
      </trkpt>
      <trkpt lat="53.80111995153129" lon="10.726399943232536">
        <ele>18.62</ele>
      </trkpt>
      <trkpt lat="53.80122631788254" lon="10.726740416139364">
        <ele>18.51</ele>
      </trkpt>
      <trkpt lat="53.8013731688261" lon="10.727210221812129">
        <ele>18.4</ele>
      </trkpt>
      <trkpt lat="53.80151993595064" lon="10.727679943665862">
        <ele>18.3</ele>
      </trkpt>
      <trkpt lat="53.80157131701708" lon="10.727841798216105">
        <ele>18.16</ele>
      </trkpt>
      <trkpt lat="53.80171992816031" lon="10.728309927508235">
        <ele>18.0</ele>
      </trkpt>
      <trkpt lat="53.801767621189356" lon="10.728572197258472">
        <ele>17.83</ele>
      </trkpt>
      <trkpt lat="53.801859989762306" lon="10.729079972952604">
        <ele>17.67</ele>
      </trkpt>
      <trkpt lat="53.80186912603676" lon="10.729131354019046">
        <ele>17.47</ele>
      </trkpt>
      <trkpt lat="53.80195998586714" lon="10.729639967903495">
        <ele>17.31</ele>
      </trkpt>
      <trkpt lat="53.80201991647482" lon="10.730149922892451">
        <ele>17.03</ele>
      </trkpt>
      <trkpt lat="53.80202226340771" lon="10.730177918449044">
        <ele>16.8</ele>
      </trkpt>
      <trkpt lat="53.802066100761294" lon="10.73070396669209">
        <ele>16.53</ele>
      </trkpt>
      <trkpt lat="53.80210993811488" lon="10.731229931116104">
        <ele>16.21</ele>
      </trkpt>
      <trkpt lat="53.80214405246079" lon="10.731732174754143">
        <ele>15.95</ele>
      </trkpt>
      <trkpt lat="53.802179927006364" lon="10.732259983196855">
        <ele>15.7</ele>
      </trkpt>
      <trkpt lat="53.80218009464443" lon="10.732261994853616">
        <ele>15.47</ele>
      </trkpt>
      <trkpt lat="53.80220666527748" lon="10.732791312038898">
        <ele>15.23</ele>
      </trkpt>
      <trkpt lat="53.80223331972957" lon="10.733320629224181">
        <ele>15.01</ele>
      </trkpt>
      <trkpt lat="53.80225997418165" lon="10.733849946409464">
        <ele>14.77</ele>
      </trkpt>
      <trkpt lat="53.80225997418165" lon="10.734299970790744">
        <ele>14.63</ele>
      </trkpt>
      <trkpt lat="53.80223994143307" lon="10.73452997021377">
        <ele>14.45</ele>
      </trkpt>
      <trkpt lat="53.802220579236746" lon="10.73462669737637">
        <ele>14.28</ele>
      </trkpt>
      <trkpt lat="53.80211999639869" lon="10.73512994684279">
        <ele>14.07</ele>
      </trkpt>
      <trkpt lat="53.80204455927014" lon="10.735337315127254">
        <ele>13.87</ele>
      </trkpt>
      <trkpt lat="53.801879938691854" lon="10.735789937898517">
        <ele>13.75</ele>
      </trkpt>
      <trkpt lat="53.80173996090889" lon="10.736069977283478">
        <ele>13.66</ele>
      </trkpt>
      <trkpt lat="53.80171565338969" lon="10.736113479360938">
        <ele>13.59</ele>
      </trkpt>
      <trkpt lat="53.80149998702109" lon="10.736499968916178">
        <ele>13.58</ele>
      </trkpt>
      <trkpt lat="53.80137258209288" lon="10.736714713275433">
        <ele>13.57</ele>
      </trkpt>
      <trkpt lat="53.801149958744645" lon="10.737089971080422">
        <ele>13.55</ele>
      </trkpt>
      <trkpt lat="53.8010951410979" lon="10.737197427079082">
        <ele>13.55</ele>
      </trkpt>
      <trkpt lat="53.800889952108264" lon="10.737599926069379">
        <ele>13.55</ele>
      </trkpt>
      <trkpt lat="53.800868494436145" lon="10.737652648240328">
        <ele>13.57</ele>
      </trkpt>
      <trkpt lat="53.80068995989859" lon="10.738089932128787">
        <ele>13.61</ele>
      </trkpt>
      <trkpt lat="53.800569931045175" lon="10.73845999315381">
        <ele>13.72</ele>
      </trkpt>
      <trkpt lat="53.800554759800434" lon="10.73852545581758">
        <ele>13.79</ele>
      </trkpt>
      <trkpt lat="53.800439927726984" lon="10.739019988104701">
        <ele>13.83</ele>
      </trkpt>
      <trkpt lat="53.80042995326221" lon="10.739089976996183">
        <ele>13.9</ele>
      </trkpt>
      <trkpt lat="53.80042316392064" lon="10.739156445488334">
        <ele>13.99</ele>
      </trkpt>
      <trkpt lat="53.8003699388355" lon="10.739679979160428">
        <ele>14.09</ele>
      </trkpt>
      <trkpt lat="53.80037278868258" lon="10.739888940006495">
        <ele>14.17</ele>
      </trkpt>
      <trkpt lat="53.80037999711931" lon="10.740419933572412">
        <ele>14.23</ele>
      </trkpt>
      <trkpt lat="53.80040321499109" lon="10.740600898861885">
        <ele>14.3</ele>
      </trkpt>
      <trkpt lat="53.80046993494034" lon="10.741119990125299">
        <ele>14.42</ele>
      </trkpt>
      <trkpt lat="53.800561549142" lon="10.741541348397732">
        <ele>14.49</ele>
      </trkpt>
      <trkpt lat="53.80066992715001" lon="10.742039987817407">
        <ele>14.56</ele>
      </trkpt>
      <trkpt lat="53.800700940191746" lon="10.742181725800037">
        <ele>14.66</ele>
      </trkpt>
      <trkpt lat="53.80080998875201" lon="10.742679946124554">
        <ele>14.77</ele>
      </trkpt>
      <trkpt lat="53.80083907395601" lon="10.742798550054431">
        <ele>14.89</ele>
      </trkpt>
      <trkpt lat="53.80095952190459" lon="10.743289226666093">
        <ele>15.09</ele>
      </trkpt>
      <trkpt lat="53.80107996985316" lon="10.743779987096786">
        <ele>15.17</ele>
      </trkpt>
      <trkpt lat="53.801129925996065" lon="10.744019960984588">
        <ele>15.25</ele>
      </trkpt>
      <trkpt lat="53.801179798319936" lon="10.744301090016961">
        <ele>15.34</ele>
      </trkpt>
      <trkpt lat="53.80126998759806" lon="10.744809955358505">
        <ele>15.49</ele>
      </trkpt>
      <trkpt lat="53.801319943740964" lon="10.745089994743466">
        <ele>15.55</ele>
      </trkpt>
      <trkpt lat="53.80135648883879" lon="10.745389647781849">
        <ele>15.6</ele>
      </trkpt>
      <trkpt lat="53.8014199398458" lon="10.745909996330738">
        <ele>15.55</ele>
      </trkpt>
      <trkpt lat="53.80144483409822" lon="10.746135469526052">
        <ele>15.48</ele>
      </trkpt>
      <trkpt lat="53.80150241777301" lon="10.746657745912671">
        <ele>15.38</ele>
      </trkpt>
      <trkpt lat="53.801559917628765" lon="10.747179938480258">
        <ele>15.26</ele>
      </trkpt>
      <trkpt lat="53.8015650305897" lon="10.747263170778751">
        <ele>15.13</ele>
      </trkpt>
      <trkpt lat="53.801597468554974" lon="10.747791565954685">
        <ele>14.93</ele>
      </trkpt>
      <trkpt lat="53.80162999033928" lon="10.748319961130619">
        <ele>14.67</ele>
      </trkpt>
      <trkpt lat="53.80162999033928" lon="10.748479971662164">
        <ele>14.44</ele>
      </trkpt>
      <trkpt lat="53.8016099575907" lon="10.74870997108519">
        <ele>14.2</ele>
      </trkpt>
      <trkpt lat="53.80150996148586" lon="10.749109955504537">
        <ele>13.97</ele>
      </trkpt>
      <trkpt lat="53.80148992873728" lon="10.749299973249435">
        <ele>13.74</ele>
      </trkpt>
      <trkpt lat="53.801486659795046" lon="10.749558890238404">
        <ele>13.49</ele>
      </trkpt>
      <trkpt lat="53.80147995427251" lon="10.750089967623353">
        <ele>13.27</ele>
      </trkpt>
      <trkpt lat="53.80147995427251" lon="10.750489952042699">
        <ele>13.06</ele>
      </trkpt>
      <trkpt lat="53.801371324807405" lon="10.750515852123499">
        <ele>12.84</ele>
      </trkpt>
      <trkpt lat="53.80105993710458" lon="10.750589948147535">
        <ele>12.66</ele>
      </trkpt>
      <trkpt lat="53.801010232418776" lon="10.750603778287768">
        <ele>12.48</ele>
      </trkpt>
      <trkpt lat="53.800699934363365" lon="10.750689944252372">
        <ele>12.29</ele>
      </trkpt>
      <trkpt lat="53.80044998601079" lon="10.750789940357208">
        <ele>12.13</ele>
      </trkpt>
      <trkpt lat="53.80044898018241" lon="10.750790694728494">
        <ele>12.02</ele>
      </trkpt>
      <trkpt lat="53.800159972161055" lon="10.750999990850687">
        <ele>11.91</ele>
      </trkpt>
      <trkpt lat="53.80003994330764" lon="10.751119935885072">
        <ele>11.85</ele>
      </trkpt>
      <trkpt lat="53.80000004544854" lon="10.751176932826638">
        <ele>11.81</ele>
      </trkpt>
      <trkpt lat="53.79975998774171" lon="10.751519920304418">
        <ele>11.77</ele>
      </trkpt>
      <trkpt lat="53.79963216371834" lon="10.75179954059422">
        <ele>11.77</ele>
      </trkpt>
      <trkpt lat="53.79943996667862" lon="10.752219976857305">
        <ele>11.81</ele>
      </trkpt>
      <trkpt lat="53.79933150485158" lon="10.752458609640598">
        <ele>11.89</ele>
      </trkpt>
      <trkpt lat="53.79913997836411" lon="10.752879967913032">
        <ele>12.02</ele>
      </trkpt>
      <trkpt lat="53.79894996061921" lon="10.753259919583797">
        <ele>12.2</ele>
      </trkpt>
      <trkpt lat="53.798719961196184" lon="10.753579940646887">
        <ele>12.42</ele>
      </trkpt>
      <trkpt lat="53.79866614937782" lon="10.753637105226517">
        <ele>12.66</ele>
      </trkpt>
      <trkpt lat="53.798399940133095" lon="10.753919994458556">
        <ele>13.02</ele>
      </trkpt>
      <trkpt lat="53.79819491878152" lon="10.75411956757307">
        <ele>13.37</ele>
      </trkpt>
      <trkpt lat="53.79792242310941" lon="10.754384770989418">
        <ele>13.73</ele>
      </trkpt>
      <trkpt lat="53.797649927437305" lon="10.754649974405766">
        <ele>14.12</ele>
      </trkpt>
      <trkpt lat="53.797547835856676" lon="10.754741337150335">
        <ele>14.5</ele>
      </trkpt>
      <trkpt lat="53.79726997576654" lon="10.754989944398403">
        <ele>14.93</ele>
      </trkpt>
      <trkpt lat="53.79719378426671" lon="10.755051299929619">
        <ele>15.3</ele>
      </trkpt>
      <trkpt lat="53.79690997302532" lon="10.755279958248138">
        <ele>15.66</ele>
      </trkpt>
      <trkpt lat="53.79679991863668" lon="10.75534994713962">
        <ele>16.04</ele>
      </trkpt>
      <trkpt lat="53.79651568830013" lon="10.755465617403388">
        <ele>16.42</ele>
      </trkpt>
      <trkpt lat="53.796209916472435" lon="10.755589921027422">
        <ele>16.79</ele>
      </trkpt>
      <trkpt lat="53.79608510993421" lon="10.755642810836434">
        <ele>17.15</ele>
      </trkpt>
      <trkpt lat="53.79578000865877" lon="10.755771808326244">
        <ele>17.5</ele>
      </trkpt>
      <trkpt lat="53.795474991202354" lon="10.755900889635086">
        <ele>17.85</ele>
      </trkpt>
      <trkpt lat="53.79516997374594" lon="10.756029970943928">
        <ele>18.16</ele>
      </trkpt>
      <trkpt lat="53.79513066262007" lon="10.75604623183608">
        <ele>18.45</ele>
      </trkpt>
      <trkpt lat="53.79482530988753" lon="10.756173133850098">
        <ele>18.78</ele>
      </trkpt>
      <trkpt lat="53.79451995715499" lon="10.756299952045083">
        <ele>18.99</ele>
      </trkpt>
      <trkpt lat="53.794469917193055" lon="10.756329959258437">
        <ele>19.23</ele>
      </trkpt>
      <trkpt lat="53.79439992830157" lon="10.756299952045083">
        <ele>19.45</ele>
      </trkpt>
      <trkpt lat="53.79415995441377" lon="10.756389973685145">
        <ele>19.67</ele>
      </trkpt>
      <trkpt lat="53.79406993277371" lon="10.7564199808985">
        <ele>19.85</ele>
      </trkpt>
      <trkpt lat="53.794079991057515" lon="10.756439929828048">
        <ele>20.03</ele>
      </trkpt>
      <trkpt lat="53.79408996552229" lon="10.756609998643398">
        <ele>20.21</ele>
      </trkpt>
      <trkpt lat="53.794039925560355" lon="10.756769925355911">
        <ele>20.39</ele>
      </trkpt>
      <trkpt lat="53.79399994388223" lon="10.756819965317845">
        <ele>20.53</ele>
      </trkpt>
      <trkpt lat="53.793949987739325" lon="10.7568499725312">
        <ele>20.67</ele>
      </trkpt>
      <trkpt lat="53.793889973312616" lon="10.7568499725312">
        <ele>20.79</ele>
      </trkpt>
      <trkpt lat="53.79383993335068" lon="10.75682993978262">
        <ele>20.9</ele>
      </trkpt>
      <trkpt lat="53.793759969994426" lon="10.756699936464429">
        <ele>21.0</ele>
      </trkpt>
      <trkpt lat="53.79374999552965" lon="10.756629947572947">
        <ele>21.08</ele>
      </trkpt>
      <trkpt lat="53.793739937245846" lon="10.756559958681464">
        <ele>21.16</ele>
      </trkpt>
      <trkpt lat="53.79355997778475" lon="10.7566599547863">
        <ele>21.26</ele>
      </trkpt>
      <trkpt lat="53.793349927291274" lon="10.756779983639717">
        <ele>21.35</ele>
      </trkpt>
      <trkpt lat="53.7932899966836" lon="10.75682993978262">
        <ele>21.42</ele>
      </trkpt>
      <trkpt lat="53.79312998615205" lon="10.756889954209328">
        <ele>21.47</ele>
      </trkpt>
      <trkpt lat="53.7929599173367" lon="10.756949968636036">
        <ele>21.55</ele>
      </trkpt>
      <trkpt lat="53.79286050796509" lon="10.756976623088121">
        <ele>21.61</ele>
      </trkpt>
      <trkpt lat="53.79254995845258" lon="10.757059939205647">
        <ele>21.71</ele>
      </trkpt>
      <trkpt lat="53.79239992238581" lon="10.757059939205647">
        <ele>21.76</ele>
      </trkpt>
      <trkpt lat="53.79224997013807" lon="10.757049964740872">
        <ele>21.8</ele>
      </trkpt>
      <trkpt lat="53.792209988459945" lon="10.757039990276098">
        <ele>21.83</ele>
      </trkpt>
      <trkpt lat="53.792209988459945" lon="10.757059939205647">
        <ele>21.86</ele>
      </trkpt>
      <trkpt lat="53.792209988459945" lon="10.757099920883775">
        <ele>21.89</ele>
      </trkpt>
      <trkpt lat="53.79219993017614" lon="10.757179968059063">
        <ele>21.91</ele>
      </trkpt>
      <trkpt lat="53.79213999956846" lon="10.757329920306802">
        <ele>21.91</ele>
      </trkpt>
      <trkpt lat="53.792079985141754" lon="10.757379960268736">
        <ele>21.91</ele>
      </trkpt>
      <trkpt lat="53.792019970715046" lon="10.75738993473351">
        <ele>21.9</ele>
      </trkpt>
      <trkpt lat="53.79196993075311" lon="10.757369985803962">
        <ele>21.89</ele>
      </trkpt>
      <trkpt lat="53.79191997461021" lon="10.757319945842028">
        <ele>21.88</ele>
      </trkpt>
      <trkpt lat="53.791869934648275" lon="10.757189942523837">
        <ele>21.87</ele>
      </trkpt>
      <trkpt lat="53.7918599601835" lon="10.757129928097129">
        <ele>21.84</ele>
      </trkpt>
      <trkpt lat="53.791629960760474" lon="10.757149960845709">
        <ele>21.78</ele>
      </trkpt>
      <trkpt lat="53.79137992858887" lon="10.757179968059063">
        <ele>21.71</ele>
      </trkpt>
      <trkpt lat="53.791069965809584" lon="10.757149960845709">
        <ele>21.7</ele>
      </trkpt>
      <trkpt lat="53.79080283455551" lon="10.757103860378265">
        <ele>21.66</ele>
      </trkpt>
      <trkpt lat="53.79048993811011" lon="10.757049964740872">
        <ele>21.58</ele>
      </trkpt>
      <trkpt lat="53.79018181934953" lon="10.756967989727855">
        <ele>21.41</ele>
      </trkpt>
      <trkpt lat="53.78987118601799" lon="10.756885260343552">
        <ele>21.14</ele>
      </trkpt>
      <trkpt lat="53.78956055268645" lon="10.75680261477828">
        <ele>20.87</ele>
      </trkpt>
      <trkpt lat="53.789249919354916" lon="10.756719969213009">
        <ele>20.62</ele>
      </trkpt>
      <trkpt lat="53.7890226021409" lon="10.756658613681793">
        <ele>20.41</ele>
      </trkpt>
      <trkpt lat="53.7887120526284" lon="10.75657487846911">
        <ele>20.19</ele>
      </trkpt>
      <trkpt lat="53.78840150311589" lon="10.756491143256426">
        <ele>19.95</ele>
      </trkpt>
      <trkpt lat="53.78809103742242" lon="10.756407408043742">
        <ele>19.64</ele>
      </trkpt>
      <trkpt lat="53.78778048790991" lon="10.756323672831059">
        <ele>19.35</ele>
      </trkpt>
      <trkpt lat="53.78746993839741" lon="10.756239937618375">
        <ele>19.05</ele>
      </trkpt>
      <trkpt lat="53.787283860147" lon="10.756659619510174">
        <ele>18.84</ele>
      </trkpt>
      <trkpt lat="53.78709535114467" lon="10.757084749639034">
        <ele>18.59</ele>
      </trkpt>
      <trkpt lat="53.786906925961375" lon="10.757509795948863">
        <ele>18.27</ele>
      </trkpt>
      <trkpt lat="53.78671841695905" lon="10.757934842258692">
        <ele>17.86</ele>
      </trkpt>
      <trkpt lat="53.78652999177575" lon="10.758359972387552">
        <ele>17.48</ele>
      </trkpt>
      <trkpt lat="53.78642798401415" lon="10.758598688989878">
        <ele>17.06</ele>
      </trkpt>
      <trkpt lat="53.78624391742051" lon="10.759029351174831">
        <ele>16.6</ele>
      </trkpt>
      <trkpt lat="53.78605993464589" lon="10.759459929540753">
        <ele>16.01</ele>
      </trkpt>
      <trkpt lat="53.785930098965764" lon="10.75977391563356">
        <ele>15.41</ele>
      </trkpt>
      <trkpt lat="53.78575005568564" lon="10.760209271684289">
        <ele>14.82</ele>
      </trkpt>
      <trkpt lat="53.785570012405515" lon="10.760644627735019">
        <ele>14.17</ele>
      </trkpt>
      <trkpt lat="53.78538996912539" lon="10.761079983785748">
        <ele>13.56</ele>
      </trkpt>
      <trkpt lat="53.78527815453708" lon="10.761351641267538">
        <ele>12.97</ele>
      </trkpt>
      <trkpt lat="53.78509878180921" lon="10.761787751689553">
        <ele>12.37</ele>
      </trkpt>
      <trkpt lat="53.78491932526231" lon="10.762223862111568">
        <ele>11.79</ele>
      </trkpt>
      <trkpt lat="53.78473995253444" lon="10.762659972533584">
        <ele>11.11</ele>
      </trkpt>
      <trkpt lat="53.7846296466887" lon="10.762906400486827">
        <ele>10.46</ele>
      </trkpt>
      <trkpt lat="53.78443996421993" lon="10.763329938054085">
        <ele>9.77</ele>
      </trkpt>
      <trkpt lat="53.7842599209398" lon="10.763739980757236">
        <ele>9.22</ele>
      </trkpt>
      <trkpt lat="53.78411994315684" lon="10.7640699762851">
        <ele>8.71</ele>
      </trkpt>
      <trkpt lat="53.78398071974516" lon="10.76437784358859">
        <ele>8.2</ele>
      </trkpt>
      <trkpt lat="53.783789947628975" lon="10.76479995623231">
        <ele>7.76</ele>
      </trkpt>
      <trkpt lat="53.78364301286638" lon="10.765176555141807">
        <ele>7.34</ele>
      </trkpt>
      <trkpt lat="53.783469926565886" lon="10.765619957819581">
        <ele>6.9</ele>
      </trkpt>
      <trkpt lat="53.78332994878292" lon="10.765949953347445">
        <ele>6.54</ele>
      </trkpt>
      <trkpt lat="53.7833121791482" lon="10.765995718538761">
        <ele>6.22</ele>
      </trkpt>
      <trkpt lat="53.78313993103802" lon="10.766439959406853">
        <ele>5.95</ele>
      </trkpt>
      <trkpt lat="53.783039934933186" lon="10.766659984365106">
        <ele>5.67</ele>
      </trkpt>
      <trkpt lat="53.78286994993687" lon="10.766959972679615">
        <ele>5.45</ele>
      </trkpt>
      <trkpt lat="53.78274992108345" lon="10.767109924927354">
        <ele>5.27</ele>
      </trkpt>
      <trkpt lat="53.78261991776526" lon="10.767309917137027">
        <ele>5.11</ele>
      </trkpt>
      <trkpt lat="53.78246996551752" lon="10.767579982057214">
        <ele>4.93</ele>
      </trkpt>
      <trkpt lat="53.78235999494791" lon="10.767719959840178">
        <ele>4.79</ele>
      </trkpt>
      <trkpt lat="53.782179951667786" lon="10.767869995906949">
        <ele>4.68</ele>
      </trkpt>
      <trkpt lat="53.78210015594959" lon="10.767911989241838">
        <ele>4.6</ele>
      </trkpt>
      <trkpt lat="53.78179999999702" lon="10.768069988116622">
        <ele>4.61</ele>
      </trkpt>
      <trkpt lat="53.781641498208046" lon="10.768149197101593">
        <ele>4.62</ele>
      </trkpt>
      <trkpt lat="53.781339917331934" lon="10.768299987539649">
        <ele>4.6</ele>
      </trkpt>
      <trkpt lat="53.78126020543277" lon="10.768341980874538">
        <ele>4.61</ele>
      </trkpt>
      <trkpt lat="53.78095996566117" lon="10.768499979749322">
        <ele>4.58</ele>
      </trkpt>
      <trkpt lat="53.78074999898672" lon="10.768579943105578">
        <ele>4.61</ele>
      </trkpt>
      <trkpt lat="53.78069275058806" lon="10.768606513738632">
        <ele>4.66</ele>
      </trkpt>
      <trkpt lat="53.780389577150345" lon="10.768747413530946">
        <ele>4.75</ele>
      </trkpt>
      <trkpt lat="53.7800863198936" lon="10.768888229504228">
        <ele>4.86</ele>
      </trkpt>
      <trkpt lat="53.779783146455884" lon="10.769029129296541">
        <ele>4.93</ele>
      </trkpt>
      <trkpt lat="53.77947997301817" lon="10.769169945269823">
        <ele>4.98</ele>
      </trkpt>
      <trkpt lat="53.779401518404484" lon="10.76921034604311">
        <ele>5.1</ele>
      </trkpt>
      <trkpt lat="53.77910077571869" lon="10.769365159794688">
        <ele>5.22</ele>
      </trkpt>
      <trkpt lat="53.77879994921386" lon="10.769519973546267">
        <ele>5.35</ele>
      </trkpt>
      <trkpt lat="53.77851999364793" lon="10.769689958542585">
        <ele>5.51</ele>
      </trkpt>
      <trkpt lat="53.77831991761923" lon="10.769819961860776">
        <ele>5.7</ele>
      </trkpt>
      <trkpt lat="53.77804993651807" lon="10.770039986819029">
        <ele>5.93</ele>
      </trkpt>
      <trkpt lat="53.77778054215014" lon="10.770270237699151">
        <ele>6.22</ele>
      </trkpt>
      <trkpt lat="53.77749999985099" lon="10.770509960129857">
        <ele>6.46</ele>
      </trkpt>
      <trkpt lat="53.77735289745033" lon="10.77060685493052">
        <ele>6.77</ele>
      </trkpt>
      <trkpt lat="53.77705994993448" lon="10.770799973979592">
        <ele>7.12</ele>
      </trkpt>
      <trkpt lat="53.777053747326136" lon="10.770802740007639">
        <ele>7.49</ele>
      </trkpt>
      <trkpt lat="53.7767499871552" lon="10.770939951762557">
        <ele>7.86</ele>
      </trkpt>
      <trkpt lat="53.77668066881597" lon="10.770958224311471">
        <ele>8.28</ele>
      </trkpt>
      <trkpt lat="53.7763699516654" lon="10.771039947867393">
        <ele>8.74</ele>
      </trkpt>
      <trkpt lat="53.77617389895022" lon="10.771059142425656">
        <ele>9.22</ele>
      </trkpt>
      <trkpt lat="53.775859996676445" lon="10.771089987829328">
        <ele>9.77</ele>
      </trkpt>
      <trkpt lat="53.77562999725342" lon="10.771059980615973">
        <ele>10.37</ele>
      </trkpt>
      <trkpt lat="53.77541994675994" lon="10.771019998937845">
        <ele>10.98</ele>
      </trkpt>
      <trkpt lat="53.77528994344175" lon="10.770969958975911">
        <ele>11.55</ele>
      </trkpt>
      <trkpt lat="53.77514309249818" lon="10.770901395007968">
        <ele>12.09</ele>
      </trkpt>
      <trkpt lat="53.77483991906047" lon="10.770759992301464">
        <ele>12.62</ele>
      </trkpt>
      <trkpt lat="53.77481644973159" lon="10.770746665075421">
        <ele>13.18</ele>
      </trkpt>
      <trkpt lat="53.774518221616745" lon="10.770578356459737">
        <ele>13.83</ele>
      </trkpt>
      <trkpt lat="53.7742199935019" lon="10.77040996402502">
        <ele>14.53</ele>
      </trkpt>
      <trkpt lat="53.774141455069184" lon="10.770370736718178">
        <ele>15.11</ele>
      </trkpt>
      <trkpt lat="53.773839958012104" lon="10.770219946280122">
        <ele>15.69</ele>
      </trkpt>
      <trkpt lat="53.773651951923966" lon="10.770127912983298">
        <ele>16.18</ele>
      </trkpt>
      <trkpt lat="53.773349951952696" lon="10.76997997239232">
        <ele>16.66</ele>
      </trkpt>
      <trkpt lat="53.77309991978109" lon="10.769879976287484">
        <ele>17.19</ele>
      </trkpt>
      <trkpt lat="53.77282993867993" lon="10.769859943538904">
        <ele>17.68</ele>
      </trkpt>
      <trkpt lat="53.7725399248302" lon="10.769939990714192">
        <ele>18.13</ele>
      </trkpt>
      <trkpt lat="53.77223993651569" lon="10.770069994032383">
        <ele>18.57</ele>
      </trkpt>
      <trkpt lat="53.77213994041085" lon="10.770139982923865">
        <ele>18.93</ele>
      </trkpt>
      <trkpt lat="53.772059977054596" lon="10.769969997927547">
        <ele>19.24</ele>
      </trkpt>
      <trkpt lat="53.772034998983145" lon="10.76990176923573">
        <ele>19.49</ele>
      </trkpt>
      <trkpt lat="53.7718699593097" lon="10.769449984654784">
        <ele>19.71</ele>
      </trkpt>
      <trkpt lat="53.77176996320486" lon="10.769209926947951">
        <ele>19.87</ele>
      </trkpt>
      <trkpt lat="53.771689999848604" lon="10.769059974700212">
        <ele>20.01</ele>
      </trkpt>
      <trkpt lat="53.77146997489035" lon="10.768899964168668">
        <ele>20.18</ele>
      </trkpt>
      <trkpt lat="53.771433010697365" lon="10.768881440162659">
        <ele>20.23</ele>
      </trkpt>
      <trkpt lat="53.771131513640285" lon="10.768730733543634">
        <ele>20.25</ele>
      </trkpt>
      <trkpt lat="53.77082993276417" lon="10.768579943105578">
        <ele>20.21</ele>
      </trkpt>
      <trkpt lat="53.77069992944598" lon="10.76853996142745">
        <ele>20.16</ele>
      </trkpt>
      <trkpt lat="53.77064058557153" lon="10.768547672778368">
        <ele>20.05</ele>
      </trkpt>
      <trkpt lat="53.77032701857388" lon="10.768588408827782">
        <ele>19.94</ele>
      </trkpt>
      <trkpt lat="53.77001345157623" lon="10.768629228696227">
        <ele>19.77</ele>
      </trkpt>
      <trkpt lat="53.76969996839762" lon="10.76866996474564">
        <ele>19.46</ele>
      </trkpt>
      <trkpt lat="53.76969661563635" lon="10.768670467659831">
        <ele>19.18</ele>
      </trkpt>
      <trkpt lat="53.7693833000958" lon="10.768715227022767">
        <ele>18.8</ele>
      </trkpt>
      <trkpt lat="53.769069984555244" lon="10.768759986385703">
        <ele>18.47</ele>
      </trkpt>
      <trkpt lat="53.76904274336994" lon="10.76876476407051">
        <ele>18.14</ele>
      </trkpt>
      <trkpt lat="53.768729930743575" lon="10.76881991699338">
        <ele>17.77</ele>
      </trkpt>
      <trkpt lat="53.7686441000551" lon="10.768897784873843">
        <ele>17.44</ele>
      </trkpt>
      <trkpt lat="53.76836699433625" lon="10.769148906692863">
        <ele>17.06</ele>
      </trkpt>
      <trkpt lat="53.76808997243643" lon="10.76939994469285">
        <ele>16.7</ele>
      </trkpt>
      <trkpt lat="53.76793993636966" lon="10.769489966332912">
        <ele>16.39</ele>
      </trkpt>
      <trkpt lat="53.76765998080373" lon="10.769579987972975">
        <ele>16.05</ele>
      </trkpt>
      <trkpt lat="53.767439955845475" lon="10.769569929689169">
        <ele>15.78</ele>
      </trkpt>
      <trkpt lat="53.76741271466017" lon="10.769574791193008">
        <ele>15.61</ele>
      </trkpt>
      <trkpt lat="53.76709998585284" lon="10.769629944115877">
        <ele>15.46</ele>
      </trkpt>
      <trkpt lat="53.766989931464195" lon="10.769669925794005">
        <ele>15.4</ele>
      </trkpt>
      <trkpt lat="53.76684995368123" lon="10.769749972969294">
        <ele>15.41</ele>
      </trkpt>
      <trkpt lat="53.76665993593633" lon="10.769909983500838">
        <ele>15.51</ele>
      </trkpt>
      <trkpt lat="53.76651995815337" lon="10.770049961283803">
        <ele>15.69</ele>
      </trkpt>
      <trkpt lat="53.766429936513305" lon="10.770189939066768">
        <ele>15.94</ele>
      </trkpt>
      <trkpt lat="53.766319965943694" lon="10.770419938489795">
        <ele>16.3</ele>
      </trkpt>
      <trkpt lat="53.76621996983886" lon="10.770779941231012">
        <ele>16.73</ele>
      </trkpt>
      <trkpt lat="53.766205217689276" lon="10.770849846303463">
        <ele>17.22</ele>
      </trkpt>
      <trkpt lat="53.76609994098544" lon="10.771349994465709">
        <ele>17.84</ele>
      </trkpt>
      <trkpt lat="53.76606674864888" lon="10.77149810269475">
        <ele>18.51</ele>
      </trkpt>
      <trkpt lat="53.76595535315573" lon="10.771994479000568">
        <ele>19.38</ele>
      </trkpt>
      <trkpt lat="53.765844041481614" lon="10.772490855306387">
        <ele>20.29</ele>
      </trkpt>
      <trkpt lat="53.765732645988464" lon="10.772987231612206">
        <ele>21.31</ele>
      </trkpt>
      <trkpt lat="53.765621334314346" lon="10.773483607918024">
        <ele>22.39</ele>
      </trkpt>
      <trkpt lat="53.7655099388212" lon="10.773979984223843">
        <ele>23.49</ele>
      </trkpt>
      <trkpt lat="53.765493677929044" lon="10.774057768285275">
        <ele>24.65</ele>
      </trkpt>
      <trkpt lat="53.7653889041394" lon="10.774558167904615">
        <ele>25.98</ele>
      </trkpt>
      <trkpt lat="53.76528421416879" lon="10.775058651342988">
        <ele>27.39</ele>
      </trkpt>
      <trkpt lat="53.76517944037914" lon="10.775559050962329">
        <ele>28.82</ele>
      </trkpt>
      <trkpt lat="53.7650746665895" lon="10.776059534400702">
        <ele>30.32</ele>
      </trkpt>
      <trkpt lat="53.764969976618886" lon="10.776559934020042">
        <ele>31.82</ele>
      </trkpt>
      <trkpt lat="53.7649036757648" lon="10.776868723332882">
        <ele>33.33</ele>
      </trkpt>
      <trkpt lat="53.76479655504227" lon="10.777367781847715">
        <ele>34.94</ele>
      </trkpt>
      <trkpt lat="53.764689518138766" lon="10.777866756543517">
        <ele>36.56</ele>
      </trkpt>
      <trkpt lat="53.764582397416234" lon="10.77836581505835">
        <ele>38.28</ele>
      </trkpt>
      <trkpt lat="53.76447536051273" lon="10.778864873573184">
        <ele>40.01</ele>
      </trkpt>
      <trkpt lat="53.7643682397902" lon="10.779363848268986">
        <ele>41.75</ele>
      </trkpt>
      <trkpt lat="53.7642612028867" lon="10.77986290678382">
        <ele>43.57</ele>
      </trkpt>
      <trkpt lat="53.76415408216417" lon="10.780361881479621">
        <ele>45.43</ele>
      </trkpt>
      <trkpt lat="53.76404704526067" lon="10.780860939994454">
        <ele>47.32</ele>
      </trkpt>
      <trkpt lat="53.763939924538136" lon="10.781359998509288">
        <ele>49.22</ele>
      </trkpt>
      <trkpt lat="53.76383506692946" lon="10.781859224662185">
        <ele>51.16</ele>
      </trkpt>
      <trkpt lat="53.76373004168272" lon="10.782359456643462">
        <ele>53.1</ele>
      </trkpt>
      <trkpt lat="53.76362501643598" lon="10.78285968862474">
        <ele>55.04</ele>
      </trkpt>
      <trkpt lat="53.76351999118924" lon="10.783359920606017">
        <ele>56.94</ele>
      </trkpt>
      <trkpt lat="53.76342996954918" lon="10.78370994888246">
        <ele>58.91</ele>
      </trkpt>
      <trkpt lat="53.76334992237389" lon="10.783999962732196">
        <ele>60.82</ele>
      </trkpt>
      <trkpt lat="53.76334246248007" lon="10.78401773236692">
        <ele>62.62</ele>
      </trkpt>
      <trkpt lat="53.763159988448024" lon="10.784449987113476">
        <ele>64.56</ele>
      </trkpt>
      <trkpt lat="53.76295999623835" lon="10.784789957106113">
        <ele>66.4</ele>
      </trkpt>
      <trkpt lat="53.762725722044706" lon="10.785138811916113">
        <ele>68.15</ele>
      </trkpt>
      <trkpt lat="53.76248993910849" lon="10.785489929839969">
        <ele>69.83</ele>
      </trkpt>
      <trkpt lat="53.76227427273989" lon="10.78581590205431">
        <ele>71.49</ele>
      </trkpt>
      <trkpt lat="53.76203999854624" lon="10.786169953644276">
        <ele>73.1</ele>
      </trkpt>
      <trkpt lat="53.76183992251754" lon="10.786469941958785">
        <ele>74.59</ele>
      </trkpt>
      <trkpt lat="53.761769933626056" lon="10.78660991974175">
        <ele>75.94</ele>
      </trkpt>
      <trkpt lat="53.76164998859167" lon="10.786839919164777">
        <ele>77.21</ele>
      </trkpt>
      <trkpt lat="53.761549992486835" lon="10.787089951336384">
        <ele>78.4</ele>
      </trkpt>
      <trkpt lat="53.76142996363342" lon="10.787499994039536">
        <ele>79.46</ele>
      </trkpt>
      <trkpt lat="53.761339941993356" lon="10.787929985672235">
        <ele>80.42</ele>
      </trkpt>
      <trkpt lat="53.76124983653426" lon="10.788359390571713">
        <ele>81.27</ele>
      </trkpt>
      <trkpt lat="53.761144895106554" lon="10.788859706372023">
        <ele>82.0</ele>
      </trkpt>
      <trkpt lat="53.761039953678846" lon="10.7893599383533">
        <ele>82.59</ele>
      </trkpt>
      <trkpt lat="53.76102360896766" lon="10.789438895881176">
        <ele>83.1</ele>
      </trkpt>
      <trkpt lat="53.76091992482543" lon="10.78993996605277">
        <ele>83.52</ele>
      </trkpt>
      <trkpt lat="53.76089754514396" lon="10.790070304647088">
        <ele>83.85</ele>
      </trkpt>
      <trkpt lat="53.76080995425582" lon="10.790579924359918">
        <ele>84.11</ele>
      </trkpt>
      <trkpt lat="53.76078589819372" lon="10.790854934602976">
        <ele>84.21</ele>
      </trkpt>
      <trkpt lat="53.76073996536434" lon="10.791379977017641">
        <ele>84.24</ele>
      </trkpt>
      <trkpt lat="53.76074046827853" lon="10.791409481316805">
        <ele>84.21</ele>
      </trkpt>
      <trkpt lat="53.76074993982911" lon="10.791939971968532">
        <ele>84.08</ele>
      </trkpt>
      <trkpt lat="53.76075563952327" lon="10.791975427418947">
        <ele>83.91</ele>
      </trkpt>
      <trkpt lat="53.76083778217435" lon="10.792487729340792">
        <ele>83.64</ele>
      </trkpt>
      <trkpt lat="53.76091992482543" lon="10.792999947443604">
        <ele>83.28</ele>
      </trkpt>
      <trkpt lat="53.76094129867852" lon="10.793088460341096">
        <ele>82.91</ele>
      </trkpt>
      <trkpt lat="53.761059986427426" lon="10.793579975143075">
        <ele>82.5</ele>
      </trkpt>
      <trkpt lat="53.76106250099838" lon="10.793589614331722">
        <ele>82.03</ele>
      </trkpt>
      <trkpt lat="53.761188397184014" lon="10.794075932353735">
        <ele>81.49</ele>
      </trkpt>
      <trkpt lat="53.76131429336965" lon="10.794562250375748">
        <ele>80.93</ele>
      </trkpt>
      <trkpt lat="53.76144027337432" lon="10.795048484578729">
        <ele>80.33</ele>
      </trkpt>
      <trkpt lat="53.761566169559956" lon="10.795534802600741">
        <ele>79.66</ele>
      </trkpt>
      <trkpt lat="53.761692149564624" lon="10.796021120622754">
        <ele>78.93</ele>
      </trkpt>
      <trkpt lat="53.76181804575026" lon="10.796507354825735">
        <ele>78.24</ele>
      </trkpt>
      <trkpt lat="53.76194402575493" lon="10.796993672847748">
        <ele>77.56</ele>
      </trkpt>
      <trkpt lat="53.762069921940565" lon="10.79747999086976">
        <ele>76.81</ele>
      </trkpt>
      <trkpt lat="53.76211694441736" lon="10.797708565369248">
        <ele>76.06</ele>
      </trkpt>
      <trkpt lat="53.762219958007336" lon="10.79820997081697">
        <ele>75.28</ele>
      </trkpt>
      <trkpt lat="53.76224669627845" lon="10.798534266650677">
        <ele>74.45</ele>
      </trkpt>
      <trkpt lat="53.76228994689882" lon="10.799059979617596">
        <ele>73.6</ele>
      </trkpt>
      <trkpt lat="53.76228994689882" lon="10.799297774210572">
        <ele>72.76</ele>
      </trkpt>
      <trkpt lat="53.76228994689882" lon="10.799828516319394">
        <ele>71.87</ele>
      </trkpt>
      <trkpt lat="53.76228994689882" lon="10.800359258428216">
        <ele>70.97</ele>
      </trkpt>
      <trkpt lat="53.76228994689882" lon="10.800889916718006">
        <ele>70.07</ele>
      </trkpt>
      <trkpt lat="53.76228709705174" lon="10.801336504518986">
        <ele>69.13</ele>
      </trkpt>
      <trkpt lat="53.76228366047144" lon="10.801867246627808">
        <ele>68.2</ele>
      </trkpt>
      <trkpt lat="53.76228022389114" lon="10.802397904917598">
        <ele>67.33</ele>
      </trkpt>
      <trkpt lat="53.76227678731084" lon="10.802928563207388">
        <ele>66.46</ele>
      </trkpt>
      <trkpt lat="53.76227335073054" lon="10.80345930531621">
        <ele>65.63</ele>
      </trkpt>
      <trkpt lat="53.76226999796927" lon="10.803989963606">
        <ele>64.77</ele>
      </trkpt>
      <trkpt lat="53.7622703332454" lon="10.804144274443388">
        <ele>63.95</ele>
      </trkpt>
      <trkpt lat="53.76227150671184" lon="10.80467501655221">
        <ele>63.14</ele>
      </trkpt>
      <trkpt lat="53.762272680178285" lon="10.805205674842">
        <ele>62.29</ele>
      </trkpt>
      <trkpt lat="53.76227393746376" lon="10.805736416950822">
        <ele>61.54</ele>
      </trkpt>
      <trkpt lat="53.762275110930204" lon="10.806267075240612">
        <ele>60.85</ele>
      </trkpt>
      <trkpt lat="53.76227628439665" lon="10.806797817349434">
        <ele>60.13</ele>
      </trkpt>
      <trkpt lat="53.762277541682124" lon="10.807328559458256">
        <ele>59.53</ele>
      </trkpt>
      <trkpt lat="53.76227871514857" lon="10.807859217748046">
        <ele>58.95</ele>
      </trkpt>
      <trkpt lat="53.762279972434044" lon="10.808389959856868">
        <ele>58.42</ele>
      </trkpt>
      <trkpt lat="53.762279972434044" lon="10.80878784880042">
        <ele>57.94</ele>
      </trkpt>
      <trkpt lat="53.762279972434044" lon="10.809318507090211">
        <ele>57.49</ele>
      </trkpt>
      <trkpt lat="53.762279972434044" lon="10.809849249199033">
        <ele>57.08</ele>
      </trkpt>
      <trkpt lat="53.762279972434044" lon="10.810379991307855">
        <ele>56.72</ele>
      </trkpt>
      <trkpt lat="53.762277206406" lon="10.810538493096828">
        <ele>56.36</ele>
      </trkpt>
      <trkpt lat="53.76226815395057" lon="10.811068983748555">
        <ele>56.04</ele>
      </trkpt>
      <trkpt lat="53.762259017676115" lon="10.811599474400282">
        <ele>55.72</ele>
      </trkpt>
      <trkpt lat="53.76224996522069" lon="10.812129965052009">
        <ele>55.46</ele>
      </trkpt>
      <trkpt lat="53.76224996522069" lon="10.812207078561187">
        <ele>55.29</ele>
      </trkpt>
      <trkpt lat="53.76224996522069" lon="10.812737820670009">
        <ele>55.15</ele>
      </trkpt>
      <trkpt lat="53.76224996522069" lon="10.81326856277883">
        <ele>55.06</ele>
      </trkpt>
      <trkpt lat="53.76224996522069" lon="10.81379922106862">
        <ele>54.95</ele>
      </trkpt>
      <trkpt lat="53.76224996522069" lon="10.814329963177443">
        <ele>54.93</ele>
      </trkpt>
      <trkpt lat="53.76224543899298" lon="10.814638836309314">
        <ele>54.93</ele>
      </trkpt>
      <trkpt lat="53.76223772764206" lon="10.815169410780072">
        <ele>54.99</ele>
      </trkpt>
      <trkpt lat="53.76222993247211" lon="10.81569998525083">
        <ele>55.05</ele>
      </trkpt>
      <trkpt lat="53.762202775105834" lon="10.81603417173028">
        <ele>55.13</ele>
      </trkpt>
      <trkpt lat="53.76215994358063" lon="10.81655996851623">
        <ele>55.25</ele>
      </trkpt>
      <trkpt lat="53.76213161274791" lon="10.816728780046105">
        <ele>55.35</ele>
      </trkpt>
      <trkpt lat="53.76204578205943" lon="10.817239405587316">
        <ele>55.48</ele>
      </trkpt>
      <trkpt lat="53.761959951370955" lon="10.817749947309494">
        <ele>55.6</ele>
      </trkpt>
      <trkpt lat="53.76185953617096" lon="10.818229224532843">
        <ele>55.65</ele>
      </trkpt>
      <trkpt lat="53.761754762381315" lon="10.818729624152184">
        <ele>55.67</ele>
      </trkpt>
      <trkpt lat="53.76164998859167" lon="10.819229939952493">
        <ele>55.8</ele>
      </trkpt>
      <trkpt lat="53.76153993420303" lon="10.81960997544229">
        <ele>55.95</ele>
      </trkpt>
      <trkpt lat="53.761449996382" lon="10.819829916581511">
        <ele>56.02</ele>
      </trkpt>
      <trkpt lat="53.76134991645813" lon="10.82003996707499">
        <ele>56.04</ele>
      </trkpt>
      <trkpt lat="53.7612599786371" lon="10.820189919322729">
        <ele>56.05</ele>
      </trkpt>
      <trkpt lat="53.761039953678846" lon="10.820529973134398">
        <ele>55.98</ele>
      </trkpt>
      <trkpt lat="53.76081774942577" lon="10.820823088288307">
        <ele>55.89</ele>
      </trkpt>
      <trkpt lat="53.76056998036802" lon="10.821149982511997">
        <ele>55.8</ele>
      </trkpt>
      <trkpt lat="53.76040996983647" lon="10.821339916437864">
        <ele>55.66</ele>
      </trkpt>
      <trkpt lat="53.7604052759707" lon="10.821345029398799">
        <ele>55.59</ele>
      </trkpt>
      <trkpt lat="53.76013998873532" lon="10.8216299302876">
        <ele>55.46</ele>
      </trkpt>
      <trkpt lat="53.759899931028485" lon="10.821839980781078">
        <ele>55.35</ele>
      </trkpt>
      <trkpt lat="53.75962994992733" lon="10.822069980204105">
        <ele>55.25</ele>
      </trkpt>
      <trkpt lat="53.75956993550062" lon="10.822169976308942">
        <ele>55.15</ele>
      </trkpt>
      <trkpt lat="53.75949994660914" lon="10.822289921343327">
        <ele>55.04</ele>
      </trkpt>
      <trkpt lat="53.75945996493101" lon="10.822439957410097">
        <ele>54.95</ele>
      </trkpt>
      <trkpt lat="53.75943993218243" lon="10.822649924084544">
        <ele>54.83</ele>
      </trkpt>
      <trkpt lat="53.75944999046624" lon="10.822869949042797">
        <ele>54.72</ele>
      </trkpt>
      <trkpt lat="53.75949994660914" lon="10.823099948465824">
        <ele>54.6</ele>
      </trkpt>
      <trkpt lat="53.759619975462556" lon="10.823449976742268">
        <ele>54.48</ele>
      </trkpt>
      <trkpt lat="53.7597799859941" lon="10.823849961161613">
        <ele>54.39</ele>
      </trkpt>
      <trkpt lat="53.75983413308859" lon="10.823964793235064">
        <ele>54.34</ele>
      </trkpt>
      <trkpt lat="53.760029934346676" lon="10.82437994889915">
        <ele>54.33</ele>
      </trkpt>
      <trkpt lat="53.76006614416838" lon="10.824459157884121">
        <ele>54.33</ele>
      </trkpt>
      <trkpt lat="53.76025800593197" lon="10.824879594147205">
        <ele>54.39</ele>
      </trkpt>
      <trkpt lat="53.7604499515146" lon="10.825299946591258">
        <ele>54.38</ele>
      </trkpt>
      <trkpt lat="53.760589929297566" lon="10.825619967654347">
        <ele>54.34</ele>
      </trkpt>
      <trkpt lat="53.76054994761944" lon="10.825899923220277">
        <ele>54.37</ele>
      </trkpt>
      <trkpt lat="53.76046998426318" lon="10.826239977031946">
        <ele>54.42</ele>
      </trkpt>
      <trkpt lat="53.760349955409765" lon="10.826369980350137">
        <ele>54.49</ele>
      </trkpt>
      <trkpt lat="53.760219952091575" lon="10.826469976454973">
        <ele>54.58</ele>
      </trkpt>
      <trkpt lat="53.76012146472931" lon="10.82651917822659">
        <ele>54.69</ele>
      </trkpt>
      <trkpt lat="53.75981996767223" lon="10.826669968664646">
        <ele>54.87</ele>
      </trkpt>
      <trkpt lat="53.759806053712964" lon="10.82667650654912">
        <ele>55.03</ele>
      </trkpt>
      <trkpt lat="53.75950296409428" lon="10.82681824453175">
        <ele>55.16</ele>
      </trkpt>
      <trkpt lat="53.75919995829463" lon="10.826959982514381">
        <ele>55.3</ele>
      </trkpt>
      <trkpt lat="53.75907624140382" lon="10.82701756618917">
        <ele>55.53</ele>
      </trkpt>
      <trkpt lat="53.758773067966104" lon="10.82715880125761">
        <ele>55.77</ele>
      </trkpt>
      <trkpt lat="53.75846997834742" lon="10.827299952507019">
        <ele>56.04</ele>
      </trkpt>
      <trkpt lat="53.75846344046295" lon="10.8272853679955">
        <ele>56.32</ele>
      </trkpt>
      <trkpt lat="53.758463356643915" lon="10.827285116538405">
        <ele>56.63</ele>
      </trkpt>
      <trkpt lat="53.75709056854248" lon="10.827906131744385">
        <ele>56.88</ele>
      </trkpt>
      <trkpt lat="53.75681161880493" lon="10.827959775924683">
        <ele>57.22</ele>
      </trkpt>
      <trkpt lat="53.75668287277222" lon="10.827949047088623">
        <ele>57.55</ele>
      </trkpt>
      <trkpt lat="53.75658631324768" lon="10.828710794448853">
        <ele>58.18</ele>
      </trkpt>
      <trkpt lat="53.75658639706671" lon="10.828710794448853">
        <ele>58.54</ele>
      </trkpt>
      <trkpt lat="53.75654339790344" lon="10.828914642333984">
        <ele>58.96</ele>
      </trkpt>
      <trkpt lat="53.75643610954285" lon="10.829890966415405">
        <ele>59.33</ele>
      </trkpt>
      <trkpt lat="53.75641465187073" lon="10.830749273300171">
        <ele>59.72</ele>
      </trkpt>
      <trkpt lat="53.75643610954285" lon="10.831103324890137">
        <ele>60.04</ele>
      </trkpt>
      <trkpt lat="53.756479024887085" lon="10.831425189971924">
        <ele>60.39</ele>
      </trkpt>
      <trkpt lat="53.75659704208374" lon="10.831929445266724">
        <ele>60.74</ele>
      </trkpt>
      <trkpt lat="53.756994009017944" lon="10.833324193954468">
        <ele>61.17</ele>
      </trkpt>
      <trkpt lat="53.75704765319824" lon="10.833603143692017">
        <ele>61.31</ele>
      </trkpt>
      <trkpt lat="53.75707983970642" lon="10.833925008773804">
        <ele>61.38</ele>
      </trkpt>
      <trkpt lat="53.75706911087036" lon="10.83424687385559">
        <ele>61.46</ele>
      </trkpt>
      <trkpt lat="53.75704765319824" lon="10.83451509475708">
        <ele>61.59</ele>
      </trkpt>
      <trkpt lat="53.75690817832947" lon="10.835448503494263">
        <ele>61.74</ele>
      </trkpt>
      <trkpt lat="53.7569082621485" lon="10.835448503494263">
        <ele>61.81</ele>
      </trkpt>
      <trkpt lat="53.75679016113281" lon="10.836231708526611">
        <ele>61.77</ele>
      </trkpt>
      <trkpt lat="53.75638246536255" lon="10.838398933410645">
        <ele>61.91</ele>
      </trkpt>
      <trkpt lat="53.75638254918158" lon="10.838398933410645">
        <ele>61.89</ele>
      </trkpt>
      <trkpt lat="53.7563503626734" lon="10.838710069656372">
        <ele>61.8</ele>
      </trkpt>
      <trkpt lat="53.75633955001831" lon="10.839171409606934">
        <ele>61.67</ele>
      </trkpt>
      <trkpt lat="53.7563503626734" lon="10.8395254611969">
        <ele>61.55</ele>
      </trkpt>
      <trkpt lat="53.75637173652649" lon="10.839922428131104">
        <ele>61.41</ele>
      </trkpt>
      <trkpt lat="53.75636100769043" lon="10.840233564376831">
        <ele>61.24</ele>
      </trkpt>
      <trkpt lat="53.75631809234619" lon="10.840544700622559">
        <ele>61.05</ele>
      </trkpt>
      <trkpt lat="53.756210803985596" lon="10.84102749824524">
        <ele>60.81</ele>
      </trkpt>
      <trkpt lat="53.75614643096924" lon="10.841209888458252">
        <ele>60.58</ele>
      </trkpt>
      <trkpt lat="53.75607132911682" lon="10.841403007507324">
        <ele>60.38</ele>
      </trkpt>
      <trkpt lat="53.75592112541199" lon="10.841660499572754">
        <ele>60.13</ele>
      </trkpt>
      <trkpt lat="53.75415086746216" lon="10.843602418899536">
        <ele>60.12</ele>
      </trkpt>
      <trkpt lat="53.752970695495605" lon="10.8450186252594">
        <ele>59.77</ele>
      </trkpt>
      <trkpt lat="53.75208028592169" lon="10.846155881881714">
        <ele>59.28</ele>
      </trkpt>
      <trkpt lat="53.75185489654541" lon="10.846413373947144">
        <ele>59.0</ele>
      </trkpt>
      <trkpt lat="53.750234842300415" lon="10.84850549697876">
        <ele>58.72</ele>
      </trkpt>
      <trkpt lat="53.750119507312775" lon="10.8486139588058">
        <ele>58.48</ele>
      </trkpt>
      <trkpt lat="53.75011942349374" lon="10.848614126443863">
        <ele>58.25</ele>
      </trkpt>
      <trkpt lat="53.7500524520874" lon="10.848677158355713">
        <ele>58.02</ele>
      </trkpt>
      <trkpt lat="53.74959111213684" lon="10.8489990234375">
        <ele>57.76</ele>
      </trkpt>
      <trkpt lat="53.74939799308777" lon="10.849213600158691">
        <ele>57.57</ele>
      </trkpt>
      <trkpt lat="53.74927997589111" lon="10.849406719207764">
        <ele>57.41</ele>
      </trkpt>
      <trkpt lat="53.74905467033386" lon="10.85001826286316">
        <ele>57.25</ele>
      </trkpt>
      <trkpt lat="53.749054754152894" lon="10.85001826286316">
        <ele>57.08</ele>
      </trkpt>
      <trkpt lat="53.74868988990784" lon="10.850930213928223">
        <ele>56.87</ele>
      </trkpt>
      <trkpt lat="53.74861478805542" lon="10.851058959960938">
        <ele>56.71</ele>
      </trkpt>
      <trkpt lat="53.748518228530884" lon="10.851176977157593">
        <ele>56.57</ele>
      </trkpt>
      <trkpt lat="53.74837875366211" lon="10.851305723190308">
        <ele>56.43</ele>
      </trkpt>
      <trkpt lat="53.7479389552027" lon="10.851627588272095">
        <ele>56.32</ele>
      </trkpt>
      <trkpt lat="53.74772437848151" lon="10.85176706314087">
        <ele>56.16</ele>
      </trkpt>
      <trkpt lat="53.747563445940614" lon="10.851863622665405">
        <ele>56.02</ele>
      </trkpt>
      <trkpt lat="53.74681234359741" lon="10.852346420288086">
        <ele>55.83</ele>
      </trkpt>
      <trkpt lat="53.7466299533844" lon="10.852550268173218">
        <ele>55.61</ele>
      </trkpt>
      <trkpt lat="53.746275901794434" lon="10.853172540664673">
        <ele>55.42</ele>
      </trkpt>
      <trkpt lat="53.74613642692566" lon="10.853515863418579">
        <ele>55.26</ele>
      </trkpt>
      <trkpt lat="53.746061408892274" lon="10.85397720336914">
        <ele>55.05</ele>
      </trkpt>
      <trkpt lat="53.74602913856506" lon="10.854320526123047">
        <ele>54.85</ele>
      </trkpt>
      <trkpt lat="53.74603986740112" lon="10.854567289352417">
        <ele>54.61</ele>
      </trkpt>
      <trkpt lat="53.74687671661377" lon="10.855865478515625">
        <ele>54.26</ele>
      </trkpt>
      <trkpt lat="53.746962547302246" lon="10.85599422454834">
        <ele>54.0</ele>
      </trkpt>
      <trkpt lat="53.74711275100708" lon="10.856337547302246">
        <ele>53.74</ele>
      </trkpt>
      <trkpt lat="53.747273683547974" lon="10.857099294662476">
        <ele>53.47</ele>
      </trkpt>
      <trkpt lat="53.74729514122009" lon="10.85750699043274">
        <ele>53.19</ele>
      </trkpt>
      <trkpt lat="53.747241497039795" lon="10.858118534088135">
        <ele>52.93</ele>
      </trkpt>
      <trkpt lat="53.74710202217102" lon="10.858644247055054">
        <ele>52.61</ele>
      </trkpt>
      <trkpt lat="53.74693036079407" lon="10.859062671661377">
        <ele>52.26</ele>
      </trkpt>
      <trkpt lat="53.746479749679565" lon="10.859802961349487">
        <ele>51.92</ele>
      </trkpt>
      <trkpt lat="53.7464798334986" lon="10.859802961349487">
        <ele>51.59</ele>
      </trkpt>
      <trkpt lat="53.74609351158142" lon="10.86047887802124">
        <ele>51.13</ele>
      </trkpt>
      <trkpt lat="53.746018493548036" lon="10.860757827758789">
        <ele>50.74</ele>
      </trkpt>
      <trkpt lat="53.746018409729004" lon="10.860757827758789">
        <ele>50.41</ele>
      </trkpt>
      <trkpt lat="53.745771646499634" lon="10.860650539398193">
        <ele>50.05</ele>
      </trkpt>
      <trkpt lat="53.74531030654907" lon="10.860393047332764">
        <ele>49.82</ele>
      </trkpt>
      <trkpt lat="53.74255299568176" lon="10.859320163726807">
        <ele>49.55</ele>
      </trkpt>
      <trkpt lat="53.74240279197693" lon="10.858794450759888">
        <ele>49.23</ele>
      </trkpt>
      <trkpt lat="53.74228477478027" lon="10.858708620071411">
        <ele>48.93</ele>
      </trkpt>
      <trkpt lat="53.74216675758362" lon="10.85875153541565">
        <ele>48.62</ele>
      </trkpt>
      <trkpt lat="53.74204874038696" lon="10.859030485153198">
        <ele>48.29</ele>
      </trkpt>
      <trkpt lat="53.74193072319031" lon="10.859116315841675">
        <ele>48.0</ele>
      </trkpt>
      <trkpt lat="53.74060034751892" lon="10.85850477218628">
        <ele>47.63</ele>
      </trkpt>
      <trkpt lat="53.74032139778137" lon="10.85850477218628">
        <ele>47.37</ele>
      </trkpt>
      <trkpt lat="53.74011763371527" lon="10.858440399169922">
        <ele>47.12</ele>
      </trkpt>
      <trkpt lat="53.739784955978394" lon="10.858279466629028">
        <ele>46.9</ele>
      </trkpt>
      <trkpt lat="53.73963475227356" lon="10.858161449432373">
        <ele>46.69</ele>
      </trkpt>
      <trkpt lat="53.73923786915839" lon="10.85798978805542">
        <ele>46.47</ele>
      </trkpt>
      <trkpt lat="53.7376606464386" lon="10.857313871383667">
        <ele>46.28</ele>
      </trkpt>
      <trkpt lat="53.73697408474982" lon="10.857099294662476">
        <ele>46.25</ele>
      </trkpt>
      <trkpt lat="53.73656630516052" lon="10.856916904449463">
        <ele>46.1</ele>
      </trkpt>
      <trkpt lat="53.73624452389777" lon="10.85673451423645">
        <ele>45.96</ele>
      </trkpt>
      <trkpt lat="53.735761726275086" lon="10.856541395187378">
        <ele>45.89</ele>
      </trkpt>
      <trkpt lat="53.73413094319403" lon="10.855886936187744">
        <ele>45.72</ele>
      </trkpt>
      <trkpt lat="53.732317769899964" lon="10.855125188827515">
        <ele>45.54</ele>
      </trkpt>
      <trkpt lat="53.73193144798279" lon="10.85497498512268">
        <ele>45.54</ele>
      </trkpt>
      <trkpt lat="53.73196363449097" lon="10.855189561843872">
        <ele>45.61</ele>
      </trkpt>
      <trkpt lat="53.73213537968695" lon="10.857034921646118">
        <ele>45.86</ele>
      </trkpt>
      <trkpt lat="53.73225339688361" lon="10.858311653137207">
        <ele>46.07</ele>
      </trkpt>
      <trkpt lat="53.73231768608093" lon="10.859051942825317">
        <ele>46.35</ele>
      </trkpt>
      <trkpt lat="53.73240360058844" lon="10.859620571136475">
        <ele>46.6</ele>
      </trkpt>
      <trkpt lat="53.7325644493103" lon="10.860650539398193">
        <ele>46.84</ele>
      </trkpt>
      <trkpt lat="53.732564533129334" lon="10.860650539398193">
        <ele>47.06</ele>
      </trkpt>
      <trkpt lat="53.73260744847357" lon="10.86097240447998">
        <ele>47.29</ele>
      </trkpt>
      <trkpt lat="53.732832754030824" lon="10.862592458724976">
        <ele>47.39</ele>
      </trkpt>
      <trkpt lat="53.73291850090027" lon="10.863182544708252">
        <ele>47.71</ele>
      </trkpt>
      <trkpt lat="53.73304724693298" lon="10.863708257675171">
        <ele>47.97</ele>
      </trkpt>
      <trkpt lat="53.73341211117804" lon="10.864652395248413">
        <ele>48.35</ele>
      </trkpt>
      <trkpt lat="53.73381972312927" lon="10.865671634674072">
        <ele>48.66</ele>
      </trkpt>
      <trkpt lat="53.73392701148987" lon="10.866025686264038">
        <ele>48.91</ele>
      </trkpt>
      <trkpt lat="53.733991384506226" lon="10.866315364837646">
        <ele>49.21</ele>
      </trkpt>
      <trkpt lat="53.73405575752258" lon="10.866776704788208">
        <ele>49.49</ele>
      </trkpt>
      <trkpt lat="53.734055841341615" lon="10.866776704788208">
        <ele>49.87</ele>
      </trkpt>
      <trkpt lat="53.73415231704712" lon="10.867549180984497">
        <ele>50.08</ele>
      </trkpt>
      <trkpt lat="53.734484910964966" lon="10.868804454803467">
        <ele>50.64</ele>
      </trkpt>
      <trkpt lat="53.734517181292176" lon="10.86896538734436">
        <ele>51.1</ele>
      </trkpt>
      <trkpt lat="53.73449572362006" lon="10.869126319885254">
        <ele>51.56</ele>
      </trkpt>
      <trkpt lat="53.73442053794861" lon="10.869297981262207">
        <ele>52.04</ele>
      </trkpt>
      <trkpt lat="53.733969926834106" lon="10.86973786354065">
        <ele>52.75</ele>
      </trkpt>
      <trkpt lat="53.73397001065314" lon="10.86973786354065">
        <ele>53.19</ele>
      </trkpt>
      <trkpt lat="53.73345502652228" lon="10.87020993232727">
        <ele>53.8</ele>
      </trkpt>
      <trkpt lat="53.73333700932562" lon="10.870306491851807">
        <ele>54.21</ele>
      </trkpt>
      <trkpt lat="53.73319753445685" lon="10.870435237884521">
        <ele>54.58</ele>
      </trkpt>
      <trkpt lat="53.73312243260443" lon="10.870510339736938">
        <ele>54.95</ele>
      </trkpt>
      <trkpt lat="53.73255372047424" lon="10.870928764343262">
        <ele>55.22</ele>
      </trkpt>
      <trkpt lat="53.732285499572754" lon="10.871100425720215">
        <ele>55.63</ele>
      </trkpt>
      <trkpt lat="53.732028007507324" lon="10.87121844291687">
        <ele>56.03</ele>
      </trkpt>
      <trkpt lat="53.73156666755676" lon="10.871336460113525">
        <ele>56.35</ele>
      </trkpt>
      <trkpt lat="53.73120188713074" lon="10.871368646621704">
        <ele>56.63</ele>
      </trkpt>
      <trkpt lat="53.72986078262329" lon="10.871261358261108">
        <ele>56.91</ele>
      </trkpt>
      <trkpt lat="53.72986086644232" lon="10.871261358261108">
        <ele>57.12</ele>
      </trkpt>
      <trkpt lat="53.72860550880432" lon="10.871325731277466">
        <ele>57.53</ele>
      </trkpt>
      <trkpt lat="53.72730731964111" lon="10.871604681015015">
        <ele>57.48</ele>
      </trkpt>
      <trkpt lat="53.72618079185486" lon="10.872001647949219">
        <ele>57.59</ele>
      </trkpt>
      <trkpt lat="53.72547268867493" lon="10.872141122817993">
        <ele>57.54</ele>
      </trkpt>
      <trkpt lat="53.724517822265625" lon="10.872033834457397">
        <ele>57.5</ele>
      </trkpt>
      <trkpt lat="53.72323036193848" lon="10.87146520614624">
        <ele>57.61</ele>
      </trkpt>
      <trkpt lat="53.72185707092285" lon="10.871046781539917">
        <ele>57.59</ele>
      </trkpt>
      <trkpt lat="53.72031211853027" lon="10.871089696884155">
        <ele>57.57</ele>
      </trkpt>
      <trkpt lat="53.71936798095703" lon="10.871304273605347">
        <ele>57.24</ele>
      </trkpt>
      <trkpt lat="53.71767282485962" lon="10.872302055358887">
        <ele>57.03</ele>
      </trkpt>
      <trkpt lat="53.7171471118927" lon="10.872495174407959">
        <ele>57.04</ele>
      </trkpt>
      <trkpt lat="53.71656775474548" lon="10.872548818588257">
        <ele>57.26</ele>
      </trkpt>
      <trkpt lat="53.71643900871277" lon="10.872559547424316">
        <ele>57.2</ele>
      </trkpt>
      <trkpt lat="53.7164390925318" lon="10.872559547424316">
        <ele>57.09</ele>
      </trkpt>
      <trkpt lat="53.7156343460083" lon="10.872355699539185">
        <ele>57.28</ele>
      </trkpt>
      <trkpt lat="53.71545195579529" lon="10.872344970703125">
        <ele>57.19</ele>
      </trkpt>
      <trkpt lat="53.71525892056525" lon="10.872366428375244">
        <ele>57.04</ele>
      </trkpt>
      <trkpt lat="53.71497988700867" lon="10.8724844455719">
        <ele>56.84</ele>
      </trkpt>
      <trkpt lat="53.71470102109015" lon="10.872677564620972">
        <ele>56.62</ele>
      </trkpt>
      <trkpt lat="53.714550733566284" lon="10.87296724319458">
        <ele>56.41</ele>
      </trkpt>
      <trkpt lat="53.71441125869751" lon="10.873364210128784">
        <ele>56.12</ele>
      </trkpt>
      <trkpt lat="53.714271783828735" lon="10.874168872833252">
        <ele>55.72</ele>
      </trkpt>
      <trkpt lat="53.71363878250122" lon="10.881185531616211">
        <ele>54.68</ele>
      </trkpt>
      <trkpt lat="53.71299513615668" lon="10.888223648071289">
        <ele>54.25</ele>
      </trkpt>
      <trkpt lat="53.71245861053467" lon="10.894145965576172">
        <ele>53.76</ele>
      </trkpt>
      <trkpt lat="53.71239423751831" lon="10.894628763198853">
        <ele>53.38</ele>
      </trkpt>
      <trkpt lat="53.71239432133734" lon="10.894628763198853">
        <ele>52.97</ele>
      </trkpt>
      <trkpt lat="53.71219038963318" lon="10.895648002624512">
        <ele>52.48</ele>
      </trkpt>
      <trkpt lat="53.71037721633911" lon="10.904134511947632">
        <ele>52.09</ele>
      </trkpt>
      <trkpt lat="53.70973348617554" lon="10.90718150138855">
        <ele>51.76</ele>
      </trkpt>
      <trkpt lat="53.70926150120795" lon="10.90918779373169">
        <ele>51.35</ele>
      </trkpt>
      <trkpt lat="53.70763063430786" lon="10.91316819190979">
        <ele>51.18</ele>
      </trkpt>
      <trkpt lat="53.70718002319336" lon="10.91417670249939">
        <ele>50.82</ele>
      </trkpt>
      <trkpt lat="53.70642900466919" lon="10.915710926055908">
        <ele>50.5</ele>
      </trkpt>
      <trkpt lat="53.70649337768555" lon="10.915828943252563">
        <ele>50.16</ele>
      </trkpt>
      <trkpt lat="53.70649337768555" lon="10.915893316268921">
        <ele>49.86</ele>
      </trkpt>
      <trkpt lat="53.70616086758673" lon="10.916537046432495">
        <ele>49.58</ele>
      </trkpt>
      <trkpt lat="53.7061607837677" lon="10.916537046432495">
        <ele>49.3</ele>
      </trkpt>
      <trkpt lat="53.706032037734985" lon="10.916826725006104">
        <ele>49.07</ele>
      </trkpt>
      <trkpt lat="53.706010580062866" lon="10.917030572891235">
        <ele>48.82</ele>
      </trkpt>
      <trkpt lat="53.706042766571045" lon="10.917727947235107">
        <ele>48.53</ele>
      </trkpt>
      <trkpt lat="53.70618224143982" lon="10.919262170791626">
        <ele>48.23</ele>
      </trkpt>
      <trkpt lat="53.706321716308594" lon="10.92116117477417">
        <ele>47.89</ele>
      </trkpt>
      <trkpt lat="53.70648264884949" lon="10.92367172241211">
        <ele>47.77</ele>
      </trkpt>
      <trkpt lat="53.70652564801276" lon="10.928124189376831">
        <ele>47.71</ele>
      </trkpt>
      <trkpt lat="53.70653637684882" lon="10.928757190704346">
        <ele>47.56</ele>
      </trkpt>
      <trkpt lat="53.70658348314464" lon="10.932334084063768">
        <ele>47.57</ele>
      </trkpt>
      <trkpt lat="53.70658256113529" lon="10.932334000244737">
        <ele>47.49</ele>
      </trkpt>
      <trkpt lat="53.70658197440207" lon="10.932334084063768">
        <ele>47.42</ele>
      </trkpt>
      <trkpt lat="53.706588596105576" lon="10.932849319651723">
        <ele>47.36</ele>
      </trkpt>
      <trkpt lat="53.70659513399005" lon="10.933364555239677">
        <ele>47.32</ele>
      </trkpt>
      <trkpt lat="53.706601755693555" lon="10.933879790827632">
        <ele>47.3</ele>
      </trkpt>
      <trkpt lat="53.70660829357803" lon="10.934395026415586">
        <ele>47.25</ele>
      </trkpt>
      <trkpt lat="53.706614915281534" lon="10.934910262003541">
        <ele>47.14</ele>
      </trkpt>
      <trkpt lat="53.70662145316601" lon="10.935425497591496">
        <ele>47.13</ele>
      </trkpt>
      <trkpt lat="53.70662807486951" lon="10.93594073317945">
        <ele>47.21</ele>
      </trkpt>
      <trkpt lat="53.70663461275399" lon="10.936455968767405">
        <ele>47.28</ele>
      </trkpt>
      <trkpt lat="53.70664123445749" lon="10.936971204355359">
        <ele>47.35</ele>
      </trkpt>
      <trkpt lat="53.70664777234197" lon="10.937486523762345">
        <ele>47.49</ele>
      </trkpt>
      <trkpt lat="53.70665439404547" lon="10.9380017593503">
        <ele>47.64</ele>
      </trkpt>
      <trkpt lat="53.706660931929946" lon="10.938516994938254">
        <ele>47.72</ele>
      </trkpt>
      <trkpt lat="53.70654492639005" lon="10.93853099271655">
        <ele>47.85</ele>
      </trkpt>
      <trkpt lat="53.70625415816903" lon="10.938583128154278">
        <ele>47.91</ele>
      </trkpt>
      <trkpt lat="53.705961126834154" lon="10.938635766506195">
        <ele>47.95</ele>
      </trkpt>
      <trkpt lat="53.70566809549928" lon="10.93868832103908">
        <ele>48.11</ele>
      </trkpt>
      <trkpt lat="53.7053750641644" lon="10.938740875571966">
        <ele>48.24</ele>
      </trkpt>
      <trkpt lat="53.70508203282952" lon="10.938793513923883">
        <ele>48.31</ele>
      </trkpt>
      <trkpt lat="53.70478908531368" lon="10.938846068456769">
        <ele>48.44</ele>
      </trkpt>
      <trkpt lat="53.7044960539788" lon="10.938898622989655">
        <ele>48.56</ele>
      </trkpt>
      <trkpt lat="53.704203022643924" lon="10.938951261341572">
        <ele>48.68</ele>
      </trkpt>
      <trkpt lat="53.70390999130905" lon="10.939003815874457">
        <ele>48.74</ele>
      </trkpt>
      <trkpt lat="53.70361695997417" lon="10.939056370407343">
        <ele>48.81</ele>
      </trkpt>
      <trkpt lat="53.70332392863929" lon="10.939108924940228">
        <ele>48.89</ele>
      </trkpt>
      <trkpt lat="53.703036177903414" lon="10.93915594741702">
        <ele>49.01</ele>
      </trkpt>
      <trkpt lat="53.70274666696787" lon="10.939203221350908">
        <ele>49.07</ele>
      </trkpt>
      <trkpt lat="53.702457156032324" lon="10.939250411465764">
        <ele>49.2</ele>
      </trkpt>
      <trkpt lat="53.70216764509678" lon="10.939297685399652">
        <ele>49.33</ele>
      </trkpt>
      <trkpt lat="53.7018780503422" lon="10.939344959333539">
        <ele>49.39</ele>
      </trkpt>
      <trkpt lat="53.70158853940666" lon="10.939392233267426">
        <ele>49.45</ele>
      </trkpt>
      <trkpt lat="53.70129902847111" lon="10.939439423382282">
        <ele>49.49</ele>
      </trkpt>
      <trkpt lat="53.70100951753557" lon="10.93948669731617">
        <ele>49.53</ele>
      </trkpt>
      <trkpt lat="53.70071992278099" lon="10.939533971250057">
        <ele>49.51</ele>
      </trkpt>
      <trkpt lat="53.70041113346815" lon="10.939577305689454">
        <ele>49.5</ele>
      </trkpt>
      <trkpt lat="53.700101086869836" lon="10.939620807766914">
        <ele>49.55</ele>
      </trkpt>
      <trkpt lat="53.69979112409055" lon="10.939664393663406">
        <ele>49.54</ele>
      </trkpt>
      <trkpt lat="53.69948107749224" lon="10.939707895740867">
        <ele>49.45</ele>
      </trkpt>
      <trkpt lat="53.69917103089392" lon="10.939751397818327">
        <ele>49.29</ele>
      </trkpt>
      <trkpt lat="53.69886098429561" lon="10.939794983714819">
        <ele>49.15</ele>
      </trkpt>
      <trkpt lat="53.6985884886235" lon="10.939839743077755">
        <ele>48.98</ele>
      </trkpt>
      <trkpt lat="53.69831473566592" lon="10.939884837716818">
        <ele>48.77</ele>
      </trkpt>
      <trkpt lat="53.698040982708335" lon="10.939929848536849">
        <ele>48.52</ele>
      </trkpt>
      <trkpt lat="53.69776722975075" lon="10.93997485935688">
        <ele>48.24</ele>
      </trkpt>
      <trkpt lat="53.69749347679317" lon="10.940019870176911">
        <ele>47.97</ele>
      </trkpt>
      <trkpt lat="53.69721972383559" lon="10.940064964815974">
        <ele>47.74</ele>
      </trkpt>
      <trkpt lat="53.696945970878005" lon="10.940109975636005">
        <ele>47.51</ele>
      </trkpt>
      <trkpt lat="53.69672259315848" lon="10.940116932615638">
        <ele>47.21</ele>
      </trkpt>
      <trkpt lat="53.69649896398187" lon="10.940123973414302">
        <ele>46.78</ele>
      </trkpt>
      <trkpt lat="53.6963140591979" lon="10.940123470500112">
        <ele>46.39</ele>
      </trkpt>
      <trkpt lat="53.696128986775875" lon="10.940122967585921">
        <ele>46.01</ele>
      </trkpt>
      <trkpt lat="53.695844169706106" lon="10.940118692815304">
        <ele>45.69</ele>
      </trkpt>
      <trkpt lat="53.695557843893766" lon="10.940114501863718">
        <ele>45.33</ele>
      </trkpt>
      <trkpt lat="53.69527151808143" lon="10.9401102270931">
        <ele>45.02</ele>
      </trkpt>
      <trkpt lat="53.69498519226909" lon="10.940105952322483">
        <ele>44.68</ele>
      </trkpt>
      <trkpt lat="53.69469886645675" lon="10.940101677551866">
        <ele>44.38</ele>
      </trkpt>
      <trkpt lat="53.69441262446344" lon="10.94009748660028">
        <ele>44.13</ele>
      </trkpt>
      <trkpt lat="53.6941262986511" lon="10.940093211829662">
        <ele>43.91</ele>
      </trkpt>
      <trkpt lat="53.69383997283876" lon="10.940088937059045">
        <ele>43.69</ele>
      </trkpt>
      <trkpt lat="53.69356798008084" lon="10.940160937607288">
        <ele>43.51</ele>
      </trkpt>
      <trkpt lat="53.69328198954463" lon="10.940342992544174">
        <ele>43.4</ele>
      </trkpt>
      <trkpt lat="53.69305148720741" lon="10.940618505701423">
        <ele>43.26</ele>
      </trkpt>
      <trkpt lat="53.69281964376569" lon="10.940895695239305">
        <ele>43.16</ele>
      </trkpt>
      <trkpt lat="53.69258780032396" lon="10.941172800958157">
        <ele>43.1</ele>
      </trkpt>
      <trkpt lat="53.69235595688224" lon="10.94144999049604">
        <ele>43.07</ele>
      </trkpt>
      <trkpt lat="53.69224891997874" lon="10.94158099964261">
        <ele>43.09</ele>
      </trkpt>
      <trkpt lat="53.692070972174406" lon="10.94181896187365">
        <ele>43.17</ele>
      </trkpt>
      <trkpt lat="53.69188095442951" lon="10.942134959623218">
        <ele>43.3</ele>
      </trkpt>
      <trkpt lat="53.69179495610297" lon="10.942349955439568">
        <ele>43.48</ele>
      </trkpt>
      <trkpt lat="53.69172798469663" lon="10.942519940435886">
        <ele>43.68</ele>
      </trkpt>
      <trkpt lat="53.69162052869797" lon="10.942898970097303">
        <ele>43.98</ele>
      </trkpt>
      <trkpt lat="53.69151223450899" lon="10.943281017243862">
        <ele>44.3</ele>
      </trkpt>
      <trkpt lat="53.691403940320015" lon="10.94366298057139">
        <ele>44.59</ele>
      </trkpt>
      <trkpt lat="53.691281732171774" lon="10.943963807076216">
        <ele>44.88</ele>
      </trkpt>
      <trkpt lat="53.69115893729031" lon="10.94426597468555">
        <ele>45.19</ele>
      </trkpt>
      <trkpt lat="53.6910212226212" lon="10.94452547840774">
        <ele>45.43</ele>
      </trkpt>
      <trkpt lat="53.69088292121887" lon="10.944785987958312">
        <ele>45.64</ele>
      </trkpt>
      <trkpt lat="53.69066582992673" lon="10.945096956565976">
        <ele>45.82</ele>
      </trkpt>
      <trkpt lat="53.6904479842633" lon="10.94540893100202">
        <ele>45.97</ele>
      </trkpt>
      <trkpt lat="53.69029115885496" lon="10.945575730875134">
        <ele>46.13</ele>
      </trkpt>
      <trkpt lat="53.690133998170495" lon="10.945742949843407">
        <ele>46.3</ele>
      </trkpt>
      <trkpt lat="53.68990399874747" lon="10.945945959538221">
        <ele>46.38</ele>
      </trkpt>
      <trkpt lat="53.68970710784197" lon="10.946068838238716">
        <ele>46.47</ele>
      </trkpt>
      <trkpt lat="53.689509965479374" lon="10.946191968396306">
        <ele>46.55</ele>
      </trkpt>
      <trkpt lat="53.68920695967972" lon="10.946323480457067">
        <ele>46.65</ele>
      </trkpt>
      <trkpt lat="53.68890236131847" lon="10.946455746889114">
        <ele>46.73</ele>
      </trkpt>
      <trkpt lat="53.688597679138184" lon="10.946588013321161">
        <ele>46.74</ele>
      </trkpt>
      <trkpt lat="53.6882929969579" lon="10.946720195934176">
        <ele>46.7</ele>
      </trkpt>
      <trkpt lat="53.68798831477761" lon="10.946852462366223">
        <ele>46.71</ele>
      </trkpt>
      <trkpt lat="53.68768363259733" lon="10.94698472879827">
        <ele>46.7</ele>
      </trkpt>
      <trkpt lat="53.68737895041704" lon="10.947116995230317">
        <ele>46.69</ele>
      </trkpt>
      <trkpt lat="53.68722405284643" lon="10.947197880595922">
        <ele>46.67</ele>
      </trkpt>
      <trkpt lat="53.68706898763776" lon="10.947278933599591">
        <ele>46.63</ele>
      </trkpt>
      <trkpt lat="53.686816692352295" lon="10.94758621416986">
        <ele>46.53</ele>
      </trkpt>
      <trkpt lat="53.686562133952975" lon="10.947896176949143">
        <ele>46.41</ele>
      </trkpt>
      <trkpt lat="53.686307575553656" lon="10.948206139728427">
        <ele>46.33</ele>
      </trkpt>
      <trkpt lat="53.686053017154336" lon="10.94851610250771">
        <ele>46.31</ele>
      </trkpt>
      <trkpt lat="53.685798458755016" lon="10.948825981467962">
        <ele>46.24</ele>
      </trkpt>
      <trkpt lat="53.68554398417473" lon="10.949135944247246">
        <ele>46.17</ele>
      </trkpt>
      <trkpt lat="53.68532320484519" lon="10.949324704706669">
        <ele>46.11</ele>
      </trkpt>
      <trkpt lat="53.68510192260146" lon="10.949513968080282">
        <ele>46.06</ele>
      </trkpt>
      <trkpt lat="53.684886088594794" lon="10.949595356360078">
        <ele>45.95</ele>
      </trkpt>
      <trkpt lat="53.684669919312" lon="10.949676996096969">
        <ele>45.81</ele>
      </trkpt>
      <trkpt lat="53.684381917119026" lon="10.94972594641149">
        <ele>45.62</ele>
      </trkpt>
      <trkpt lat="53.6840829346329" lon="10.949709936976433">
        <ele>45.43</ele>
      </trkpt>
      <trkpt lat="53.683790657669306" lon="10.949653359130025">
        <ele>45.2</ele>
      </trkpt>
      <trkpt lat="53.68349670432508" lon="10.94959644600749">
        <ele>45.03</ele>
      </trkpt>
      <trkpt lat="53.683202750980854" lon="10.949539532884955">
        <ele>44.86</ele>
      </trkpt>
      <trkpt lat="53.68290879763663" lon="10.94948261976242">
        <ele>44.64</ele>
      </trkpt>
      <trkpt lat="53.6826148442924" lon="10.949425706639886">
        <ele>44.34</ele>
      </trkpt>
      <trkpt lat="53.682320890948176" lon="10.949368793517351">
        <ele>43.95</ele>
      </trkpt>
      <trkpt lat="53.68202693760395" lon="10.949311880394816">
        <ele>43.61</ele>
      </trkpt>
      <trkpt lat="53.681732984259725" lon="10.949254967272282">
        <ele>43.31</ele>
      </trkpt>
      <trkpt lat="53.68146459572017" lon="10.949282459914684">
        <ele>43.04</ele>
      </trkpt>
      <trkpt lat="53.681195955723524" lon="10.949309952557087">
        <ele>42.68</ele>
      </trkpt>
      <trkpt lat="53.680972158908844" lon="10.94942587427795">
        <ele>42.3</ele>
      </trkpt>
      <trkpt lat="53.680747942999005" lon="10.949541963636875">
        <ele>41.98</ele>
      </trkpt>
      <trkpt lat="53.68053822778165" lon="10.949731729924679">
        <ele>41.7</ele>
      </trkpt>
      <trkpt lat="53.68032792583108" lon="10.949921999126673">
        <ele>41.48</ele>
      </trkpt>
      <trkpt lat="53.68010773323476" lon="10.950256269425154">
        <ele>41.29</ele>
      </trkpt>
      <trkpt lat="53.679884523153305" lon="10.950595065951347">
        <ele>41.13</ele>
      </trkpt>
      <trkpt lat="53.679661229252815" lon="10.950933862477541">
        <ele>41.04</ele>
      </trkpt>
      <trkpt lat="53.67943801917136" lon="10.951272659003735">
        <ele>40.9</ele>
      </trkpt>
      <trkpt lat="53.67921472527087" lon="10.95161153934896">
        <ele>40.81</ele>
      </trkpt>
      <trkpt lat="53.67899151518941" lon="10.951950335875154">
        <ele>40.76</ele>
      </trkpt>
      <trkpt lat="53.67876822128892" lon="10.952289132401347">
        <ele>40.73</ele>
      </trkpt>
      <trkpt lat="53.67854492738843" lon="10.95262792892754">
        <ele>40.68</ele>
      </trkpt>
      <trkpt lat="53.67838273756206" lon="10.952844098210335">
        <ele>40.63</ele>
      </trkpt>
      <trkpt lat="53.67821996100247" lon="10.953060938045382">
        <ele>40.56</ele>
      </trkpt>
      <trkpt lat="53.67819297127426" lon="10.953098991885781">
        <ele>40.52</ele>
      </trkpt>
      <trkpt lat="53.67800513282418" lon="10.95325581729412">
        <ele>40.41</ele>
      </trkpt>
      <trkpt lat="53.67781695909798" lon="10.953412977978587">
        <ele>40.34</ele>
      </trkpt>
      <trkpt lat="53.6775379255414" lon="10.953516997396946">
        <ele>40.35</ele>
      </trkpt>
      <trkpt lat="53.677233159542084" lon="10.95354750752449">
        <ele>40.42</ele>
      </trkpt>
      <trkpt lat="53.676927387714386" lon="10.953578101471066">
        <ele>40.55</ele>
      </trkpt>
      <trkpt lat="53.67662153206766" lon="10.953608695417643">
        <ele>40.66</ele>
      </trkpt>
      <trkpt lat="53.67631576023996" lon="10.95363937318325">
        <ele>40.84</ele>
      </trkpt>
      <trkpt lat="53.67600998841226" lon="10.953669967129827">
        <ele>41.08</ele>
      </trkpt>
      <trkpt lat="53.67594192735851" lon="10.953676924109459">
        <ele>41.33</ele>
      </trkpt>
      <trkpt lat="53.67576758377254" lon="10.953718414530158">
        <ele>41.61</ele>
      </trkpt>
      <trkpt lat="53.67559298872948" lon="10.953759988769889">
        <ele>41.92</ele>
      </trkpt>
      <trkpt lat="53.67538193240762" lon="10.953897954896092">
        <ele>42.18</ele>
      </trkpt>
      <trkpt lat="53.67522217333317" lon="10.9540737234056">
        <ele>42.5</ele>
      </trkpt>
      <trkpt lat="53.67506199516356" lon="10.954249994829297">
        <ele>42.86</ele>
      </trkpt>
      <trkpt lat="53.67484197020531" lon="10.95449692569673">
        <ele>43.29</ele>
      </trkpt>
      <trkpt lat="53.67458992637694" lon="10.95471192151308">
        <ele>43.72</ele>
      </trkpt>
      <trkpt lat="53.67431717924774" lon="10.954868327826262">
        <ele>44.19</ele>
      </trkpt>
      <trkpt lat="53.674043929204345" lon="10.955024985596538">
        <ele>44.68</ele>
      </trkpt>
      <trkpt lat="53.67385399527848" lon="10.955072930082679">
        <ele>45.17</ele>
      </trkpt>
      <trkpt lat="53.67355735972524" lon="10.955095896497369">
        <ele>45.65</ele>
      </trkpt>
      <trkpt lat="53.673260137438774" lon="10.95511894673109">
        <ele>46.16</ele>
      </trkpt>
      <trkpt lat="53.67296299897134" lon="10.955141996964812">
        <ele>46.75</ele>
      </trkpt>
      <trkpt lat="53.672660663723946" lon="10.955156916752458">
        <ele>47.35</ele>
      </trkpt>
      <trkpt lat="53.67235782556236" lon="10.955171920359135">
        <ele>47.94</ele>
      </trkpt>
      <trkpt lat="53.67205498740077" lon="10.955186923965812">
        <ele>48.52</ele>
      </trkpt>
      <trkpt lat="53.671788945794106" lon="10.955235958099365">
        <ele>49.07</ele>
      </trkpt>
      <trkpt lat="53.67148535326123" lon="10.955338971689343">
        <ele>49.76</ele>
      </trkpt>
      <trkpt lat="53.671180084347725" lon="10.95544240437448">
        <ele>50.52</ele>
      </trkpt>
      <trkpt lat="53.67087489925325" lon="10.955545920878649">
        <ele>51.22</ele>
      </trkpt>
      <trkpt lat="53.67056963033974" lon="10.955649437382817">
        <ele>51.84</ele>
      </trkpt>
      <trkpt lat="53.670264445245266" lon="10.955752953886986">
        <ele>52.37</ele>
      </trkpt>
      <trkpt lat="53.66995917633176" lon="10.955856470391154">
        <ele>52.82</ele>
      </trkpt>
      <trkpt lat="53.66965399123728" lon="10.955959986895323">
        <ele>53.27</ele>
      </trkpt>
      <trkpt lat="53.669460620731115" lon="10.95609133131802">
        <ele>53.56</ele>
      </trkpt>
      <trkpt lat="53.66926699876785" lon="10.956222927197814">
        <ele>53.76</ele>
      </trkpt>
      <trkpt lat="53.66905493661761" lon="10.956464996561408">
        <ele>53.77</ele>
      </trkpt>
      <trkpt lat="53.66886659525335" lon="10.956737073138356">
        <ele>53.71</ele>
      </trkpt>
      <trkpt lat="53.6686772480607" lon="10.957010490819812">
        <ele>53.63</ele>
      </trkpt>
      <trkpt lat="53.66848798468709" lon="10.9572839923203">
        <ele>53.45</ele>
      </trkpt>
      <trkpt lat="53.66830081678927" lon="10.957518266513944">
        <ele>53.2</ele>
      </trkpt>
      <trkpt lat="53.66811289452016" lon="10.957753630355">
        <ele>52.9</ele>
      </trkpt>
      <trkpt lat="53.66792497225106" lon="10.957988994196057">
        <ele>52.61</ele>
      </trkpt>
      <trkpt lat="53.66769731976092" lon="10.958292754366994">
        <ele>52.37</ele>
      </trkpt>
      <trkpt lat="53.66746815852821" lon="10.958598526194692">
        <ele>52.08</ele>
      </trkpt>
      <trkpt lat="53.66723908111453" lon="10.958904214203358">
        <ele>51.78</ele>
      </trkpt>
      <trkpt lat="53.66700991988182" lon="10.959209986031055">
        <ele>51.4</ele>
      </trkpt>
      <trkpt lat="53.666948983445764" lon="10.959290955215693">
        <ele>50.99</ele>
      </trkpt>
      <trkpt lat="53.66672661155462" lon="10.959583399817348">
        <ele>50.45</ele>
      </trkpt>
      <trkpt lat="53.66650331765413" lon="10.95987718552351">
        <ele>49.94</ele>
      </trkpt>
      <trkpt lat="53.66627993993461" lon="10.960170971229672">
        <ele>49.53</ele>
      </trkpt>
      <trkpt lat="53.66606259718537" lon="10.960527621209621">
        <ele>49.12</ele>
      </trkpt>
      <trkpt lat="53.66584290750325" lon="10.960888043045998">
        <ele>48.56</ele>
      </trkpt>
      <trkpt lat="53.66562313400209" lon="10.961248548701406">
        <ele>48.0</ele>
      </trkpt>
      <trkpt lat="53.66540344431996" lon="10.961609054356813">
        <ele>47.55</ele>
      </trkpt>
      <trkpt lat="53.665183670818806" lon="10.96196947619319">
        <ele>47.1</ele>
      </trkpt>
      <trkpt lat="53.66496398113668" lon="10.962329981848598">
        <ele>46.72</ele>
      </trkpt>
      <trkpt lat="53.66472124122083" lon="10.962592586874962">
        <ele>46.31</ele>
      </trkpt>
      <trkpt lat="53.664477579295635" lon="10.962856281548738">
        <ele>45.87</ele>
      </trkpt>
      <trkpt lat="53.66423391737044" lon="10.963119976222515">
        <ele>45.38</ele>
      </trkpt>
      <trkpt lat="53.66401707753539" lon="10.963348550722003">
        <ele>44.92</ele>
      </trkpt>
      <trkpt lat="53.6637990642339" lon="10.963578382506967">
        <ele>44.45</ele>
      </trkpt>
      <trkpt lat="53.663580967113376" lon="10.963808130472898">
        <ele>44.02</ele>
      </trkpt>
      <trkpt lat="53.663362953811884" lon="10.964037962257862">
        <ele>43.59</ele>
      </trkpt>
      <trkpt lat="53.66316254250705" lon="10.964258993044496">
        <ele>43.25</ele>
      </trkpt>
      <trkpt lat="53.66296120919287" lon="10.96448102965951">
        <ele>42.93</ele>
      </trkpt>
      <trkpt lat="53.66275995969772" lon="10.964702982455492">
        <ele>42.63</ele>
      </trkpt>
      <trkpt lat="53.66253306157887" lon="10.965012777596712">
        <ele>42.28</ele>
      </trkpt>
      <trkpt lat="53.662304654717445" lon="10.965324500575662">
        <ele>42.04</ele>
      </trkpt>
      <trkpt lat="53.66207633167505" lon="10.965636223554611">
        <ele>41.92</ele>
      </trkpt>
      <trkpt lat="53.66184792481363" lon="10.96594794653356">
        <ele>41.84</ele>
      </trkpt>
      <trkpt lat="53.661628821864724" lon="10.966237541288137">
        <ele>41.81</ele>
      </trkpt>
      <trkpt lat="53.661408964544535" lon="10.966527974233031">
        <ele>41.7</ele>
      </trkpt>
      <trkpt lat="53.66117158904672" lon="10.966811701655388">
        <ele>41.57</ele>
      </trkpt>
      <trkpt lat="53.66093186661601" lon="10.967098195105791">
        <ele>41.45</ele>
      </trkpt>
      <trkpt lat="53.66069206036627" lon="10.967384772375226">
        <ele>41.41</ele>
      </trkpt>
      <trkpt lat="53.660452254116535" lon="10.967671349644661">
        <ele>41.39</ele>
      </trkpt>
      <trkpt lat="53.66021253168583" lon="10.967957843095064">
        <ele>41.38</ele>
      </trkpt>
      <trkpt lat="53.65997272543609" lon="10.968244420364499">
        <ele>41.39</ele>
      </trkpt>
      <trkpt lat="53.659732919186354" lon="10.968530997633934">
        <ele>41.43</ele>
      </trkpt>
      <trkpt lat="53.65951272659004" lon="10.968713220208883">
        <ele>41.5</ele>
      </trkpt>
      <trkpt lat="53.6592919472605" lon="10.968895945698023">
        <ele>41.59</ele>
      </trkpt>
      <trkpt lat="53.659102600067854" lon="10.969004826620221">
        <ele>41.68</ele>
      </trkpt>
      <trkpt lat="53.65891291759908" lon="10.969113958999515">
        <ele>41.78</ele>
      </trkpt>
      <trkpt lat="53.65871191956103" lon="10.968856969848275">
        <ele>41.87</ele>
      </trkpt>
      <trkpt lat="53.65856263786554" lon="10.968751022592187">
        <ele>41.97</ele>
      </trkpt>
      <trkpt lat="53.6584129370749" lon="10.968644991517067">
        <ele>42.09</ele>
      </trkpt>
      <trkpt lat="53.65822593681514" lon="10.968571985140443">
        <ele>42.21</ele>
      </trkpt>
      <trkpt lat="53.65793365985155" lon="10.968649936839938">
        <ele>42.36</ele>
      </trkpt>
      <trkpt lat="53.6576409637928" lon="10.968727972358465">
        <ele>42.5</ele>
      </trkpt>
      <trkpt lat="53.65744055248797" lon="10.968709951266646">
        <ele>42.66</ele>
      </trkpt>
      <trkpt lat="53.657239973545074" lon="10.968691930174828">
        <ele>42.86</ele>
      </trkpt>
      <trkpt lat="53.65703713148832" lon="10.968710454180837">
        <ele>43.07</ele>
      </trkpt>
      <trkpt lat="53.656833954155445" lon="10.968728978186846">
        <ele>43.32</ele>
      </trkpt>
      <trkpt lat="53.65673999302089" lon="10.96871598623693">
        <ele>43.61</ele>
      </trkpt>
      <trkpt lat="53.65663396194577" lon="10.968690924346447">
        <ele>43.96</ele>
      </trkpt>
      <trkpt lat="53.656374122947454" lon="10.96865245141089">
        <ele>44.42</ele>
      </trkpt>
      <trkpt lat="53.65611394867301" lon="10.968613978475332">
        <ele>44.93</ele>
      </trkpt>
      <trkpt lat="53.655923595651984" lon="10.968646919354796">
        <ele>45.39</ele>
      </trkpt>
      <trkpt lat="53.65573299117386" lon="10.968679944053292">
        <ele>45.84</ele>
      </trkpt>
      <trkpt lat="53.655470721423626" lon="10.968858310952783">
        <ele>46.27</ele>
      </trkpt>
      <trkpt lat="53.6552079487592" lon="10.969036929309368">
        <ele>46.74</ele>
      </trkpt>
      <trkpt lat="53.65495917387307" lon="10.969194257631898">
        <ele>47.26</ele>
      </trkpt>
      <trkpt lat="53.654709393158555" lon="10.96935217268765">
        <ele>47.8</ele>
      </trkpt>
      <trkpt lat="53.654459696263075" lon="10.969510087743402">
        <ele>48.4</ele>
      </trkpt>
      <trkpt lat="53.654209999367595" lon="10.969667918980122">
        <ele>49.04</ele>
      </trkpt>
      <trkpt lat="53.654017969965935" lon="10.96974796615541">
        <ele>49.67</ele>
      </trkpt>
      <trkpt lat="53.65371714346111" lon="10.969800436869264">
        <ele>50.28</ele>
      </trkpt>
      <trkpt lat="53.653415981680155" lon="10.96985299140215">
        <ele>50.89</ele>
      </trkpt>
      <trkpt lat="53.653130158782005" lon="10.969820469617844">
        <ele>51.51</ele>
      </trkpt>
      <trkpt lat="53.6528439167887" lon="10.969787947833538">
        <ele>52.15</ele>
      </trkpt>
      <trkpt lat="53.652596985921264" lon="10.969779985025525">
        <ele>52.85</ele>
      </trkpt>
      <trkpt lat="53.65234091877937" lon="10.969751989468932">
        <ele>53.49</ele>
      </trkpt>
      <trkpt lat="53.65205425769091" lon="10.969722652807832">
        <ele>54.07</ele>
      </trkpt>
      <trkpt lat="53.6517661716789" lon="10.9696932323277">
        <ele>54.63</ele>
      </trkpt>
      <trkpt lat="53.65147816948593" lon="10.969663728028536">
        <ele>55.13</ele>
      </trkpt>
      <trkpt lat="53.65119008347392" lon="10.969634307548404">
        <ele>55.64</ele>
      </trkpt>
      <trkpt lat="53.65090208128095" lon="10.969604887068272">
        <ele>56.08</ele>
      </trkpt>
      <trkpt lat="53.65061399526894" lon="10.969575382769108">
        <ele>56.57</ele>
      </trkpt>
      <trkpt lat="53.65032599307597" lon="10.969545962288976">
        <ele>57.08</ele>
      </trkpt>
      <trkpt lat="53.650018125772476" lon="10.969517966732383">
        <ele>57.41</ele>
      </trkpt>
      <trkpt lat="53.64970992319286" lon="10.96948997117579">
        <ele>57.63</ele>
      </trkpt>
      <trkpt lat="53.64940842613578" lon="10.96945870667696">
        <ele>57.83</ele>
      </trkpt>
      <trkpt lat="53.64910441450775" lon="10.969427190721035">
        <ele>58.0</ele>
      </trkpt>
      <trkpt lat="53.64880048669875" lon="10.969395590946078">
        <ele>58.13</ele>
      </trkpt>
      <trkpt lat="53.64849655888975" lon="10.969364074990153">
        <ele>58.25</ele>
      </trkpt>
      <trkpt lat="53.64819263108075" lon="10.969332559034228">
        <ele>58.31</ele>
      </trkpt>
      <trkpt lat="53.647888619452715" lon="10.969301043078303">
        <ele>58.29</ele>
      </trkpt>
      <trkpt lat="53.647584691643715" lon="10.969269527122378">
        <ele>58.27</ele>
      </trkpt>
      <trkpt lat="53.647280763834715" lon="10.969238011166453">
        <ele>58.29</ele>
      </trkpt>
      <trkpt lat="53.646976836025715" lon="10.969206495210528">
        <ele>58.3</ele>
      </trkpt>
      <trkpt lat="53.64667282439768" lon="10.969174979254603">
        <ele>58.28</ele>
      </trkpt>
      <trkpt lat="53.64636889658868" lon="10.969143463298678">
        <ele>58.3</ele>
      </trkpt>
      <trkpt lat="53.64606496877968" lon="10.969111947342753">
        <ele>58.34</ele>
      </trkpt>
      <trkpt lat="53.64595499821007" lon="10.969087975099683">
        <ele>58.29</ele>
      </trkpt>
      <trkpt lat="53.645768919959664" lon="10.969021925702691">
        <ele>58.25</ele>
      </trkpt>
      <trkpt lat="53.645542692393064" lon="10.968831656500697">
        <ele>58.24</ele>
      </trkpt>
      <trkpt lat="53.645315961912274" lon="10.968640968203545">
        <ele>58.22</ele>
      </trkpt>
      <trkpt lat="53.64508495666087" lon="10.968577936291695">
        <ele>58.09</ele>
      </trkpt>
      <trkpt lat="53.644970962777734" lon="10.968603920191526">
        <ele>57.94</ele>
      </trkpt>
      <trkpt lat="53.64483894780278" lon="10.968692936003208">
        <ele>57.77</ele>
      </trkpt>
      <trkpt lat="53.644642727449536" lon="10.968887731432915">
        <ele>57.57</ele>
      </trkpt>
      <trkpt lat="53.64444592036307" lon="10.96908294595778">
        <ele>57.39</ele>
      </trkpt>
      <trkpt lat="53.64432094618678" lon="10.969174979254603">
        <ele>57.25</ele>
      </trkpt>
      <trkpt lat="53.644203934818506" lon="10.969208925962448">
        <ele>57.14</ele>
      </trkpt>
      <trkpt lat="53.643897073343396" lon="10.96918947994709">
        <ele>57.02</ele>
      </trkpt>
      <trkpt lat="53.643588200211525" lon="10.969169866293669">
        <ele>56.93</ele>
      </trkpt>
      <trkpt lat="53.64327924326062" lon="10.969150252640247">
        <ele>56.87</ele>
      </trkpt>
      <trkpt lat="53.64297037012875" lon="10.969130638986826">
        <ele>56.84</ele>
      </trkpt>
      <trkpt lat="53.64266149699688" lon="10.969111025333405">
        <ele>56.82</ele>
      </trkpt>
      <trkpt lat="53.64235254004598" lon="10.969091411679983">
        <ele>56.74</ele>
      </trkpt>
      <trkpt lat="53.642043666914105" lon="10.969071798026562">
        <ele>56.66</ele>
      </trkpt>
      <trkpt lat="53.641734793782234" lon="10.96905218437314">
        <ele>56.6</ele>
      </trkpt>
      <trkpt lat="53.64142583683133" lon="10.969032570719719">
        <ele>56.55</ele>
      </trkpt>
      <trkpt lat="53.64111696369946" lon="10.969012957066298">
        <ele>56.55</ele>
      </trkpt>
      <trkpt lat="53.64080976694822" lon="10.968988481909037">
        <ele>56.54</ele>
      </trkpt>
      <trkpt lat="53.640500558540225" lon="10.968963839113712">
        <ele>56.47</ele>
      </trkpt>
      <trkpt lat="53.64019135013223" lon="10.96893928013742">
        <ele>56.37</ele>
      </trkpt>
      <trkpt lat="53.63988214172423" lon="10.968914637342095">
        <ele>56.27</ele>
      </trkpt>
      <trkpt lat="53.63957293331623" lon="10.968889994546771">
        <ele>56.23</ele>
      </trkpt>
      <trkpt lat="53.63926372490823" lon="10.968865435570478">
        <ele>56.28</ele>
      </trkpt>
      <trkpt lat="53.638954600319266" lon="10.968840792775154">
        <ele>56.29</ele>
      </trkpt>
      <trkpt lat="53.63864539191127" lon="10.96881614997983">
        <ele>56.24</ele>
      </trkpt>
      <trkpt lat="53.63833618350327" lon="10.968791591003537">
        <ele>56.17</ele>
      </trkpt>
      <trkpt lat="53.63802697509527" lon="10.968766948208213">
        <ele>56.12</ele>
      </trkpt>
      <trkpt lat="53.637754479423165" lon="10.968754542991519">
        <ele>56.04</ele>
      </trkpt>
      <trkpt lat="53.63748072646558" lon="10.968742137774825">
        <ele>55.94</ele>
      </trkpt>
      <trkpt lat="53.637206973508" lon="10.968729732558131">
        <ele>55.87</ele>
      </trkpt>
      <trkpt lat="53.63693322055042" lon="10.968717243522406">
        <ele>55.81</ele>
      </trkpt>
      <trkpt lat="53.636659467592835" lon="10.968704838305712">
        <ele>55.77</ele>
      </trkpt>
      <trkpt lat="53.63638571463525" lon="10.968692433089018">
        <ele>55.65</ele>
      </trkpt>
      <trkpt lat="53.63611196167767" lon="10.968679944053292">
        <ele>55.53</ele>
      </trkpt>
      <trkpt lat="53.63581616431475" lon="10.968703916296363">
        <ele>55.45</ele>
      </trkpt>
      <trkpt lat="53.635519947856665" lon="10.968727972358465">
        <ele>55.36</ele>
      </trkpt>
      <trkpt lat="53.63523077219725" lon="10.968771558254957">
        <ele>55.2</ele>
      </trkpt>
      <trkpt lat="53.634939501062036" lon="10.968815563246608">
        <ele>55.09</ele>
      </trkpt>
      <trkpt lat="53.634648229926825" lon="10.968859484419227">
        <ele>55.04</ele>
      </trkpt>
      <trkpt lat="53.634356958791614" lon="10.968903405591846">
        <ele>55.01</ele>
      </trkpt>
      <trkpt lat="53.6340656876564" lon="10.968947326764464">
        <ele>55.0</ele>
      </trkpt>
      <trkpt lat="53.63377441652119" lon="10.968991247937083">
        <ele>54.97</ele>
      </trkpt>
      <trkpt lat="53.63348306156695" lon="10.969035252928734">
        <ele>54.99</ele>
      </trkpt>
      <trkpt lat="53.63319179043174" lon="10.969079174101353">
        <ele>55.0</ele>
      </trkpt>
      <trkpt lat="53.63290051929653" lon="10.969123095273972">
        <ele>55.0</ele>
      </trkpt>
      <trkpt lat="53.632609248161316" lon="10.96916701644659">
        <ele>55.01</ele>
      </trkpt>
      <trkpt lat="53.632317977026105" lon="10.96921093761921">
        <ele>55.01</ele>
      </trkpt>
      <trkpt lat="53.63209091126919" lon="10.969267515465617">
        <ele>55.04</ele>
      </trkpt>
      <trkpt lat="53.63186342641711" lon="10.969324260950089">
        <ele>55.1</ele>
      </trkpt>
      <trkpt lat="53.63163594156504" lon="10.969380922615528">
        <ele>55.14</ele>
      </trkpt>
      <trkpt lat="53.63146863877773" lon="10.969504304230213">
        <ele>55.15</ele>
      </trkpt>
      <trkpt lat="53.63130091689527" lon="10.969627937301993">
        <ele>55.13</ele>
      </trkpt>
      <trkpt lat="53.63107921555638" lon="10.9698451962322">
        <ele>55.1</ele>
      </trkpt>
      <trkpt lat="53.630856927484274" lon="10.970062958076596">
        <ele>55.1</ele>
      </trkpt>
      <trkpt lat="53.630651738494635" lon="10.970314079895616">
        <ele>55.11</ele>
      </trkpt>
      <trkpt lat="53.63044596277177" lon="10.97056595608592">
        <ele>55.12</ele>
      </trkpt>
      <trkpt lat="53.63029718399048" lon="10.970712304115295">
        <ele>55.13</ele>
      </trkpt>
      <trkpt lat="53.630147986114025" lon="10.970858987420797">
        <ele>55.12</ele>
      </trkpt>
      <trkpt lat="53.629893427714705" lon="10.971017992123961">
        <ele>55.1</ele>
      </trkpt>
      <trkpt lat="53.62963819876313" lon="10.971177499741316">
        <ele>55.08</ele>
      </trkpt>
      <trkpt lat="53.62938296981156" lon="10.971336923539639">
        <ele>55.06</ele>
      </trkpt>
      <trkpt lat="53.62920845858753" lon="10.97102570347488">
        <ele>54.96</ele>
      </trkpt>
      <trkpt lat="53.62903260625899" lon="10.970712136477232">
        <ele>54.85</ele>
      </trkpt>
      <trkpt lat="53.62885675393045" lon="10.970398569479585">
        <ele>54.76</ele>
      </trkpt>
      <trkpt lat="53.62868098542094" lon="10.970084918662906">
        <ele>54.6</ele>
      </trkpt>
      <trkpt lat="53.62849608063698" lon="10.969721898436546">
        <ele>54.45</ele>
      </trkpt>
      <trkpt lat="53.628309248015285" lon="10.96935510635376">
        <ele>54.29</ele>
      </trkpt>
      <trkpt lat="53.62812249921262" lon="10.968988398090005">
        <ele>54.15</ele>
      </trkpt>
      <trkpt lat="53.62793575040996" lon="10.96862168982625">
        <ele>54.0</ele>
      </trkpt>
      <trkpt lat="53.62774891778827" lon="10.968254981562495">
        <ele>53.89</ele>
      </trkpt>
      <trkpt lat="53.6275899130851" lon="10.967819625511765">
        <ele>53.82</ele>
      </trkpt>
      <trkpt lat="53.62742847763002" lon="10.967378066852689">
        <ele>53.73</ele>
      </trkpt>
      <trkpt lat="53.62726712599397" lon="10.966936592012644">
        <ele>53.57</ele>
      </trkpt>
      <trkpt lat="53.62710569053888" lon="10.966495033353567">
        <ele>53.43</ele>
      </trkpt>
      <trkpt lat="53.62694433890283" lon="10.96605347469449">
        <ele>53.38</ele>
      </trkpt>
      <trkpt lat="53.62678298726678" lon="10.965611999854445">
        <ele>53.39</ele>
      </trkpt>
      <trkpt lat="53.62668139860034" lon="10.965177733451128">
        <ele>53.38</ele>
      </trkpt>
      <trkpt lat="53.626578049734235" lon="10.964736342430115">
        <ele>53.33</ele>
      </trkpt>
      <trkpt lat="53.62647478468716" lon="10.964295035228133">
        <ele>53.34</ele>
      </trkpt>
      <trkpt lat="53.62637151964009" lon="10.96385364420712">
        <ele>53.45</ele>
      </trkpt>
      <trkpt lat="53.626268254593015" lon="10.963412337005138">
        <ele>53.62</ele>
      </trkpt>
      <trkpt lat="53.62616498954594" lon="10.962970945984125">
        <ele>53.7</ele>
      </trkpt>
      <trkpt lat="53.62605099566281" lon="10.96276793628931">
        <ele>53.8</ele>
      </trkpt>
      <trkpt lat="53.62595594488084" lon="10.962698953226209">
        <ele>53.95</ele>
      </trkpt>
      <trkpt lat="53.62582292407751" lon="10.962663916870952">
        <ele>54.12</ele>
      </trkpt>
      <trkpt lat="53.62551212310791" lon="10.96269023604691">
        <ele>54.29</ele>
      </trkpt>
      <trkpt lat="53.625199645757675" lon="10.9627166390419">
        <ele>54.47</ele>
      </trkpt>
      <trkpt lat="53.62488725222647" lon="10.962743042036891">
        <ele>54.7</ele>
      </trkpt>
      <trkpt lat="53.62457477487624" lon="10.96276936121285">
        <ele>55.05</ele>
      </trkpt>
      <trkpt lat="53.624262297526" lon="10.96279576420784">
        <ele>55.37</ele>
      </trkpt>
      <trkpt lat="53.6239499039948" lon="10.96282216720283">
        <ele>55.73</ele>
      </trkpt>
      <trkpt lat="53.623637426644564" lon="10.96284857019782">
        <ele>56.09</ele>
      </trkpt>
      <trkpt lat="53.62332494929433" lon="10.962874973192811">
        <ele>56.51</ele>
      </trkpt>
      <trkpt lat="53.62311598844826" lon="10.962711945176125">
        <ele>56.85</ele>
      </trkpt>
      <trkpt lat="53.62291423603892" lon="10.962480772286654">
        <ele>57.2</ele>
      </trkpt>
      <trkpt lat="53.622711980715394" lon="10.962248928844929">
        <ele>57.54</ele>
      </trkpt>
      <trkpt lat="53.62252070568502" lon="10.962058659642935">
        <ele>57.87</ele>
      </trkpt>
      <trkpt lat="53.622328927740455" lon="10.961867971345782">
        <ele>58.24</ele>
      </trkpt>
      <trkpt lat="53.62206154502928" lon="10.961764454841614">
        <ele>58.7</ele>
      </trkpt>
      <trkpt lat="53.62179315648973" lon="10.961660603061318">
        <ele>59.11</ele>
      </trkpt>
      <trkpt lat="53.62152476795018" lon="10.961556751281023">
        <ele>59.35</ele>
      </trkpt>
      <trkpt lat="53.621256379410625" lon="10.961452815681696">
        <ele>59.49</ele>
      </trkpt>
      <trkpt lat="53.62098799087107" lon="10.9613489639014">
        <ele>59.58</ele>
      </trkpt>
      <trkpt lat="53.620760506018996" lon="10.9611314535141">
        <ele>59.69</ele>
      </trkpt>
      <trkpt lat="53.62053142860532" lon="10.960912350565195">
        <ele>59.79</ele>
      </trkpt>
      <trkpt lat="53.62030226737261" lon="10.960693247616291">
        <ele>59.89</ele>
      </trkpt>
      <trkpt lat="53.62007318995893" lon="10.960474144667387">
        <ele>59.98</ele>
      </trkpt>
      <trkpt lat="53.61984411254525" lon="10.960255041718483">
        <ele>60.11</ele>
      </trkpt>
      <trkpt lat="53.61961495131254" lon="10.960035938769579">
        <ele>60.27</ele>
      </trkpt>
      <trkpt lat="53.61939593218267" lon="10.959869474172592">
        <ele>60.42</ele>
      </trkpt>
      <trkpt lat="53.61917590722442" lon="10.959702339023352">
        <ele>60.55</ele>
      </trkpt>
      <trkpt lat="53.618955966085196" lon="10.95953512005508">
        <ele>60.58</ele>
      </trkpt>
      <trkpt lat="53.61873594112694" lon="10.959367984905839">
        <ele>60.51</ele>
      </trkpt>
      <trkpt lat="53.618457578122616" lon="10.959179056808352">
        <ele>60.52</ele>
      </trkpt>
      <trkpt lat="53.61817728728056" lon="10.95898887142539">
        <ele>60.55</ele>
      </trkpt>
      <trkpt lat="53.617897080257535" lon="10.958798686042428">
        <ele>60.51</ele>
      </trkpt>
      <trkpt lat="53.61761678941548" lon="10.958608500659466">
        <ele>60.46</ele>
      </trkpt>
      <trkpt lat="53.61733649857342" lon="10.958418315276504">
        <ele>60.36</ele>
      </trkpt>
      <trkpt lat="53.617056207731366" lon="10.958228129893541">
        <ele>60.17</ele>
      </trkpt>
      <trkpt lat="53.61677591688931" lon="10.958037944510579">
        <ele>59.89</ele>
      </trkpt>
      <trkpt lat="53.61653409898281" lon="10.95786502584815">
        <ele>59.66</ele>
      </trkpt>
      <trkpt lat="53.61629110760987" lon="10.957691268995404">
        <ele>59.52</ele>
      </trkpt>
      <trkpt lat="53.61604803241789" lon="10.957517512142658">
        <ele>59.42</ele>
      </trkpt>
      <trkpt lat="53.61580504104495" lon="10.957343755289912">
        <ele>59.3</ele>
      </trkpt>
      <trkpt lat="53.615561965852976" lon="10.957169998437166">
        <ele>59.16</ele>
      </trkpt>
      <trkpt lat="53.6153154540807" lon="10.957014262676239">
        <ele>59.12</ele>
      </trkpt>
      <trkpt lat="53.61506818793714" lon="10.956858107820153">
        <ele>59.1</ele>
      </trkpt>
      <trkpt lat="53.61482092179358" lon="10.956701952964067">
        <ele>59.04</ele>
      </trkpt>
      <trkpt lat="53.614670215174556" lon="10.956470863893628">
        <ele>58.91</ele>
      </trkpt>
      <trkpt lat="53.61451892182231" lon="10.956238936632872">
        <ele>58.75</ele>
      </trkpt>
      <trkpt lat="53.614310966804624" lon="10.956007931381464">
        <ele>58.66</ele>
      </trkpt>
      <trkpt lat="53.6140392255038" lon="10.955823697149754">
        <ele>58.63</ele>
      </trkpt>
      <trkpt lat="53.61376614309847" lon="10.955638457089663">
        <ele>58.61</ele>
      </trkpt>
      <trkpt lat="53.613493060693145" lon="10.955453300848603">
        <ele>58.59</ele>
      </trkpt>
      <trkpt lat="53.61322006210685" lon="10.955268144607544">
        <ele>58.61</ele>
      </trkpt>
      <trkpt lat="53.61294697970152" lon="10.955082988366485">
        <ele>58.56</ele>
      </trkpt>
      <trkpt lat="53.6127785872668" lon="10.955003025010228">
        <ele>58.48</ele>
      </trkpt>
      <trkpt lat="53.61260994337499" lon="10.95492297783494">
        <ele>58.41</ele>
      </trkpt>
      <trkpt lat="53.612366281449795" lon="10.954860029742122">
        <ele>58.34</ele>
      </trkpt>
      <trkpt lat="53.61212211661041" lon="10.954796997830272">
        <ele>58.33</ele>
      </trkpt>
      <trkpt lat="53.61187795177102" lon="10.954733965918422">
        <ele>58.36</ele>
      </trkpt>
      <trkpt lat="53.61161978915334" lon="10.954668335616589">
        <ele>58.39</ele>
      </trkpt>
      <trkpt lat="53.61136078834534" lon="10.954602537676692">
        <ele>58.39</ele>
      </trkpt>
      <trkpt lat="53.61110187135637" lon="10.954536739736795">
        <ele>58.4</ele>
      </trkpt>
      <trkpt lat="53.6108429543674" lon="10.954470941796899">
        <ele>58.41</ele>
      </trkpt>
      <trkpt lat="53.610664922744036" lon="10.954426936805248">
        <ele>58.43</ele>
      </trkpt>
      <trkpt lat="53.61036568880081" lon="10.954412939026952">
        <ele>58.52</ele>
      </trkpt>
      <trkpt lat="53.6100659519434" lon="10.954398941248655">
        <ele>58.61</ele>
      </trkpt>
      <trkpt lat="53.60987761057913" lon="10.954421907663345">
        <ele>58.59</ele>
      </trkpt>
      <trkpt lat="53.60968893393874" lon="10.954444957897067">
        <ele>58.59</ele>
      </trkpt>
      <trkpt lat="53.60941459424794" lon="10.95453355461359">
        <ele>58.6</ele>
      </trkpt>
      <trkpt lat="53.609139332547784" lon="10.954622318968177">
        <ele>58.65</ele>
      </trkpt>
      <trkpt lat="53.60886415466666" lon="10.954711167141795">
        <ele>58.69</ele>
      </trkpt>
      <trkpt lat="53.60858897678554" lon="10.954799931496382">
        <ele>58.76</ele>
      </trkpt>
      <trkpt lat="53.60847791656852" lon="10.954790962859988">
        <ele>58.79</ele>
      </trkpt>
      <trkpt lat="53.60818916000426" lon="10.954718543216586">
        <ele>58.84</ele>
      </trkpt>
      <trkpt lat="53.60789998434484" lon="10.95464595593512">
        <ele>58.91</ele>
      </trkpt>
      <trkpt lat="53.60770636238158" lon="10.954510252922773">
        <ele>58.97</ele>
      </trkpt>
      <trkpt lat="53.60751215368509" lon="10.954374130815268">
        <ele>59.02</ele>
      </trkpt>
      <trkpt lat="53.60731794498861" lon="10.95423792488873">
        <ele>59.09</ele>
      </trkpt>
      <trkpt lat="53.607167238369584" lon="10.954008344560862">
        <ele>59.2</ele>
      </trkpt>
      <trkpt lat="53.60701594501734" lon="10.953777926042676">
        <ele>59.29</ele>
      </trkpt>
      <trkpt lat="53.60685098916292" lon="10.953585980460048">
        <ele>59.41</ele>
      </trkpt>
      <trkpt lat="53.60663993284106" lon="10.953487996011972">
        <ele>59.55</ele>
      </trkpt>
      <trkpt lat="53.60642787069082" lon="10.9534796141088">
        <ele>59.73</ele>
      </trkpt>
      <trkpt lat="53.606215389445424" lon="10.953471316024661">
        <ele>59.96</ele>
      </trkpt>
      <trkpt lat="53.60600299201906" lon="10.95346293412149">
        <ele>60.2</ele>
      </trkpt>
      <trkpt lat="53.605739967897534" lon="10.953367967158556">
        <ele>60.49</ele>
      </trkpt>
      <trkpt lat="53.60547233372927" lon="10.953273754566908">
        <ele>60.8</ele>
      </trkpt>
      <trkpt lat="53.60520419664681" lon="10.953179374337196">
        <ele>61.08</ele>
      </trkpt>
      <trkpt lat="53.60493597574532" lon="10.953084994107485">
        <ele>61.35</ele>
      </trkpt>
      <trkpt lat="53.604774959385395" lon="10.953028919175267">
        <ele>61.59</ele>
      </trkpt>
      <trkpt lat="53.60458611510694" lon="10.953037468716502">
        <ele>61.84</ele>
      </trkpt>
      <trkpt lat="53.60439693555236" lon="10.953045934438705">
        <ele>62.06</ele>
      </trkpt>
      <trkpt lat="53.60418261028826" lon="10.953129418194294">
        <ele>62.26</ele>
      </trkpt>
      <trkpt lat="53.60396794974804" lon="10.953212985768914">
        <ele>62.48</ele>
      </trkpt>
      <trkpt lat="53.60375823453069" lon="10.95328850671649">
        <ele>62.72</ele>
      </trkpt>
      <trkpt lat="53.60354810021818" lon="10.953364195302129">
        <ele>62.95</ele>
      </trkpt>
      <trkpt lat="53.603337965905666" lon="10.9534399677068">
        <ele>63.14</ele>
      </trkpt>
      <trkpt lat="53.603128250688314" lon="10.95348154194653">
        <ele>63.39</ele>
      </trkpt>
      <trkpt lat="53.602918116375804" lon="10.953523283824325">
        <ele>63.6</ele>
      </trkpt>
      <trkpt lat="53.60270798206329" lon="10.953564941883087">
        <ele>63.78</ele>
      </trkpt>
      <trkpt lat="53.60259692184627" lon="10.953604923561215">
        <ele>63.9</ele>
      </trkpt>
      <trkpt lat="53.602316211909056" lon="10.953782787546515">
        <ele>63.97</ele>
      </trkpt>
      <trkpt lat="53.60203499905765" lon="10.953960986807942">
        <ele>63.99</ele>
      </trkpt>
      <trkpt lat="53.60176074318588" lon="10.954210180789232">
        <ele>63.92</ele>
      </trkpt>
      <trkpt lat="53.601485984399915" lon="10.954459961503744">
        <ele>63.87</ele>
      </trkpt>
      <trkpt lat="53.60126277431846" lon="10.954737570136786">
        <ele>63.83</ele>
      </trkpt>
      <trkpt lat="53.60103897750378" lon="10.955015933141112">
        <ele>63.79</ele>
      </trkpt>
      <trkpt lat="53.60084569081664" lon="10.955170830711722">
        <ele>63.69</ele>
      </trkpt>
      <trkpt lat="53.60065198503435" lon="10.955325979739428">
        <ele>63.54</ele>
      </trkpt>
      <trkpt lat="53.6004679184407" lon="10.9554189350456">
        <ele>63.39</ele>
      </trkpt>
      <trkpt lat="53.60028460621834" lon="10.955458413809538">
        <ele>63.21</ele>
      </trkpt>
      <trkpt lat="53.60010095871985" lon="10.955497976392508">
        <ele>63.03</ele>
      </trkpt>
      <trkpt lat="53.59980918467045" lon="10.955671817064285">
        <ele>62.86</ele>
      </trkpt>
      <trkpt lat="53.59951699152589" lon="10.95584599301219">
        <ele>62.64</ele>
      </trkpt>
      <trkpt lat="53.599294535815716" lon="10.9559818636626">
        <ele>62.41</ele>
      </trkpt>
      <trkpt lat="53.59907132573426" lon="10.956118237227201">
        <ele>62.14</ele>
      </trkpt>
      <trkpt lat="53.59884819947183" lon="10.956254610791802">
        <ele>61.91</ele>
      </trkpt>
      <trkpt lat="53.59862498939037" lon="10.956390984356403">
        <ele>61.65</ele>
      </trkpt>
      <trkpt lat="53.59841619618237" lon="10.956526855006814">
        <ele>61.43</ele>
      </trkpt>
      <trkpt lat="53.59820698387921" lon="10.95666297711432">
        <ele>61.17</ele>
      </trkpt>
      <trkpt lat="53.59793599694967" lon="10.956883924081922">
        <ele>60.96</ele>
      </trkpt>
      <trkpt lat="53.597729969769716" lon="10.957074947655201">
        <ele>60.73</ele>
      </trkpt>
      <trkpt lat="53.597686970606446" lon="10.957112917676568">
        <ele>60.47</ele>
      </trkpt>
      <trkpt lat="53.59744121320546" lon="10.957336463034153">
        <ele>60.26</ele>
      </trkpt>
      <trkpt lat="53.59719377942383" lon="10.95756160095334">
        <ele>59.99</ele>
      </trkpt>
      <trkpt lat="53.59694634564221" lon="10.957786655053496">
        <ele>59.69</ele>
      </trkpt>
      <trkpt lat="53.596698911860585" lon="10.958011792972684">
        <ele>59.37</ele>
      </trkpt>
      <trkpt lat="53.59645139425993" lon="10.95823684707284">
        <ele>59.08</ele>
      </trkpt>
      <trkpt lat="53.596203960478306" lon="10.958461984992027">
        <ele>58.79</ele>
      </trkpt>
      <trkpt lat="53.59603615477681" lon="10.958624761551619">
        <ele>58.53</ele>
      </trkpt>
      <trkpt lat="53.59586792998016" lon="10.958787957206368">
        <ele>58.31</ele>
      </trkpt>
      <trkpt lat="53.595658130943775" lon="10.958982165902853">
        <ele>58.01</ele>
      </trkpt>
      <trkpt lat="53.595447577536106" lon="10.959177045151591">
        <ele>57.77</ele>
      </trkpt>
      <trkpt lat="53.595236940309405" lon="10.95937192440033">
        <ele>57.58</ele>
      </trkpt>
      <trkpt lat="53.59517298638821" lon="10.959427999332547">
        <ele>57.4</ele>
      </trkpt>
      <trkpt lat="53.59493183903396" lon="10.959647772833705">
        <ele>57.25</ele>
      </trkpt>
      <trkpt lat="53.59468993730843" lon="10.95986838452518">
        <ele>57.04</ele>
      </trkpt>
      <trkpt lat="53.59444795176387" lon="10.960088996216655">
        <ele>56.84</ele>
      </trkpt>
      <trkpt lat="53.59423999674618" lon="10.96031991764903">
        <ele>56.67</ele>
      </trkpt>
      <trkpt lat="53.59413295984268" lon="10.960488980636">
        <ele>56.51</ele>
      </trkpt>
      <trkpt lat="53.594030952081084" lon="10.960805984213948">
        <ele>56.41</ele>
      </trkpt>
      <trkpt lat="53.59399197623134" lon="10.961101949214935">
        <ele>56.34</ele>
      </trkpt>
      <trkpt lat="53.59400144778192" lon="10.96161039546132">
        <ele>56.31</ele>
      </trkpt>
      <trkpt lat="53.594010919332504" lon="10.96212194301188">
        <ele>56.24</ele>
      </trkpt>
      <trkpt lat="53.594009494408965" lon="10.962535170838237">
        <ele>56.14</ele>
      </trkpt>
      <trkpt lat="53.594007985666394" lon="10.962950997054577">
        <ele>56.05</ele>
      </trkpt>
      <trkpt lat="53.5939799901098" lon="10.963132968172431">
        <ele>55.96</ele>
      </trkpt>
      <trkpt lat="53.59390798956156" lon="10.96330395899713">
        <ele>55.89</ele>
      </trkpt>
      <trkpt lat="53.593818973749876" lon="10.963392974808812">
        <ele>55.79</ele>
      </trkpt>
      <trkpt lat="53.593687964603305" lon="10.96343094483018">
        <ele>55.69</ele>
      </trkpt>
      <trkpt lat="53.5933998785913" lon="10.963454078882933">
        <ele>55.53</ele>
      </trkpt>
      <trkpt lat="53.593110954388976" lon="10.963477296754718">
        <ele>55.41</ele>
      </trkpt>
      <trkpt lat="53.59282194636762" lon="10.963500514626503">
        <ele>55.24</ele>
      </trkpt>
      <trkpt lat="53.59253293834627" lon="10.963523732498288">
        <ele>55.12</ele>
      </trkpt>
      <trkpt lat="53.59224393032491" lon="10.963546950370073">
        <ele>54.97</ele>
      </trkpt>
      <trkpt lat="53.59205558896065" lon="10.963558936491609">
        <ele>54.8</ele>
      </trkpt>
      <trkpt lat="53.59186699613929" lon="10.963570922613144">
        <ele>54.62</ele>
      </trkpt>
      <trkpt lat="53.59156105667353" lon="10.963597828522325">
        <ele>54.45</ele>
      </trkpt>
      <trkpt lat="53.59125159680843" lon="10.963624902069569">
        <ele>54.27</ele>
      </trkpt>
      <trkpt lat="53.59094213694334" lon="10.963652059435844">
        <ele>54.09</ele>
      </trkpt>
      <trkpt lat="53.59063267707825" lon="10.96367921680212">
        <ele>53.92</ele>
      </trkpt>
      <trkpt lat="53.59032313339412" lon="10.963706290349364">
        <ele>53.77</ele>
      </trkpt>
      <trkpt lat="53.59001367352903" lon="10.96373344771564">
        <ele>53.61</ele>
      </trkpt>
      <trkpt lat="53.589704213663936" lon="10.963760605081916">
        <ele>53.5</ele>
      </trkpt>
      <trkpt lat="53.58939475379884" lon="10.96378767862916">
        <ele>53.33</ele>
      </trkpt>
      <trkpt lat="53.58908529393375" lon="10.963814835995436">
        <ele>53.14</ele>
      </trkpt>
      <trkpt lat="53.588775750249624" lon="10.96384190954268">
        <ele>53.02</ele>
      </trkpt>
      <trkpt lat="53.58846629038453" lon="10.963869066908956">
        <ele>52.87</ele>
      </trkpt>
      <trkpt lat="53.58815683051944" lon="10.963896224275231">
        <ele>52.64</ele>
      </trkpt>
      <trkpt lat="53.587847370654345" lon="10.963923297822475">
        <ele>52.39</ele>
      </trkpt>
      <trkpt lat="53.58753782697022" lon="10.963950455188751">
        <ele>52.17</ele>
      </trkpt>
      <trkpt lat="53.587228367105126" lon="10.963977612555027">
        <ele>52.02</ele>
      </trkpt>
      <trkpt lat="53.58691890724003" lon="10.964004686102271">
        <ele>51.81</ele>
      </trkpt>
      <trkpt lat="53.58660944737494" lon="10.964031843468547">
        <ele>51.6</ele>
      </trkpt>
      <trkpt lat="53.58629998750985" lon="10.964058917015791">
        <ele>51.38</ele>
      </trkpt>
      <trkpt lat="53.58599413186312" lon="10.964079620316625">
        <ele>51.19</ele>
      </trkpt>
      <trkpt lat="53.58568559400737" lon="10.964100491255522">
        <ele>51.01</ele>
      </trkpt>
      <trkpt lat="53.58537705615163" lon="10.964121362194419">
        <ele>50.74</ele>
      </trkpt>
      <trkpt lat="53.585068518295884" lon="10.964142233133316">
        <ele>50.39</ele>
      </trkpt>
      <trkpt lat="53.58475998044014" lon="10.964163104072213">
        <ele>50.13</ele>
      </trkpt>
      <trkpt lat="53.584451358765364" lon="10.96418397501111">
        <ele>49.89</ele>
      </trkpt>
      <trkpt lat="53.58414282090962" lon="10.964204845950007">
        <ele>49.62</ele>
      </trkpt>
      <trkpt lat="53.583834283053875" lon="10.964225716888905">
        <ele>49.39</ele>
      </trkpt>
      <trkpt lat="53.58352574519813" lon="10.964246587827802">
        <ele>49.08</ele>
      </trkpt>
      <trkpt lat="53.583217207342386" lon="10.964267458766699">
        <ele>48.7</ele>
      </trkpt>
      <trkpt lat="53.58290858566761" lon="10.964288329705596">
        <ele>48.34</ele>
      </trkpt>
      <trkpt lat="53.582600047811866" lon="10.964309200644493">
        <ele>48.04</ele>
      </trkpt>
      <trkpt lat="53.58229150995612" lon="10.96433007158339">
        <ele>47.83</ele>
      </trkpt>
      <trkpt lat="53.58198297210038" lon="10.964350942522287">
        <ele>47.61</ele>
      </trkpt>
      <trkpt lat="53.5816796310246" lon="10.964376172050834">
        <ele>47.35</ele>
      </trkpt>
      <trkpt lat="53.581372601911426" lon="10.964401653036475">
        <ele>47.23</ele>
      </trkpt>
      <trkpt lat="53.58106557279825" lon="10.964427134022117">
        <ele>47.1</ele>
      </trkpt>
      <trkpt lat="53.58075854368508" lon="10.964452615007758">
        <ele>46.92</ele>
      </trkpt>
      <trkpt lat="53.580451514571905" lon="10.9644780959934">
        <ele>46.75</ele>
      </trkpt>
      <trkpt lat="53.58014448545873" lon="10.964503576979041">
        <ele>46.59</ele>
      </trkpt>
      <trkpt lat="53.57983745634556" lon="10.964529141783714">
        <ele>46.38</ele>
      </trkpt>
      <trkpt lat="53.579530427232385" lon="10.964554622769356">
        <ele>46.2</ele>
      </trkpt>
      <trkpt lat="53.57922331430018" lon="10.964580103754997">
        <ele>46.12</ele>
      </trkpt>
      <trkpt lat="53.578916285187006" lon="10.964605584740639">
        <ele>46.08</ele>
      </trkpt>
      <trkpt lat="53.57860925607383" lon="10.96463106572628">
        <ele>45.99</ele>
      </trkpt>
      <trkpt lat="53.57830222696066" lon="10.964656546711922">
        <ele>45.88</ele>
      </trkpt>
      <trkpt lat="53.577995197847486" lon="10.964682027697563">
        <ele>45.84</ele>
      </trkpt>
      <trkpt lat="53.57768816873431" lon="10.964707508683205">
        <ele>45.84</ele>
      </trkpt>
      <trkpt lat="53.57738113962114" lon="10.964732989668846">
        <ele>45.84</ele>
      </trkpt>
      <trkpt lat="53.577074529603124" lon="10.964758386835456">
        <ele>45.79</ele>
      </trkpt>
      <trkpt lat="53.577074110507965" lon="10.964758470654488">
        <ele>45.78</ele>
      </trkpt>
      <trkpt lat="53.57676699757576" lon="10.964783951640129">
        <ele>45.76</ele>
      </trkpt>
      <trkpt lat="53.576459968462586" lon="10.96480943262577">
        <ele>45.77</ele>
      </trkpt>
      <trkpt lat="53.57615293934941" lon="10.964834997430444">
        <ele>45.78</ele>
      </trkpt>
      <trkpt lat="53.57586652971804" lon="10.964859891682863">
        <ele>45.82</ele>
      </trkpt>
      <trkpt lat="53.57557911425829" lon="10.964884869754314">
        <ele>45.85</ele>
      </trkpt>
      <trkpt lat="53.57529169879854" lon="10.964909931644797">
        <ele>45.9</ele>
      </trkpt>
      <trkpt lat="53.57500436715782" lon="10.964934909716249">
        <ele>45.98</ele>
      </trkpt>
      <trkpt lat="53.574716951698065" lon="10.964959971606731">
        <ele>46.09</ele>
      </trkpt>
      <trkpt lat="53.5745045542717" lon="10.96497698687017">
        <ele>46.15</ele>
      </trkpt>
      <trkpt lat="53.57429198920727" lon="10.964993918314576">
        <ele>46.22</ele>
      </trkpt>
      <trkpt lat="53.573985043913126" lon="10.965017639100552">
        <ele>46.26</ele>
      </trkpt>
      <trkpt lat="53.5736773442477" lon="10.965041443705559">
        <ele>46.39</ele>
      </trkpt>
      <trkpt lat="53.57336964458227" lon="10.965065164491534">
        <ele>46.52</ele>
      </trkpt>
      <trkpt lat="53.573061944916844" lon="10.965088969096541">
        <ele>46.71</ele>
      </trkpt>
      <trkpt lat="53.5727499704808" lon="10.96510992385447">
        <ele>46.9</ele>
      </trkpt>
      <trkpt lat="53.57251997105777" lon="10.96523992717266">
        <ele>47.08</ele>
      </trkpt>
      <trkpt lat="53.57232961803675" lon="10.965386275202036">
        <ele>47.21</ele>
      </trkpt>
      <trkpt lat="53.572138929739594" lon="10.965532958507538">
        <ele>47.31</ele>
      </trkpt>
      <trkpt lat="53.57206491753459" lon="10.965588949620724">
        <ele>47.46</ele>
      </trkpt>
      <trkpt lat="53.57187204994261" lon="10.96574460156262">
        <ele>47.58</ele>
      </trkpt>
      <trkpt lat="53.57167851179838" lon="10.965900756418705">
        <ele>47.79</ele>
      </trkpt>
      <trkpt lat="53.57148497365415" lon="10.966056995093822">
        <ele>48.02</ele>
      </trkpt>
      <trkpt lat="53.5712562315166" lon="10.966295627877116">
        <ele>48.24</ele>
      </trkpt>
      <trkpt lat="53.57102698646486" lon="10.966534931212664">
        <ele>48.5</ele>
      </trkpt>
      <trkpt lat="53.57080168090761" lon="10.96670776605606">
        <ele>48.75</ele>
      </trkpt>
      <trkpt lat="53.5705759562552" lon="10.966880936175585">
        <ele>49.04</ele>
      </trkpt>
      <trkpt lat="53.57028275728226" lon="10.967054776847363">
        <ele>49.42</ele>
      </trkpt>
      <trkpt lat="53.569988971576095" lon="10.967228952795267">
        <ele>49.71</ele>
      </trkpt>
      <trkpt lat="53.56979493051767" lon="10.967312939465046">
        <ele>49.89</ele>
      </trkpt>
      <trkpt lat="53.569606924429536" lon="10.96732098609209">
        <ele>50.05</ele>
      </trkpt>
      <trkpt lat="53.569385977461934" lon="10.967231718823314">
        <ele>50.17</ele>
      </trkpt>
      <trkpt lat="53.56916444376111" lon="10.967142367735505">
        <ele>50.26</ele>
      </trkpt>
      <trkpt lat="53.56894299387932" lon="10.967052932828665">
        <ele>50.33</ele>
      </trkpt>
      <trkpt lat="53.56867477297783" lon="10.966910859569907">
        <ele>50.33</ele>
      </trkpt>
      <trkpt lat="53.56840454041958" lon="10.966767780482769">
        <ele>50.38</ele>
      </trkpt>
      <trkpt lat="53.56813430786133" lon="10.9666246175766">
        <ele>50.4</ele>
      </trkpt>
      <trkpt lat="53.56786407530308" lon="10.966481538489461">
        <ele>50.38</ele>
      </trkpt>
      <trkpt lat="53.56759384274483" lon="10.966338459402323">
        <ele>50.38</ele>
      </trkpt>
      <trkpt lat="53.56732361018658" lon="10.966195296496153">
        <ele>50.35</ele>
      </trkpt>
      <trkpt lat="53.567053377628326" lon="10.966052217409015">
        <ele>50.25</ele>
      </trkpt>
      <trkpt lat="53.56678322888911" lon="10.965909054502845">
        <ele>50.06</ele>
      </trkpt>
      <trkpt lat="53.56651299633086" lon="10.965765975415707">
        <ele>49.83</ele>
      </trkpt>
      <trkpt lat="53.56622692197561" lon="10.96561124548316">
        <ele>49.59</ele>
      </trkpt>
      <trkpt lat="53.56593665666878" lon="10.96545442007482">
        <ele>49.41</ele>
      </trkpt>
      <trkpt lat="53.56564647518098" lon="10.965297594666481">
        <ele>49.23</ele>
      </trkpt>
      <trkpt lat="53.56535620987415" lon="10.965140769258142">
        <ele>49.04</ele>
      </trkpt>
      <trkpt lat="53.56506594456732" lon="10.96498386003077">
        <ele>48.81</ele>
      </trkpt>
      <trkpt lat="53.56477567926049" lon="10.96482703462243">
        <ele>48.65</ele>
      </trkpt>
      <trkpt lat="53.56448541395366" lon="10.964670209214091">
        <ele>48.39</ele>
      </trkpt>
      <trkpt lat="53.56419523246586" lon="10.964513383805752">
        <ele>48.12</ele>
      </trkpt>
      <trkpt lat="53.56390496715903" lon="10.964356558397412">
        <ele>47.88</ele>
      </trkpt>
      <trkpt lat="53.5636147018522" lon="10.964199732989073">
        <ele>47.69</ele>
      </trkpt>
      <trkpt lat="53.56332443654537" lon="10.964042907580733">
        <ele>47.41</ele>
      </trkpt>
      <trkpt lat="53.56303417123854" lon="10.963886082172394">
        <ele>47.13</ele>
      </trkpt>
      <trkpt lat="53.56274398975074" lon="10.963729256764054">
        <ele>46.94</ele>
      </trkpt>
      <trkpt lat="53.56245372444391" lon="10.963572431355715">
        <ele>46.73</ele>
      </trkpt>
      <trkpt lat="53.56216345913708" lon="10.963415605947375">
        <ele>46.51</ele>
      </trkpt>
      <trkpt lat="53.56187319383025" lon="10.963258780539036">
        <ele>46.3</ele>
      </trkpt>
      <trkpt lat="53.56158292852342" lon="10.963101955130696">
        <ele>46.06</ele>
      </trkpt>
      <trkpt lat="53.56130104511976" lon="10.962955104187131">
        <ele>45.8</ele>
      </trkpt>
      <trkpt lat="53.56101664714515" lon="10.962807079777122">
        <ele>45.53</ele>
      </trkpt>
      <trkpt lat="53.56073233298957" lon="10.962659055367112">
        <ele>45.25</ele>
      </trkpt>
      <trkpt lat="53.560448018833995" lon="10.962511030957103">
        <ele>45.02</ele>
      </trkpt>
      <trkpt lat="53.560163620859385" lon="10.962363006547093">
        <ele>44.78</ele>
      </trkpt>
      <trkpt lat="53.559879306703806" lon="10.962215065956116">
        <ele>44.54</ele>
      </trkpt>
      <trkpt lat="53.55959499254823" lon="10.962067041546106">
        <ele>44.34</ele>
      </trkpt>
      <trkpt lat="53.55931059457362" lon="10.961919017136097">
        <ele>44.15</ele>
      </trkpt>
      <trkpt lat="53.55902628041804" lon="10.961770992726088">
        <ele>43.96</ele>
      </trkpt>
      <trkpt lat="53.55874196626246" lon="10.961622968316078">
        <ele>43.76</ele>
      </trkpt>
      <trkpt lat="53.55879393406212" lon="10.961763951927423">
        <ele>43.6</ele>
      </trkpt>
      <trkpt lat="53.558523282408714" lon="10.961546273902059">
        <ele>43.42</ele>
      </trkpt>
      <trkpt lat="53.558241315186024" lon="10.961320800706744">
        <ele>43.33</ele>
      </trkpt>
      <trkpt lat="53.557959431782365" lon="10.96109532751143">
        <ele>43.24</ele>
      </trkpt>
      <trkpt lat="53.557677464559674" lon="10.960869938135147">
        <ele>43.12</ele>
      </trkpt>
      <trkpt lat="53.557395581156015" lon="10.960644464939833">
        <ele>43.0</ele>
      </trkpt>
      <trkpt lat="53.557113613933325" lon="10.960418991744518">
        <ele>42.88</ele>
      </trkpt>
      <trkpt lat="53.556831730529666" lon="10.960193602368236">
        <ele>42.74</ele>
      </trkpt>
      <trkpt lat="53.556549763306975" lon="10.959968129172921">
        <ele>42.65</ele>
      </trkpt>
      <trkpt lat="53.55626787990332" lon="10.959742655977607">
        <ele>42.6</ele>
      </trkpt>
      <trkpt lat="53.555985912680626" lon="10.959517266601324">
        <ele>42.51</ele>
      </trkpt>
      <trkpt lat="53.55570402927697" lon="10.95929179340601">
        <ele>42.38</ele>
      </trkpt>
      <trkpt lat="53.55542206205428" lon="10.959066404029727">
        <ele>42.3</ele>
      </trkpt>
      <trkpt lat="53.55514017865062" lon="10.958840930834413">
        <ele>42.26</ele>
      </trkpt>
      <trkpt lat="53.55485821142793" lon="10.95861554145813">
        <ele>42.25</ele>
      </trkpt>
      <trkpt lat="53.55457632802427" lon="10.958390068262815">
        <ele>42.32</ele>
      </trkpt>
      <trkpt lat="53.55429436080158" lon="10.958164678886533">
        <ele>42.44</ele>
      </trkpt>
      <trkpt lat="53.55401247739792" lon="10.957939205691218">
        <ele>42.57</ele>
      </trkpt>
      <trkpt lat="53.55373051017523" lon="10.957713816314936">
        <ele>42.64</ele>
      </trkpt>
      <trkpt lat="53.55344862677157" lon="10.957488343119621">
        <ele>42.68</ele>
      </trkpt>
      <trkpt lat="53.55316665954888" lon="10.957262953743339">
        <ele>42.74</ele>
      </trkpt>
      <trkpt lat="53.55288477614522" lon="10.957037480548024">
        <ele>42.76</ele>
      </trkpt>
      <trkpt lat="53.55260280892253" lon="10.956812091171741">
        <ele>42.74</ele>
      </trkpt>
      <trkpt lat="53.55232092551887" lon="10.956586701795459">
        <ele>42.76</ele>
      </trkpt>
      <trkpt lat="53.55203895829618" lon="10.956361228600144">
        <ele>42.86</ele>
      </trkpt>
      <trkpt lat="53.55175707489252" lon="10.956135839223862">
        <ele>43.0</ele>
      </trkpt>
      <trkpt lat="53.55147510766983" lon="10.955910449847579">
        <ele>43.08</ele>
      </trkpt>
      <trkpt lat="53.55119322426617" lon="10.955684976652265">
        <ele>43.17</ele>
      </trkpt>
      <trkpt lat="53.55091125704348" lon="10.955459587275982">
        <ele>43.32</ele>
      </trkpt>
      <trkpt lat="53.55062937363982" lon="10.9552341978997">
        <ele>43.53</ele>
      </trkpt>
      <trkpt lat="53.55034740641713" lon="10.955008808523417">
        <ele>43.65</ele>
      </trkpt>
      <trkpt lat="53.55006552301347" lon="10.954783335328102">
        <ele>43.72</ele>
      </trkpt>
      <trkpt lat="53.54978355579078" lon="10.95455794595182">
        <ele>43.89</ele>
      </trkpt>
      <trkpt lat="53.54950167238712" lon="10.954332556575537">
        <ele>44.09</ele>
      </trkpt>
      <trkpt lat="53.54921970516443" lon="10.954107167199254">
        <ele>44.24</ele>
      </trkpt>
      <trkpt lat="53.548937821760774" lon="10.953881777822971">
        <ele>44.37</ele>
      </trkpt>
      <trkpt lat="53.54865585453808" lon="10.953656388446689">
        <ele>44.49</ele>
      </trkpt>
      <trkpt lat="53.548373971134424" lon="10.953430999070406">
        <ele>44.66</ele>
      </trkpt>
      <trkpt lat="53.548105331137776" lon="10.953220026567578">
        <ele>44.88</ele>
      </trkpt>
      <trkpt lat="53.54783300310373" lon="10.953006204217672">
        <ele>45.04</ele>
      </trkpt>
      <trkpt lat="53.54756059125066" lon="10.952792465686798">
        <ele>45.23</ele>
      </trkpt>
      <trkpt lat="53.547288263216615" lon="10.952578727155924">
        <ele>45.47</ele>
      </trkpt>
      <trkpt lat="53.54701585136354" lon="10.95236498862505">
        <ele>45.66</ele>
      </trkpt>
      <trkpt lat="53.546743523329496" lon="10.952151250094175">
        <ele>45.89</ele>
      </trkpt>
      <trkpt lat="53.54647111147642" lon="10.95193742774427">
        <ele>46.13</ele>
      </trkpt>
      <trkpt lat="53.54619878344238" lon="10.951723689213395">
        <ele>46.35</ele>
      </trkpt>
      <trkpt lat="53.545926455408335" lon="10.95150995068252">
        <ele>46.55</ele>
      </trkpt>
      <trkpt lat="53.54565404355526" lon="10.951296212151647">
        <ele>46.8</ele>
      </trkpt>
      <trkpt lat="53.545381715521216" lon="10.951082473620772">
        <ele>47.08</ele>
      </trkpt>
      <trkpt lat="53.54510930366814" lon="10.950868735089898">
        <ele>47.39</ele>
      </trkpt>
      <trkpt lat="53.5448369756341" lon="10.950654996559024">
        <ele>47.7</ele>
      </trkpt>
      <trkpt lat="53.54458820074797" lon="10.950482664629817">
        <ele>47.97</ele>
      </trkpt>
      <trkpt lat="53.544338922947645" lon="10.950309997424483">
        <ele>48.25</ele>
      </trkpt>
      <trkpt lat="53.544253930449486" lon="10.950238918885589">
        <ele>48.5</ele>
      </trkpt>
      <trkpt lat="53.544231969863176" lon="10.950180999934673">
        <ele>48.72</ele>
      </trkpt>
      <trkpt lat="53.544209925457835" lon="10.949974972754717">
        <ele>48.94</ele>
      </trkpt>
      <trkpt lat="53.544168937951326" lon="10.949679929763079">
        <ele>49.12</ele>
      </trkpt>
      <trkpt lat="53.54407296516001" lon="10.949498964473605">
        <ele>49.22</ele>
      </trkpt>
      <trkpt lat="53.54404002428055" lon="10.949231749400496">
        <ele>49.28</ele>
      </trkpt>
      <trkpt lat="53.54400699958205" lon="10.948962941765785">
        <ele>49.3</ele>
      </trkpt>
      <trkpt lat="53.543979255482554" lon="10.948500595986843">
        <ele>49.27</ele>
      </trkpt>
      <trkpt lat="53.5439510922879" lon="10.948032718151808">
        <ele>49.3</ele>
      </trkpt>
      <trkpt lat="53.54392301291227" lon="10.947564840316772">
        <ele>49.32</ele>
      </trkpt>
      <trkpt lat="53.54389493353665" lon="10.947096962481737">
        <ele>49.31</ele>
      </trkpt>
      <trkpt lat="53.543840954080224" lon="10.946660516783595">
        <ele>49.34</ele>
      </trkpt>
      <trkpt lat="53.54378647170961" lon="10.946220215409994">
        <ele>49.29</ele>
      </trkpt>
      <trkpt lat="53.543731989338994" lon="10.945779997855425">
        <ele>49.1</ele>
      </trkpt>
      <trkpt lat="53.543680272996426" lon="10.945362076163292">
        <ele>48.82</ele>
      </trkpt>
      <trkpt lat="53.5436281375587" lon="10.944940550252795">
        <ele>48.5</ele>
      </trkpt>
      <trkpt lat="53.54357591830194" lon="10.944518940523267">
        <ele>48.26</ele>
      </trkpt>
      <trkpt lat="53.54362830519676" lon="10.944037064909935">
        <ele>47.97</ele>
      </trkpt>
      <trkpt lat="53.543681781739" lon="10.943545047193766">
        <ele>47.65</ele>
      </trkpt>
      <trkpt lat="53.5437351744622" lon="10.943053029477596">
        <ele>47.32</ele>
      </trkpt>
      <trkpt lat="53.543788651004434" lon="10.942561011761427">
        <ele>46.97</ele>
      </trkpt>
      <trkpt lat="53.543842043727636" lon="10.942068994045258">
        <ele>46.68</ele>
      </trkpt>
      <trkpt lat="53.54389552026987" lon="10.941576976329088">
        <ele>46.38</ele>
      </trkpt>
      <trkpt lat="53.543948996812105" lon="10.941084958612919">
        <ele>46.02</ele>
      </trkpt>
      <trkpt lat="53.54404698126018" lon="10.941075989976525">
        <ele>45.63</ele>
      </trkpt>
      <trkpt lat="53.54405041784048" lon="10.940657230094075">
        <ele>45.22</ele>
      </trkpt>
      <trkpt lat="53.54405393823981" lon="10.940235955640674">
        <ele>44.74</ele>
      </trkpt>
      <trkpt lat="53.54403952136636" lon="10.939971758052707">
        <ele>44.25</ele>
      </trkpt>
      <trkpt lat="53.54402493685484" lon="10.939705967903137">
        <ele>43.79</ele>
      </trkpt>
      <trkpt lat="53.543995935469866" lon="10.939185954630375">
        <ele>43.28</ele>
      </trkpt>
      <trkpt lat="53.543967101722956" lon="10.938674993813038">
        <ele>42.82</ele>
      </trkpt>
      <trkpt lat="53.54393759742379" lon="10.938153136521578">
        <ele>42.44</ele>
      </trkpt>
      <trkpt lat="53.54390809312463" lon="10.937631279230118">
        <ele>42.04</ele>
      </trkpt>
      <trkpt lat="53.54387850500643" lon="10.93710950575769">
        <ele>41.69</ele>
      </trkpt>
      <trkpt lat="53.54384900070727" lon="10.93658764846623">
        <ele>41.4</ele>
      </trkpt>
      <trkpt lat="53.543819496408105" lon="10.93606579117477">
        <ele>41.17</ele>
      </trkpt>
      <trkpt lat="53.54378999210894" lon="10.93554393388331">
        <ele>40.99</ele>
      </trkpt>
      <trkpt lat="53.54375705122948" lon="10.935046467930079">
        <ele>40.81</ele>
      </trkpt>
      <trkpt lat="53.54372394271195" lon="10.934545984491706">
        <ele>40.62</ele>
      </trkpt>
      <trkpt lat="53.54370047338307" lon="10.934083135798573">
        <ele>40.55</ele>
      </trkpt>
      <trkpt lat="53.54367658495903" lon="10.93361190520227">
        <ele>40.5</ele>
      </trkpt>
      <trkpt lat="53.54365269653499" lon="10.933140674605966">
        <ele>40.48</ele>
      </trkpt>
      <trkpt lat="53.54362880811095" lon="10.932669444009662">
        <ele>40.52</ele>
      </trkpt>
      <trkpt lat="53.54360483586788" lon="10.932198213413358">
        <ele>40.63</ele>
      </trkpt>
      <trkpt lat="53.54358094744384" lon="10.931726982817054">
        <ele>40.87</ele>
      </trkpt>
      <trkpt lat="53.54357499629259" lon="10.931626986712217">
        <ele>41.04</ele>
      </trkpt>
      <trkpt lat="53.54355144314468" lon="10.931206466630101">
        <ele>41.25</ele>
      </trkpt>
      <trkpt lat="53.543527722358704" lon="10.93078225851059">
        <ele>41.47</ele>
      </trkpt>
      <trkpt lat="53.543503917753696" lon="10.930357966572046">
        <ele>41.72</ele>
      </trkpt>
      <trkpt lat="53.54352696798742" lon="10.930118998512626">
        <ele>42.02</ele>
      </trkpt>
      <trkpt lat="53.543583964928985" lon="10.929866954684258">
        <ele>42.29</ele>
      </trkpt>
      <trkpt lat="53.54366770014167" lon="10.929568726569414">
        <ele>42.58</ele>
      </trkpt>
      <trkpt lat="53.54375193826854" lon="10.929268989712">
        <ele>42.88</ele>
      </trkpt>
      <trkpt lat="53.543758979067206" lon="10.92905692756176">
        <ele>43.2</ele>
      </trkpt>
      <trkpt lat="53.543711956590414" lon="10.928938994184136">
        <ele>43.52</ele>
      </trkpt>
      <trkpt lat="53.5438699554652" lon="10.928709916770458">
        <ele>43.84</ele>
      </trkpt>
      <trkpt lat="53.54393399320543" lon="10.928533980622888">
        <ele>44.18</ele>
      </trkpt>
      <trkpt lat="53.544029127806425" lon="10.928155621513724">
        <ele>44.59</ele>
      </trkpt>
      <trkpt lat="53.54412501677871" lon="10.927774328738451">
        <ele>44.96</ele>
      </trkpt>
      <trkpt lat="53.54422098957002" lon="10.927392952144146">
        <ele>45.24</ele>
      </trkpt>
      <trkpt lat="53.54441494680941" lon="10.927044935524464">
        <ele>45.38</ele>
      </trkpt>
      <trkpt lat="53.54440798982978" lon="10.927162952721119">
        <ele>45.61</ele>
      </trkpt>
      <trkpt lat="53.54441494680941" lon="10.927044935524464">
        <ele>45.38</ele>
      </trkpt>
      <trkpt lat="53.544552996754646" lon="10.926823988556862">
        <ele>45.93</ele>
      </trkpt>
      <trkpt lat="53.544709738343954" lon="10.926572196185589">
        <ele>46.06</ele>
      </trkpt>
      <trkpt lat="53.54486731812358" lon="10.926319062709808">
        <ele>46.17</ele>
      </trkpt>
      <trkpt lat="53.545024981722236" lon="10.926065929234028">
        <ele>46.26</ele>
      </trkpt>
      <trkpt lat="53.545233104377985" lon="10.925732078030705">
        <ele>46.32</ele>
      </trkpt>
      <trkpt lat="53.54544198140502" lon="10.925396969541907">
        <ele>46.36</ele>
      </trkpt>
      <trkpt lat="53.5456485953182" lon="10.925065549090505">
        <ele>46.35</ele>
      </trkpt>
      <trkpt lat="53.54585596360266" lon="10.924732955172658">
        <ele>46.33</ele>
      </trkpt>
      <trkpt lat="53.545978255569935" lon="10.924536818638444">
        <ele>46.29</ele>
      </trkpt>
      <trkpt lat="53.546100966632366" lon="10.924339927732944">
        <ele>46.21</ele>
      </trkpt>
      <trkpt lat="53.546214792877436" lon="10.924149323254824">
        <ele>46.16</ele>
      </trkpt>
      <trkpt lat="53.54632895439863" lon="10.923957964405417">
        <ele>46.07</ele>
      </trkpt>
      <trkpt lat="53.546509919688106" lon="10.923536941409111">
        <ele>46.01</ele>
      </trkpt>
      <trkpt lat="53.54660622775555" lon="10.923230750486255">
        <ele>45.95</ele>
      </trkpt>
      <trkpt lat="53.546702954918146" lon="10.922922967001796">
        <ele>45.91</ele>
      </trkpt>
      <trkpt lat="53.54680286720395" lon="10.922499680891633">
        <ele>45.87</ele>
      </trkpt>
      <trkpt lat="53.5469039529562" lon="10.922071784734726">
        <ele>45.85</ele>
      </trkpt>
      <trkpt lat="53.54700495488942" lon="10.921643888577819">
        <ele>45.79</ele>
      </trkpt>
      <trkpt lat="53.547105956822634" lon="10.921215992420912">
        <ele>45.67</ele>
      </trkpt>
      <trkpt lat="53.5471508000046" lon="10.920879961922765">
        <ele>45.65</ele>
      </trkpt>
      <trkpt lat="53.547195978462696" lon="10.920541919767857">
        <ele>45.65</ele>
      </trkpt>
      <trkpt lat="53.547216933220625" lon="10.9201286919415">
        <ele>45.71</ele>
      </trkpt>
      <trkpt lat="53.547237971797585" lon="10.919712949544191">
        <ele>45.71</ele>
      </trkpt>
      <trkpt lat="53.54724392294884" lon="10.919622927904129">
        <ele>45.72</ele>
      </trkpt>
      <trkpt lat="53.54728692211211" lon="10.919618988409638">
        <ele>45.73</ele>
      </trkpt>
      <trkpt lat="53.54724392294884" lon="10.919622927904129">
        <ele>45.72</ele>
      </trkpt>
      <trkpt lat="53.54729278944433" lon="10.919372141361237">
        <ele>45.79</ele>
      </trkpt>
      <trkpt lat="53.547341991215944" lon="10.919119929894805">
        <ele>45.83</ele>
      </trkpt>
      <trkpt lat="53.547493955120444" lon="10.918675940483809">
        <ele>45.92</ele>
      </trkpt>
      <trkpt lat="53.547616666182876" lon="10.918321050703526">
        <ele>45.97</ele>
      </trkpt>
      <trkpt lat="53.547740299254656" lon="10.917963478714228">
        <ele>46.03</ele>
      </trkpt>
      <trkpt lat="53.547863932326436" lon="10.917605990543962">
        <ele>46.07</ele>
      </trkpt>
      <trkpt lat="53.547956719994545" lon="10.917380936443806">
        <ele>46.1</ele>
      </trkpt>
      <trkpt lat="53.54804992675781" lon="10.917154960334301">
        <ele>46.17</ele>
      </trkpt>
      <trkpt lat="53.54815193451941" lon="10.916986986994743">
        <ele>46.23</ele>
      </trkpt>
      <trkpt lat="53.54835326783359" lon="10.916904006153345">
        <ele>46.32</ele>
      </trkpt>
      <trkpt lat="53.5485549364239" lon="10.916820941492915">
        <ele>46.43</ele>
      </trkpt>
      <trkpt lat="53.54883053340018" lon="10.91672739945352">
        <ele>46.51</ele>
      </trkpt>
      <trkpt lat="53.54910713620484" lon="10.916633605957031">
        <ele>46.61</ele>
      </trkpt>
      <trkpt lat="53.5493837390095" lon="10.91653972864151">
        <ele>46.65</ele>
      </trkpt>
      <trkpt lat="53.54966034181416" lon="10.916445851325989">
        <ele>46.72</ele>
      </trkpt>
      <trkpt lat="53.54993694461882" lon="10.916351974010468">
        <ele>46.72</ele>
      </trkpt>
      <trkpt lat="53.55020214803517" lon="10.916258934885263">
        <ele>46.73</ele>
      </trkpt>
      <trkpt lat="53.5504681058228" lon="10.916165560483932">
        <ele>46.74</ele>
      </trkpt>
      <trkpt lat="53.5507339797914" lon="10.916072269901633">
        <ele>46.76</ele>
      </trkpt>
      <trkpt lat="53.550999937579036" lon="10.915978979319334">
        <ele>46.74</ele>
      </trkpt>
      <trkpt lat="53.55125960893929" lon="10.915894657373428">
        <ele>46.67</ele>
      </trkpt>
      <trkpt lat="53.55152011848986" lon="10.915810083970428">
        <ele>46.6</ele>
      </trkpt>
      <trkpt lat="53.5517805442214" lon="10.915725510567427">
        <ele>46.49</ele>
      </trkpt>
      <trkpt lat="53.55204096995294" lon="10.915640937164426">
        <ele>46.43</ele>
      </trkpt>
      <trkpt lat="53.5523315705359" lon="10.91558737680316">
        <ele>46.37</ele>
      </trkpt>
      <trkpt lat="53.55262275785208" lon="10.91553364880383">
        <ele>46.31</ele>
      </trkpt>
      <trkpt lat="53.55291394516826" lon="10.9154799208045">
        <ele>46.31</ele>
      </trkpt>
      <trkpt lat="53.55311184190214" lon="10.915448991581798">
        <ele>46.27</ele>
      </trkpt>
      <trkpt lat="53.55330999009311" lon="10.915417978540063">
        <ele>46.2</ele>
      </trkpt>
      <trkpt lat="53.55352791957557" lon="10.915382942184806">
        <ele>46.12</ele>
      </trkpt>
      <trkpt lat="53.5537473578006" lon="10.915349666029215">
        <ele>46.01</ele>
      </trkpt>
      <trkpt lat="53.55396713130176" lon="10.915316306054592">
        <ele>45.89</ele>
      </trkpt>
      <trkpt lat="53.55418698862195" lon="10.91528294607997">
        <ele>45.8</ele>
      </trkpt>
      <trkpt lat="53.55436694808304" lon="10.915251933038235">
        <ele>45.69</ele>
      </trkpt>
      <trkpt lat="53.55457968078554" lon="10.915219662711024">
        <ele>45.61</ele>
      </trkpt>
      <trkpt lat="53.55479283258319" lon="10.915187308564782">
        <ele>45.55</ele>
      </trkpt>
      <trkpt lat="53.55500598438084" lon="10.91515495441854">
        <ele>45.44</ele>
      </trkpt>
      <trkpt lat="53.55508603155613" lon="10.914782797917724">
        <ele>45.4</ele>
      </trkpt>
      <trkpt lat="53.55516700074077" lon="10.914406534284353">
        <ele>45.3</ele>
      </trkpt>
      <trkpt lat="53.555247969925404" lon="10.914030270650983">
        <ele>45.2</ele>
      </trkpt>
      <trkpt lat="53.55532893911004" lon="10.91365392319858">
        <ele>45.12</ele>
      </trkpt>
      <trkpt lat="53.55541778728366" lon="10.913191242143512">
        <ele>45.07</ele>
      </trkpt>
      <trkpt lat="53.55550738982856" lon="10.912724621593952">
        <ele>45.02</ele>
      </trkpt>
      <trkpt lat="53.55559699237347" lon="10.91225791722536">
        <ele>45.02</ele>
      </trkpt>
      <trkpt lat="53.55566027574241" lon="10.91188509017229">
        <ele>44.98</ele>
      </trkpt>
      <trkpt lat="53.55572414584458" lon="10.911508994176984">
        <ele>44.94</ele>
      </trkpt>
      <trkpt lat="53.555787932127714" lon="10.911132982000709">
        <ele>44.91</ele>
      </trkpt>
      <trkpt lat="53.555836798623204" lon="10.910667618736625">
        <ele>44.96</ele>
      </trkpt>
      <trkpt lat="53.555886168032885" lon="10.910196723416448">
        <ele>44.91</ele>
      </trkpt>
      <trkpt lat="53.555935537442565" lon="10.90972582809627">
        <ele>44.9</ele>
      </trkpt>
      <trkpt lat="53.55598499067128" lon="10.909254932776093">
        <ele>44.87</ele>
      </trkpt>
      <trkpt lat="53.556025978177786" lon="10.909063993021846">
        <ele>44.86</ele>
      </trkpt>
      <trkpt lat="53.55609496124089" lon="10.908937929198146">
        <ele>44.86</ele>
      </trkpt>
      <trkpt lat="53.55622798204422" lon="10.908892918378115">
        <ele>44.87</ele>
      </trkpt>
      <trkpt lat="53.55653224512935" lon="10.908854948356748">
        <ele>44.85</ele>
      </trkpt>
      <trkpt lat="53.55683692730963" lon="10.90881697833538">
        <ele>44.91</ele>
      </trkpt>
      <trkpt lat="53.55709073133767" lon="10.908828461542726">
        <ele>44.92</ele>
      </trkpt>
      <trkpt lat="53.55734512209892" lon="10.90883994475007">
        <ele>44.93</ele>
      </trkpt>
      <trkpt lat="53.55759951286018" lon="10.908851427957416">
        <ele>44.93</ele>
      </trkpt>
      <trkpt lat="53.55785398744047" lon="10.908862994983792">
        <ele>44.97</ele>
      </trkpt>
      <trkpt lat="53.55816378258169" lon="10.908848494291306">
        <ele>44.99</ele>
      </trkpt>
      <trkpt lat="53.558473996818066" lon="10.908833993598819">
        <ele>45.0</ele>
      </trkpt>
      <trkpt lat="53.55847994796932" lon="10.908996937796474">
        <ele>45.0</ele>
      </trkpt>
      <trkpt lat="53.55878060683608" lon="10.908972965553403">
        <ele>45.04</ele>
      </trkpt>
      <trkpt lat="53.559081768617034" lon="10.908948993310332">
        <ele>45.1</ele>
      </trkpt>
      <trkpt lat="53.55938293039799" lon="10.90892493724823">
        <ele>45.06</ele>
      </trkpt>
      <trkpt lat="53.55954084545374" lon="10.908893002197146">
        <ele>45.0</ele>
      </trkpt>
      <trkpt lat="53.559698928147554" lon="10.908860983327031">
        <ele>44.94</ele>
      </trkpt>
      <trkpt lat="53.559982907027006" lon="10.908825695514679">
        <ele>44.83</ele>
      </trkpt>
      <trkpt lat="53.56026747263968" lon="10.908790323883295">
        <ele>44.74</ele>
      </trkpt>
      <trkpt lat="53.56055195443332" lon="10.908754952251911">
        <ele>44.71</ele>
      </trkpt>
      <trkpt lat="53.560797460377216" lon="10.908732991665602">
        <ele>44.64</ele>
      </trkpt>
      <trkpt lat="53.561043636873364" lon="10.90871094726026">
        <ele>44.68</ele>
      </trkpt>
      <trkpt lat="53.56128981336951" lon="10.908688986673951">
        <ele>44.73</ele>
      </trkpt>
      <trkpt lat="53.56153598986566" lon="10.90866694226861">
        <ele>44.73</ele>
      </trkpt>
      <trkpt lat="53.56170899234712" lon="10.908590918406844">
        <ele>44.7</ele>
      </trkpt>
      <trkpt lat="53.56192532926798" lon="10.908495029434562">
        <ele>44.63</ele>
      </trkpt>
      <trkpt lat="53.56214191764593" lon="10.908398972824216">
        <ele>44.57</ele>
      </trkpt>
      <trkpt lat="53.56236110441387" lon="10.908248936757445">
        <ele>44.61</ele>
      </trkpt>
      <trkpt lat="53.56258104555309" lon="10.908098230138421">
        <ele>44.69</ele>
      </trkpt>
      <trkpt lat="53.56280098669231" lon="10.907947607338428">
        <ele>44.79</ele>
      </trkpt>
      <trkpt lat="53.56302092783153" lon="10.907796984538436">
        <ele>44.98</ele>
      </trkpt>
      <trkpt lat="53.5629949439317" lon="10.90770193375647">
        <ele>45.13</ele>
      </trkpt>
      <trkpt lat="53.5631019808352" lon="10.907617947086692">
        <ele>45.33</ele>
      </trkpt>
      <trkpt lat="53.563273726031184" lon="10.90745315887034">
        <ele>45.54</ele>
      </trkpt>
      <trkpt lat="53.56344597414136" lon="10.907287951558828">
        <ele>45.78</ele>
      </trkpt>
      <trkpt lat="53.56364160776138" lon="10.907038589939475">
        <ele>46.09</ele>
      </trkpt>
      <trkpt lat="53.56383833102882" lon="10.90678771957755">
        <ele>46.38</ele>
      </trkpt>
      <trkpt lat="53.56403513811529" lon="10.906536849215627">
        <ele>46.67</ele>
      </trkpt>
      <trkpt lat="53.564231945201755" lon="10.906285978853703">
        <ele>46.98</ele>
      </trkpt>
      <trkpt lat="53.56445808894932" lon="10.905984733253717">
        <ele>47.27</ele>
      </trkpt>
      <trkpt lat="53.56468750163913" lon="10.905679129064083">
        <ele>47.55</ele>
      </trkpt>
      <trkpt lat="53.5649168305099" lon="10.905373524874449">
        <ele>47.81</ele>
      </trkpt>
      <trkpt lat="53.565146159380674" lon="10.905067920684814">
        <ele>48.11</ele>
      </trkpt>
      <trkpt lat="53.56537557207048" lon="10.90476231649518">
        <ele>48.41</ele>
      </trkpt>
      <trkpt lat="53.56560490094125" lon="10.904456712305546">
        <ele>48.73</ele>
      </trkpt>
      <trkpt lat="53.565834229812026" lon="10.904151191934943">
        <ele>49.0</ele>
      </trkpt>
      <trkpt lat="53.56606364250183" lon="10.903845587745309">
        <ele>49.27</ele>
      </trkpt>
      <trkpt lat="53.566292971372604" lon="10.903539983555675">
        <ele>49.55</ele>
      </trkpt>
      <trkpt lat="53.56649564579129" lon="10.903246449306607">
        <ele>49.84</ele>
      </trkpt>
      <trkpt lat="53.566698990762234" lon="10.902951993048191">
        <ele>50.21</ele>
      </trkpt>
      <trkpt lat="53.566866712644696" lon="10.902728280052543">
        <ele>50.65</ele>
      </trkpt>
      <trkpt lat="53.56703493744135" lon="10.902503980323672">
        <ele>51.07</ele>
      </trkpt>
      <trkpt lat="53.56722495518625" lon="10.902296947315335">
        <ele>51.46</ele>
      </trkpt>
      <trkpt lat="53.567412961274385" lon="10.902121933177114">
        <ele>51.74</ele>
      </trkpt>
      <trkpt lat="53.56769995763898" lon="10.90194096788764">
        <ele>52.0</ele>
      </trkpt>
      <trkpt lat="53.56798737309873" lon="10.901779783889651">
        <ele>52.3</ele>
      </trkpt>
      <trkpt lat="53.56827705167234" lon="10.901617342606187">
        <ele>52.65</ele>
      </trkpt>
      <trkpt lat="53.56856681406498" lon="10.90145481750369">
        <ele>53.0</ele>
      </trkpt>
      <trkpt lat="53.56885649263859" lon="10.901292376220226">
        <ele>53.35</ele>
      </trkpt>
      <trkpt lat="53.569146171212196" lon="10.90112985111773">
        <ele>53.68</ele>
      </trkpt>
      <trkpt lat="53.569435849785805" lon="10.900967409834266">
        <ele>53.96</ele>
      </trkpt>
      <trkpt lat="53.56972552835941" lon="10.90080488473177">
        <ele>54.17</ele>
      </trkpt>
      <trkpt lat="53.57001529075205" lon="10.900642443448305">
        <ele>54.24</ele>
      </trkpt>
      <trkpt lat="53.57030496932566" lon="10.900479918345809">
        <ele>54.25</ele>
      </trkpt>
      <trkpt lat="53.57053991407156" lon="10.900345221161842">
        <ele>54.3</ele>
      </trkpt>
      <trkpt lat="53.57077544555068" lon="10.900210104882717">
        <ele>54.26</ele>
      </trkpt>
      <trkpt lat="53.5710109770298" lon="10.900074988603592">
        <ele>54.21</ele>
      </trkpt>
      <trkpt lat="53.571158833801746" lon="10.899967029690742">
        <ele>54.15</ele>
      </trkpt>
      <trkpt lat="53.57130694203079" lon="10.899858986958861">
        <ele>54.12</ele>
      </trkpt>
      <trkpt lat="53.57155093923211" lon="10.899589927867055">
        <ele>54.1</ele>
      </trkpt>
      <trkpt lat="53.5717052500695" lon="10.899383816868067">
        <ele>54.06</ele>
      </trkpt>
      <trkpt lat="53.571859980002046" lon="10.899176951497793">
        <ele>54.06</ele>
      </trkpt>
      <trkpt lat="53.572077322751284" lon="10.898897498846054">
        <ele>54.05</ele>
      </trkpt>
      <trkpt lat="53.57229558750987" lon="10.898616705089808">
        <ele>53.99</ele>
      </trkpt>
      <trkpt lat="53.57251393608749" lon="10.898335995152593">
        <ele>53.88</ele>
      </trkpt>
      <trkpt lat="53.57254193164408" lon="10.898299952968955">
        <ele>53.74</ele>
      </trkpt>
      <trkpt lat="53.572684759274125" lon="10.898107755929232">
        <ele>53.56</ele>
      </trkpt>
      <trkpt lat="53.572827922180295" lon="10.897914972156286">
        <ele>53.39</ele>
      </trkpt>
      <trkpt lat="53.572995979338884" lon="10.897632921114564">
        <ele>53.18</ele>
      </trkpt>
      <trkpt lat="53.57313067652285" lon="10.897342571988702">
        <ele>52.95</ele>
      </trkpt>
      <trkpt lat="53.57326596044004" lon="10.897050965577364">
        <ele>52.7</ele>
      </trkpt>
      <trkpt lat="53.573401998728514" lon="10.89666279964149">
        <ele>52.45</ele>
      </trkpt>
      <trkpt lat="53.57353895902634" lon="10.89627186767757">
        <ele>52.16</ele>
      </trkpt>
      <trkpt lat="53.57367591932416" lon="10.895880935713649">
        <ele>51.87</ele>
      </trkpt>
      <trkpt lat="53.573899967595935" lon="10.895521938800812">
        <ele>51.56</ele>
      </trkpt>
      <trkpt lat="53.57416198588908" lon="10.895231924951077">
        <ele>51.3</ele>
      </trkpt>
      <trkpt lat="53.57438578270376" lon="10.8950493671">
        <ele>51.06</ele>
      </trkpt>
      <trkpt lat="53.574610417708755" lon="10.89486613869667">
        <ele>50.77</ele>
      </trkpt>
      <trkpt lat="53.57483496889472" lon="10.894682994112372">
        <ele>50.39</ele>
      </trkpt>
      <trkpt lat="53.57503823004663" lon="10.894538573920727">
        <ele>50.01</ele>
      </trkpt>
      <trkpt lat="53.57524199411273" lon="10.894393986091018">
        <ele>49.64</ele>
      </trkpt>
      <trkpt lat="53.57539580203593" lon="10.89431301690638">
        <ele>49.28</ele>
      </trkpt>
      <trkpt lat="53.57554994523525" lon="10.894231963902712">
        <ele>48.95</ele>
      </trkpt>
      <trkpt lat="53.57572780922055" lon="10.894175972789526">
        <ele>48.57</ele>
      </trkpt>
      <trkpt lat="53.57590592466295" lon="10.89411998167634">
        <ele>48.2</ele>
      </trkpt>
      <trkpt lat="53.57613877393305" lon="10.894084023311734">
        <ele>47.8</ele>
      </trkpt>
      <trkpt lat="53.576371958479285" lon="10.894047981128097">
        <ele>47.39</ele>
      </trkpt>
      <trkpt lat="53.5765559412539" lon="10.893981931731105">
        <ele>46.93</ele>
      </trkpt>
      <trkpt lat="53.57671896927059" lon="10.893877996131778">
        <ele>46.47</ele>
      </trkpt>
      <trkpt lat="53.57685995288193" lon="10.893723936751485">
        <ele>46.02</ele>
      </trkpt>
      <trkpt lat="53.57694595120847" lon="10.893558980897069">
        <ele>45.57</ele>
      </trkpt>
      <trkpt lat="53.577036978676915" lon="10.89323895983398">
        <ele>45.11</ele>
      </trkpt>
      <trkpt lat="53.577104955911636" lon="10.89280997402966">
        <ele>44.7</ele>
      </trkpt>
      <trkpt lat="53.57721199281514" lon="10.892585925757885">
        <ele>44.31</ele>
      </trkpt>
      <trkpt lat="53.57727896422148" lon="10.892528928816319">
        <ele>43.98</ele>
      </trkpt>
      <trkpt lat="53.57751181349158" lon="10.892492467537522">
        <ele>43.63</ele>
      </trkpt>
      <trkpt lat="53.577744998037815" lon="10.892455922439694">
        <ele>43.35</ele>
      </trkpt>
      <trkpt lat="53.57792294584215" lon="10.892463969066739">
        <ele>43.1</ele>
      </trkpt>
      <trkpt lat="53.578205248340964" lon="10.892562875524163">
        <ele>42.91</ele>
      </trkpt>
      <trkpt lat="53.57848796993494" lon="10.89266194961965">
        <ele>42.82</ele>
      </trkpt>
      <trkpt lat="53.57861193828285" lon="10.892676953226328">
        <ele>42.72</ele>
      </trkpt>
      <trkpt lat="53.57875996269286" lon="10.892635965719819">
        <ele>42.58</ele>
      </trkpt>
      <trkpt lat="53.57887697406113" lon="10.892540998756886">
        <ele>42.45</ele>
      </trkpt>
      <trkpt lat="53.57908652164042" lon="10.892276968806982">
        <ele>42.3</ele>
      </trkpt>
      <trkpt lat="53.57929757796228" lon="10.892010927200317">
        <ele>42.23</ele>
      </trkpt>
      <trkpt lat="53.57950871810317" lon="10.891744969412684">
        <ele>42.25</ele>
      </trkpt>
      <trkpt lat="53.57971985824406" lon="10.89147892780602">
        <ele>42.35</ele>
      </trkpt>
      <trkpt lat="53.57993099838495" lon="10.891212970018387">
        <ele>42.44</ele>
      </trkpt>
      <trkpt lat="53.580132918432355" lon="10.891074920073152">
        <ele>42.62</ele>
      </trkpt>
      <trkpt lat="53.580326959490776" lon="10.891080955043435">
        <ele>42.77</ele>
      </trkpt>
      <trkpt lat="53.580500800162554" lon="10.891141388565302">
        <ele>42.95</ele>
      </trkpt>
      <trkpt lat="53.58067497611046" lon="10.891201989725232">
        <ele>43.17</ele>
      </trkpt>
      <trkpt lat="53.58095124363899" lon="10.891370298340917">
        <ele>43.44</ele>
      </trkpt>
      <trkpt lat="53.581227930262685" lon="10.891538942232728">
        <ele>43.78</ele>
      </trkpt>
      <trkpt lat="53.58151794411242" lon="10.891729965806007">
        <ele>44.13</ele>
      </trkpt>
      <trkpt lat="53.58180921524763" lon="10.891886288300157">
        <ele>44.49</ele>
      </trkpt>
      <trkpt lat="53.58210098929703" lon="10.892042946070433">
        <ele>44.82</ele>
      </trkpt>
      <trkpt lat="53.5823789332062" lon="10.89211955666542">
        <ele>45.16</ele>
      </trkpt>
      <trkpt lat="53.58265746384859" lon="10.89219625107944">
        <ele>45.52</ele>
      </trkpt>
      <trkpt lat="53.58293599449098" lon="10.89227294549346">
        <ele>45.89</ele>
      </trkpt>
      <trkpt lat="53.583228942006826" lon="10.892407977953553">
        <ele>46.28</ele>
      </trkpt>
      <trkpt lat="53.5834582708776" lon="10.89253437705338">
        <ele>46.69</ele>
      </trkpt>
      <trkpt lat="53.5836879350245" lon="10.89266094379127">
        <ele>47.09</ele>
      </trkpt>
      <trkpt lat="53.583903685212135" lon="10.892851715907454">
        <ele>47.43</ele>
      </trkpt>
      <trkpt lat="53.58411993831396" lon="10.893042990937829">
        <ele>47.83</ele>
      </trkpt>
      <trkpt lat="53.58438455499709" lon="10.893318504095078">
        <ele>48.32</ele>
      </trkpt>
      <trkpt lat="53.584651267156005" lon="10.89359619654715">
        <ele>48.81</ele>
      </trkpt>
      <trkpt lat="53.58491789549589" lon="10.893873888999224">
        <ele>49.28</ele>
      </trkpt>
      <trkpt lat="53.58518460765481" lon="10.894151581451297">
        <ele>49.73</ele>
      </trkpt>
      <trkpt lat="53.58545131981373" lon="10.89442927390337">
        <ele>50.19</ele>
      </trkpt>
      <trkpt lat="53.585717948153615" lon="10.894706966355443">
        <ele>50.66</ele>
      </trkpt>
      <trkpt lat="53.58595666475594" lon="10.894919699057937">
        <ele>51.11</ele>
      </trkpt>
      <trkpt lat="53.58619596809149" lon="10.89513293467462">
        <ele>51.53</ele>
      </trkpt>
      <trkpt lat="53.58643644489348" lon="10.895315911620855">
        <ele>51.92</ele>
      </trkpt>
      <trkpt lat="53.586677676066756" lon="10.89549939148128">
        <ele>52.3</ele>
      </trkpt>
      <trkpt lat="53.586918991059065" lon="10.895682955160737">
        <ele>52.68</ele>
      </trkpt>
      <trkpt lat="53.58711822889745" lon="10.895862746983767">
        <ele>53.09</ele>
      </trkpt>
      <trkpt lat="53.58731796965003" lon="10.896042957901955">
        <ele>53.53</ele>
      </trkpt>
      <trkpt lat="53.587582167238" lon="10.896301623433828">
        <ele>53.99</ele>
      </trkpt>
      <trkpt lat="53.587846951559186" lon="10.896560959517956">
        <ele>54.45</ele>
      </trkpt>
      <trkpt lat="53.588035963475704" lon="10.896693980321288">
        <ele>54.89</ele>
      </trkpt>
      <trkpt lat="53.588232938200235" lon="10.896780984476209">
        <ele>55.32</ele>
      </trkpt>
      <trkpt lat="53.58842094428837" lon="10.89680696837604">
        <ele>55.73</ele>
      </trkpt>
      <trkpt lat="53.58870626427233" lon="10.89683043770492">
        <ele>56.13</ele>
      </trkpt>
      <trkpt lat="53.58899351209402" lon="10.896853990852833">
        <ele>56.54</ele>
      </trkpt>
      <trkpt lat="53.58928067609668" lon="10.896877627819777">
        <ele>56.94</ele>
      </trkpt>
      <trkpt lat="53.589567840099335" lon="10.89690126478672">
        <ele>57.3</ele>
      </trkpt>
      <trkpt lat="53.58985500410199" lon="10.896924901753664">
        <ele>57.61</ele>
      </trkpt>
      <trkpt lat="53.59014225192368" lon="10.896948454901576">
        <ele>57.88</ele>
      </trkpt>
      <trkpt lat="53.59042941592634" lon="10.89697209186852">
        <ele>58.14</ele>
      </trkpt>
      <trkpt lat="53.590716579928994" lon="10.896995728835464">
        <ele>58.42</ele>
      </trkpt>
      <trkpt lat="53.59100374393165" lon="10.897019365802407">
        <ele>58.66</ele>
      </trkpt>
      <trkpt lat="53.59129099175334" lon="10.89704291895032">
        <ele>58.84</ele>
      </trkpt>
      <trkpt lat="53.591601457446814" lon="10.89706001803279">
        <ele>59.0</ele>
      </trkpt>
      <trkpt lat="53.59191334806383" lon="10.89707720093429">
        <ele>59.16</ele>
      </trkpt>
      <trkpt lat="53.59222532249987" lon="10.89709430001676">
        <ele>59.22</ele>
      </trkpt>
      <trkpt lat="53.592537213116884" lon="10.897111482918262">
        <ele>59.27</ele>
      </trkpt>
      <trkpt lat="53.5928491037339" lon="10.897128665819764">
        <ele>59.26</ele>
      </trkpt>
      <trkpt lat="53.59316107816994" lon="10.897145764902234">
        <ele>59.29</ele>
      </trkpt>
      <trkpt lat="53.593472968786955" lon="10.897162947803736">
        <ele>59.25</ele>
      </trkpt>
      <trkpt lat="53.59376977197826" lon="10.897175772115588">
        <ele>59.18</ele>
      </trkpt>
      <trkpt lat="53.59407126903534" lon="10.897188847884536">
        <ele>59.07</ele>
      </trkpt>
      <trkpt lat="53.59437276609242" lon="10.897201923653483">
        <ele>58.92</ele>
      </trkpt>
      <trkpt lat="53.5946742631495" lon="10.8972149156034">
        <ele>58.79</ele>
      </trkpt>
      <trkpt lat="53.59497576020658" lon="10.897227991372347">
        <ele>58.64</ele>
      </trkpt>
      <trkpt lat="53.59527725726366" lon="10.897241067141294">
        <ele>58.42</ele>
      </trkpt>
      <trkpt lat="53.59557875432074" lon="10.89725405909121">
        <ele>58.16</ele>
      </trkpt>
      <trkpt lat="53.59588016755879" lon="10.897267134860158">
        <ele>57.84</ele>
      </trkpt>
      <trkpt lat="53.59618166461587" lon="10.897280210629106">
        <ele>57.52</ele>
      </trkpt>
      <trkpt lat="53.59648316167295" lon="10.897293202579021">
        <ele>57.18</ele>
      </trkpt>
      <trkpt lat="53.59678465873003" lon="10.897306278347969">
        <ele>56.78</ele>
      </trkpt>
      <trkpt lat="53.59708615578711" lon="10.897319354116917">
        <ele>56.33</ele>
      </trkpt>
      <trkpt lat="53.59738765284419" lon="10.897332429885864">
        <ele>55.88</ele>
      </trkpt>
      <trkpt lat="53.59768914990127" lon="10.89734542183578">
        <ele>55.46</ele>
      </trkpt>
      <trkpt lat="53.59799056313932" lon="10.897358497604728">
        <ele>55.02</ele>
      </trkpt>
      <trkpt lat="53.5982920601964" lon="10.897371573373675">
        <ele>54.62</ele>
      </trkpt>
      <trkpt lat="53.59859355725348" lon="10.897384565323591">
        <ele>54.19</ele>
      </trkpt>
      <trkpt lat="53.59889505431056" lon="10.897397641092539">
        <ele>53.73</ele>
      </trkpt>
      <trkpt lat="53.59919655136764" lon="10.897410716861486">
        <ele>53.32</ele>
      </trkpt>
      <trkpt lat="53.59949804842472" lon="10.897423708811402">
        <ele>52.85</ele>
      </trkpt>
      <trkpt lat="53.5997995454818" lon="10.89743678458035">
        <ele>52.43</ele>
      </trkpt>
      <trkpt lat="53.60010095871985" lon="10.897449860349298">
        <ele>51.99</ele>
      </trkpt>
      <trkpt lat="53.60040245577693" lon="10.897462936118245">
        <ele>51.64</ele>
      </trkpt>
      <trkpt lat="53.60070395283401" lon="10.897475928068161">
        <ele>51.39</ele>
      </trkpt>
      <trkpt lat="53.6009774543345" lon="10.897495290264487">
        <ele>51.16</ele>
      </trkpt>
      <trkpt lat="53.60125221312046" lon="10.897514736279845">
        <ele>50.94</ele>
      </trkpt>
      <trkpt lat="53.601526971906424" lon="10.897534182295203">
        <ele>50.69</ele>
      </trkpt>
      <trkpt lat="53.60180173069239" lon="10.897553628310561">
        <ele>50.43</ele>
      </trkpt>
      <trkpt lat="53.60207648947835" lon="10.89757307432592">
        <ele>50.24</ele>
      </trkpt>
      <trkpt lat="53.60235124826431" lon="10.897592520341277">
        <ele>50.14</ele>
      </trkpt>
      <trkpt lat="53.602625923231244" lon="10.897611966356635">
        <ele>50.04</ele>
      </trkpt>
      <trkpt lat="53.6029268335551" lon="10.89762487448752">
        <ele>49.87</ele>
      </trkpt>
      <trkpt lat="53.60322950407863" lon="10.897637866437435">
        <ele>49.75</ele>
      </trkpt>
      <trkpt lat="53.60353209078312" lon="10.897650942206383">
        <ele>49.76</ele>
      </trkpt>
      <trkpt lat="53.60383476130664" lon="10.897663934156299">
        <ele>49.77</ele>
      </trkpt>
      <trkpt lat="53.60413743183017" lon="10.897676926106215">
        <ele>49.73</ele>
      </trkpt>
      <trkpt lat="53.60444001853466" lon="10.89768991805613">
        <ele>49.73</ele>
      </trkpt>
      <trkpt lat="53.604742689058185" lon="10.897702910006046">
        <ele>49.74</ele>
      </trkpt>
      <trkpt lat="53.60504535958171" lon="10.897715985774994">
        <ele>49.77</ele>
      </trkpt>
      <trkpt lat="53.6053479462862" lon="10.89772897772491">
        <ele>49.86</ele>
      </trkpt>
      <trkpt lat="53.60558599233627" lon="10.897698970511556">
        <ele>49.96</ele>
      </trkpt>
      <trkpt lat="53.605806939303875" lon="10.897612972185016">
        <ele>50.08</ele>
      </trkpt>
      <trkpt lat="53.60592193901539" lon="10.897456984966993">
        <ele>50.11</ele>
      </trkpt>
      <trkpt lat="53.60608999617398" lon="10.89710796251893">
        <ele>50.1</ele>
      </trkpt>
      <trkpt lat="53.60626358538866" lon="10.896722646430135">
        <ele>50.06</ele>
      </trkpt>
      <trkpt lat="53.60644094645977" lon="10.896328864619136">
        <ele>50.01</ele>
      </trkpt>
      <trkpt lat="53.60661830753088" lon="10.895934998989105">
        <ele>49.94</ele>
      </trkpt>
      <trkpt lat="53.60679566860199" lon="10.895541133359075">
        <ele>49.78</ele>
      </trkpt>
      <trkpt lat="53.60697311349213" lon="10.895147267729044">
        <ele>49.64</ele>
      </trkpt>
      <trkpt lat="53.60715047456324" lon="10.894753402099013">
        <ele>49.59</ele>
      </trkpt>
      <trkpt lat="53.60732783563435" lon="10.894359536468983">
        <ele>49.49</ele>
      </trkpt>
      <trkpt lat="53.60750519670546" lon="10.893965670838952">
        <ele>49.41</ele>
      </trkpt>
      <trkpt lat="53.60768255777657" lon="10.893571805208921">
        <ele>49.28</ele>
      </trkpt>
      <trkpt lat="53.60785991884768" lon="10.89317793957889">
        <ele>49.1</ele>
      </trkpt>
      <trkpt lat="53.60802705399692" lon="10.892822965979576">
        <ele>48.8</ele>
      </trkpt>
      <trkpt lat="53.60819620080292" lon="10.892463298514485">
        <ele>48.41</ele>
      </trkpt>
      <trkpt lat="53.608365431427956" lon="10.892103714868426">
        <ele>48.06</ele>
      </trkpt>
      <trkpt lat="53.60853457823396" lon="10.891744131222367">
        <ele>47.77</ele>
      </trkpt>
      <trkpt lat="53.60870380885899" lon="10.891384547576308">
        <ele>47.54</ele>
      </trkpt>
      <trkpt lat="53.60887295566499" lon="10.89102496393025">
        <ele>47.27</ele>
      </trkpt>
      <trkpt lat="53.60901393927634" lon="10.890758922323585">
        <ele>46.92</ele>
      </trkpt>
      <trkpt lat="53.60920035280287" lon="10.890492210164666">
        <ele>46.7</ele>
      </trkpt>
      <trkpt lat="53.60938768833876" lon="10.890224073082209">
        <ele>46.41</ele>
      </trkpt>
      <trkpt lat="53.60957494005561" lon="10.889955935999751">
        <ele>46.11</ele>
      </trkpt>
      <trkpt lat="53.60972614958882" lon="10.889661060646176">
        <ele>45.82</ele>
      </trkpt>
      <trkpt lat="53.60987794585526" lon="10.889364928007126">
        <ele>45.51</ele>
      </trkpt>
      <trkpt lat="53.60999613068998" lon="10.888995872810483">
        <ele>45.23</ele>
      </trkpt>
      <trkpt lat="53.61011498607695" lon="10.888624973595142">
        <ele>44.98</ele>
      </trkpt>
      <trkpt lat="53.61023996025324" lon="10.888150725513697">
        <ele>44.72</ele>
      </trkpt>
      <trkpt lat="53.610367281362414" lon="10.88766759261489">
        <ele>44.45</ele>
      </trkpt>
      <trkpt lat="53.61049460247159" lon="10.887184459716082">
        <ele>44.18</ele>
      </trkpt>
      <trkpt lat="53.6106220073998" lon="10.886701326817274">
        <ele>43.93</ele>
      </trkpt>
      <trkpt lat="53.61074932850897" lon="10.886218193918467">
        <ele>43.69</ele>
      </trkpt>
      <trkpt lat="53.61087664961815" lon="10.885735061019659">
        <ele>43.56</ele>
      </trkpt>
      <trkpt lat="53.611003970727324" lon="10.885251928120852">
        <ele>43.43</ele>
      </trkpt>
      <trkpt lat="53.61109868623316" lon="10.88478622958064">
        <ele>43.28</ele>
      </trkpt>
      <trkpt lat="53.61119398847222" lon="10.884317932650447">
        <ele>43.14</ele>
      </trkpt>
      <trkpt lat="53.61127411946654" lon="10.88386514224112">
        <ele>43.02</ele>
      </trkpt>
      <trkpt lat="53.61135609447956" lon="10.883401790633798">
        <ele>42.97</ele>
      </trkpt>
      <trkpt lat="53.61143806949258" lon="10.882938522845507">
        <ele>42.98</ele>
      </trkpt>
      <trkpt lat="53.611520044505596" lon="10.882475171238184">
        <ele>43.01</ele>
      </trkpt>
      <trkpt lat="53.611602019518614" lon="10.882011903449893">
        <ele>43.07</ele>
      </trkpt>
      <trkpt lat="53.61168399453163" lon="10.88154855184257">
        <ele>43.15</ele>
      </trkpt>
      <trkpt lat="53.61176596954465" lon="10.88108528405428">
        <ele>43.22</ele>
      </trkpt>
      <trkpt lat="53.61184794455767" lon="10.880621932446957">
        <ele>43.28</ele>
      </trkpt>
      <trkpt lat="53.611939726397395" lon="10.880232509225607">
        <ele>43.4</ele>
      </trkpt>
      <trkpt lat="53.61203192733228" lon="10.879840990528464">
        <ele>43.52</ele>
      </trkpt>
      <trkpt lat="53.61212915740907" lon="10.879388703033328">
        <ele>43.7</ele>
      </trkpt>
      <trkpt lat="53.612226974219084" lon="10.878933984786272">
        <ele>43.96</ele>
      </trkpt>
      <trkpt lat="53.61233334057033" lon="10.87854204699397">
        <ele>44.23</ele>
      </trkpt>
      <trkpt lat="53.61244088038802" lon="10.878146002069116">
        <ele>44.54</ele>
      </trkpt>
      <trkpt lat="53.61254842020571" lon="10.87774995714426">
        <ele>44.85</ele>
      </trkpt>
      <trkpt lat="53.6126559600234" lon="10.877353996038437">
        <ele>45.2</ele>
      </trkpt>
      <trkpt lat="53.61273625865579" lon="10.877069681882858">
        <ele>45.5</ele>
      </trkpt>
      <trkpt lat="53.61281697638333" lon="10.87678394280374">
        <ele>45.83</ele>
      </trkpt>
      <trkpt lat="53.612951673567295" lon="10.876428801566362">
        <ele>46.1</ele>
      </trkpt>
      <trkpt lat="53.613086957484484" lon="10.87607198394835">
        <ele>46.43</ele>
      </trkpt>
      <trkpt lat="53.613293655216694" lon="10.875736372545362">
        <ele>46.78</ele>
      </trkpt>
      <trkpt lat="53.61350228078663" lon="10.875397827476263">
        <ele>47.11</ele>
      </trkpt>
      <trkpt lat="53.61371082253754" lon="10.875059198588133">
        <ele>47.4</ele>
      </trkpt>
      <trkpt lat="53.61391936428845" lon="10.874720569700003">
        <ele>47.75</ele>
      </trkpt>
      <trkpt lat="53.61412798985839" lon="10.874381940811872">
        <ele>48.16</ele>
      </trkpt>
      <trkpt lat="53.61431859433651" lon="10.874036606401205">
        <ele>48.51</ele>
      </trkpt>
      <trkpt lat="53.61451028846204" lon="10.873689260333776">
        <ele>48.83</ele>
      </trkpt>
      <trkpt lat="53.614701982587576" lon="10.87334199808538">
        <ele>49.12</ele>
      </trkpt>
      <trkpt lat="53.614923348650336" lon="10.873033963143826">
        <ele>49.43</ele>
      </trkpt>
      <trkpt lat="53.61514622345567" lon="10.872724000364542">
        <ele>49.7</ele>
      </trkpt>
      <trkpt lat="53.615369098261" lon="10.872413953766227">
        <ele>49.92</ele>
      </trkpt>
      <trkpt lat="53.61559197306633" lon="10.872103990986943">
        <ele>50.11</ele>
      </trkpt>
      <trkpt lat="53.6158059630543" lon="10.87177592329681">
        <ele>50.33</ele>
      </trkpt>
      <trkpt lat="53.61596463248134" lon="10.871473588049412">
        <ele>50.46</ele>
      </trkpt>
      <trkpt lat="53.61612397246063" lon="10.871169995516539">
        <ele>50.61</ele>
      </trkpt>
      <trkpt lat="53.616257747635245" lon="10.870979810133576">
        <ele>50.73</ele>
      </trkpt>
      <trkpt lat="53.61639194190502" lon="10.87078895419836">
        <ele>50.81</ele>
      </trkpt>
      <trkpt lat="53.616628143936396" lon="10.870580412447453">
        <ele>50.85</ele>
      </trkpt>
      <trkpt lat="53.61686543561518" lon="10.870370948687196">
        <ele>50.89</ele>
      </trkpt>
      <trkpt lat="53.61710264347494" lon="10.870161484926939">
        <ele>50.88</ele>
      </trkpt>
      <trkpt lat="53.61733993515372" lon="10.86995193734765">
        <ele>50.83</ele>
      </trkpt>
      <trkpt lat="53.61755811609328" lon="10.86969980970025">
        <ele>50.75</ele>
      </trkpt>
      <trkpt lat="53.61777696758509" lon="10.869446927681565">
        <ele>50.6</ele>
      </trkpt>
      <trkpt lat="53.61794091761112" lon="10.86917795240879">
        <ele>50.45</ele>
      </trkpt>
      <trkpt lat="53.618144765496254" lon="10.86882121860981">
        <ele>50.31</ele>
      </trkpt>
      <trkpt lat="53.61835020594299" lon="10.868461802601814">
        <ele>50.11</ele>
      </trkpt>
      <trkpt lat="53.61855556257069" lon="10.868102386593819">
        <ele>49.93</ele>
      </trkpt>
      <trkpt lat="53.618760919198394" lon="10.867742970585823">
        <ele>49.72</ele>
      </trkpt>
      <trkpt lat="53.618880193680525" lon="10.867443652823567">
        <ele>49.52</ele>
      </trkpt>
      <trkpt lat="53.618999971076846" lon="10.867142993956804">
        <ele>49.31</ele>
      </trkpt>
      <trkpt lat="53.61907825805247" lon="10.866884579882026">
        <ele>49.11</ele>
      </trkpt>
      <trkpt lat="53.61915696412325" lon="10.866624992340803">
        <ele>48.93</ele>
      </trkpt>
      <trkpt lat="53.61925905570388" lon="10.866241687908769">
        <ele>48.68</ele>
      </trkpt>
      <trkpt lat="53.619361985474825" lon="10.86585528217256">
        <ele>48.44</ele>
      </trkpt>
      <trkpt lat="53.61946491524577" lon="10.865468960255384">
        <ele>48.29</ele>
      </trkpt>
      <trkpt lat="53.6194649990648" lon="10.865468960255384">
        <ele>48.17</ele>
      </trkpt>
      <trkpt lat="53.61946139484644" lon="10.865466445684433">
        <ele>48.07</ele>
      </trkpt>
      <trkpt lat="53.61965426243842" lon="10.864652395248413">
        <ele>48.0</ele>
      </trkpt>
      <trkpt lat="53.61980446614325" lon="10.864008665084839">
        <ele>47.97</ele>
      </trkpt>
      <trkpt lat="53.619911670684814" lon="10.86375117301941">
        <ele>47.95</ele>
      </trkpt>
      <trkpt lat="53.62004050053656" lon="10.863558053970337">
        <ele>47.97</ele>
      </trkpt>
      <trkpt lat="53.62126358784735" lon="10.861895084381104">
        <ele>48.12</ele>
      </trkpt>
      <trkpt lat="53.62201452255249" lon="10.860875844955444">
        <ele>48.2</ele>
      </trkpt>
      <trkpt lat="53.622132539749146" lon="10.860639810562134">
        <ele>48.34</ele>
      </trkpt>
      <trkpt lat="53.62230428494513" lon="10.86025357246399">
        <ele>48.48</ele>
      </trkpt>
      <trkpt lat="53.622390031814575" lon="10.860339403152466">
        <ele>48.71</ele>
      </trkpt>
      <trkpt lat="53.62245440483093" lon="10.860371589660645">
        <ele>48.97</ele>
      </trkpt>
      <trkpt lat="53.62252950668335" lon="10.860339403152466">
        <ele>49.26</ele>
      </trkpt>
      <trkpt lat="53.62339862622321" lon="10.85950255393982">
        <ele>49.63</ele>
      </trkpt>
      <trkpt lat="53.62350583076477" lon="10.859427452087402">
        <ele>49.95</ele>
      </trkpt>
      <trkpt lat="53.623666763305664" lon="10.859352350234985">
        <ele>50.28</ele>
      </trkpt>
      <trkpt lat="53.623902797698975" lon="10.859330892562866">
        <ele>50.62</ele>
      </trkpt>
      <trkpt lat="53.625640869140625" lon="10.859556198120117">
        <ele>51.06</ele>
      </trkpt>
      <trkpt lat="53.62645626068115" lon="10.859577655792236">
        <ele>51.41</ele>
      </trkpt>
      <trkpt lat="53.627175092697144" lon="10.859545469284058">
        <ele>51.99</ele>
      </trkpt>
      <trkpt lat="53.62850555218756" lon="10.859427452087402">
        <ele>52.58</ele>
      </trkpt>
      <trkpt lat="53.62927802838385" lon="10.859341621398926">
        <ele>53.1</ele>
      </trkpt>
      <trkpt lat="53.63209971226752" lon="10.859084129333496">
        <ele>53.61</ele>
      </trkpt>
      <trkpt lat="53.63493204116821" lon="10.85874080657959">
        <ele>54.02</ele>
      </trkpt>
      <trkpt lat="53.63553285598755" lon="10.858665704727173">
        <ele>54.51</ele>
      </trkpt>
      <trkpt lat="53.635886907577515" lon="10.858601331710815">
        <ele>54.81</ele>
      </trkpt>
      <trkpt lat="53.63623023033142" lon="10.858418941497803">
        <ele>55.09</ele>
      </trkpt>
      <trkpt lat="53.63692760467529" lon="10.858182907104492">
        <ele>55.52</ele>
      </trkpt>
      <trkpt lat="53.63733530044556" lon="10.857925415039062">
        <ele>55.78</ele>
      </trkpt>
      <trkpt lat="53.63824725151062" lon="10.857421159744263">
        <ele>55.71</ele>
      </trkpt>
      <trkpt lat="53.63857984542847" lon="10.85726022720337">
        <ele>55.63</ele>
      </trkpt>
      <trkpt lat="53.638687217608094" lon="10.857270956039429">
        <ele>55.62</ele>
      </trkpt>
      <trkpt lat="53.63868713378906" lon="10.857270956039429">
        <ele>55.62</ele>
      </trkpt>
      <trkpt lat="53.63892316818237" lon="10.857281684875488">
        <ele>55.5</ele>
      </trkpt>
      <trkpt lat="53.640178525820374" lon="10.857925415039062">
        <ele>55.26</ele>
      </trkpt>
      <trkpt lat="53.64017844200134" lon="10.857925415039062">
        <ele>55.17</ele>
      </trkpt>
      <trkpt lat="53.640382373705506" lon="10.858054161071777">
        <ele>54.92</ele>
      </trkpt>
      <trkpt lat="53.64045739173889" lon="10.858107805252075">
        <ele>54.74</ele>
      </trkpt>
      <trkpt lat="53.640629053115845" lon="10.858279466629028">
        <ele>54.54</ele>
      </trkpt>
      <trkpt lat="53.6407470703125" lon="10.858418941497803">
        <ele>54.39</ele>
      </trkpt>
      <trkpt lat="53.64087590016425" lon="10.858622789382935">
        <ele>54.26</ele>
      </trkpt>
      <trkpt lat="53.6409939173609" lon="10.858848094940186">
        <ele>54.11</ele>
      </trkpt>
      <trkpt lat="53.64101529121399" lon="10.858901739120483">
        <ele>53.92</ele>
      </trkpt>
      <trkpt lat="53.641144037246704" lon="10.859180688858032">
        <ele>53.77</ele>
      </trkpt>
      <trkpt lat="53.64151954650879" lon="10.859760046005249">
        <ele>53.46</ele>
      </trkpt>
      <trkpt lat="53.64173412322998" lon="10.860038995742798">
        <ele>53.26</ele>
      </trkpt>
      <trkpt lat="53.64203453063965" lon="10.860307216644287">
        <ele>53.22</ele>
      </trkpt>
      <trkpt lat="53.642345666885376" lon="10.860511064529419">
        <ele>53.17</ele>
      </trkpt>
      <trkpt lat="53.64253878593445" lon="10.860607624053955">
        <ele>53.05</ele>
      </trkpt>
      <trkpt lat="53.643139600753784" lon="10.860843658447266">
        <ele>52.98</ele>
      </trkpt>
      <trkpt lat="53.64473819732666" lon="10.861294269561768">
        <ele>52.48</ele>
      </trkpt>
      <trkpt lat="53.64570379257202" lon="10.861616134643555">
        <ele>51.85</ele>
      </trkpt>
      <trkpt lat="53.64556431770325" lon="10.86198091506958">
        <ele>51.67</ele>
      </trkpt>
      <trkpt lat="53.645381927490234" lon="10.862367153167725">
        <ele>51.44</ele>
      </trkpt>
      <trkpt lat="53.644899213686585" lon="10.863204002380371">
        <ele>51.09</ele>
      </trkpt>
      <trkpt lat="53.644630908966064" lon="10.863654613494873">
        <ele>50.72</ele>
      </trkpt>
      <trkpt lat="53.64437350071967" lon="10.864169597625732">
        <ele>50.42</ele>
      </trkpt>
      <trkpt lat="53.64419102668762" lon="10.864652395248413">
        <ele>50.36</ele>
      </trkpt>
      <trkpt lat="53.64397644996643" lon="10.865360498428345">
        <ele>50.32</ele>
      </trkpt>
      <trkpt lat="53.643590211868286" lon="10.867087841033936">
        <ele>50.24</ele>
      </trkpt>
      <trkpt lat="53.64328980445862" lon="10.868568420410156">
        <ele>50.11</ele>
      </trkpt>
      <trkpt lat="53.643139600753784" lon="10.869662761688232">
        <ele>50.05</ele>
      </trkpt>
      <trkpt lat="53.64300012588501" lon="10.871078968048096">
        <ele>49.75</ele>
      </trkpt>
      <trkpt lat="53.64294648170471" lon="10.871937274932861">
        <ele>49.64</ele>
      </trkpt>
      <trkpt lat="53.64291429519653" lon="10.873332023620605">
        <ele>49.57</ele>
      </trkpt>
      <trkpt lat="53.64302166737616" lon="10.874898433685303">
        <ele>49.61</ele>
      </trkpt>
      <trkpt lat="53.643343448638916" lon="10.878438949584961">
        <ele>49.81</ele>
      </trkpt>
      <trkpt lat="53.643332719802856" lon="10.878878831863403">
        <ele>49.87</ele>
      </trkpt>
      <trkpt lat="53.64324688911438" lon="10.879265069961548">
        <ele>49.91</ele>
      </trkpt>
      <trkpt lat="53.643128871917725" lon="10.879544019699097">
        <ele>49.96</ele>
      </trkpt>
      <trkpt lat="53.642613887786865" lon="10.88023066520691">
        <ele>50.02</ele>
      </trkpt>
      <trkpt lat="53.6422598361969" lon="10.880820751190186">
        <ele>50.13</ele>
      </trkpt>
      <trkpt lat="53.641905784606934" lon="10.881593227386475">
        <ele>50.13</ele>
      </trkpt>
      <trkpt lat="53.64174485206604" lon="10.881839990615845">
        <ele>50.25</ele>
      </trkpt>
      <trkpt lat="53.64124059677124" lon="10.882483720779419">
        <ele>50.36</ele>
      </trkpt>
      <trkpt lat="53.641144121065736" lon="10.882623195648193">
        <ele>50.5</ele>
      </trkpt>
      <trkpt lat="53.6409939173609" lon="10.882805585861206">
        <ele>50.67</ele>
      </trkpt>
      <trkpt lat="53.64083298482001" lon="10.883181095123291">
        <ele>50.9</ele>
      </trkpt>
      <trkpt lat="53.640629136934876" lon="10.883932113647461">
        <ele>51.02</ele>
      </trkpt>
      <trkpt lat="53.64050030708313" lon="10.88443636894226">
        <ele>51.12</ele>
      </trkpt>
      <trkpt lat="53.64031800068915" lon="10.88496208190918">
        <ele>51.31</ele>
      </trkpt>
      <trkpt lat="53.64006042480469" lon="10.88546633720398">
        <ele>51.6</ele>
      </trkpt>
      <trkpt lat="53.639942491427064" lon="10.885648727416992">
        <ele>51.8</ele>
      </trkpt>
      <trkpt lat="53.63971710205078" lon="10.88597059249878">
        <ele>51.98</ele>
      </trkpt>
      <trkpt lat="53.6391806602478" lon="10.886753797531128">
        <ele>52.16</ele>
      </trkpt>
      <trkpt lat="53.63898754119873" lon="10.88718295097351">
        <ele>52.46</ele>
      </trkpt>
      <trkpt lat="53.63879442214966" lon="10.887740850448608">
        <ele>52.73</ele>
      </trkpt>
      <trkpt lat="53.63851547241211" lon="10.889092683792114">
        <ele>52.99</ele>
      </trkpt>
      <trkpt lat="53.638386726379395" lon="10.889629125595093">
        <ele>53.27</ele>
      </trkpt>
      <trkpt lat="53.63823660649359" lon="10.890069007873535">
        <ele>53.58</ele>
      </trkpt>
      <trkpt lat="53.63823652267456" lon="10.890069007873535">
        <ele>53.91</ele>
      </trkpt>
      <trkpt lat="53.63808631896973" lon="10.89043378829956">
        <ele>54.23</ele>
      </trkpt>
      <trkpt lat="53.63683104515076" lon="10.893169641494751">
        <ele>54.58</ele>
      </trkpt>
      <trkpt lat="53.636391162872314" lon="10.894092321395874">
        <ele>54.87</ele>
      </trkpt>
      <trkpt lat="53.63555431365967" lon="10.896012783050537">
        <ele>55.34</ele>
      </trkpt>
      <trkpt lat="53.635414838790894" lon="10.896549224853516">
        <ele>55.75</ele>
      </trkpt>
      <trkpt lat="53.63529682159424" lon="10.897053480148315">
        <ele>56.15</ele>
      </trkpt>
      <trkpt lat="53.6342990398407" lon="10.903286933898926">
        <ele>56.56</ele>
      </trkpt>
      <trkpt lat="53.63418102264404" lon="10.9039306640625">
        <ele>56.85</ele>
      </trkpt>
      <trkpt lat="53.6336874961853" lon="10.90592622756958">
        <ele>57.17</ele>
      </trkpt>
      <trkpt lat="53.63321542739868" lon="10.907278060913086">
        <ele>57.32</ele>
      </trkpt>
      <trkpt lat="53.63220691680908" lon="10.909895896911621">
        <ele>57.12</ele>
      </trkpt>
      <trkpt lat="53.631852865219116" lon="10.910861492156982">
        <ele>57.04</ele>
      </trkpt>
      <trkpt lat="53.63171339035034" lon="10.911290645599365">
        <ele>56.99</ele>
      </trkpt>
      <trkpt lat="53.63159537315369" lon="10.911805629730225">
        <ele>56.87</ele>
      </trkpt>
      <trkpt lat="53.631208296865225" lon="10.914244344457984">
        <ele>56.55</ele>
      </trkpt>
      <trkpt lat="53.631209218874574" lon="10.91423881240189">
        <ele>56.32</ele>
      </trkpt>
      <trkpt lat="53.63081216812134" lon="10.916740894317627">
        <ele>55.82</ele>
      </trkpt>
      <trkpt lat="53.6307692527771" lon="10.917277336120605">
        <ele>55.45</ele>
      </trkpt>
      <trkpt lat="53.63080152310431" lon="10.917835235595703">
        <ele>55.07</ele>
      </trkpt>
      <trkpt lat="53.63080143928528" lon="10.917835235595703">
        <ele>54.68</ele>
      </trkpt>
      <trkpt lat="53.630887269973755" lon="10.918350219726562">
        <ele>54.23</ele>
      </trkpt>
      <trkpt lat="53.63096237182617" lon="10.91866135597229">
        <ele>53.76</ele>
      </trkpt>
      <trkpt lat="53.63105893135071" lon="10.91891884803772">
        <ele>53.27</ele>
      </trkpt>
      <trkpt lat="53.631359338760376" lon="10.919498205184937">
        <ele>52.75</ele>
      </trkpt>
      <trkpt lat="53.636616468429565" lon="10.92765212059021">
        <ele>52.29</ele>
      </trkpt>
      <trkpt lat="53.63697052001953" lon="10.928016901016235">
        <ele>51.71</ele>
      </trkpt>
      <trkpt lat="53.63733530044556" lon="10.928220748901367">
        <ele>51.16</ele>
      </trkpt>
      <trkpt lat="53.63776445388794" lon="10.928349494934082">
        <ele>50.63</ele>
      </trkpt>
      <trkpt lat="53.638161420822144" lon="10.928306579589844">
        <ele>49.97</ele>
      </trkpt>
      <trkpt lat="53.63868713378906" lon="10.928124189376831">
        <ele>49.38</ele>
      </trkpt>
      <trkpt lat="53.6396849155426" lon="10.927437543869019">
        <ele>48.79</ele>
      </trkpt>
      <trkpt lat="53.64000678062439" lon="10.927276611328125">
        <ele>48.32</ele>
      </trkpt>
      <trkpt lat="53.64032872952521" lon="10.927212238311768">
        <ele>47.8</ele>
      </trkpt>
      <trkpt lat="53.64032864570618" lon="10.927212238311768">
        <ele>47.27</ele>
      </trkpt>
      <trkpt lat="53.64078998565674" lon="10.927180051803589">
        <ele>46.72</ele>
      </trkpt>
      <trkpt lat="53.64397644996643" lon="10.927480459213257">
        <ele>46.02</ele>
      </trkpt>
      <trkpt lat="53.644834756851196" lon="10.927501916885376">
        <ele>45.61</ele>
      </trkpt>
      <trkpt lat="53.64715218544006" lon="10.927373170852661">
        <ele>45.3</ele>
      </trkpt>
      <trkpt lat="53.64797830581665" lon="10.927480459213257">
        <ele>44.91</ele>
      </trkpt>
      <trkpt lat="53.648386001586914" lon="10.92766284942627">
        <ele>44.34</ele>
      </trkpt>
      <trkpt lat="53.64878305234015" lon="10.92788815498352">
        <ele>43.95</ele>
      </trkpt>
      <trkpt lat="53.64878296852112" lon="10.92788815498352">
        <ele>43.65</ele>
      </trkpt>
      <trkpt lat="53.64942669868469" lon="10.928231477737427">
        <ele>43.23</ele>
      </trkpt>
      <trkpt lat="53.64973783493042" lon="10.928306579589844">
        <ele>42.96</ele>
      </trkpt>
      <trkpt lat="53.65001678466797" lon="10.928328037261963">
        <ele>42.81</ele>
      </trkpt>
      <trkpt lat="53.65029573440552" lon="10.928263664245605">
        <ele>42.79</ele>
      </trkpt>
      <trkpt lat="53.65052103996277" lon="10.92814564704895">
        <ele>42.72</ele>
      </trkpt>
      <trkpt lat="53.65075707435608" lon="10.927963256835938">
        <ele>42.69</ele>
      </trkpt>
      <trkpt lat="53.65097165107727" lon="10.927705764770508">
        <ele>42.71</ele>
      </trkpt>
      <trkpt lat="53.651379346847534" lon="10.927008390426636">
        <ele>42.78</ele>
      </trkpt>
      <trkpt lat="53.65152955055237" lon="10.926804542541504">
        <ele>42.96</ele>
      </trkpt>
      <trkpt lat="53.65171194076538" lon="10.92666506767273">
        <ele>43.17</ele>
      </trkpt>
      <trkpt lat="53.651862144470215" lon="10.926622152328491">
        <ele>43.42</ele>
      </trkpt>
      <trkpt lat="53.652108907699585" lon="10.926622152328491">
        <ele>43.69</ele>
      </trkpt>
      <trkpt lat="53.6532998085022" lon="10.926697254180908">
        <ele>44.37</ele>
      </trkpt>
      <trkpt lat="53.65352511405945" lon="10.92665433883667">
        <ele>44.77</ele>
      </trkpt>
      <trkpt lat="53.65377187728882" lon="10.926504135131836">
        <ele>45.14</ele>
      </trkpt>
      <trkpt lat="53.656089305877686" lon="10.924701690673828">
        <ele>45.57</ele>
      </trkpt>
      <trkpt lat="53.65821361541748" lon="10.922963619232178">
        <ele>45.86</ele>
      </trkpt>
      <trkpt lat="53.65852475166321" lon="10.922684669494629">
        <ele>46.07</ele>
      </trkpt>
      <trkpt lat="53.6585995182395" lon="10.92261090874672">
        <ele>46.36</ele>
      </trkpt>
      <trkpt lat="53.65860002115369" lon="10.92261048965156">
        <ele>46.64</ele>
      </trkpt>
      <trkpt lat="53.66142153739929" lon="10.919830799102783">
        <ele>46.44</ele>
      </trkpt>
      <trkpt lat="53.66173275746405" lon="10.91964840888977">
        <ele>46.68</ele>
      </trkpt>
      <trkpt lat="53.66192579269409" lon="10.919594764709473">
        <ele>46.97</ele>
      </trkpt>
      <trkpt lat="53.66205453872681" lon="10.919594764709473">
        <ele>47.22</ele>
      </trkpt>
      <trkpt lat="53.66241931915283" lon="10.91968059539795">
        <ele>47.45</ele>
      </trkpt>
      <trkpt lat="53.662601709365845" lon="10.919702053070068">
        <ele>47.67</ele>
      </trkpt>
      <trkpt lat="53.66276272572577" lon="10.919712781906128">
        <ele>47.9</ele>
      </trkpt>
      <trkpt lat="53.66292357444763" lon="10.91965913772583">
        <ele>48.13</ele>
      </trkpt>
      <trkpt lat="53.66305240429938" lon="10.919573307037354">
        <ele>48.33</ele>
      </trkpt>
      <trkpt lat="53.6632239818573" lon="10.919455289840698">
        <ele>48.55</ele>
      </trkpt>
      <trkpt lat="53.663374185562134" lon="10.919305086135864">
        <ele>48.7</ele>
      </trkpt>
      <trkpt lat="53.664125204086304" lon="10.918242931365967">
        <ele>49.06</ele>
      </trkpt>
      <trkpt lat="53.66372832097113" lon="10.917770862579346">
        <ele>49.1</ele>
      </trkpt>
      <trkpt lat="53.66340637207031" lon="10.917373895645142">
        <ele>49.15</ele>
      </trkpt>
      <trkpt lat="53.66323471069336" lon="10.917116403579712">
        <ele>49.09</ele>
      </trkpt>
      <trkpt lat="53.663095235824585" lon="10.916837453842163">
        <ele>49.01</ele>
      </trkpt>
      <trkpt lat="53.66292357444763" lon="10.91639757156372">
        <ele>48.86</ele>
      </trkpt>
      <trkpt lat="53.66277345456183" lon="10.915839672088623">
        <ele>48.67</ele>
      </trkpt>
      <trkpt lat="53.66267681121826" lon="10.91539978981018">
        <ele>48.47</ele>
      </trkpt>
      <trkpt lat="53.662580251693726" lon="10.915056467056274">
        <ele>48.28</ele>
      </trkpt>
      <trkpt lat="53.662354946136475" lon="10.91442346572876">
        <ele>47.96</ele>
      </trkpt>
      <trkpt lat="53.662269115448" lon="10.914251804351807">
        <ele>47.77</ele>
      </trkpt>
      <trkpt lat="53.66220474243164" lon="10.91415524482727">
        <ele>47.6</ele>
      </trkpt>
      <trkpt lat="53.661915147677064" lon="10.913822650909424">
        <ele>47.49</ele>
      </trkpt>
      <trkpt lat="53.66179704666138" lon="10.913640260696411">
        <ele>47.34</ele>
      </trkpt>
      <trkpt lat="53.661571741104126" lon="10.913232564926147">
        <ele>47.21</ele>
      </trkpt>
      <trkpt lat="53.66130360402167" lon="10.912696123123169">
        <ele>47.11</ele>
      </trkpt>
      <trkpt lat="53.66122841835022" lon="10.91243863105774">
        <ele>46.93</ele>
      </trkpt>
      <trkpt lat="53.661121129989624" lon="10.912073850631714">
        <ele>46.77</ele>
      </trkpt>
      <trkpt lat="53.66102465428412" lon="10.911601781845093">
        <ele>46.51</ele>
      </trkpt>
      <trkpt lat="53.661003196612" lon="10.91141939163208">
        <ele>46.26</ele>
      </trkpt>
      <trkpt lat="53.66100311279297" lon="10.911387205123901">
        <ele>46.04</ele>
      </trkpt>
      <trkpt lat="53.661003196612" lon="10.911387205123901">
        <ele>45.82</ele>
      </trkpt>
      <trkpt lat="53.66098165512085" lon="10.91117262840271">
        <ele>45.57</ele>
      </trkpt>
      <trkpt lat="53.66097101010382" lon="10.910625457763672">
        <ele>45.32</ele>
      </trkpt>
      <trkpt lat="53.66098165512085" lon="10.910314321517944">
        <ele>45.11</ele>
      </trkpt>
      <trkpt lat="53.66101384162903" lon="10.90993881225586">
        <ele>44.91</ele>
      </trkpt>
      <trkpt lat="53.66104611195624" lon="10.909713506698608">
        <ele>44.72</ele>
      </trkpt>
      <trkpt lat="53.661314249038696" lon="10.907953977584839">
        <ele>44.47</ele>
      </trkpt>
      <trkpt lat="53.661367893218994" lon="10.907546281814575">
        <ele>44.37</ele>
      </trkpt>
      <trkpt lat="53.661367977038026" lon="10.907546281814575">
        <ele>44.23</ele>
      </trkpt>
      <trkpt lat="53.661378622055054" lon="10.907331705093384">
        <ele>44.11</ele>
      </trkpt>
      <trkpt lat="53.661357164382935" lon="10.907042026519775">
        <ele>43.99</ele>
      </trkpt>
      <trkpt lat="53.66130352020264" lon="10.906580686569214">
        <ele>43.8</ele>
      </trkpt>
      <trkpt lat="53.6612606048584" lon="10.906301736831665">
        <ele>43.69</ele>
      </trkpt>
      <trkpt lat="53.66119623184204" lon="10.906097888946533">
        <ele>43.66</ele>
      </trkpt>
      <trkpt lat="53.66114258766174" lon="10.9059476852417">
        <ele>43.66</ele>
      </trkpt>
      <trkpt lat="53.661067485809326" lon="10.905818939208984">
        <ele>43.68</ele>
      </trkpt>
      <trkpt lat="53.66078853607178" lon="10.905464887619019">
        <ele>43.79</ele>
      </trkpt>
      <trkpt lat="53.660616874694824" lon="10.905207395553589">
        <ele>43.85</ele>
      </trkpt>
      <trkpt lat="53.66048812866211" lon="10.904960632324219">
        <ele>43.89</ele>
      </trkpt>
      <trkpt lat="53.6603057384491" lon="10.904510021209717">
        <ele>43.94</ele>
      </trkpt>
      <trkpt lat="53.66001605987549" lon="10.903705358505249">
        <ele>44.03</ele>
      </trkpt>
      <trkpt lat="53.659812211990356" lon="10.903040170669556">
        <ele>44.18</ele>
      </trkpt>
      <trkpt lat="53.659565448760986" lon="10.902632474899292">
        <ele>44.24</ele>
      </trkpt>
      <trkpt lat="53.65941524505615" lon="10.902482271194458">
        <ele>44.35</ele>
      </trkpt>
      <trkpt lat="53.65930795669556" lon="10.902063846588135">
        <ele>44.46</ele>
      </trkpt>
      <trkpt lat="53.659318685531616" lon="10.901591777801514">
        <ele>44.58</ele>
      </trkpt>
      <trkpt lat="53.6596941947937" lon="10.900508165359497">
        <ele>44.82</ele>
      </trkpt>
      <trkpt lat="53.660091161727905" lon="10.899488925933838">
        <ele>44.87</ele>
      </trkpt>
      <trkpt lat="53.66015553474426" lon="10.899338722229004">
        <ele>44.98</ele>
      </trkpt>
      <trkpt lat="53.6601984500885" lon="10.899124145507812">
        <ele>45.13</ele>
      </trkpt>
      <trkpt lat="53.66018772125244" lon="10.898898839950562">
        <ele>45.3</ele>
      </trkpt>
      <trkpt lat="53.659608364105225" lon="10.89718222618103">
        <ele>45.66</ele>
      </trkpt>
      <trkpt lat="53.659619092941284" lon="10.896817445755005">
        <ele>45.87</ele>
      </trkpt>
      <trkpt lat="53.65967273712158" lon="10.896463394165039">
        <ele>46.03</ele>
      </trkpt>
      <trkpt lat="53.66003751754761" lon="10.895508527755737">
        <ele>45.96</ele>
      </trkpt>
      <trkpt lat="53.6604452971369" lon="10.894263982772827">
        <ele>46.17</ele>
      </trkpt>
      <trkpt lat="53.660874366760254" lon="10.893234014511108">
        <ele>46.49</ele>
      </trkpt>
      <trkpt lat="53.66117477416992" lon="10.892901420593262">
        <ele>46.71</ele>
      </trkpt>
      <trkpt lat="53.6615610960871" lon="10.892590284347534">
        <ele>46.8</ele>
      </trkpt>
      <trkpt lat="53.662086725234985" lon="10.892171859741211">
        <ele>46.98</ele>
      </trkpt>
      <trkpt lat="53.662880659103394" lon="10.891313552856445">
        <ele>47.17</ele>
      </trkpt>
      <trkpt lat="53.663105964660645" lon="10.890905857086182">
        <ele>47.34</ele>
      </trkpt>
      <trkpt lat="53.66321325302124" lon="10.890369415283203">
        <ele>47.5</ele>
      </trkpt>
      <trkpt lat="53.6632239818573" lon="10.88971495628357">
        <ele>47.75</ele>
      </trkpt>
      <trkpt lat="53.66295576095581" lon="10.88844895362854">
        <ele>48.03</ele>
      </trkpt>
      <trkpt lat="53.662558794021606" lon="10.886914730072021">
        <ele>48.19</ele>
      </trkpt>
      <trkpt lat="53.66247296333313" lon="10.886335372924805">
        <ele>48.5</ele>
      </trkpt>
      <trkpt lat="53.66238713264465" lon="10.886045694351196">
        <ele>48.75</ele>
      </trkpt>
      <trkpt lat="53.662354946136475" lon="10.885788202285767">
        <ele>48.88</ele>
      </trkpt>
      <trkpt lat="53.66250514984131" lon="10.881518125534058">
        <ele>48.76</ele>
      </trkpt>
      <trkpt lat="53.662590980529785" lon="10.880638360977173">
        <ele>48.85</ele>
      </trkpt>
      <trkpt lat="53.66304159164429" lon="10.877537727355957">
        <ele>49.23</ele>
      </trkpt>
      <trkpt lat="53.66305232048035" lon="10.877312421798706">
        <ele>49.42</ele>
      </trkpt>
      <trkpt lat="53.66304159164429" lon="10.877054929733276">
        <ele>49.64</ele>
      </trkpt>
      <trkpt lat="53.66299867630005" lon="10.876840353012085">
        <ele>49.9</ele>
      </trkpt>
      <trkpt lat="53.66292357444763" lon="10.876625776290894">
        <ele>50.16</ele>
      </trkpt>
      <trkpt lat="53.662837743759155" lon="10.87647557258606">
        <ele>50.43</ele>
      </trkpt>
      <trkpt lat="53.66270899772644" lon="10.876314640045166">
        <ele>50.72</ele>
      </trkpt>
      <trkpt lat="53.66204339079559" lon="10.87579102255404">
        <ele>50.94</ele>
      </trkpt>
      <trkpt lat="53.66204355843365" lon="10.875791106373072">
        <ele>51.19</ele>
      </trkpt>
      <trkpt lat="53.66044521331787" lon="10.874533653259277">
        <ele>51.51</ele>
      </trkpt>
      <trkpt lat="53.660316467285156" lon="10.874372720718384">
        <ele>51.73</ele>
      </trkpt>
      <trkpt lat="53.660155618563294" lon="10.87398648262024">
        <ele>51.89</ele>
      </trkpt>
      <trkpt lat="53.660123348236084" lon="10.873653888702393">
        <ele>52.11</ele>
      </trkpt>
      <trkpt lat="53.660134077072144" lon="10.873535871505737">
        <ele>52.41</ele>
      </trkpt>
      <trkpt lat="53.660134160891175" lon="10.873535871505737">
        <ele>52.73</ele>
      </trkpt>
      <trkpt lat="53.6601448059082" lon="10.873342752456665">
        <ele>53.04</ele>
      </trkpt>
      <trkpt lat="53.6601984500885" lon="10.873020887374878">
        <ele>53.41</ele>
      </trkpt>
      <trkpt lat="53.661078214645386" lon="10.869094133377075">
        <ele>53.83</ele>
      </trkpt>
      <trkpt lat="53.661110401153564" lon="10.868772268295288">
        <ele>54.19</ele>
      </trkpt>
      <trkpt lat="53.661110401153564" lon="10.868428945541382">
        <ele>54.56</ele>
      </trkpt>
      <trkpt lat="53.66102457046509" lon="10.867785215377808">
        <ele>54.99</ele>
      </trkpt>
      <trkpt lat="53.6607563495636" lon="10.86621880531311">
        <ele>55.45</ele>
      </trkpt>
      <trkpt lat="53.66072416305542" lon="10.865800380706787">
        <ele>55.93</ele>
      </trkpt>
      <trkpt lat="53.66076707839966" lon="10.865381956100464">
        <ele>56.41</ele>
      </trkpt>
      <trkpt lat="53.660863637924194" lon="10.86498498916626">
        <ele>56.86</ele>
      </trkpt>
      <trkpt lat="53.660917365923524" lon="10.864834785461426">
        <ele>57.22</ele>
      </trkpt>
      <trkpt lat="53.66098165512085" lon="10.864652395248413">
        <ele>57.58</ele>
      </trkpt>
      <trkpt lat="53.661367893218994" lon="10.863547325134277">
        <ele>57.84</ele>
      </trkpt>
      <trkpt lat="53.66229057312012" lon="10.861144065856934">
        <ele>58.18</ele>
      </trkpt>
      <trkpt lat="53.66245158948004" lon="10.860511064529419">
        <ele>58.27</ele>
      </trkpt>
      <trkpt lat="53.66247296333313" lon="10.860124826431274">
        <ele>58.35</ele>
      </trkpt>
      <trkpt lat="53.66247304715216" lon="10.860124826431274">
        <ele>58.53</ele>
      </trkpt>
      <trkpt lat="53.662376403808594" lon="10.858708620071411">
        <ele>58.8</ele>
      </trkpt>
      <trkpt lat="53.66230130195618" lon="10.857946872711182">
        <ele>58.89</ele>
      </trkpt>
      <trkpt lat="53.66204389370978" lon="10.854674577713013">
        <ele>58.77</ele>
      </trkpt>
      <trkpt lat="53.66188287734985" lon="10.85276484489441">
        <ele>58.96</ele>
      </trkpt>
      <trkpt lat="53.661882961168885" lon="10.85276484489441">
        <ele>58.95</ele>
      </trkpt>
      <trkpt lat="53.66147518157959" lon="10.847389698028564">
        <ele>59.33</ele>
      </trkpt>
      <trkpt lat="53.66143226623535" lon="10.846660137176514">
        <ele>59.06</ele>
      </trkpt>
      <trkpt lat="53.66146445274353" lon="10.844203233718872">
        <ele>58.93</ele>
      </trkpt>
      <trkpt lat="53.66146453656256" lon="10.844203233718872">
        <ele>58.71</ele>
      </trkpt>
      <trkpt lat="53.661561012268066" lon="10.836939811706543">
        <ele>58.48</ele>
      </trkpt>
      <trkpt lat="53.661561012268066" lon="10.836596488952637">
        <ele>58.16</ele>
      </trkpt>
      <trkpt lat="53.66153955459595" lon="10.836446285247803">
        <ele>57.78</ele>
      </trkpt>
      <trkpt lat="53.66151809692383" lon="10.836371183395386">
        <ele>57.36</ele>
      </trkpt>
      <trkpt lat="53.66151818074286" lon="10.836371183395386">
        <ele>56.87</ele>
      </trkpt>
      <trkpt lat="53.66144299507141" lon="10.836220979690552">
        <ele>56.36</ele>
      </trkpt>
      <trkpt lat="53.66100311279297" lon="10.835877656936646">
        <ele>55.78</ele>
      </trkpt>
      <trkpt lat="53.66065979003906" lon="10.835480690002441">
        <ele>55.13</ele>
      </trkpt>
      <trkpt lat="53.65993022918701" lon="10.834311246871948">
        <ele>54.2</ele>
      </trkpt>
      <trkpt lat="53.65968346595764" lon="10.83378553390503">
        <ele>53.45</ele>
      </trkpt>
      <trkpt lat="53.65950107574463" lon="10.83327054977417">
        <ele>52.73</ele>
      </trkpt>
      <trkpt lat="53.659361600875854" lon="10.832701921463013">
        <ele>52.05</ele>
      </trkpt>
      <trkpt lat="53.65929731167853" lon="10.832390785217285">
        <ele>51.33</ele>
      </trkpt>
      <trkpt lat="53.65920066833496" lon="10.8320152759552">
        <ele>50.62</ele>
      </trkpt>
      <trkpt lat="53.659114837646484" lon="10.83176851272583">
        <ele>49.9</ele>
      </trkpt>
      <trkpt lat="53.65869641304016" lon="10.830717086791992">
        <ele>49.07</ele>
      </trkpt>
      <trkpt lat="53.65850329399109" lon="10.830234289169312">
        <ele>48.42</ele>
      </trkpt>
      <trkpt lat="53.6582887172699" lon="10.82978367805481">
        <ele>47.8</ele>
      </trkpt>
      <trkpt lat="53.65804203785956" lon="10.829343795776367">
        <ele>47.24</ele>
      </trkpt>
      <trkpt lat="53.65764498710632" lon="10.828678607940674">
        <ele>46.92</ele>
      </trkpt>
      <trkpt lat="53.657355308532715" lon="10.828238725662231">
        <ele>46.6</ele>
      </trkpt>
      <trkpt lat="53.65714073181152" lon="10.827970504760742">
        <ele>46.24</ele>
      </trkpt>
      <trkpt lat="53.6567759513855" lon="10.827691555023193">
        <ele>46.0</ele>
      </trkpt>
      <trkpt lat="53.65655064582825" lon="10.827605724334717">
        <ele>45.83</ele>
      </trkpt>
      <trkpt lat="53.65615367889404" lon="10.827616453170776">
        <ele>45.68</ele>
      </trkpt>
      <trkpt lat="53.656121492385864" lon="10.827369689941406">
        <ele>45.58</ele>
      </trkpt>
      <trkpt lat="53.655960643664" lon="10.826897621154785">
        <ele>45.5</ele>
      </trkpt>
      <trkpt lat="53.655906999483705" lon="10.826704502105713">
        <ele>45.49</ele>
      </trkpt>
      <trkpt lat="53.655864000320435" lon="10.826447010040283">
        <ele>45.52</ele>
      </trkpt>
      <trkpt lat="53.65578889846802" lon="10.825899839401245">
        <ele>45.56</ele>
      </trkpt>
      <trkpt lat="53.65570315159857" lon="10.82552433013916">
        <ele>45.79</ele>
      </trkpt>
      <trkpt lat="53.655638778582215" lon="10.825320482254028">
        <ele>46.1</ele>
      </trkpt>
      <trkpt lat="53.65530610084534" lon="10.824472904205322">
        <ele>46.58</ele>
      </trkpt>
      <trkpt lat="53.65527399815619" lon="10.824322700500488">
        <ele>47.0</ele>
      </trkpt>
      <trkpt lat="53.65524172782898" lon="10.824054479598999">
        <ele>47.47</ele>
      </trkpt>
      <trkpt lat="53.65525245666504" lon="10.823893547058105">
        <ele>47.96</ele>
      </trkpt>
      <trkpt lat="53.65527391433716" lon="10.823721885681152">
        <ele>48.44</ele>
      </trkpt>
      <trkpt lat="53.655392015352845" lon="10.823442935943604">
        <ele>48.97</ele>
      </trkpt>
      <trkpt lat="53.65570315159857" lon="10.822820663452148">
        <ele>49.46</ele>
      </trkpt>
      <trkpt lat="53.65573525428772" lon="10.822702646255493">
        <ele>50.05</ele>
      </trkpt>
      <trkpt lat="53.65600347518921" lon="10.822402238845825">
        <ele>50.78</ele>
      </trkpt>
      <trkpt lat="53.656615102663636" lon="10.821833610534668">
        <ele>51.49</ele>
      </trkpt>
      <trkpt lat="53.65678668022156" lon="10.821683406829834">
        <ele>52.07</ele>
      </trkpt>
      <trkpt lat="53.657580614089966" lon="10.820943117141724">
        <ele>52.6</ele>
      </trkpt>
      <trkpt lat="53.65871795453131" lon="10.819891691207886">
        <ele>53.45</ele>
      </trkpt>
      <trkpt lat="53.658857429400086" lon="10.819752216339111">
        <ele>54.0</ele>
      </trkpt>
      <trkpt lat="53.663170421496034" lon="10.815761089324951">
        <ele>54.89</ele>
      </trkpt>
      <trkpt lat="53.663170337677" lon="10.815761089324951">
        <ele>55.35</ele>
      </trkpt>
      <trkpt lat="53.66320252418518" lon="10.815728902816772">
        <ele>55.78</ele>
      </trkpt>
      <trkpt lat="53.66343864239752" lon="10.815417766571045">
        <ele>56.22</ele>
      </trkpt>
      <trkpt lat="53.663578033447266" lon="10.815235376358032">
        <ele>56.56</ele>
      </trkpt>
      <trkpt lat="53.66723656654358" lon="10.81053614616394">
        <ele>56.65</ele>
      </trkpt>
      <trkpt lat="53.667322397232056" lon="10.810450315475464">
        <ele>56.73</ele>
      </trkpt>
      <trkpt lat="53.66754778660834" lon="10.810192823410034">
        <ele>56.62</ele>
      </trkpt>
      <trkpt lat="53.667590618133545" lon="10.810139179229736">
        <ele>56.57</ele>
      </trkpt>
      <trkpt lat="53.670852184295654" lon="10.808615684509277">
        <ele>55.99</ele>
      </trkpt>
      <trkpt lat="53.672847747802734" lon="10.807757377624512">
        <ele>55.95</ele>
      </trkpt>
      <trkpt lat="53.673083782196045" lon="10.807585716247559">
        <ele>55.71</ele>
      </trkpt>
      <trkpt lat="53.67326625622809" lon="10.807392597198486">
        <ele>55.33</ele>
      </trkpt>
      <trkpt lat="53.67575526237488" lon="10.8045494556427">
        <ele>55.25</ele>
      </trkpt>
      <trkpt lat="53.67619514465332" lon="10.803830623626709">
        <ele>54.78</ele>
      </trkpt>
      <trkpt lat="53.676881873980165" lon="10.802650451660156">
        <ele>54.39</ele>
      </trkpt>
      <trkpt lat="53.677375400438905" lon="10.80181360244751">
        <ele>53.86</ele>
      </trkpt>
      <trkpt lat="53.67766507901251" lon="10.801341533660889">
        <ele>53.2</ele>
      </trkpt>
      <trkpt lat="53.67787957191467" lon="10.800976753234863">
        <ele>52.48</ele>
      </trkpt>
      <trkpt lat="53.67851265706122" lon="10.799925327301025">
        <ele>51.67</ele>
      </trkpt>
      <trkpt lat="53.67851257324219" lon="10.799925327301025">
        <ele>50.89</ele>
      </trkpt>
      <trkpt lat="53.680894458666444" lon="10.79582691192627">
        <ele>49.9</ele>
      </trkpt>
      <trkpt lat="53.68089437484741" lon="10.79582691192627">
        <ele>49.07</ele>
      </trkpt>
      <trkpt lat="53.684306144714355" lon="10.790011882781982">
        <ele>47.66</ele>
      </trkpt>
      <trkpt lat="53.68536829948425" lon="10.788252353668213">
        <ele>46.7</ele>
      </trkpt>
      <trkpt lat="53.68541121482849" lon="10.788166522979736">
        <ele>45.85</ele>
      </trkpt>
      <trkpt lat="53.68541121482849" lon="10.78805923461914">
        <ele>45.0</ele>
      </trkpt>
      <trkpt lat="53.685561418533325" lon="10.78805923461914">
        <ele>44.21</ele>
      </trkpt>
      <trkpt lat="53.685883367434144" lon="10.78808069229126">
        <ele>43.47</ele>
      </trkpt>
      <trkpt lat="53.68623741902411" lon="10.788112878799438">
        <ele>42.79</ele>
      </trkpt>
      <trkpt lat="53.687031269073486" lon="10.788177251815796">
        <ele>42.11</ele>
      </trkpt>
      <trkpt lat="53.68767508305609" lon="10.788220167160034">
        <ele>41.46</ele>
      </trkpt>
      <trkpt lat="53.68850120343268" lon="10.788273811340332">
        <ele>40.84</ele>
      </trkpt>
      <trkpt lat="53.68926295079291" lon="10.78832745552063">
        <ele>40.29</ele>
      </trkpt>
      <trkpt lat="53.68991740979254" lon="10.788370370864868">
        <ele>39.87</ele>
      </trkpt>
      <trkpt lat="53.6899817828089" lon="10.788381099700928">
        <ele>39.42</ele>
      </trkpt>
      <trkpt lat="53.690078342333436" lon="10.788381099700928">
        <ele>39.02</ele>
      </trkpt>
      <trkpt lat="53.69030364789069" lon="10.788402557373047">
        <ele>38.7</ele>
      </trkpt>
      <trkpt lat="53.69044312275946" lon="10.788413286209106">
        <ele>38.41</ele>
      </trkpt>
      <trkpt lat="53.69064697064459" lon="10.788424015045166">
        <ele>38.15</ele>
      </trkpt>
      <trkpt lat="53.69087219238281" lon="10.788445472717285">
        <ele>37.94</ele>
      </trkpt>
      <trkpt lat="53.691591024398804" lon="10.788488388061523">
        <ele>37.75</ele>
      </trkpt>
      <trkpt lat="53.69165539741516" lon="10.788445472717285">
        <ele>37.6</ele>
      </trkpt>
      <trkpt lat="53.6916983127594" lon="10.788370370864868">
        <ele>37.49</ele>
      </trkpt>
      <trkpt lat="53.691773414611816" lon="10.788477659225464">
        <ele>37.47</ele>
      </trkpt>
      <trkpt lat="53.691837787628174" lon="10.788531303405762">
        <ele>37.48</ele>
      </trkpt>
      <trkpt lat="53.692277669906616" lon="10.788756608963013">
        <ele>37.47</ele>
      </trkpt>
      <trkpt lat="53.69277128018439" lon="10.788971185684204">
        <ele>37.59</ele>
      </trkpt>
      <trkpt lat="53.69311451911926" lon="10.7890784740448">
        <ele>37.74</ele>
      </trkpt>
      <trkpt lat="53.693275451660156" lon="10.789175033569336">
        <ele>37.92</ele>
      </trkpt>
      <trkpt lat="53.69343638420105" lon="10.78931450843811">
        <ele>38.14</ele>
      </trkpt>
      <trkpt lat="53.69392991065979" lon="10.78982949256897">
        <ele>38.41</ele>
      </trkpt>
      <trkpt lat="53.69449853897095" lon="10.790537595748901">
        <ele>38.64</ele>
      </trkpt>
      <trkpt lat="53.69504579342902" lon="10.790473222732544">
        <ele>38.86</ele>
      </trkpt>
      <trkpt lat="53.695367658510804" lon="10.790430307388306">
        <ele>39.2</ele>
      </trkpt>
      <trkpt lat="53.69571089744568" lon="10.790398120880127">
        <ele>39.56</ele>
      </trkpt>
      <trkpt lat="53.69579681195319" lon="10.790226459503174">
        <ele>39.86</ele>
      </trkpt>
      <trkpt lat="53.69591482914984" lon="10.790258646011353">
        <ele>40.21</ele>
      </trkpt>
      <trkpt lat="53.697062730789185" lon="10.790194272994995">
        <ele>40.64</ele>
      </trkpt>
      <trkpt lat="53.69800695218146" lon="10.79006552696228">
        <ele>40.96</ele>
      </trkpt>
      <trkpt lat="53.698371732607484" lon="10.790022611618042">
        <ele>41.33</ele>
      </trkpt>
      <trkpt lat="53.69837164878845" lon="10.790022611618042">
        <ele>41.65</ele>
      </trkpt>
      <trkpt lat="53.698854530230165" lon="10.789958238601685">
        <ele>41.96</ele>
      </trkpt>
      <trkpt lat="53.69885444641113" lon="10.789958238601685">
        <ele>42.26</ele>
      </trkpt>
      <trkpt lat="53.699594819918275" lon="10.789861679077148">
        <ele>42.49</ele>
      </trkpt>
      <trkpt lat="53.700356567278504" lon="10.789732933044434">
        <ele>42.71</ele>
      </trkpt>
      <trkpt lat="53.700764179229736" lon="10.789647102355957">
        <ele>43.08</ele>
      </trkpt>
      <trkpt lat="53.70095738209784" lon="10.789625644683838">
        <ele>43.36</ele>
      </trkpt>
      <trkpt lat="53.70145082473755" lon="10.78957200050354">
        <ele>43.52</ele>
      </trkpt>
      <trkpt lat="53.70161175727844" lon="10.789711475372314">
        <ele>43.67</ele>
      </trkpt>
      <trkpt lat="53.70171912945807" lon="10.789647102355957">
        <ele>43.8</ele>
      </trkpt>
      <trkpt lat="53.70191216468811" lon="10.789496898651123">
        <ele>43.95</ele>
      </trkpt>
      <trkpt lat="53.70215892791748" lon="10.789293050765991">
        <ele>44.05</ele>
      </trkpt>
      <trkpt lat="53.70239504612982" lon="10.789110660552979">
        <ele>44.13</ele>
      </trkpt>
      <trkpt lat="53.702577352523804" lon="10.788981914520264">
        <ele>44.15</ele>
      </trkpt>
      <trkpt lat="53.702759742736816" lon="10.788896083831787">
        <ele>44.21</ele>
      </trkpt>
      <trkpt lat="53.702781200408936" lon="10.788896083831787">
        <ele>44.15</ele>
      </trkpt>
      <trkpt lat="53.70278128422797" lon="10.788896083831787">
        <ele>44.04</ele>
      </trkpt>
      <trkpt lat="53.703532218933105" lon="10.788745880126953">
        <ele>43.85</ele>
      </trkpt>
      <trkpt lat="53.70414384640753" lon="10.78858494758606">
        <ele>43.56</ele>
      </trkpt>
      <trkpt lat="53.704326152801514" lon="10.788531303405762">
        <ele>43.33</ele>
      </trkpt>
      <trkpt lat="53.70463728904724" lon="10.788359642028809">
        <ele>43.01</ele>
      </trkpt>
      <trkpt lat="53.70483040809631" lon="10.788241624832153">
        <ele>42.7</ele>
      </trkpt>
      <trkpt lat="53.704830491915345" lon="10.788241624832153">
        <ele>42.37</ele>
      </trkpt>
      <trkpt lat="53.70517373085022" lon="10.788048505783081">
        <ele>42.08</ele>
      </trkpt>
      <trkpt lat="53.70565661229193" lon="10.787705183029175">
        <ele>41.64</ele>
      </trkpt>
      <trkpt lat="53.70616086758673" lon="10.78734040260315">
        <ele>41.2</ele>
      </trkpt>
      <trkpt lat="53.70642900466919" lon="10.787115097045898">
        <ele>40.82</ele>
      </trkpt>
      <trkpt lat="53.70642908848822" lon="10.787115097045898">
        <ele>40.38</ele>
      </trkpt>
      <trkpt lat="53.707051360979676" lon="10.786449909210205">
        <ele>39.78</ele>
      </trkpt>
      <trkpt lat="53.7072229385376" lon="10.786364078521729">
        <ele>39.28</ele>
      </trkpt>
      <trkpt lat="53.70748051442206" lon="10.78633189201355">
        <ele>38.82</ele>
      </trkpt>
      <trkpt lat="53.70787748135626" lon="10.786364078521729">
        <ele>38.42</ele>
      </trkpt>
      <trkpt lat="53.70924004353583" lon="10.786525011062622">
        <ele>37.8</ele>
      </trkpt>
      <trkpt lat="53.7094331625849" lon="10.78657865524292">
        <ele>37.34</ele>
      </trkpt>
      <trkpt lat="53.70990523137152" lon="10.786857604980469">
        <ele>36.94</ele>
      </trkpt>
      <trkpt lat="53.71053823269904" lon="10.787297487258911">
        <ele>36.73</ele>
      </trkpt>
      <trkpt lat="53.711299980059266" lon="10.78781247138977">
        <ele>36.4</ele>
      </trkpt>
      <trkpt lat="53.71171832084656" lon="10.78809142112732">
        <ele>36.12</ele>
      </trkpt>
      <trkpt lat="53.71191152371466" lon="10.788177251815796">
        <ele>35.82</ele>
      </trkpt>
      <trkpt lat="53.71211528778076" lon="10.788273811340332">
        <ele>35.53</ele>
      </trkpt>
      <trkpt lat="53.71248006820679" lon="10.788359642028809">
        <ele>35.27</ele>
      </trkpt>
      <trkpt lat="53.71289849281311" lon="10.788413286209106">
        <ele>34.95</ele>
      </trkpt>
      <trkpt lat="53.713048696517944" lon="10.788391828536987">
        <ele>34.72</ele>
      </trkpt>
      <trkpt lat="53.71319890022278" lon="10.78833818435669">
        <ele>34.54</ele>
      </trkpt>
      <trkpt lat="53.713316917419434" lon="10.788263082504272">
        <ele>34.44</ele>
      </trkpt>
      <trkpt lat="53.713531494140625" lon="10.7880699634552">
        <ele>34.41</ele>
      </trkpt>
      <trkpt lat="53.7137246131897" lon="10.787791013717651">
        <ele>34.54</ele>
      </trkpt>
      <trkpt lat="53.713799715042114" lon="10.787640810012817">
        <ele>34.76</ele>
      </trkpt>
      <trkpt lat="53.713799798861146" lon="10.787640810012817">
        <ele>34.98</ele>
      </trkpt>
      <trkpt lat="53.71391773223877" lon="10.787265300750732">
        <ele>35.35</ele>
      </trkpt>
      <trkpt lat="53.71393918991089" lon="10.787190198898315">
        <ele>35.74</ele>
      </trkpt>
      <trkpt lat="53.7140679359436" lon="10.78657865524292">
        <ele>36.26</ele>
      </trkpt>
      <trkpt lat="53.71411085128784" lon="10.786449909210205">
        <ele>36.73</ele>
      </trkpt>
      <trkpt lat="53.71415376663208" lon="10.786364078521729">
        <ele>37.25</ele>
      </trkpt>
      <trkpt lat="53.714271783828735" lon="10.786503553390503">
        <ele>37.84</ele>
      </trkpt>
      <trkpt lat="53.71450790204108" lon="10.786653757095337">
        <ele>38.49</ele>
      </trkpt>
      <trkpt lat="53.71465810574591" lon="10.786675214767456">
        <ele>39.22</ele>
      </trkpt>
      <trkpt lat="53.71545203961432" lon="10.786718130111694">
        <ele>40.09</ele>
      </trkpt>
      <trkpt lat="53.71561297215521" lon="10.786728858947754">
        <ele>40.85</ele>
      </trkpt>
      <trkpt lat="53.716020584106445" lon="10.786750316619873">
        <ele>41.68</ele>
      </trkpt>
      <trkpt lat="53.716106498613954" lon="10.786793231964111">
        <ele>42.5</ele>
      </trkpt>
      <trkpt lat="53.716331804171205" lon="10.78656792640686">
        <ele>43.34</ele>
      </trkpt>
      <trkpt lat="53.717286586761475" lon="10.785473585128784">
        <ele>44.18</ele>
      </trkpt>
      <trkpt lat="53.71744751930237" lon="10.78531265258789">
        <ele>45.08</ele>
      </trkpt>
      <trkpt lat="53.717801570892334" lon="10.785108804702759">
        <ele>45.92</ele>
      </trkpt>
      <trkpt lat="53.71934652328491" lon="10.784507989883423">
        <ele>46.93</ele>
      </trkpt>
      <trkpt lat="53.72036576271057" lon="10.7840895652771">
        <ele>47.95</ele>
      </trkpt>
      <trkpt lat="53.7211811542511" lon="10.78381061553955">
        <ele>48.9</ele>
      </trkpt>
      <trkpt lat="53.72195363044739" lon="10.783520936965942">
        <ele>49.87</ele>
      </trkpt>
      <trkpt lat="53.72333765029907" lon="10.782791376113892">
        <ele>50.75</ele>
      </trkpt>
      <trkpt lat="53.72509717941284" lon="10.781933069229126">
        <ele>51.82</ele>
      </trkpt>
      <trkpt lat="53.72668504714966" lon="10.781203508377075">
        <ele>52.66</ele>
      </trkpt>
      <trkpt lat="53.729742765426636" lon="10.77984094619751">
        <ele>53.35</ele>
      </trkpt>
      <trkpt lat="53.72989296913147" lon="10.779798030853271">
        <ele>54.08</ele>
      </trkpt>
      <trkpt lat="53.730021715164185" lon="10.77983021736145">
        <ele>54.78</ele>
      </trkpt>
      <trkpt lat="53.730021798983216" lon="10.77983021736145">
        <ele>55.44</ele>
      </trkpt>
      <trkpt lat="53.730247020721436" lon="10.779776573181152">
        <ele>56.05</ele>
      </trkpt>
      <trkpt lat="53.73064398765564" lon="10.77957272529602">
        <ele>56.54</ele>
      </trkpt>
      <trkpt lat="53.73090147972107" lon="10.779379606246948">
        <ele>57.02</ele>
      </trkpt>
      <trkpt lat="53.73094439506531" lon="10.779368877410889">
        <ele>57.51</ele>
      </trkpt>
      <trkpt lat="53.73106241226196" lon="10.779401063919067">
        <ele>57.96</ele>
      </trkpt>
      <trkpt lat="53.732972145080566" lon="10.780205726623535">
        <ele>58.35</ele>
      </trkpt>
      <trkpt lat="53.73369097709656" lon="10.780452489852905">
        <ele>58.8</ele>
      </trkpt>
      <trkpt lat="53.73406648635864" lon="10.78059196472168">
        <ele>59.19</ele>
      </trkpt>
      <trkpt lat="53.73454928398132" lon="10.780956745147705">
        <ele>59.52</ele>
      </trkpt>
      <trkpt lat="53.734989166259766" lon="10.781214237213135">
        <ele>59.75</ele>
      </trkpt>
      <trkpt lat="53.735268115997314" lon="10.78132152557373">
        <ele>59.93</ele>
      </trkpt>
      <trkpt lat="53.736244440078735" lon="10.781503915786743">
        <ele>60.16</ele>
      </trkpt>
      <trkpt lat="53.736501932144165" lon="10.781611204147339">
        <ele>60.26</ele>
      </trkpt>
      <trkpt lat="53.73663076199591" lon="10.781686305999756">
        <ele>60.3</ele>
      </trkpt>
      <trkpt lat="53.73733878135681" lon="10.782126188278198">
        <ele>60.28</ele>
      </trkpt>
      <trkpt lat="53.73733903281391" lon="10.78212627209723">
        <ele>60.2</ele>
      </trkpt>
      <trkpt lat="53.73733978718519" lon="10.782121494412422">
        <ele>60.08</ele>
      </trkpt>
      <trkpt lat="53.7373495940119" lon="10.782115459442139">
        <ele>59.92</ele>
      </trkpt>
      <trkpt lat="53.737650252878666" lon="10.782265746966004">
        <ele>59.68</ele>
      </trkpt>
      <trkpt lat="53.73795091174543" lon="10.782416118308902">
        <ele>59.36</ele>
      </trkpt>
      <trkpt lat="53.73825081624091" lon="10.78256607055664">
        <ele>58.96</ele>
      </trkpt>
      <trkpt lat="53.738501351326704" lon="10.78270923346281">
        <ele>58.59</ele>
      </trkpt>
      <trkpt lat="53.7387518864125" lon="10.78285239636898">
        <ele>58.23</ele>
      </trkpt>
      <trkpt lat="53.73900250531733" lon="10.78299555927515">
        <ele>57.8</ele>
      </trkpt>
      <trkpt lat="53.73925304040313" lon="10.78313872218132">
        <ele>57.35</ele>
      </trkpt>
      <trkpt lat="53.739503575488925" lon="10.78328188508749">
        <ele>56.87</ele>
      </trkpt>
      <trkpt lat="53.73975285328925" lon="10.783424377441406">
        <ele>56.33</ele>
      </trkpt>
      <trkpt lat="53.73993541114032" lon="10.783542478457093">
        <ele>55.78</ele>
      </trkpt>
      <trkpt lat="53.74011763371527" lon="10.783660411834717">
        <ele>55.23</ele>
      </trkpt>
      <trkpt lat="53.74033212661743" lon="10.783896446228027">
        <ele>54.7</ele>
      </trkpt>
      <trkpt lat="53.74056137166917" lon="10.784254688769579">
        <ele>54.16</ele>
      </trkpt>
      <trkpt lat="53.74079070053995" lon="10.78461293131113">
        <ele>53.62</ele>
      </trkpt>
      <trkpt lat="53.741018855944276" lon="10.784969329833984">
        <ele>53.09</ele>
      </trkpt>
      <trkpt lat="53.741254806518555" lon="10.785226821899414">
        <ele>52.52</ele>
      </trkpt>
      <trkpt lat="53.741512382403016" lon="10.785355567932129">
        <ele>51.9</ele>
      </trkpt>
      <trkpt lat="53.741798624396324" lon="10.785362692549825">
        <ele>51.24</ele>
      </trkpt>
      <trkpt lat="53.742084950208664" lon="10.78536981716752">
        <ele>50.66</ele>
      </trkpt>
      <trkpt lat="53.74237068928778" lon="10.785377025604248">
        <ele>50.08</ele>
      </trkpt>
      <trkpt lat="53.74260672368109" lon="10.785398483276367">
        <ele>49.54</ele>
      </trkpt>
      <trkpt lat="53.742821300402284" lon="10.785462856292725">
        <ele>49.0</ele>
      </trkpt>
      <trkpt lat="53.74303596094251" lon="10.785537958145142">
        <ele>48.43</ele>
      </trkpt>
      <trkpt lat="53.743250370025635" lon="10.785613059997559">
        <ele>47.87</ele>
      </trkpt>
      <trkpt lat="53.74353661201894" lon="10.785655975341797">
        <ele>47.31</ele>
      </trkpt>
      <trkpt lat="53.74382293783128" lon="10.785698890686035">
        <ele>46.77</ele>
      </trkpt>
      <trkpt lat="53.74410917982459" lon="10.785741889849305">
        <ele>46.2</ele>
      </trkpt>
      <trkpt lat="53.74439550563693" lon="10.785784805193543">
        <ele>45.55</ele>
      </trkpt>
      <trkpt lat="53.74468183144927" lon="10.785827720537782">
        <ele>44.96</ele>
      </trkpt>
      <trkpt lat="53.744966983795166" lon="10.785870552062988">
        <ele>44.48</ele>
      </trkpt>
      <trkpt lat="53.7449670676142" lon="10.785870552062988">
        <ele>44.1</ele>
      </trkpt>
      <trkpt lat="53.74526764266193" lon="10.785985048860312">
        <ele>43.73</ele>
      </trkpt>
      <trkpt lat="53.74556830152869" lon="10.786099545657635">
        <ele>43.45</ele>
      </trkpt>
      <trkpt lat="53.7458682898432" lon="10.786213874816895">
        <ele>43.23</ele>
      </trkpt>
      <trkpt lat="53.74615453183651" lon="10.786285372450948">
        <ele>43.02</ele>
      </trkpt>
      <trkpt lat="53.74644077382982" lon="10.786356953904033">
        <ele>42.88</ele>
      </trkpt>
      <trkpt lat="53.746726512908936" lon="10.786428451538086">
        <ele>42.8</ele>
      </trkpt>
      <trkpt lat="53.74698417261243" lon="10.786396181210876">
        <ele>42.72</ele>
      </trkpt>
      <trkpt lat="53.74724158085883" lon="10.786364078521729">
        <ele>42.75</ele>
      </trkpt>
      <trkpt lat="53.747305953875184" lon="10.786385536193848">
        <ele>42.87</ele>
      </trkpt>
      <trkpt lat="53.747595800086856" lon="10.786568094044924">
        <ele>43.11</ele>
      </trkpt>
      <trkpt lat="53.74788522720337" lon="10.786750316619873">
        <ele>43.46</ele>
      </trkpt>
      <trkpt lat="53.74809988774359" lon="10.78671452589333">
        <ele>43.8</ele>
      </trkpt>
      <trkpt lat="53.74831463210285" lon="10.786678735166788">
        <ele>44.24</ele>
      </trkpt>
      <trkpt lat="53.74852895736694" lon="10.786643028259277">
        <ele>44.69</ele>
      </trkpt>
      <trkpt lat="53.74873288907111" lon="10.786653757095337">
        <ele>45.19</ele>
      </trkpt>
      <trkpt lat="53.74893665313721" lon="10.786664485931396">
        <ele>45.73</ele>
      </trkpt>
      <trkpt lat="53.74918894842267" lon="10.786728858947754">
        <ele>46.35</ele>
      </trkpt>
      <trkpt lat="53.749441243708134" lon="10.786793315783143">
        <ele>47.01</ele>
      </trkpt>
      <trkpt lat="53.7496935389936" lon="10.7868576887995">
        <ele>47.69</ele>
      </trkpt>
      <trkpt lat="53.74994516372681" lon="10.786921977996826">
        <ele>48.39</ele>
      </trkpt>
      <trkpt lat="53.75016703270376" lon="10.787000684067607">
        <ele>49.08</ele>
      </trkpt>
      <trkpt lat="53.75038890168071" lon="10.787079390138388">
        <ele>49.74</ele>
      </trkpt>
      <trkpt lat="53.7506103515625" lon="10.787158012390137">
        <ele>50.4</ele>
      </trkpt>
      <trkpt lat="53.750846553593874" lon="10.787286842241883">
        <ele>51.03</ele>
      </trkpt>
      <trkpt lat="53.75108242034912" lon="10.787415504455566">
        <ele>51.62</ele>
      </trkpt>
      <trkpt lat="53.751329435035586" lon="10.787608791142702">
        <ele>52.2</ele>
      </trkpt>
      <trkpt lat="53.75157594680786" lon="10.787801742553711">
        <ele>52.79</ele>
      </trkpt>
      <trkpt lat="53.75172623433173" lon="10.787887573242188">
        <ele>53.41</ele>
      </trkpt>
      <trkpt lat="53.75187635421753" lon="10.787973403930664">
        <ele>54.01</ele>
      </trkpt>
      <trkpt lat="53.75217692926526" lon="10.788048505783081">
        <ele>54.59</ele>
      </trkpt>
      <trkpt lat="53.752477169036865" lon="10.788123607635498">
        <ele>55.19</ele>
      </trkpt>
      <trkpt lat="53.75273482874036" lon="10.788230979815125">
        <ele>55.86</ele>
      </trkpt>
      <trkpt lat="53.752992153167725" lon="10.78833818435669">
        <ele>56.54</ele>
      </trkpt>
      <trkpt lat="53.75320698134601" lon="10.788553012534976">
        <ele>57.2</ele>
      </trkpt>
      <trkpt lat="53.7534218095243" lon="10.788767840713263">
        <ele>57.89</ele>
      </trkpt>
      <trkpt lat="53.7536358833313" lon="10.788981914520264">
        <ele>58.55</ele>
      </trkpt>
      <trkpt lat="53.75386496074498" lon="10.789117868989706">
        <ele>59.18</ele>
      </trkpt>
      <trkpt lat="53.754094038158655" lon="10.78925390727818">
        <ele>59.81</ele>
      </trkpt>
      <trkpt lat="53.75432252883911" lon="10.789389610290527">
        <ele>60.46</ele>
      </trkpt>
      <trkpt lat="53.75460885465145" lon="10.789543502032757">
        <ele>61.12</ele>
      </trkpt>
      <trkpt lat="53.75489518046379" lon="10.789697393774986">
        <ele>61.73</ele>
      </trkpt>
      <trkpt lat="53.75518159009516" lon="10.789851285517216">
        <ele>62.35</ele>
      </trkpt>
      <trkpt lat="53.7554679159075" lon="10.790005177259445">
        <ele>63.03</ele>
      </trkpt>
      <trkpt lat="53.75575424171984" lon="10.790159152820706">
        <ele>63.8</ele>
      </trkpt>
      <trkpt lat="53.75603914260864" lon="10.79031229019165">
        <ele>64.58</ele>
      </trkpt>
      <trkpt lat="53.756296802312136" lon="10.790398120880127">
        <ele>65.34</ele>
      </trkpt>
      <trkpt lat="53.75655446201563" lon="10.790484035387635">
        <ele>66.11</ele>
      </trkpt>
      <trkpt lat="53.75681212171912" lon="10.790569949895144">
        <ele>66.93</ele>
      </trkpt>
      <trkpt lat="53.75706911087036" lon="10.790655612945557">
        <ele>67.75</ele>
      </trkpt>
      <trkpt lat="53.75730514526367" lon="10.790762901306152">
        <ele>68.55</ele>
      </trkpt>
      <trkpt lat="53.757476806640625" lon="10.790913105010986">
        <ele>69.36</ele>
      </trkpt>
      <trkpt lat="53.757687360048294" lon="10.791166657581925">
        <ele>70.16</ele>
      </trkpt>
      <trkpt lat="53.75789791345596" lon="10.791420210152864">
        <ele>70.97</ele>
      </trkpt>
      <trkpt lat="53.758108550682664" lon="10.791673762723804">
        <ele>71.77</ele>
      </trkpt>
      <trkpt lat="53.75831910409033" lon="10.791927315294743">
        <ele>72.6</ele>
      </trkpt>
      <trkpt lat="53.75852823257446" lon="10.792179107666016">
        <ele>73.41</ele>
      </trkpt>
      <trkpt lat="53.7587215192616" lon="10.792318666353822">
        <ele>74.2</ele>
      </trkpt>
      <trkpt lat="53.75891447067261" lon="10.792458057403564">
        <ele>74.98</ele>
      </trkpt>
      <trkpt lat="53.759190486744046" lon="10.792491752654314">
        <ele>75.78</ele>
      </trkpt>
      <trkpt lat="53.75946658663452" lon="10.792525531724095">
        <ele>76.56</ele>
      </trkpt>
      <trkpt lat="53.759742602705956" lon="10.792559226974845">
        <ele>77.35</ele>
      </trkpt>
      <trkpt lat="53.760018702596426" lon="10.792593006044626">
        <ele>78.08</ele>
      </trkpt>
      <trkpt lat="53.7602948024869" lon="10.792626701295376">
        <ele>78.79</ele>
      </trkpt>
      <trkpt lat="53.760570818558335" lon="10.792660480365157">
        <ele>79.45</ele>
      </trkpt>
      <trkpt lat="53.76084566116333" lon="10.792694091796875">
        <ele>80.01</ele>
      </trkpt>
      <trkpt lat="53.760952949523926" lon="10.792694091796875">
        <ele>80.49</ele>
      </trkpt>
      <trkpt lat="53.760899137705564" lon="10.792231326922774">
        <ele>80.92</ele>
      </trkpt>
      <trkpt lat="53.76084566116333" lon="10.791771411895752">
        <ele>81.24</ele>
      </trkpt>
      <trkpt lat="53.76084566116333" lon="10.791256427764893">
        <ele>81.47</ele>
      </trkpt>
      <trkpt lat="53.76088329590857" lon="10.790805062279105">
        <ele>81.62</ele>
      </trkpt>
      <trkpt lat="53.76088857650757" lon="10.790741443634033">
        <ele>81.66</ele>
      </trkpt>
      <trkpt lat="53.76096384599805" lon="10.790332574397326">
        <ele>81.57</ele>
      </trkpt>
      <trkpt lat="53.7610387802124" lon="10.789926052093506">
        <ele>81.4</ele>
      </trkpt>
      <trkpt lat="53.761142045259476" lon="10.789457000792027">
        <ele>81.14</ele>
      </trkpt>
      <trkpt lat="53.76124531030655" lon="10.788987949490547">
        <ele>80.79</ele>
      </trkpt>
      <trkpt lat="53.76134857535362" lon="10.788518814370036">
        <ele>80.3</ele>
      </trkpt>
      <trkpt lat="53.761451840400696" lon="10.788049763068557">
        <ele>79.69</ele>
      </trkpt>
      <trkpt lat="53.76155376434326" lon="10.78758716583252">
        <ele>78.94</ele>
      </trkpt>
      <trkpt lat="53.76168251037598" lon="10.787200927734375">
        <ele>78.09</ele>
      </trkpt>
      <trkpt lat="53.761789966374636" lon="10.786964306607842">
        <ele>77.15</ele>
      </trkpt>
      <trkpt lat="53.76189708709717" lon="10.786728858947754">
        <ele>76.08</ele>
      </trkpt>
      <trkpt lat="53.7620959058404" lon="10.786422500386834">
        <ele>74.91</ele>
      </trkpt>
      <trkpt lat="53.762294724583626" lon="10.786116225644946">
        <ele>73.66</ele>
      </trkpt>
      <trkpt lat="53.762493543326855" lon="10.785809950903058">
        <ele>72.32</ele>
      </trkpt>
      <trkpt lat="53.762691020965576" lon="10.785505771636963">
        <ele>70.96</ele>
      </trkpt>
      <trkpt lat="53.76281976699829" lon="10.785355567932129">
        <ele>69.55</ele>
      </trkpt>
      <trkpt lat="53.762948513031006" lon="10.78531265258789">
        <ele>68.11</ele>
      </trkpt>
      <trkpt lat="53.763012969866395" lon="10.785226821899414">
        <ele>66.64</ele>
      </trkpt>
      <trkpt lat="53.7631630897522" lon="10.784797668457031">
        <ele>65.04</ele>
      </trkpt>
      <trkpt lat="53.76329208724201" lon="10.784518048167229">
        <ele>63.39</ele>
      </trkpt>
      <trkpt lat="53.76342058181763" lon="10.784239768981934">
        <ele>61.7</ele>
      </trkpt>
      <trkpt lat="53.76350658014417" lon="10.783902648836374">
        <ele>59.99</ele>
      </trkpt>
      <trkpt lat="53.76359266228974" lon="10.783565612509847">
        <ele>58.27</ele>
      </trkpt>
      <trkpt lat="53.76367807388306" lon="10.783231258392334">
        <ele>56.6</ele>
      </trkpt>
      <trkpt lat="53.76375870779157" lon="10.782806212082505">
        <ele>54.94</ele>
      </trkpt>
      <trkpt lat="53.76383942551911" lon="10.782381249591708">
        <ele>53.24</ele>
      </trkpt>
      <trkpt lat="53.76392014324665" lon="10.781956287100911">
        <ele>51.57</ele>
      </trkpt>
      <trkpt lat="53.763999938964844" lon="10.781536102294922">
        <ele>49.89</ele>
      </trkpt>
      <trkpt lat="53.764098258689046" lon="10.781093453988433">
        <ele>48.25</ele>
      </trkpt>
      <trkpt lat="53.76419666223228" lon="10.780650805681944">
        <ele>46.61</ele>
      </trkpt>
      <trkpt lat="53.764295065775514" lon="10.780208241194487">
        <ele>44.96</ele>
      </trkpt>
      <trkpt lat="53.764393385499716" lon="10.779765592887998">
        <ele>43.38</ele>
      </trkpt>
      <trkpt lat="53.76449178904295" lon="10.77932302840054">
        <ele>41.88</ele>
      </trkpt>
      <trkpt lat="53.76459019258618" lon="10.778880380094051">
        <ele>40.37</ele>
      </trkpt>
      <trkpt lat="53.76468666829169" lon="10.778446197509766">
        <ele>38.9</ele>
      </trkpt>
      <trkpt lat="53.7647654581815" lon="10.778037328273058">
        <ele>37.44</ele>
      </trkpt>
      <trkpt lat="53.764844331890345" lon="10.77762845903635">
        <ele>36.03</ele>
      </trkpt>
      <trkpt lat="53.76492261886597" lon="10.777223110198975">
        <ele>34.65</ele>
      </trkpt>
      <trkpt lat="53.76505144871771" lon="10.77685832977295">
        <ele>33.33</ele>
      </trkpt>
      <trkpt lat="53.76513719558716" lon="10.776515007019043">
        <ele>32.01</ele>
      </trkpt>
      <trkpt lat="53.7651801109314" lon="10.77610731124878">
        <ele>30.74</ele>
      </trkpt>
      <trkpt lat="53.76524465158582" lon="10.775806065648794">
        <ele>29.51</ele>
      </trkpt>
      <trkpt lat="53.76530885696411" lon="10.775506496429443">
        <ele>28.3</ele>
      </trkpt>
      <trkpt lat="53.76535177230835" lon="10.775377750396729">
        <ele>27.17</ele>
      </trkpt>
      <trkpt lat="53.76541631296277" lon="10.77501188032329">
        <ele>26.03</ele>
      </trkpt>
      <trkpt lat="53.765480518341064" lon="10.774648189544678">
        <ele>24.91</ele>
      </trkpt>
      <trkpt lat="53.765588058158755" lon="10.774167655035853">
        <ele>23.83</ele>
      </trkpt>
      <trkpt lat="53.76569568179548" lon="10.773687120527029">
        <ele>22.87</ele>
      </trkpt>
      <trkpt lat="53.76580246724188" lon="10.773210525512695">
        <ele>21.97</ele>
      </trkpt>
      <trkpt lat="53.76589567400515" lon="10.772801656275988">
        <ele>21.1</ele>
      </trkpt>
      <trkpt lat="53.76598888076842" lon="10.772392870858312">
        <ele>20.28</ele>
      </trkpt>
      <trkpt lat="53.7660813331604" lon="10.771987438201904">
        <ele>19.55</ele>
      </trkpt>
      <trkpt lat="53.76614587381482" lon="10.771600026637316">
        <ele>18.89</ele>
      </trkpt>
      <trkpt lat="53.766210079193115" lon="10.771214962005615">
        <ele>18.36</ele>
      </trkpt>
      <trkpt lat="53.766285348683596" lon="10.77090298756957">
        <ele>17.89</ele>
      </trkpt>
      <trkpt lat="53.76636028289795" lon="10.77059268951416">
        <ele>17.53</ele>
      </trkpt>
      <trkpt lat="53.766489028930664" lon="10.770270824432373">
        <ele>17.2</ele>
      </trkpt>
      <trkpt lat="53.76667167060077" lon="10.770098911598325">
        <ele>16.96</ele>
      </trkpt>
      <trkpt lat="53.76685389317572" lon="10.769927501678467">
        <ele>16.79</ele>
      </trkpt>
      <trkpt lat="53.76706838607788" lon="10.769820213317871">
        <ele>16.74</ele>
      </trkpt>
      <trkpt lat="53.76708992756903" lon="10.769648551940918">
        <ele>16.73</ele>
      </trkpt>
      <trkpt lat="53.767358316108584" lon="10.769605552777648">
        <ele>16.8</ele>
      </trkpt>
      <trkpt lat="53.76762636937201" lon="10.769562721252441">
        <ele>16.94</ele>
      </trkpt>
      <trkpt lat="53.767798114567995" lon="10.769498264417052">
        <ele>17.15</ele>
      </trkpt>
      <trkpt lat="53.767969608306885" lon="10.769433975219727">
        <ele>17.37</ele>
      </trkpt>
      <trkpt lat="53.76820581033826" lon="10.76927287504077">
        <ele>17.62</ele>
      </trkpt>
      <trkpt lat="53.768441677093506" lon="10.76911211013794">
        <ele>17.9</ele>
      </trkpt>
      <trkpt lat="53.768720710650086" lon="10.768876075744629">
        <ele>18.19</ele>
      </trkpt>
      <trkpt lat="53.76887091435492" lon="10.76883316040039">
        <ele>18.47</ele>
      </trkpt>
      <trkpt lat="53.76908549107611" lon="10.768811702728271">
        <ele>18.75</ele>
      </trkpt>
      <trkpt lat="53.76912840642035" lon="10.768790245056152">
        <ele>19.01</ele>
      </trkpt>
      <trkpt lat="53.76937173306942" lon="10.768747245892882">
        <ele>19.27</ele>
      </trkpt>
      <trkpt lat="53.76961505971849" lon="10.768704330548644">
        <ele>19.56</ele>
      </trkpt>
      <trkpt lat="53.7698579672724" lon="10.768661499023438">
        <ele>19.85</ele>
      </trkpt>
      <trkpt lat="53.77009408548474" lon="10.768618499860168">
        <ele>20.06</ele>
      </trkpt>
      <trkpt lat="53.77033028751612" lon="10.76857558451593">
        <ele>20.17</ele>
      </trkpt>
      <trkpt lat="53.7705659866333" lon="10.768532752990723">
        <ele>20.24</ele>
      </trkpt>
      <trkpt lat="53.770759189501405" lon="10.768554210662842">
        <ele>20.27</ele>
      </trkpt>
      <trkpt lat="53.77075910568237" lon="10.768554210662842">
        <ele>20.31</ele>
      </trkpt>
      <trkpt lat="53.77104903571308" lon="10.768704498186707">
        <ele>20.29</ele>
      </trkpt>
      <trkpt lat="53.77133854664862" lon="10.76885461807251">
        <ele>20.25</ele>
      </trkpt>
      <trkpt lat="53.77138137817383" lon="10.768876075744629">
        <ele>20.16</ele>
      </trkpt>
      <trkpt lat="53.771563936024904" lon="10.768994176760316">
        <ele>19.98</ele>
      </trkpt>
      <trkpt lat="53.77174615859985" lon="10.76911211013794">
        <ele>19.74</ele>
      </trkpt>
      <trkpt lat="53.77187515608966" lon="10.769448978826404">
        <ele>19.55</ele>
      </trkpt>
      <trkpt lat="53.772004237398505" lon="10.7697859313339">
        <ele>19.3</ele>
      </trkpt>
      <trkpt lat="53.77213248051703" lon="10.770120620727539">
        <ele>19.03</ele>
      </trkpt>
      <trkpt lat="53.772218311205506" lon="10.7700777053833">
        <ele>18.68</ele>
      </trkpt>
      <trkpt lat="53.77234705723822" lon="10.769991874694824">
        <ele>18.27</ele>
      </trkpt>
      <trkpt lat="53.772572446614504" lon="10.769927417859435">
        <ele>17.83</ele>
      </trkpt>
      <trkpt lat="53.77279758453369" lon="10.76986312866211">
        <ele>17.37</ele>
      </trkpt>
      <trkpt lat="53.773001516237855" lon="10.769884586334229">
        <ele>16.86</ele>
      </trkpt>
      <trkpt lat="53.773205280303955" lon="10.769906044006348">
        <ele>16.32</ele>
      </trkpt>
      <trkpt lat="53.77347526140511" lon="10.770044093951583">
        <ele>15.78</ele>
      </trkpt>
      <trkpt lat="53.773745242506266" lon="10.770182143896818">
        <ele>15.28</ele>
      </trkpt>
      <trkpt lat="53.77401522360742" lon="10.770320193842053">
        <ele>14.74</ele>
      </trkpt>
      <trkpt lat="53.774285204708576" lon="10.770458243787289">
        <ele>14.08</ele>
      </trkpt>
      <trkpt lat="53.77455518580973" lon="10.770596293732524">
        <ele>13.37</ele>
      </trkpt>
      <trkpt lat="53.77482516691089" lon="10.77073434367776">
        <ele>12.73</ele>
      </trkpt>
      <trkpt lat="53.77509355545044" lon="10.770871639251709">
        <ele>12.19</ele>
      </trkpt>
      <trkpt lat="53.77532975748181" lon="10.770957469940186">
        <ele>11.65</ele>
      </trkpt>
      <trkpt lat="53.77556562423706" lon="10.771043300628662">
        <ele>11.0</ele>
      </trkpt>
      <trkpt lat="53.775769555941224" lon="10.77104321680963">
        <ele>10.39</ele>
      </trkpt>
      <trkpt lat="53.775973320007324" lon="10.771043300628662">
        <ele>9.77</ele>
      </trkpt>
      <trkpt lat="53.776220167055726" lon="10.771021759137511">
        <ele>9.26</ele>
      </trkpt>
      <trkpt lat="53.776466846466064" lon="10.771000385284424">
        <ele>8.74</ele>
      </trkpt>
      <trkpt lat="53.77669584006071" lon="10.770900137722492">
        <ele>8.28</ele>
      </trkpt>
      <trkpt lat="53.77692491747439" lon="10.77079989016056">
        <ele>7.89</ele>
      </trkpt>
      <trkpt lat="53.77715349197388" lon="10.770699977874756">
        <ele>7.44</ele>
      </trkpt>
      <trkpt lat="53.777424143627286" lon="10.770489424467087">
        <ele>7.06</ele>
      </trkpt>
      <trkpt lat="53.777694795280695" lon="10.77027895487845">
        <ele>6.75</ele>
      </trkpt>
      <trkpt lat="53.777965446934104" lon="10.77006840147078">
        <ele>6.42</ele>
      </trkpt>
      <trkpt lat="53.77823609858751" lon="10.769857931882143">
        <ele>6.12</ele>
      </trkpt>
      <trkpt lat="53.77850532531738" lon="10.769648551940918">
        <ele>5.87</ele>
      </trkpt>
      <trkpt lat="53.778779078274965" lon="10.76950890943408">
        <ele>5.65</ele>
      </trkpt>
      <trkpt lat="53.77905291505158" lon="10.769369350746274">
        <ele>5.47</ele>
      </trkpt>
      <trkpt lat="53.779326751828194" lon="10.769229708239436">
        <ele>5.3</ele>
      </trkpt>
      <trkpt lat="53.77959966659546" lon="10.76909065246582">
        <ele>5.15</ele>
      </trkpt>
      <trkpt lat="53.77959975041449" lon="10.76909065246582">
        <ele>5.01</ele>
      </trkpt>
      <trkpt lat="53.779803765937686" lon="10.768994009122252">
        <ele>4.95</ele>
      </trkpt>
      <trkpt lat="53.780007446184754" lon="10.768897533416748">
        <ele>4.85</ele>
      </trkpt>
      <trkpt lat="53.780308021232486" lon="10.768750263378024">
        <ele>4.75</ele>
      </trkpt>
      <trkpt lat="53.78060868009925" lon="10.7686029933393">
        <ele>4.64</ele>
      </trkpt>
      <trkpt lat="53.78090933896601" lon="10.768455723300576">
        <ele>4.59</ele>
      </trkpt>
      <trkpt lat="53.781209997832775" lon="10.768308453261852">
        <ele>4.6</ele>
      </trkpt>
      <trkpt lat="53.78151065669954" lon="10.768161183223128">
        <ele>4.62</ele>
      </trkpt>
      <trkpt lat="53.7818113155663" lon="10.768013913184404">
        <ele>4.57</ele>
      </trkpt>
      <trkpt lat="53.7821102142334" lon="10.76786756515503">
        <ele>4.55</ele>
      </trkpt>
      <trkpt lat="53.78238924778998" lon="10.767631530761719">
        <ele>4.64</ele>
      </trkpt>
      <trkpt lat="53.782496536150575" lon="10.767524242401123">
        <ele>4.76</ele>
      </trkpt>
      <trkpt lat="53.78258228302002" lon="10.767374038696289">
        <ele>4.9</ele>
      </trkpt>
      <trkpt lat="53.78277548588812" lon="10.76709508895874">
        <ele>5.03</ele>
      </trkpt>
      <trkpt lat="53.78283977508545" lon="10.766966342926025">
        <ele>5.19</ele>
      </trkpt>
      <trkpt lat="53.78297950141132" lon="10.766697535291314">
        <ele>5.39</ele>
      </trkpt>
      <trkpt lat="53.783118724823" lon="10.766429901123047">
        <ele>5.64</ele>
      </trkpt>
      <trkpt lat="53.783161640167236" lon="10.766472816467285">
        <ele>5.93</ele>
      </trkpt>
      <trkpt lat="53.78329047001898" lon="10.766150951385498">
        <ele>6.23</ele>
      </trkpt>
      <trkpt lat="53.78343019634485" lon="10.765828331932425">
        <ele>6.53</ele>
      </trkpt>
      <trkpt lat="53.783570006489754" lon="10.765505796298385">
        <ele>6.92</ele>
      </trkpt>
      <trkpt lat="53.783709816634655" lon="10.765183176845312">
        <ele>7.35</ele>
      </trkpt>
      <trkpt lat="53.78384836949408" lon="10.76486349105835">
        <ele>7.77</ele>
      </trkpt>
      <trkpt lat="53.78402899950743" lon="10.764433331787586">
        <ele>8.21</ele>
      </trkpt>
      <trkpt lat="53.784209629520774" lon="10.764003256335855">
        <ele>8.73</ele>
      </trkpt>
      <trkpt lat="53.78439025953412" lon="10.763573097065091">
        <ele>9.27</ele>
      </trkpt>
      <trkpt lat="53.78457088954747" lon="10.76314302161336">
        <ele>9.89</ele>
      </trkpt>
      <trkpt lat="53.78474950790405" lon="10.762717723846436">
        <ele>10.56</ele>
      </trkpt>
      <trkpt lat="53.78481388092041" lon="10.762696266174316">
        <ele>11.16</ele>
      </trkpt>
      <trkpt lat="53.78492133691907" lon="10.762459645047784">
        <ele>11.8</ele>
      </trkpt>
      <trkpt lat="53.7850284576416" lon="10.762224197387695">
        <ele>12.42</ele>
      </trkpt>
      <trkpt lat="53.7851357460022" lon="10.7621169090271">
        <ele>13.0</ele>
      </trkpt>
      <trkpt lat="53.785178661346436" lon="10.76185941696167">
        <ele>13.52</ele>
      </trkpt>
      <trkpt lat="53.78528603352606" lon="10.761644840240479">
        <ele>14.06</ele>
      </trkpt>
      <trkpt lat="53.78528594970703" lon="10.761473178863525">
        <ele>14.6</ele>
      </trkpt>
      <trkpt lat="53.78532886505127" lon="10.761322975158691">
        <ele>15.12</ele>
      </trkpt>
      <trkpt lat="53.7854793202132" lon="10.760986022651196">
        <ele>15.67</ele>
      </trkpt>
      <trkpt lat="53.78562985919416" lon="10.760649153962731">
        <ele>16.2</ele>
      </trkpt>
      <trkpt lat="53.78577947616577" lon="10.760314464569092">
        <ele>16.74</ele>
      </trkpt>
      <trkpt lat="53.78592976368964" lon="10.760164260864258">
        <ele>17.28</ele>
      </trkpt>
      <trkpt lat="53.78611248917878" lon="10.759766371920705">
        <ele>17.74</ele>
      </trkpt>
      <trkpt lat="53.78629454411566" lon="10.75937032699585">
        <ele>18.25</ele>
      </trkpt>
      <trkpt lat="53.786487663164735" lon="10.759069919586182">
        <ele>18.65</ele>
      </trkpt>
      <trkpt lat="53.78665932454169" lon="10.758705139160156">
        <ele>18.89</ele>
      </trkpt>
      <trkpt lat="53.78673451021314" lon="10.75841462239623">
        <ele>19.13</ele>
      </trkpt>
      <trkpt lat="53.78680944442749" lon="10.75812578201294">
        <ele>19.34</ele>
      </trkpt>
      <trkpt lat="53.78695453517139" lon="10.757797798141837">
        <ele>19.56</ele>
      </trkpt>
      <trkpt lat="53.78709970973432" lon="10.757469898089767">
        <ele>19.74</ele>
      </trkpt>
      <trkpt lat="53.78724488429725" lon="10.757141914218664">
        <ele>19.87</ele>
      </trkpt>
      <trkpt lat="53.78738880157471" lon="10.756816864013672">
        <ele>19.96</ele>
      </trkpt>
      <trkpt lat="53.78751754760742" lon="10.756516456604004">
        <ele>20.05</ele>
      </trkpt>
      <trkpt lat="53.78758192062378" lon="10.756473541259766">
        <ele>20.17</ele>
      </trkpt>
      <trkpt lat="53.787689208984375" lon="10.756494998931885">
        <ele>20.3</ele>
      </trkpt>
      <trkpt lat="53.787710750475526" lon="10.756301879882812">
        <ele>20.39</ele>
      </trkpt>
      <trkpt lat="53.787732208147645" lon="10.756194591522217">
        <ele>20.51</ele>
      </trkpt>
      <trkpt lat="53.78803043626249" lon="10.756275644525886">
        <ele>20.65</ele>
      </trkpt>
      <trkpt lat="53.78832866437733" lon="10.756356781348586">
        <ele>20.79</ele>
      </trkpt>
      <trkpt lat="53.788626892492175" lon="10.756437918171287">
        <ele>20.92</ele>
      </trkpt>
      <trkpt lat="53.78892512060702" lon="10.756519054993987">
        <ele>21.03</ele>
      </trkpt>
      <trkpt lat="53.78922334872186" lon="10.756600107997656">
        <ele>21.14</ele>
      </trkpt>
      <trkpt lat="53.789521576836705" lon="10.756681244820356">
        <ele>21.3</ele>
      </trkpt>
      <trkpt lat="53.78981980495155" lon="10.756762381643057">
        <ele>21.5</ele>
      </trkpt>
      <trkpt lat="53.79011803306639" lon="10.756843518465757">
        <ele>21.73</ele>
      </trkpt>
      <trkpt lat="53.790414333343506" lon="10.756924152374268">
        <ele>21.9</ele>
      </trkpt>
      <trkpt lat="53.79066126421094" lon="10.756967067718506">
        <ele>21.96</ele>
      </trkpt>
      <trkpt lat="53.790907859802246" lon="10.757009983062744">
        <ele>21.97</ele>
      </trkpt>
      <trkpt lat="53.79090794362128" lon="10.757009983062744">
        <ele>22.02</ele>
      </trkpt>
      <trkpt lat="53.79121916368604" lon="10.757020711898804">
        <ele>21.97</ele>
      </trkpt>
      <trkpt lat="53.7915301322937" lon="10.757031440734863">
        <ele>21.99</ele>
      </trkpt>
      <trkpt lat="53.791701793670654" lon="10.756902694702148">
        <ele>22.01</ele>
      </trkpt>
      <trkpt lat="53.79185199737549" lon="10.756645202636719">
        <ele>22.02</ele>
      </trkpt>
      <trkpt lat="53.79187345504761" lon="10.756666660308838">
        <ele>22.01</ele>
      </trkpt>
      <trkpt lat="53.79187353886664" lon="10.756666660308838">
        <ele>22.0</ele>
      </trkpt>
      <trkpt lat="53.79189491271973" lon="10.756688117980957">
        <ele>21.96</ele>
      </trkpt>
      <trkpt lat="53.791916370391846" lon="10.756709575653076">
        <ele>21.92</ele>
      </trkpt>
      <trkpt lat="53.791937911883" lon="10.756709575653076">
        <ele>21.86</ele>
      </trkpt>
      <trkpt lat="53.7919807434082" lon="10.756709575653076">
        <ele>21.8</ele>
      </trkpt>
      <trkpt lat="53.79213094711304" lon="10.756752490997314">
        <ele>21.71</ele>
      </trkpt>
      <trkpt lat="53.79230260848999" lon="10.756988525390625">
        <ele>21.62</ele>
      </trkpt>
      <trkpt lat="53.79260301589966" lon="10.756967067718506">
        <ele>21.5</ele>
      </trkpt>
      <trkpt lat="53.79260309971869" lon="10.756967067718506">
        <ele>21.38</ele>
      </trkpt>
      <trkpt lat="53.792839301750064" lon="10.756891882047057">
        <ele>21.21</ele>
      </trkpt>
      <trkpt lat="53.79307516850531" lon="10.756816864013672">
        <ele>21.04</ele>
      </trkpt>
      <trkpt lat="53.793332828208804" lon="10.756687950342894">
        <ele>20.88</ele>
      </trkpt>
      <trkpt lat="53.79359006881714" lon="10.756559371948242">
        <ele>20.7</ele>
      </trkpt>
      <trkpt lat="53.793675899505615" lon="10.756473541259766">
        <ele>20.5</ele>
      </trkpt>
      <trkpt lat="53.79376173019409" lon="10.756194591522217">
        <ele>20.27</ele>
      </trkpt>
      <trkpt lat="53.79380472935736" lon="10.75613021850586">
        <ele>20.06</ele>
      </trkpt>
      <trkpt lat="53.79389047622681" lon="10.756087303161621">
        <ele>19.86</ele>
      </trkpt>
      <trkpt lat="53.79389056004584" lon="10.756087303161621">
        <ele>19.63</ele>
      </trkpt>
      <trkpt lat="53.793954849243164" lon="10.756087303161621">
        <ele>19.39</ele>
      </trkpt>
      <trkpt lat="53.794147968292236" lon="10.75634479522705">
        <ele>19.16</ele>
      </trkpt>
      <trkpt lat="53.794418536126614" lon="10.756228789687157">
        <ele>18.89</ele>
      </trkpt>
      <trkpt lat="53.79468910396099" lon="10.756112867966294">
        <ele>18.65</ele>
      </trkpt>
      <trkpt lat="53.79495967179537" lon="10.7559968624264">
        <ele>18.34</ele>
      </trkpt>
      <trkpt lat="53.795230239629745" lon="10.755880856886506">
        <ele>18.0</ele>
      </trkpt>
      <trkpt lat="53.79549980163574" lon="10.755765438079834">
        <ele>17.65</ele>
      </trkpt>
      <trkpt lat="53.795499885454774" lon="10.755765438079834">
        <ele>17.31</ele>
      </trkpt>
      <trkpt lat="53.795743212103844" lon="10.755657982081175">
        <ele>16.95</ele>
      </trkpt>
      <trkpt lat="53.795986622571945" lon="10.755550609901547">
        <ele>16.57</ele>
      </trkpt>
      <trkpt lat="53.796229446306825" lon="10.755443572998047">
        <ele>16.16</ele>
      </trkpt>
      <trkpt lat="53.79645843990147" lon="10.755343325436115">
        <ele>15.81</ele>
      </trkpt>
      <trkpt lat="53.79668751731515" lon="10.755243077874184">
        <ele>15.43</ele>
      </trkpt>
      <trkpt lat="53.796916007995605" lon="10.755143165588379">
        <ele>15.06</ele>
      </trkpt>
      <trkpt lat="53.79718448035419" lon="10.754960523918271">
        <ele>14.71</ele>
      </trkpt>
      <trkpt lat="53.797452449798584" lon="10.754778385162354">
        <ele>14.3</ele>
      </trkpt>
      <trkpt lat="53.7976726423949" lon="10.754547379910946">
        <ele>13.89</ele>
      </trkpt>
      <trkpt lat="53.79789291881025" lon="10.754316374659538">
        <ele>13.53</ele>
      </trkpt>
      <trkpt lat="53.798113195225596" lon="10.754085453227162">
        <ele>13.18</ele>
      </trkpt>
      <trkpt lat="53.7983322981745" lon="10.75385570526123">
        <ele>12.85</ele>
      </trkpt>
      <trkpt lat="53.798461044207215" lon="10.753726959228516">
        <ele>12.56</ele>
      </trkpt>
      <trkpt lat="53.798697078600526" lon="10.753448009490967">
        <ele>12.25</ele>
      </trkpt>
      <trkpt lat="53.79884744994342" lon="10.753179201856256">
        <ele>12.06</ele>
      </trkpt>
      <trkpt lat="53.79899740219116" lon="10.752911567687988">
        <ele>11.91</ele>
      </trkpt>
      <trkpt lat="53.79912614822388" lon="10.752654075622559">
        <ele>11.77</ele>
      </trkpt>
      <trkpt lat="53.79929102025926" lon="10.75230279006064">
        <ele>11.72</ele>
      </trkpt>
      <trkpt lat="53.799455892294645" lon="10.751951588317752">
        <ele>11.71</ele>
      </trkpt>
      <trkpt lat="53.79961975850165" lon="10.75160264968872">
        <ele>11.73</ele>
      </trkpt>
      <trkpt lat="53.79974842071533" lon="10.751323699951172">
        <ele>11.78</ele>
      </trkpt>
      <trkpt lat="53.79996299743652" lon="10.751044750213623">
        <ele>11.88</ele>
      </trkpt>
      <trkpt lat="53.800177574157715" lon="10.75087308883667">
        <ele>11.99</ele>
      </trkpt>
      <trkpt lat="53.80039231851697" lon="10.750754904001951">
        <ele>12.11</ele>
      </trkpt>
      <trkpt lat="53.8006067276001" lon="10.75063705444336">
        <ele>12.26</ele>
      </trkpt>
      <trkpt lat="53.80088584497571" lon="10.75056186877191">
        <ele>12.46</ele>
      </trkpt>
      <trkpt lat="53.80116471089423" lon="10.750486850738525">
        <ele>12.63</ele>
      </trkpt>
      <trkpt lat="53.80137920379639" lon="10.750422477722168">
        <ele>12.84</ele>
      </trkpt>
      <trkpt lat="53.80148649215698" lon="10.750336647033691">
        <ele>13.07</ele>
      </trkpt>
      <trkpt lat="53.80148649215698" lon="10.749949235469103">
        <ele>13.29</ele>
      </trkpt>
      <trkpt lat="53.80148649215698" lon="10.749561823904514">
        <ele>13.51</ele>
      </trkpt>
      <trkpt lat="53.801486575976014" lon="10.749177932739258">
        <ele>13.78</ele>
      </trkpt>
      <trkpt lat="53.80150803364813" lon="10.749027729034424">
        <ele>14.0</ele>
      </trkpt>
      <trkpt lat="53.80161532200873" lon="10.74864149093628">
        <ele>14.26</ele>
      </trkpt>
      <trkpt lat="53.801636695861816" lon="10.748276710510254">
        <ele>14.54</ele>
      </trkpt>
      <trkpt lat="53.80160794593394" lon="10.747903632000089">
        <ele>14.78</ele>
      </trkpt>
      <trkpt lat="53.80157927982509" lon="10.747530553489923">
        <ele>15.02</ele>
      </trkpt>
      <trkpt lat="53.80155094899237" lon="10.747160911560059">
        <ele>15.18</ele>
      </trkpt>
      <trkpt lat="53.80151859484613" lon="10.746827311813831">
        <ele>15.31</ele>
      </trkpt>
      <trkpt lat="53.801486575976014" lon="10.746495723724365">
        <ele>15.42</ele>
      </trkpt>
      <trkpt lat="53.80146503448486" lon="10.746205123141408">
        <ele>15.51</ele>
      </trkpt>
      <trkpt lat="53.801443660631776" lon="10.745916366577148">
        <ele>15.56</ele>
      </trkpt>
      <trkpt lat="53.80138624459505" lon="10.745543288066983">
        <ele>15.61</ele>
      </trkpt>
      <trkpt lat="53.801328828558326" lon="10.74517029337585">
        <ele>15.57</ele>
      </trkpt>
      <trkpt lat="53.80127199925482" lon="10.744800567626953">
        <ele>15.49</ele>
      </trkpt>
      <trkpt lat="53.80125045776367" lon="10.74465036392212">
        <ele>15.4</ele>
      </trkpt>
      <trkpt lat="53.80117518827319" lon="10.744295306503773">
        <ele>15.27</ele>
      </trkpt>
      <trkpt lat="53.80110033787787" lon="10.743942260742188">
        <ele>15.15</ele>
      </trkpt>
      <trkpt lat="53.80100704729557" lon="10.74353339150548">
        <ele>15.05</ele>
      </trkpt>
      <trkpt lat="53.8009138405323" lon="10.743124606087804">
        <ele>14.92</ele>
      </trkpt>
      <trkpt lat="53.80082138814032" lon="10.742719173431396">
        <ele>14.71</ele>
      </trkpt>
      <trkpt lat="53.8007999304682" lon="10.74263334274292">
        <ele>14.58</ele>
      </trkpt>
      <trkpt lat="53.80079984664917" lon="10.74263334274292">
        <ele>14.46</ele>
      </trkpt>
      <trkpt lat="53.800699431449175" lon="10.742224473506212">
        <ele>14.36</ele>
      </trkpt>
      <trkpt lat="53.80059901624918" lon="10.741815688088536">
        <ele>14.27</ele>
      </trkpt>
      <trkpt lat="53.8004994392395" lon="10.741410255432129">
        <ele>14.21</ele>
      </trkpt>
      <trkpt lat="53.80043481476605" lon="10.740926032885909">
        <ele>14.12</ele>
      </trkpt>
      <trkpt lat="53.80037069320679" lon="10.740444660186768">
        <ele>14.05</ele>
      </trkpt>
      <trkpt lat="53.80032777786255" lon="10.739929676055908">
        <ele>14.0</ele>
      </trkpt>
      <trkpt lat="53.80036004818976" lon="10.739520723000169">
        <ele>13.96</ele>
      </trkpt>
      <trkpt lat="53.800392150878906" lon="10.73911428451538">
        <ele>13.9</ele>
      </trkpt>
      <trkpt lat="53.80048896186054" lon="10.738716227933764">
        <ele>13.88</ele>
      </trkpt>
      <trkpt lat="53.80058526992798" lon="10.738320350646973">
        <ele>13.83</ele>
      </trkpt>
      <trkpt lat="53.80072499625385" lon="10.737943919375539">
        <ele>13.74</ele>
      </trkpt>
      <trkpt lat="53.80086421966553" lon="10.737569332122803">
        <ele>13.74</ele>
      </trkpt>
      <trkpt lat="53.80104694515467" lon="10.737214526161551">
        <ele>13.75</ele>
      </trkpt>
      <trkpt lat="53.80122900009155" lon="10.736861228942871">
        <ele>13.78</ele>
      </trkpt>
      <trkpt lat="53.801393788307905" lon="10.736603233963251">
        <ele>13.79</ele>
      </trkpt>
      <trkpt lat="53.80155857652426" lon="10.736345322802663">
        <ele>13.83</ele>
      </trkpt>
      <trkpt lat="53.80172252655029" lon="10.736088752746582">
        <ele>13.86</ele>
      </trkpt>
      <trkpt lat="53.80188379436731" lon="10.73572313413024">
        <ele>13.96</ele>
      </trkpt>
      <trkpt lat="53.80204439163208" lon="10.735359191894531">
        <ele>14.07</ele>
      </trkpt>
      <trkpt lat="53.80215193144977" lon="10.734907323494554">
        <ele>14.29</ele>
      </trkpt>
      <trkpt lat="53.80225896835327" lon="10.734457969665527">
        <ele>14.49</ele>
      </trkpt>
      <trkpt lat="53.80225896835327" lon="10.733952121809125">
        <ele>14.61</ele>
      </trkpt>
      <trkpt lat="53.8022590521723" lon="10.733449459075928">
        <ele>14.81</ele>
      </trkpt>
      <trkpt lat="53.802237594500184" lon="10.73312759399414">
        <ele>15.01</ele>
      </trkpt>
      <trkpt lat="53.802208844572306" lon="10.732711432501674">
        <ele>15.22</ele>
      </trkpt>
      <trkpt lat="53.80218017846346" lon="10.732295354828238">
        <ele>15.45</ele>
      </trkpt>
      <trkpt lat="53.80215176381171" lon="10.73188304901123">
        <ele>15.68</ele>
      </trkpt>
      <trkpt lat="53.80213022232056" lon="10.731549449265003">
        <ele>15.9</ele>
      </trkpt>
      <trkpt lat="53.80210884846747" lon="10.731217861175537">
        <ele>16.16</ele>
      </trkpt>
      <trkpt lat="53.80208009853959" lon="10.730859115719795">
        <ele>16.44</ele>
      </trkpt>
      <trkpt lat="53.80205134861171" lon="10.730500454083085">
        <ele>16.7</ele>
      </trkpt>
      <trkpt lat="53.80202293395996" lon="10.73014497756958">
        <ele>16.96</ele>
      </trkpt>
      <trkpt lat="53.801965517923236" lon="10.729728899896145">
        <ele>17.22</ele>
      </trkpt>
      <trkpt lat="53.80190810188651" lon="10.72931282222271">
        <ele>17.39</ele>
      </trkpt>
      <trkpt lat="53.80185127258301" lon="10.72890043258667">
        <ele>17.57</ele>
      </trkpt>
      <trkpt lat="53.80172931589186" lon="10.72848804295063">
        <ele>17.72</ele>
      </trkpt>
      <trkpt lat="53.80160744301975" lon="10.728075737133622">
        <ele>17.87</ele>
      </trkpt>
      <trkpt lat="53.8014854863286" lon="10.727663431316614">
        <ele>18.02</ele>
      </trkpt>
      <trkpt lat="53.80136361345649" lon="10.727251041680574">
        <ele>18.14</ele>
      </trkpt>
      <trkpt lat="53.80124174058437" lon="10.726838735863566">
        <ele>18.25</ele>
      </trkpt>
      <trkpt lat="53.80112171173096" lon="10.726432800292969">
        <ele>18.38</ele>
      </trkpt>
      <trkpt lat="53.801046358421445" lon="10.726110013201833">
        <ele>18.52</ele>
      </trkpt>
      <trkpt lat="53.80097150802612" lon="10.725789070129395">
        <ele>18.67</ele>
      </trkpt>
      <trkpt lat="53.800928592681885" lon="10.725359916687012">
        <ele>18.76</ele>
      </trkpt>
      <trkpt lat="53.800912415608764" lon="10.724913245067">
        <ele>18.87</ele>
      </trkpt>
      <trkpt lat="53.800896322354674" lon="10.72446665726602">
        <ele>18.91</ele>
      </trkpt>
      <trkpt lat="53.800880229100585" lon="10.724020069465041">
        <ele>18.97</ele>
      </trkpt>
      <trkpt lat="53.80086430348456" lon="10.723578929901123">
        <ele>19.11</ele>
      </trkpt>
      <trkpt lat="53.80077847279608" lon="10.723235607147217">
        <ele>19.17</ele>
      </trkpt>
      <trkpt lat="53.80062826909125" lon="10.72289228439331">
        <ele>19.16</ele>
      </trkpt>
      <trkpt lat="53.800509916618466" lon="10.72266647592187">
        <ele>19.04</ele>
      </trkpt>
      <trkpt lat="53.800392150878906" lon="10.722441673278809">
        <ele>18.88</ele>
      </trkpt>
      <trkpt lat="53.80018796771765" lon="10.72218376211822">
        <ele>18.67</ele>
      </trkpt>
      <trkpt lat="53.799984538927674" lon="10.72192668914795">
        <ele>18.51</ele>
      </trkpt>
      <trkpt lat="53.79976987838745" lon="10.721690654754639">
        <ele>18.33</ele>
      </trkpt>
      <trkpt lat="53.79953342489898" lon="10.72134674526751">
        <ele>18.21</ele>
      </trkpt>
      <trkpt lat="53.79929780960083" lon="10.721004009246826">
        <ele>18.06</ele>
      </trkpt>
      <trkpt lat="53.7991214543581" lon="10.720685748383403">
        <ele>17.92</ele>
      </trkpt>
      <trkpt lat="53.7989451829344" lon="10.720367571339011">
        <ele>17.78</ele>
      </trkpt>
      <trkpt lat="53.798768911510706" lon="10.72004939429462">
        <ele>17.6</ele>
      </trkpt>
      <trkpt lat="53.79859264008701" lon="10.719731217250228">
        <ele>17.42</ele>
      </trkpt>
      <trkpt lat="53.79841812886298" lon="10.71941614151001">
        <ele>17.34</ele>
      </trkpt>
      <trkpt lat="53.79828938283026" lon="10.7191801071167">
        <ele>17.3</ele>
      </trkpt>
      <trkpt lat="53.79817103035748" lon="10.718878945335746">
        <ele>17.28</ele>
      </trkpt>
      <trkpt lat="53.79805334843695" lon="10.718579292297363">
        <ele>17.28</ele>
      </trkpt>
      <trkpt lat="53.79785972647369" lon="10.718159945681691">
        <ele>17.34</ele>
      </trkpt>
      <trkpt lat="53.797667026519775" lon="10.717742443084717">
        <ele>17.42</ele>
      </trkpt>
      <trkpt lat="53.79755973815918" lon="10.717334747314453">
        <ele>17.42</ele>
      </trkpt>
      <trkpt lat="53.797459322959185" lon="10.716882878914475">
        <ele>17.31</ele>
      </trkpt>
      <trkpt lat="53.79735890775919" lon="10.716431010514498">
        <ele>17.24</ele>
      </trkpt>
      <trkpt lat="53.797258492559195" lon="10.71597914211452">
        <ele>17.23</ele>
      </trkpt>
      <trkpt lat="53.79715816117823" lon="10.715527273714542">
        <ele>17.24</ele>
      </trkpt>
      <trkpt lat="53.797057745978236" lon="10.715075489133596">
        <ele>17.25</ele>
      </trkpt>
      <trkpt lat="53.796959007158875" lon="10.714631080627441">
        <ele>17.29</ele>
      </trkpt>
      <trkpt lat="53.796958923339844" lon="10.714631080627441">
        <ele>17.35</ele>
      </trkpt>
      <trkpt lat="53.79687309265137" lon="10.714523792266846">
        <ele>17.42</ele>
      </trkpt>
      <trkpt lat="53.796679973602295" lon="10.71443796157837">
        <ele>17.52</ele>
      </trkpt>
      <trkpt lat="53.79640110768378" lon="10.714330673217773">
        <ele>17.61</ele>
      </trkpt>
      <trkpt lat="53.796250903978944" lon="10.714073181152344">
        <ele>17.72</ele>
      </trkpt>
      <trkpt lat="53.7961220741272" lon="10.713858604431152">
        <ele>17.84</ele>
      </trkpt>
      <trkpt lat="53.79612215794623" lon="10.713815689086914">
        <ele>18.01</ele>
      </trkpt>
      <trkpt lat="53.79600380547345" lon="10.713428445160389">
        <ele>18.16</ele>
      </trkpt>
      <trkpt lat="53.79588612355292" lon="10.713043212890625">
        <ele>18.35</ele>
      </trkpt>
      <trkpt lat="53.79577883519232" lon="10.7126784324646">
        <ele>18.54</ele>
      </trkpt>
      <trkpt lat="53.79571421071887" lon="10.712398644536734">
        <ele>18.8</ele>
      </trkpt>
      <trkpt lat="53.79565008915961" lon="10.712120532989502">
        <ele>19.11</ele>
      </trkpt>
      <trkpt lat="53.795585464686155" lon="10.711808474734426">
        <ele>19.44</ele>
      </trkpt>
      <trkpt lat="53.79552134312689" lon="10.711498260498047">
        <ele>19.8</ele>
      </trkpt>
      <trkpt lat="53.79546753130853" lon="10.711218472570181">
        <ele>20.13</ele>
      </trkpt>
      <trkpt lat="53.7954140547663" lon="10.71094036102295">
        <ele>20.44</ele>
      </trkpt>
      <trkpt lat="53.79532814025879" lon="10.710489749908447">
        <ele>20.68</ele>
      </trkpt>
      <trkpt lat="53.79524205811322" lon="10.71010242216289">
        <ele>20.89</ele>
      </trkpt>
      <trkpt lat="53.79515656270087" lon="10.709717273712158">
        <ele>21.16</ele>
      </trkpt>
      <trkpt lat="53.795091938227415" lon="10.709394486621022">
        <ele>21.48</ele>
      </trkpt>
      <trkpt lat="53.79502781666815" lon="10.709073543548584">
        <ele>21.81</ele>
      </trkpt>
      <trkpt lat="53.79492019303143" lon="10.708578592166305">
        <ele>22.1</ele>
      </trkpt>
      <trkpt lat="53.79481323994696" lon="10.708086490631104">
        <ele>22.4</ele>
      </trkpt>
      <trkpt lat="53.79474861547351" lon="10.707774432376027">
        <ele>22.63</ele>
      </trkpt>
      <trkpt lat="53.794684410095215" lon="10.707464218139648">
        <ele>22.82</ele>
      </trkpt>
      <trkpt lat="53.794593550264835" lon="10.707014696672559">
        <ele>22.98</ele>
      </trkpt>
      <trkpt lat="53.794502690434456" lon="10.70656517520547">
        <ele>23.1</ele>
      </trkpt>
      <trkpt lat="53.794411830604076" lon="10.706115737557411">
        <ele>23.21</ele>
      </trkpt>
      <trkpt lat="53.7943209707737" lon="10.705666216090322">
        <ele>23.33</ele>
      </trkpt>
      <trkpt lat="53.79423011094332" lon="10.705216778442264">
        <ele>23.37</ele>
      </trkpt>
      <trkpt lat="53.79413933493197" lon="10.704767256975174">
        <ele>23.39</ele>
      </trkpt>
      <trkpt lat="53.79404847510159" lon="10.704317819327116">
        <ele>23.3</ele>
      </trkpt>
      <trkpt lat="53.79395761527121" lon="10.703868297860026">
        <ele>23.1</ele>
      </trkpt>
      <trkpt lat="53.79386901855469" lon="10.70343017578125">
        <ele>22.99</ele>
      </trkpt>
      <trkpt lat="53.79380447790027" lon="10.703139659017324">
        <ele>22.93</ele>
      </trkpt>
      <trkpt lat="53.793740356341004" lon="10.702850818634033">
        <ele>22.82</ele>
      </trkpt>
      <trkpt lat="53.793675899505615" lon="10.702571868896484">
        <ele>22.68</ele>
      </trkpt>
      <trkpt lat="53.79356827586889" lon="10.702213291078806">
        <ele>22.55</ele>
      </trkpt>
      <trkpt lat="53.7934607360512" lon="10.701854713261127">
        <ele>22.39</ele>
      </trkpt>
      <trkpt lat="53.79335403442383" lon="10.701498985290527">
        <ele>22.2</ele>
      </trkpt>
      <trkpt lat="53.7931604962796" lon="10.701101180166006">
        <ele>21.93</ele>
      </trkpt>
      <trkpt lat="53.792967880144715" lon="10.70070505142212">
        <ele>21.66</ele>
      </trkpt>
      <trkpt lat="53.792967796325684" lon="10.70070505142212">
        <ele>21.53</ele>
      </trkpt>
      <trkpt lat="53.79281759262085" lon="10.70044755935669">
        <ele>21.35</ele>
      </trkpt>
      <trkpt lat="53.79258113913238" lon="10.700146649032831">
        <ele>21.17</ele>
      </trkpt>
      <trkpt lat="53.79234552383423" lon="10.699846744537354">
        <ele>21.05</ele>
      </trkpt>
      <trkpt lat="53.79213061183691" lon="10.699653374031186">
        <ele>21.03</ele>
      </trkpt>
      <trkpt lat="53.791916370391846" lon="10.699460506439209">
        <ele>21.06</ele>
      </trkpt>
      <trkpt lat="53.79173381254077" lon="10.69934232160449">
        <ele>21.11</ele>
      </trkpt>
      <trkpt lat="53.79155167378485" lon="10.699224472045898">
        <ele>21.18</ele>
      </trkpt>
      <trkpt lat="53.79155158996582" lon="10.699224472045898">
        <ele>21.23</ele>
      </trkpt>
      <trkpt lat="53.79132242873311" lon="10.699088433757424">
        <ele>21.43</ele>
      </trkpt>
      <trkpt lat="53.79109335131943" lon="10.69895239546895">
        <ele>21.69</ele>
      </trkpt>
      <trkpt lat="53.79086494445801" lon="10.698816776275635">
        <ele>21.93</ele>
      </trkpt>
      <trkpt lat="53.79072521813214" lon="10.698655592277646">
        <ele>22.02</ele>
      </trkpt>
      <trkpt lat="53.79058599472046" lon="10.698494911193848">
        <ele>22.11</ele>
      </trkpt>
      <trkpt lat="53.790435791015625" lon="10.698237419128418">
        <ele>22.1</ele>
      </trkpt>
      <trkpt lat="53.790253065526485" lon="10.697957966476679">
        <ele>22.12</ele>
      </trkpt>
      <trkpt lat="53.790070340037346" lon="10.69767851382494">
        <ele>22.19</ele>
      </trkpt>
      <trkpt lat="53.789887614548206" lon="10.6973990611732">
        <ele>22.29</ele>
      </trkpt>
      <trkpt lat="53.789706230163574" lon="10.697121620178223">
        <ele>22.38</ele>
      </trkpt>
      <trkpt lat="53.78954135812819" lon="10.696827750653028">
        <ele>22.38</ele>
      </trkpt>
      <trkpt lat="53.78937656991184" lon="10.696533964946866">
        <ele>22.37</ele>
      </trkpt>
      <trkpt lat="53.789212703704834" lon="10.696241855621338">
        <ele>22.35</ele>
      </trkpt>
      <trkpt lat="53.78910516388714" lon="10.696005234494805">
        <ele>22.31</ele>
      </trkpt>
      <trkpt lat="53.78899812698364" lon="10.695769786834717">
        <ele>22.26</ele>
      </trkpt>
      <trkpt lat="53.78887977451086" lon="10.695425625890493">
        <ele>22.19</ele>
      </trkpt>
      <trkpt lat="53.78876209259033" lon="10.695083141326904">
        <ele>22.13</ele>
      </trkpt>
      <trkpt lat="53.78864726051688" lon="10.694588189944625">
        <ele>22.11</ele>
      </trkpt>
      <trkpt lat="53.788532512262464" lon="10.694093322381377">
        <ele>22.12</ele>
      </trkpt>
      <trkpt lat="53.788418769836426" lon="10.693602561950684">
        <ele>22.05</ele>
      </trkpt>
      <trkpt lat="53.7883544806391" lon="10.693323612213135">
        <ele>21.93</ele>
      </trkpt>
      <trkpt lat="53.78831148147583" lon="10.692808628082275">
        <ele>21.64</ele>
      </trkpt>
      <trkpt lat="53.78833293914795" lon="10.692315101623535">
        <ele>21.44</ele>
      </trkpt>
      <trkpt lat="53.788404604420066" lon="10.6918990239501">
        <ele>21.34</ele>
      </trkpt>
      <trkpt lat="53.788476353511214" lon="10.691483030095696">
        <ele>21.34</ele>
      </trkpt>
      <trkpt lat="53.78854751586914" lon="10.691070556640625">
        <ele>21.3</ele>
      </trkpt>
      <trkpt lat="53.78856897354126" lon="10.690641403198242">
        <ele>21.3</ele>
      </trkpt>
      <trkpt lat="53.78856897354126" lon="10.69021224975586">
        <ele>21.32</ele>
      </trkpt>
      <trkpt lat="53.78852605819702" lon="10.689804553985596">
        <ele>21.34</ele>
      </trkpt>
      <trkpt lat="53.78844031132758" lon="10.689375400543213">
        <ele>21.34</ele>
      </trkpt>
      <trkpt lat="53.788440227508545" lon="10.689375400543213">
        <ele>21.37</ele>
      </trkpt>
      <trkpt lat="53.78833302296698" lon="10.689010620117188">
        <ele>21.44</ele>
      </trkpt>
      <trkpt lat="53.78819312900305" lon="10.688548106700182">
        <ele>21.48</ele>
      </trkpt>
      <trkpt lat="53.78805407322943" lon="10.688087940216064">
        <ele>21.51</ele>
      </trkpt>
      <trkpt lat="53.78796790726483" lon="10.68777596578002">
        <ele>21.62</ele>
      </trkpt>
      <trkpt lat="53.78788232803345" lon="10.68746566772461">
        <ele>21.72</ele>
      </trkpt>
      <trkpt lat="53.78783941268921" lon="10.687143802642822">
        <ele>21.83</ele>
      </trkpt>
      <trkpt lat="53.78779649734497" lon="10.686821937561035">
        <ele>21.94</ele>
      </trkpt>
      <trkpt lat="53.787782080471516" lon="10.686369901522994">
        <ele>22.02</ele>
      </trkpt>
      <trkpt lat="53.78776774741709" lon="10.685917949303985">
        <ele>22.15</ele>
      </trkpt>
      <trkpt lat="53.78775358200073" lon="10.68547010421753">
        <ele>22.19</ele>
      </trkpt>
      <trkpt lat="53.787733716890216" lon="10.684969453141093">
        <ele>22.1</ele>
      </trkpt>
      <trkpt lat="53.78771393559873" lon="10.684468802064657">
        <ele>21.99</ele>
      </trkpt>
      <trkpt lat="53.787694154307246" lon="10.683968150988221">
        <ele>21.79</ele>
      </trkpt>
      <trkpt lat="53.78767437301576" lon="10.683467499911785">
        <ele>21.63</ele>
      </trkpt>
      <trkpt lat="53.787654507905245" lon="10.682966848835349">
        <ele>21.55</ele>
      </trkpt>
      <trkpt lat="53.78763472661376" lon="10.682466197758913">
        <ele>21.42</ele>
      </trkpt>
      <trkpt lat="53.787615364417434" lon="10.681976107880473">
        <ele>21.13</ele>
      </trkpt>
      <trkpt lat="53.787589967250824" lon="10.681979963555932">
        <ele>20.95</ele>
      </trkpt>
      <trkpt lat="53.78758627921343" lon="10.681860269978642">
        <ele>20.7</ele>
      </trkpt>
      <trkpt lat="53.787569934502244" lon="10.68132994696498">
        <ele>20.54</ele>
      </trkpt>
      <trkpt lat="53.78757454454899" lon="10.681170355528593">
        <ele>20.19</ele>
      </trkpt>
      <trkpt lat="53.787589967250824" lon="10.680639948695898">
        <ele>20.12</ele>
      </trkpt>
      <trkpt lat="53.78764998167753" lon="10.680209957063198">
        <ele>19.83</ele>
      </trkpt>
      <trkpt lat="53.78768032416701" lon="10.680037792772055">
        <ele>19.4</ele>
      </trkpt>
      <trkpt lat="53.78777017816901" lon="10.679528843611479">
        <ele>19.1</ele>
      </trkpt>
      <trkpt lat="53.78785994835198" lon="10.679019978269935">
        <ele>18.91</ele>
      </trkpt>
      <trkpt lat="53.787861708551645" lon="10.679009668529034">
        <ele>18.48</ele>
      </trkpt>
      <trkpt lat="53.78794996999204" lon="10.678499964997172">
        <ele>18.34</ele>
      </trkpt>
      <trkpt lat="53.787974026054144" lon="10.678225290030241">
        <ele>17.92</ele>
      </trkpt>
      <trkpt lat="53.788019958883524" lon="10.67769999615848">
        <ele>17.84</ele>
      </trkpt>
      <trkpt lat="53.788063041865826" lon="10.677732601761818">
        <ele>17.45</ele>
      </trkpt>
      <trkpt lat="53.78834995441139" lon="10.677949944511056">
        <ele>17.42</ele>
      </trkpt>
      <trkpt lat="53.78841994330287" lon="10.67797995172441">
        <ele>17.2</ele>
      </trkpt>
      <trkpt lat="53.78862999379635" lon="10.678119929507375">
        <ele>16.99</ele>
      </trkpt>
      <trkpt lat="53.78882998600602" lon="10.678159995004535">
        <ele>16.78</ele>
      </trkpt>
      <trkpt lat="53.788899974897504" lon="10.678149936720729">
        <ele>16.59</ele>
      </trkpt>
      <trkpt lat="53.789029978215694" lon="10.6781099550426">
        <ele>16.43</ele>
      </trkpt>
      <trkpt lat="53.78931479528546" lon="10.677933180704713">
        <ele>16.18</ele>
      </trkpt>
      <trkpt lat="53.78960992209613" lon="10.677749952301383">
        <ele>16.14</ele>
      </trkpt>
      <trkpt lat="53.789743864908814" lon="10.677668983116746">
        <ele>15.91</ele>
      </trkpt>
      <trkpt lat="53.790039997547865" lon="10.677489945665002">
        <ele>15.9</ele>
      </trkpt>
      <trkpt lat="53.790149968117476" lon="10.677469996735454">
        <ele>15.86</ele>
      </trkpt>
      <trkpt lat="53.790319953113794" lon="10.677509978413582">
        <ele>15.85</ele>
      </trkpt>
      <trkpt lat="53.790481723845005" lon="10.677601424977183">
        <ele>15.78</ele>
      </trkpt>
      <trkpt lat="53.79077995195985" lon="10.677769985049963">
        <ele>15.9</ele>
      </trkpt>
      <trkpt lat="53.79094993695617" lon="10.67784994840622">
        <ele>15.96</ele>
      </trkpt>
      <trkpt lat="53.79109997302294" lon="10.677879955619574">
        <ele>16.01</ele>
      </trkpt>
      <trkpt lat="53.79116551950574" lon="10.67788171581924">
        <ele>16.01</ele>
      </trkpt>
      <trkpt lat="53.791479924693704" lon="10.677889930084348">
        <ele>16.12</ele>
      </trkpt>
      <trkpt lat="53.791771279647946" lon="10.677877273410559">
        <ele>16.14</ele>
      </trkpt>
      <trkpt lat="53.79208560101688" lon="10.677863610908389">
        <ele>16.16</ele>
      </trkpt>
      <trkpt lat="53.79239992238581" lon="10.67784994840622">
        <ele>16.2</ele>
      </trkpt>
      <trkpt lat="53.79249673336744" lon="10.677847182378173">
        <ele>16.29</ele>
      </trkpt>
      <trkpt lat="53.79281113855541" lon="10.677838129922748">
        <ele>16.42</ele>
      </trkpt>
      <trkpt lat="53.79312554374337" lon="10.67782899364829">
        <ele>16.57</ele>
      </trkpt>
      <trkpt lat="53.793439948931336" lon="10.677819941192865">
        <ele>16.88</ele>
      </trkpt>
      <trkpt lat="53.79361663945019" lon="10.677794711664319">
        <ele>16.77</ele>
      </trkpt>
      <trkpt lat="53.793929954990745" lon="10.677749952301383">
        <ele>17.13</ele>
      </trkpt>
      <trkpt lat="53.794020311906934" lon="10.677722878754139">
        <ele>17.02</ele>
      </trkpt>
      <trkpt lat="53.79432993941009" lon="10.677629923447967">
        <ele>17.07</ele>
      </trkpt>
      <trkpt lat="53.79442138597369" lon="10.677601676434278">
        <ele>17.15</ele>
      </trkpt>
      <trkpt lat="53.79473067820072" lon="10.677505787461996">
        <ele>17.24</ele>
      </trkpt>
      <trkpt lat="53.79503997042775" lon="10.677409982308745">
        <ele>17.39</ele>
      </trkpt>
      <trkpt lat="53.79533995874226" lon="10.677269920706749">
        <ele>17.48</ele>
      </trkpt>
      <trkpt lat="53.79535261541605" lon="10.67726262845099">
        <ele>17.48</ele>
      </trkpt>
      <trkpt lat="53.795649921521544" lon="10.677089961245656">
        <ele>17.71</ele>
      </trkpt>
      <trkpt lat="53.795698704198" lon="10.677058529108763">
        <ele>17.71</ele>
      </trkpt>
      <trkpt lat="53.79599240608513" lon="10.676869014278054">
        <ele>17.8</ele>
      </trkpt>
      <trkpt lat="53.796286191791296" lon="10.676679499447346">
        <ele>17.87</ele>
      </trkpt>
      <trkpt lat="53.79657997749746" lon="10.676489984616637">
        <ele>17.99</ele>
      </trkpt>
      <trkpt lat="53.79681995138526" lon="10.676319999620318">
        <ele>18.15</ele>
      </trkpt>
      <trkpt lat="53.79708674736321" lon="10.676063010469079">
        <ele>18.12</ele>
      </trkpt>
      <trkpt lat="53.7973599974066" lon="10.675799986347556">
        <ele>18.19</ele>
      </trkpt>
      <trkpt lat="53.79754574038088" lon="10.67562522366643">
        <ele>18.18</ele>
      </trkpt>
      <trkpt lat="53.797820499166846" lon="10.675366809591651">
        <ele>18.21</ele>
      </trkpt>
      <trkpt lat="53.79809525795281" lon="10.675108395516872">
        <ele>18.23</ele>
      </trkpt>
      <trkpt lat="53.79836993291974" lon="10.674849981442094">
        <ele>18.28</ele>
      </trkpt>
      <trkpt lat="53.79840865731239" lon="10.674817292019725">
        <ele>18.28</ele>
      </trkpt>
      <trkpt lat="53.79868995398283" lon="10.674579916521907">
        <ele>18.34</ele>
      </trkpt>
      <trkpt lat="53.79892992787063" lon="10.674459971487522">
        <ele>18.44</ele>
      </trkpt>
      <trkpt lat="53.79906998947263" lon="10.674409931525588">
        <ele>18.4</ele>
      </trkpt>
      <trkpt lat="53.79910569638014" lon="10.674407919868827">
        <ele>18.34</ele>
      </trkpt>
      <trkpt lat="53.79941993393004" lon="10.67438998259604">
        <ele>18.12</ele>
      </trkpt>
      <trkpt lat="53.79946997389197" lon="10.67438998259604">
        <ele>17.99</ele>
      </trkpt>
      <trkpt lat="53.799699973315" lon="10.674449997022748">
        <ele>17.75</ele>
      </trkpt>
      <trkpt lat="53.79975210875273" lon="10.674479752779007">
        <ele>17.64</ele>
      </trkpt>
      <trkpt lat="53.80004991777241" lon="10.674649989232421">
        <ele>17.39</ele>
      </trkpt>
      <trkpt lat="53.80014220252633" lon="10.67473791539669">
        <ele>17.28</ele>
      </trkpt>
      <trkpt lat="53.80041612312198" lon="10.674998927861452">
        <ele>17.16</ele>
      </trkpt>
      <trkpt lat="53.80068995989859" lon="10.675259940326214">
        <ele>17.05</ele>
      </trkpt>
      <trkpt lat="53.80080663599074" lon="10.675374856218696">
        <ele>16.95</ele>
      </trkpt>
      <trkpt lat="53.80107829347253" lon="10.675642406567931">
        <ele>16.85</ele>
      </trkpt>
      <trkpt lat="53.80134995095432" lon="10.675909956917167">
        <ele>16.86</ele>
      </trkpt>
      <trkpt lat="53.801380628719926" lon="10.675932001322508">
        <ele>16.69</ele>
      </trkpt>
      <trkpt lat="53.80166997201741" lon="10.676139956340194">
        <ele>16.66</ele>
      </trkpt>
      <trkpt lat="53.80188840441406" lon="10.676249172538519">
        <ele>16.49</ele>
      </trkpt>
      <trkpt lat="53.80218998529017" lon="10.676399962976575">
        <ele>16.46</ele>
      </trkpt>
      <trkpt lat="53.80233792588115" lon="10.676472298800945">
        <ele>16.33</ele>
      </trkpt>
      <trkpt lat="53.80263992585242" lon="10.676619987934828">
        <ele>16.25</ele>
      </trkpt>
      <trkpt lat="53.80293840542436" lon="10.676769185811281">
        <ele>16.13</ele>
      </trkpt>
      <trkpt lat="53.80323998630047" lon="10.676919976249337">
        <ele>16.03</ele>
      </trkpt>
      <trkpt lat="53.80338993854821" lon="10.677029946818948">
        <ele>15.94</ele>
      </trkpt>
      <trkpt lat="53.80345992743969" lon="10.67709993571043">
        <ele>15.83</ele>
      </trkpt>
      <trkpt lat="53.8035508710891" lon="10.677207978442311">
        <ele>15.72</ele>
      </trkpt>
      <trkpt lat="53.80380819551647" lon="10.677513498812914">
        <ele>15.59</ele>
      </trkpt>
      <trkpt lat="53.8040654361248" lon="10.677818935364485">
        <ele>15.48</ele>
      </trkpt>
      <trkpt lat="53.804322676733136" lon="10.678124455735087">
        <ele>15.45</ele>
      </trkpt>
      <trkpt lat="53.80457991734147" lon="10.67842997610569">
        <ele>15.33</ele>
      </trkpt>
      <trkpt lat="53.804660299792886" lon="10.678516896441579">
        <ele>15.27</ele>
      </trkpt>
      <trkpt lat="53.804925167933106" lon="10.678803473711014">
        <ele>15.18</ele>
      </trkpt>
      <trkpt lat="53.805189952254295" lon="10.679089967161417">
        <ele>15.08</ele>
      </trkpt>
      <trkpt lat="53.80519070662558" lon="10.679090721532702">
        <ele>15.06</ele>
      </trkpt>
      <trkpt lat="53.80545800551772" lon="10.679370509460568">
        <ele>14.99</ele>
      </trkpt>
      <trkpt lat="53.80572530440986" lon="10.679650381207466">
        <ele>14.9</ele>
      </trkpt>
      <trkpt lat="53.805992603302" lon="10.679930169135332">
        <ele>14.84</ele>
      </trkpt>
      <trkpt lat="53.806259986013174" lon="10.680209957063198">
        <ele>14.85</ele>
      </trkpt>
      <trkpt lat="53.806297117844224" lon="10.68024817854166">
        <ele>14.83</ele>
      </trkpt>
      <trkpt lat="53.80656567402184" lon="10.680524529889226">
        <ele>14.8</ele>
      </trkpt>
      <trkpt lat="53.806834230199456" lon="10.680800881236792">
        <ele>14.77</ele>
      </trkpt>
      <trkpt lat="53.80710278637707" lon="10.681077232584357">
        <ele>14.75</ele>
      </trkpt>
      <trkpt lat="53.80737142637372" lon="10.681353583931923">
        <ele>14.75</ele>
      </trkpt>
      <trkpt lat="53.807639982551336" lon="10.681629935279489">
        <ele>14.76</ele>
      </trkpt>
      <trkpt lat="53.80781474523246" lon="10.681793047115207">
        <ele>14.81</ele>
      </trkpt>
      <trkpt lat="53.808089923113585" lon="10.682049952447414">
        <ele>14.77</ele>
      </trkpt>
      <trkpt lat="53.808196960017085" lon="10.6821318436414">
        <ele>14.77</ele>
      </trkpt>
      <trkpt lat="53.80848345346749" lon="10.682350862771273">
        <ele>14.73</ele>
      </trkpt>
      <trkpt lat="53.80876994691789" lon="10.682569965720177">
        <ele>14.68</ele>
      </trkpt>
      <trkpt lat="53.80879869684577" lon="10.682589747011662">
        <ele>14.66</ele>
      </trkpt>
      <trkpt lat="53.80908996798098" lon="10.68278999067843">
        <ele>14.6</ele>
      </trkpt>
      <trkpt lat="53.809124417603016" lon="10.68280415609479">
        <ele>14.57</ele>
      </trkpt>
      <trkpt lat="53.80942993797362" lon="10.682929968461394">
        <ele>14.49</ele>
      </trkpt>
      <trkpt lat="53.809603275731206" lon="10.682648252695799">
        <ele>14.45</ele>
      </trkpt>
      <trkpt lat="53.809829922392964" lon="10.682279951870441">
        <ele>14.34</ele>
      </trkpt>
      <trkpt lat="53.8100699800998" lon="10.681959930807352">
        <ele>14.29</ele>
      </trkpt>
      <trkpt lat="53.81011499091983" lon="10.6819177698344">
        <ele>14.19</ele>
      </trkpt>
      <trkpt lat="53.810389917343855" lon="10.681659942492843">
        <ele>14.06</ele>
      </trkpt>
      <trkpt lat="53.81058999337256" lon="10.681529939174652">
        <ele>13.9</ele>
      </trkpt>
      <trkpt lat="53.81071999669075" lon="10.68147998303175">
        <ele>13.75</ele>
      </trkpt>
      <trkpt lat="53.81076701916754" lon="10.681472104042768">
        <ele>13.61</ele>
      </trkpt>
      <trkpt lat="53.81107999943197" lon="10.681419968605042">
        <ele>13.43</ele>
      </trkpt>
      <trkpt lat="53.81122995167971" lon="10.681369928643107">
        <ele>13.25</ele>
      </trkpt>
      <trkpt lat="53.81133992224932" lon="10.681319972500205">
        <ele>13.05</ele>
      </trkpt>
      <trkpt lat="53.811459951102734" lon="10.681229950860143">
        <ele>12.89</ele>
      </trkpt>
      <trkpt lat="53.81165994331241" lon="10.68104999139905">
        <ele>12.78</ele>
      </trkpt>
      <trkpt lat="53.81181509234011" lon="10.680910097435117">
        <ele>12.64</ele>
      </trkpt>
      <trkpt lat="53.81209261715412" lon="10.68066006526351">
        <ele>12.43</ele>
      </trkpt>
      <trkpt lat="53.8123700581491" lon="10.680410033091903">
        <ele>12.18</ele>
      </trkpt>
      <trkpt lat="53.81264749914408" lon="10.680160000920296">
        <ele>12.01</ele>
      </trkpt>
      <trkpt lat="53.81292502395809" lon="10.67991005256772">
        <ele>11.89</ele>
      </trkpt>
      <trkpt lat="53.813202464953065" lon="10.679660020396113">
        <ele>11.78</ele>
      </trkpt>
      <trkpt lat="53.813479989767075" lon="10.679409988224506">
        <ele>11.74</ele>
      </trkpt>
      <trkpt lat="53.81361762061715" lon="10.679275626316667">
        <ele>11.73</ele>
      </trkpt>
      <trkpt lat="53.813889948651195" lon="10.679009919986129">
        <ele>11.56</ele>
      </trkpt>
      <trkpt lat="53.81411994807422" lon="10.678689982742071">
        <ele>11.57</ele>
      </trkpt>
      <trkpt lat="53.814279958605766" lon="10.678319921717048">
        <ele>11.56</ele>
      </trkpt>
      <trkpt lat="53.814449440687895" lon="10.67787635140121">
        <ele>11.71</ele>
      </trkpt>
      <trkpt lat="53.814619928598404" lon="10.677429931238294">
        <ele>11.56</ele>
      </trkpt>
      <trkpt lat="53.8147599902004" lon="10.677149975672364">
        <ele>11.54</ele>
      </trkpt>
      <trkpt lat="53.81496995687485" lon="10.676879994571209">
        <ele>11.56</ele>
      </trkpt>
      <trkpt lat="53.81513759493828" lon="10.676692826673388">
        <ele>11.61</ele>
      </trkpt>
      <trkpt lat="53.81539994850755" lon="10.676399962976575">
        <ele>11.42</ele>
      </trkpt>
      <trkpt lat="53.815459962934256" lon="10.676329974085093">
        <ele>11.38</ele>
      </trkpt>
      <trkpt lat="53.81555995903909" lon="10.676159989088774">
        <ele>11.33</ele>
      </trkpt>
      <trkpt lat="53.815589966252446" lon="10.676059992983937">
        <ele>11.31</ele>
      </trkpt>
      <trkpt lat="53.815609999001026" lon="10.675859916955233">
        <ele>11.3</ele>
      </trkpt>
      <trkpt lat="53.81569758988917" lon="10.675377873703837">
        <ele>11.34</ele>
      </trkpt>
      <trkpt lat="53.81578995846212" lon="10.674869930371642">
        <ele>11.24</ele>
      </trkpt>
      <trkpt lat="53.815869921818376" lon="10.67449995316565">
        <ele>11.18</ele>
      </trkpt>
      <trkpt lat="53.81598995067179" lon="10.674109943211079">
        <ele>11.21</ele>
      </trkpt>
      <trkpt lat="53.81606999784708" lon="10.673969965428114">
        <ele>11.24</ele>
      </trkpt>
      <trkpt lat="53.81611995398998" lon="10.673929983749986">
        <ele>11.26</ele>
      </trkpt>
      <trkpt lat="53.81636998616159" lon="10.673689926043153">
        <ele>11.34</ele>
      </trkpt>
      <trkpt lat="53.81645548157394" lon="10.67360920831561">
        <ele>11.33</ele>
      </trkpt>
      <trkpt lat="53.81672998890281" lon="10.673349956050515">
        <ele>11.38</ele>
      </trkpt>
      <trkpt lat="53.816764522343874" lon="10.673322966322303">
        <ele>11.32</ele>
      </trkpt>
      <trkpt lat="53.817049926146865" lon="10.673099923878908">
        <ele>11.39</ele>
      </trkpt>
      <trkpt lat="53.81722996942699" lon="10.672999927774072">
        <ele>11.42</ele>
      </trkpt>
      <trkpt lat="53.817389979958534" lon="10.67292993888259">
        <ele>11.45</ele>
      </trkpt>
      <trkpt lat="53.81743566133082" lon="10.672927424311638">
        <ele>11.32</ele>
      </trkpt>
      <trkpt lat="53.81774998269975" lon="10.672909989953041">
        <ele>11.35</ele>
      </trkpt>
      <trkpt lat="53.81779256276786" lon="10.672904876992106">
        <ele>11.37</ele>
      </trkpt>
      <trkpt lat="53.818106297403574" lon="10.67286740988493">
        <ele>11.39</ele>
      </trkpt>
      <trkpt lat="53.81841969676316" lon="10.672829942777753">
        <ele>11.4</ele>
      </trkpt>
      <trkpt lat="53.81872169673443" lon="10.672778394073248">
        <ele>11.4</ele>
      </trkpt>
      <trkpt lat="53.81902084685862" lon="10.67269591614604">
        <ele>11.35</ele>
      </trkpt>
      <trkpt lat="53.81931991316378" lon="10.6726133543998">
        <ele>11.36</ele>
      </trkpt>
      <trkpt lat="53.819618225097656" lon="10.672531127929688">
        <ele>11.36</ele>
      </trkpt>
      <trkpt lat="53.81990807130933" lon="10.672498857602477">
        <ele>11.36</ele>
      </trkpt>
      <trkpt lat="53.82019758224487" lon="10.67246675491333">
        <ele>11.39</ele>
      </trkpt>
      <trkpt lat="53.820419451221824" lon="10.672359298914671">
        <ele>11.44</ele>
      </trkpt>
      <trkpt lat="53.820641404017806" lon="10.672251926735044">
        <ele>11.42</ele>
      </trkpt>
      <trkpt lat="53.820862770080566" lon="10.672144889831543">
        <ele>11.38</ele>
      </trkpt>
      <trkpt lat="53.82109897211194" lon="10.672069704160094">
        <ele>11.32</ele>
      </trkpt>
      <trkpt lat="53.82133483886719" lon="10.671994686126709">
        <ele>11.27</ele>
      </trkpt>
      <trkpt lat="53.82154958322644" lon="10.67183350212872">
        <ele>11.24</ele>
      </trkpt>
      <trkpt lat="53.82176399230957" lon="10.671672821044922">
        <ele>11.2</ele>
      </trkpt>
      <trkpt lat="53.82197856903076" lon="10.671651363372803">
        <ele>11.14</ele>
      </trkpt>
      <trkpt lat="53.8222720194608" lon="10.671690674498677">
        <ele>11.17</ele>
      </trkpt>
      <trkpt lat="53.82256546989083" lon="10.671730069443583">
        <ele>11.21</ele>
      </trkpt>
      <trkpt lat="53.82285892032087" lon="10.671769380569458">
        <ele>11.2</ele>
      </trkpt>
      <trkpt lat="53.823152370750904" lon="10.671808775514364">
        <ele>11.15</ele>
      </trkpt>
      <trkpt lat="53.82344582118094" lon="10.67184817045927">
        <ele>11.11</ele>
      </trkpt>
      <trkpt lat="53.82373809814453" lon="10.671887397766113">
        <ele>11.14</ele>
      </trkpt>
      <trkpt lat="53.823995757848024" lon="10.67197322845459">
        <ele>11.22</ele>
      </trkpt>
      <trkpt lat="53.82425308227539" lon="10.672059059143066">
        <ele>11.3</ele>
      </trkpt>
      <trkpt lat="53.824381828308105" lon="10.672123432159424">
        <ele>11.37</ele>
      </trkpt>
      <trkpt lat="53.82455365732312" lon="10.6723059900105">
        <ele>11.47</ele>
      </trkpt>
      <trkpt lat="53.82472515106201" lon="10.67248821258545">
        <ele>11.55</ele>
      </trkpt>
      <trkpt lat="53.824896812438965" lon="10.672681331634521">
        <ele>11.7</ele>
      </trkpt>
      <trkpt lat="53.825090266764164" lon="10.67301451228559">
        <ele>11.91</ele>
      </trkpt>
      <trkpt lat="53.82528305053711" lon="10.673346519470215">
        <ele>12.23</ele>
      </trkpt>
      <trkpt lat="53.825487066060305" lon="10.673529077321291">
        <ele>12.54</ele>
      </trkpt>
      <trkpt lat="53.82569074630737" lon="10.67371129989624">
        <ele>12.88</ele>
      </trkpt>
      <trkpt lat="53.82599115371704" lon="10.67373275756836">
        <ele>13.29</ele>
      </trkpt>
      <trkpt lat="53.826221991330385" lon="10.673593115061522">
        <ele>13.77</ele>
      </trkpt>
      <trkpt lat="53.82645291276276" lon="10.673453472554684">
        <ele>14.16</ele>
      </trkpt>
      <trkpt lat="53.826683750376105" lon="10.673313913866878">
        <ele>14.5</ele>
      </trkpt>
      <trkpt lat="53.826913833618164" lon="10.673174858093262">
        <ele>14.79</ele>
      </trkpt>
      <trkpt lat="53.82704257965088" lon="10.673153400421143">
        <ele>15.02</ele>
      </trkpt>
      <trkpt lat="53.82727861404419" lon="10.673303604125977">
        <ele>15.26</ele>
      </trkpt>
      <trkpt lat="53.82727869786322" lon="10.673303604125977">
        <ele>15.53</ele>
      </trkpt>
      <trkpt lat="53.82745027542114" lon="10.673561096191406">
        <ele>15.82</ele>
      </trkpt>
      <trkpt lat="53.82749319076538" lon="10.673689842224121">
        <ele>16.1</ele>
      </trkpt>
      <trkpt lat="53.827572064474225" lon="10.674084294587374">
        <ele>16.34</ele>
      </trkpt>
      <trkpt lat="53.8276510220021" lon="10.674478746950626">
        <ele>16.57</ele>
      </trkpt>
      <trkpt lat="53.82772930897772" lon="10.674870014190674">
        <ele>16.78</ele>
      </trkpt>
      <trkpt lat="53.82779368199408" lon="10.675063133239746">
        <ele>17.0</ele>
      </trkpt>
      <trkpt lat="53.82785805501044" lon="10.67521333694458">
        <ele>17.23</ele>
      </trkpt>
      <trkpt lat="53.827943885698915" lon="10.675342082977295">
        <ele>17.46</ele>
      </trkpt>
      <trkpt lat="53.82800825871527" lon="10.675427913665771">
        <ele>17.64</ele>
      </trkpt>
      <trkpt lat="53.82811554707587" lon="10.675513744354248">
        <ele>17.79</ele>
      </trkpt>
      <trkpt lat="53.828179920092225" lon="10.675556659698486">
        <ele>17.88</ele>
      </trkpt>
      <trkpt lat="53.82847513072193" lon="10.675647854804993">
        <ele>17.96</ele>
      </trkpt>
      <trkpt lat="53.82877034135163" lon="10.67573913373053">
        <ele>17.89</ele>
      </trkpt>
      <trkpt lat="53.82906563580036" lon="10.675830412656069">
        <ele>17.81</ele>
      </trkpt>
      <trkpt lat="53.829360008239746" lon="10.675921440124512">
        <ele>17.84</ele>
      </trkpt>
      <trkpt lat="53.82963200099766" lon="10.676000146195292">
        <ele>17.92</ele>
      </trkpt>
      <trkpt lat="53.82990399375558" lon="10.676078852266073">
        <ele>17.9</ele>
      </trkpt>
      <trkpt lat="53.830175986513495" lon="10.676157642155886">
        <ele>17.84</ele>
      </trkpt>
      <trkpt lat="53.83044797927141" lon="10.676236348226666">
        <ele>17.81</ele>
      </trkpt>
      <trkpt lat="53.83071997202933" lon="10.676315054297447">
        <ele>17.84</ele>
      </trkpt>
      <trkpt lat="53.8309907913208" lon="10.676393508911133">
        <ele>17.82</ele>
      </trkpt>
      <trkpt lat="53.83125917986035" lon="10.676366603001952">
        <ele>17.71</ele>
      </trkpt>
      <trkpt lat="53.831527568399906" lon="10.676339780911803">
        <ele>17.56</ele>
      </trkpt>
      <trkpt lat="53.83179595693946" lon="10.676312958821654">
        <ele>17.45</ele>
      </trkpt>
      <trkpt lat="53.83206367492676" lon="10.676286220550537">
        <ele>17.39</ele>
      </trkpt>
      <trkpt lat="53.83223542012274" lon="10.676275407895446">
        <ele>17.4</ele>
      </trkpt>
      <trkpt lat="53.832406997680664" lon="10.676264762878418">
        <ele>17.36</ele>
      </trkpt>
      <trkpt lat="53.83267538622022" lon="10.676314802840352">
        <ele>17.31</ele>
      </trkpt>
      <trkpt lat="53.83294377475977" lon="10.676364926621318">
        <ele>17.27</ele>
      </trkpt>
      <trkpt lat="53.83321216329932" lon="10.676415050402284">
        <ele>17.24</ele>
      </trkpt>
      <trkpt lat="53.83348063565791" lon="10.676465090364218">
        <ele>17.2</ele>
      </trkpt>
      <trkpt lat="53.83374902419746" lon="10.676515214145184">
        <ele>17.08</ele>
      </trkpt>
      <trkpt lat="53.8340163230896" lon="10.676565170288086">
        <ele>16.91</ele>
      </trkpt>
      <trkpt lat="53.834252525120974" lon="10.67661521025002">
        <ele>16.77</ele>
      </trkpt>
      <trkpt lat="53.83448872715235" lon="10.676665334030986">
        <ele>16.61</ele>
      </trkpt>
      <trkpt lat="53.83472442626953" lon="10.67671537399292">
        <ele>16.53</ele>
      </trkpt>
      <trkpt lat="53.83500639349222" lon="10.6767681799829">
        <ele>16.43</ele>
      </trkpt>
      <trkpt lat="53.83528836071491" lon="10.676821069791913">
        <ele>16.17</ele>
      </trkpt>
      <trkpt lat="53.8355703279376" lon="10.676873959600925">
        <ele>15.76</ele>
      </trkpt>
      <trkpt lat="53.835852295160294" lon="10.676926765590906">
        <ele>15.39</ele>
      </trkpt>
      <trkpt lat="53.836134262382984" lon="10.676979655399919">
        <ele>15.1</ele>
      </trkpt>
      <trkpt lat="53.836416229605675" lon="10.677032545208931">
        <ele>14.82</ele>
      </trkpt>
      <trkpt lat="53.83669685572386" lon="10.677085183560848">
        <ele>14.52</ele>
      </trkpt>
    </trkseg>
  </trk>
</gpx>
