<?xml version='1.0' encoding='UTF-8'?>
<gpx version="1.1" creator="https://www.komoot.de" xmlns="http://www.topografix.com/GPX/1/1" xmlns:xsi="http://www.w3.org/2001/XMLSchema-instance" xsi:schemaLocation="http://www.topografix.com/GPX/1/1 http://www.topografix.com/GPX/1/1/gpx.xsd">
  <metadata>
    <name>Selenter See</name>
    <author>
      <link href="https://www.komoot.de">
        <text>komoot</text>
        <type>text/html</type>
      </link>
    </author>
  </metadata>
  <wpt lat="54.204014" lon="10.367475">
    <name>Trent bis Theresienhofstraße im Naturpark Holsteinische Schweiz</name>
    <sym>Flag, Blue</sym>
  </wpt>
  <wpt lat="54.234936" lon="10.337525">
    <name>Rethwisch–Fladenritt-Straße</name>
    <sym>Flag, Blue</sym>
  </wpt>
  <wpt lat="54.255306" lon="10.333128">
    <name>Landstraßen bei Martensrade</name>
    <sym>Flag, Blue</sym>
  </wpt>
  <wpt lat="54.319480" lon="10.385797">
    <name>Blick auf den Selenter See</name>
    <sym>Flag, Blue</sym>
  </wpt>
  <wpt lat="54.322480" lon="10.389658">
    <name>Blick auf den Selenter See</name>
    <sym>Flag, Blue</sym>
  </wpt>
  <wpt lat="54.319586" lon="10.385995">
    <name>Selenter See bei Fargau</name>
    <sym>Flag, Blue</sym>
  </wpt>
  <wpt lat="54.317465" lon="10.384589">
    <name>Uferstraße am Selenter See</name>
    <sym>Flag, Blue</sym>
  </wpt>
  <wpt lat="54.300459" lon="10.657801">
    <name>Hochborre</name>
    <sym>Flag, Blue</sym>
  </wpt>
  <wpt lat="54.296509" lon="10.688451">
    <name>Strandstraße zwischen Sehlendorf und Döhnsdorf</name>
    <sym>Flag, Blue</sym>
  </wpt>
  <wpt lat="53.940919" lon="10.667735">
    <name>Blick auf Lübeck vom Pariner Berg</name>
    <sym>Flag, Blue</sym>
  </wpt>
  <trk>
    <name>Selenter See</name>
    <type>racebike</type>
    <trkseg>
      <trkpt lat="53.846882" lon="10.684099">
        <ele>12.470938</ele>
        <time>2026-07-22T08:11:25.122Z</time>
      </trkpt>
      <trkpt lat="53.847023" lon="10.684186">
        <ele>12.412157</ele>
        <time>2026-07-22T08:11:26.432Z</time>
      </trkpt>
      <trkpt lat="53.847063" lon="10.684214">
        <ele>12.344566</ele>
        <time>2026-07-22T08:11:26.717Z</time>
      </trkpt>
      <trkpt lat="53.847107" lon="10.684098">
        <ele>12.217497</ele>
        <time>2026-07-22T08:11:27.235Z</time>
      </trkpt>
      <trkpt lat="53.847873" lon="10.683716">
        <ele>11.138536</ele>
        <time>2026-07-22T08:11:32.773Z</time>
      </trkpt>
      <trkpt lat="53.848558" lon="10.683465">
        <ele>10.502355</ele>
        <time>2026-07-22T08:11:38.170Z</time>
      </trkpt>
      <trkpt lat="53.849126" lon="10.683281">
        <ele>9.493336</ele>
        <time>2026-07-22T08:11:41.944Z</time>
      </trkpt>
      <trkpt lat="53.849233" lon="10.683243">
        <ele>9.508664</ele>
        <time>2026-07-22T08:11:43.306Z</time>
      </trkpt>
      <trkpt lat="53.849856" lon="10.683034">
        <ele>9.684616</ele>
        <time>2026-07-22T08:11:49.386Z</time>
      </trkpt>
      <trkpt lat="53.850184" lon="10.682925">
        <ele>9.769999</ele>
        <time>2026-07-22T08:11:52.346Z</time>
      </trkpt>
      <trkpt lat="53.850578" lon="10.682798">
        <ele>10.375305</ele>
        <time>2026-07-22T08:11:57.371Z</time>
      </trkpt>
      <trkpt lat="53.850823" lon="10.682757">
        <ele>10.977811</ele>
        <time>2026-07-22T08:12:01.152Z</time>
      </trkpt>
      <trkpt lat="53.850978" lon="10.682781">
        <ele>11.200127</ele>
        <time>2026-07-22T08:12:03.491Z</time>
      </trkpt>
      <trkpt lat="53.851057" lon="10.682825">
        <ele>11.204709</ele>
        <time>2026-07-22T08:12:04.136Z</time>
      </trkpt>
      <trkpt lat="53.851115" lon="10.682912">
        <ele>11.195909</ele>
        <time>2026-07-22T08:12:04.649Z</time>
      </trkpt>
      <trkpt lat="53.851177" lon="10.682947">
        <ele>11.115774</ele>
        <time>2026-07-22T08:12:05.117Z</time>
      </trkpt>
      <trkpt lat="53.851265" lon="10.682960">
        <ele>11.007451</ele>
        <time>2026-07-22T08:12:05.801Z</time>
      </trkpt>
      <trkpt lat="53.851338" lon="10.682941">
        <ele>10.866946</ele>
        <time>2026-07-22T08:12:06.332Z</time>
      </trkpt>
      <trkpt lat="53.851399" lon="10.682898">
        <ele>10.530253</ele>
        <time>2026-07-22T08:12:06.733Z</time>
      </trkpt>
      <trkpt lat="53.851451" lon="10.682826">
        <ele>10.188071</ele>
        <time>2026-07-22T08:12:07.109Z</time>
      </trkpt>
      <trkpt lat="53.851534" lon="10.682612">
        <ele>9.550790</ele>
        <time>2026-07-22T08:12:07.913Z</time>
      </trkpt>
      <trkpt lat="53.851622" lon="10.682548">
        <ele>9.238369</ele>
        <time>2026-07-22T08:12:08.490Z</time>
      </trkpt>
      <trkpt lat="53.851940" lon="10.682353">
        <ele>9.466597</ele>
        <time>2026-07-22T08:12:13.233Z</time>
      </trkpt>
      <trkpt lat="53.852211" lon="10.682315">
        <ele>9.330860</ele>
        <time>2026-07-22T08:12:15.323Z</time>
      </trkpt>
      <trkpt lat="53.853049" lon="10.682035">
        <ele>8.129509</ele>
        <time>2026-07-22T08:12:21.151Z</time>
      </trkpt>
      <trkpt lat="53.853263" lon="10.681965">
        <ele>7.912164</ele>
        <time>2026-07-22T08:12:22.822Z</time>
      </trkpt>
      <trkpt lat="53.854243" lon="10.681653">
        <ele>7.184082</ele>
        <time>2026-07-22T08:12:30.482Z</time>
      </trkpt>
      <trkpt lat="53.854828" lon="10.681463">
        <ele>6.541774</ele>
        <time>2026-07-22T08:12:34.848Z</time>
      </trkpt>
      <trkpt lat="53.855183" lon="10.681271">
        <ele>5.737638</ele>
        <time>2026-07-22T08:12:37.287Z</time>
      </trkpt>
      <trkpt lat="53.855323" lon="10.681220">
        <ele>4.968751</ele>
        <time>2026-07-22T08:12:38.103Z</time>
      </trkpt>
      <trkpt lat="53.855833" lon="10.681047">
        <ele>1.482112</ele>
        <time>2026-07-22T08:12:40.859Z</time>
      </trkpt>
      <trkpt lat="53.856239" lon="10.680933">
        <ele>3.397985</ele>
        <time>2026-07-22T08:12:50.342Z</time>
      </trkpt>
      <trkpt lat="53.856356" lon="10.680931">
        <ele>3.998942</ele>
        <time>2026-07-22T08:12:52.949Z</time>
      </trkpt>
      <trkpt lat="53.856658" lon="10.680828">
        <ele>5.303075</ele>
        <time>2026-07-22T08:12:58.617Z</time>
      </trkpt>
      <trkpt lat="53.856634" lon="10.680678">
        <ele>5.634676</ele>
        <time>2026-07-22T08:13:00.450Z</time>
      </trkpt>
      <trkpt lat="53.856635" lon="10.680569">
        <ele>5.730185</ele>
        <time>2026-07-22T08:13:01.550Z</time>
      </trkpt>
      <trkpt lat="53.856693" lon="10.680486">
        <ele>5.842926</ele>
        <time>2026-07-22T08:13:02.500Z</time>
      </trkpt>
      <trkpt lat="53.856750" lon="10.680364">
        <ele>5.884972</ele>
        <time>2026-07-22T08:13:03.283Z</time>
      </trkpt>
      <trkpt lat="53.856774" lon="10.680298">
        <ele>5.719121</ele>
        <time>2026-07-22T08:13:03.604Z</time>
      </trkpt>
      <trkpt lat="53.856815" lon="10.680274">
        <ele>5.561815</ele>
        <time>2026-07-22T08:13:03.877Z</time>
      </trkpt>
      <trkpt lat="53.856882" lon="10.680225">
        <ele>5.297187</ele>
        <time>2026-07-22T08:13:04.297Z</time>
      </trkpt>
      <trkpt lat="53.856859" lon="10.679954">
        <ele>4.311575</ele>
        <time>2026-07-22T08:13:05.158Z</time>
      </trkpt>
      <trkpt lat="53.856885" lon="10.679809">
        <ele>3.682288</ele>
        <time>2026-07-22T08:13:05.633Z</time>
      </trkpt>
      <trkpt lat="53.856947" lon="10.679540">
        <ele>2.834595</ele>
        <time>2026-07-22T08:13:06.596Z</time>
      </trkpt>
      <trkpt lat="53.857154" lon="10.678703">
        <ele>1.447335</ele>
        <time>2026-07-22T08:13:09.885Z</time>
      </trkpt>
      <trkpt lat="53.857368" lon="10.677883">
        <ele>4.787405</ele>
        <time>2026-07-22T08:13:25.858Z</time>
      </trkpt>
      <trkpt lat="53.857814" lon="10.676992">
        <ele>7.285122</ele>
        <time>2026-07-22T08:13:39.841Z</time>
      </trkpt>
      <trkpt lat="53.857993" lon="10.676740">
        <ele>7.627546</ele>
        <time>2026-07-22T08:13:42.554Z</time>
      </trkpt>
      <trkpt lat="53.858222" lon="10.676490">
        <ele>7.860752</ele>
        <time>2026-07-22T08:13:45.089Z</time>
      </trkpt>
      <trkpt lat="53.858390" lon="10.676365">
        <ele>8.125447</ele>
        <time>2026-07-22T08:13:48.071Z</time>
      </trkpt>
      <trkpt lat="53.858566" lon="10.676187">
        <ele>8.383078</ele>
        <time>2026-07-22T08:13:49.996Z</time>
      </trkpt>
      <trkpt lat="53.859077" lon="10.675781">
        <ele>8.804303</ele>
        <time>2026-07-22T08:13:58.337Z</time>
      </trkpt>
      <trkpt lat="53.859123" lon="10.675742">
        <ele>8.791598</ele>
        <time>2026-07-22T08:13:58.680Z</time>
      </trkpt>
      <trkpt lat="53.859205" lon="10.675648">
        <ele>8.748425</ele>
        <time>2026-07-22T08:13:59.327Z</time>
      </trkpt>
      <trkpt lat="53.859631" lon="10.675296">
        <ele>8.999067</ele>
        <time>2026-07-22T08:14:04.803Z</time>
      </trkpt>
      <trkpt lat="53.859702" lon="10.675238">
        <ele>8.935421</ele>
        <time>2026-07-22T08:14:05.313Z</time>
      </trkpt>
      <trkpt lat="53.859990" lon="10.675002">
        <ele>7.956545</ele>
        <time>2026-07-22T08:14:07.202Z</time>
      </trkpt>
      <trkpt lat="53.860457" lon="10.674623">
        <ele>7.393166</ele>
        <time>2026-07-22T08:14:11.008Z</time>
      </trkpt>
      <trkpt lat="53.860527" lon="10.674566">
        <ele>7.383709</ele>
        <time>2026-07-22T08:14:11.964Z</time>
      </trkpt>
      <trkpt lat="53.860628" lon="10.674484">
        <ele>7.414782</ele>
        <time>2026-07-22T08:14:13.320Z</time>
      </trkpt>
      <trkpt lat="53.860864" lon="10.674292">
        <ele>7.325186</ele>
        <time>2026-07-22T08:14:15.299Z</time>
      </trkpt>
      <trkpt lat="53.860908" lon="10.674256">
        <ele>7.297992</ele>
        <time>2026-07-22T08:14:15.706Z</time>
      </trkpt>
      <trkpt lat="53.861446" lon="10.673809">
        <ele>6.876284</ele>
        <time>2026-07-22T08:14:20.571Z</time>
      </trkpt>
      <trkpt lat="53.861596" lon="10.673683">
        <ele>6.299588</ele>
        <time>2026-07-22T08:14:21.531Z</time>
      </trkpt>
      <trkpt lat="53.861555" lon="10.673552">
        <ele>5.899214</ele>
        <time>2026-07-22T08:14:22.017Z</time>
      </trkpt>
      <trkpt lat="53.861491" lon="10.673345">
        <ele>5.955168</ele>
        <time>2026-07-22T08:14:22.878Z</time>
      </trkpt>
      <trkpt lat="53.861497" lon="10.673270">
        <ele>6.055142</ele>
        <time>2026-07-22T08:14:23.525Z</time>
      </trkpt>
      <trkpt lat="53.861508" lon="10.673175">
        <ele>6.183022</ele>
        <time>2026-07-22T08:14:24.824Z</time>
      </trkpt>
      <trkpt lat="53.861304" lon="10.673112">
        <ele>8.063527</ele>
        <time>2026-07-22T08:14:32.203Z</time>
      </trkpt>
      <trkpt lat="53.861063" lon="10.672983">
        <ele>9.904508</ele>
        <time>2026-07-22T08:14:39.209Z</time>
      </trkpt>
      <trkpt lat="53.860597" lon="10.672650">
        <ele>10.656127</ele>
        <time>2026-07-22T08:14:45.606Z</time>
      </trkpt>
      <trkpt lat="53.860075" lon="10.672297">
        <ele>9.344542</ele>
        <time>2026-07-22T08:14:48.986Z</time>
      </trkpt>
      <trkpt lat="53.859353" lon="10.671765">
        <ele>11.525407</ele>
        <time>2026-07-22T08:15:02.505Z</time>
      </trkpt>
      <trkpt lat="53.859019" lon="10.671522">
        <ele>11.589724</ele>
        <time>2026-07-22T08:15:05.331Z</time>
      </trkpt>
      <trkpt lat="53.858970" lon="10.671482">
        <ele>11.641669</ele>
        <time>2026-07-22T08:15:05.943Z</time>
      </trkpt>
      <trkpt lat="53.858894" lon="10.671423">
        <ele>12.005634</ele>
        <time>2026-07-22T08:15:07.606Z</time>
      </trkpt>
      <trkpt lat="53.858766" lon="10.671294">
        <ele>12.687722</ele>
        <time>2026-07-22T08:15:11.446Z</time>
      </trkpt>
      <trkpt lat="53.858746" lon="10.671273">
        <ele>12.829483</ele>
        <time>2026-07-22T08:15:12.123Z</time>
      </trkpt>
      <trkpt lat="53.858555" lon="10.671086">
        <ele>14.092494</ele>
        <time>2026-07-22T08:15:18.094Z</time>
      </trkpt>
      <trkpt lat="53.858401" lon="10.670933">
        <ele>14.868831</ele>
        <time>2026-07-22T08:15:21.957Z</time>
      </trkpt>
      <trkpt lat="53.858319" lon="10.670838">
        <ele>15.196221</ele>
        <time>2026-07-22T08:15:23.861Z</time>
      </trkpt>
      <trkpt lat="53.858197" lon="10.670698">
        <ele>15.650423</ele>
        <time>2026-07-22T08:15:26.755Z</time>
      </trkpt>
      <trkpt lat="53.858157" lon="10.670652">
        <ele>15.741605</ele>
        <time>2026-07-22T08:15:27.627Z</time>
      </trkpt>
      <trkpt lat="53.858107" lon="10.670778">
        <ele>15.910579</ele>
        <time>2026-07-22T08:15:29.201Z</time>
      </trkpt>
      <trkpt lat="53.858074" lon="10.670738">
        <ele>15.987108</ele>
        <time>2026-07-22T08:15:29.686Z</time>
      </trkpt>
      <trkpt lat="53.858039" lon="10.670694">
        <ele>16.045782</ele>
        <time>2026-07-22T08:15:30.175Z</time>
      </trkpt>
      <trkpt lat="53.858091" lon="10.670571">
        <ele>16.040355</ele>
        <time>2026-07-22T08:15:36.330Z</time>
      </trkpt>
      <trkpt lat="53.858016" lon="10.670473">
        <ele>16.034599</ele>
        <time>2026-07-22T08:15:37.499Z</time>
      </trkpt>
      <trkpt lat="53.857959" lon="10.670398">
        <ele>15.837888</ele>
        <time>2026-07-22T08:15:38.198Z</time>
      </trkpt>
      <trkpt lat="53.857689" lon="10.670065">
        <ele>14.619382</ele>
        <time>2026-07-22T08:15:40.867Z</time>
      </trkpt>
      <trkpt lat="53.857635" lon="10.670048">
        <ele>14.474431</ele>
        <time>2026-07-22T08:15:41.437Z</time>
      </trkpt>
      <trkpt lat="53.857515" lon="10.669914">
        <ele>15.164608</ele>
        <time>2026-07-22T08:15:45.134Z</time>
      </trkpt>
      <trkpt lat="53.857400" lon="10.669782">
        <ele>15.785132</ele>
        <time>2026-07-22T08:15:49.856Z</time>
      </trkpt>
      <trkpt lat="53.857104" lon="10.669459">
        <ele>15.634533</ele>
        <time>2026-07-22T08:15:53.454Z</time>
      </trkpt>
      <trkpt lat="53.856759" lon="10.669146">
        <ele>14.535074</ele>
        <time>2026-07-22T08:15:56.648Z</time>
      </trkpt>
      <trkpt lat="53.856480" lon="10.668864">
        <ele>15.369962</ele>
        <time>2026-07-22T08:16:04.468Z</time>
      </trkpt>
      <trkpt lat="53.856465" lon="10.668840">
        <ele>15.420527</ele>
        <time>2026-07-22T08:16:04.767Z</time>
      </trkpt>
      <trkpt lat="53.856353" lon="10.668663">
        <ele>15.101559</ele>
        <time>2026-07-22T08:16:06.137Z</time>
      </trkpt>
      <trkpt lat="53.856228" lon="10.668464">
        <ele>14.758438</ele>
        <time>2026-07-22T08:16:07.626Z</time>
      </trkpt>
      <trkpt lat="53.856104" lon="10.668267">
        <ele>14.469445</ele>
        <time>2026-07-22T08:16:09.459Z</time>
      </trkpt>
      <trkpt lat="53.855670" lon="10.667577">
        <ele>13.999033</ele>
        <time>2026-07-22T08:16:15.555Z</time>
      </trkpt>
      <trkpt lat="53.855542" lon="10.667366">
        <ele>14.548966</ele>
        <time>2026-07-22T08:16:19.389Z</time>
      </trkpt>
      <trkpt lat="53.855460" lon="10.667220">
        <ele>14.858547</ele>
        <time>2026-07-22T08:16:22.403Z</time>
      </trkpt>
      <trkpt lat="53.854994" lon="10.666378">
        <ele>15.021493</ele>
        <time>2026-07-22T08:16:30.663Z</time>
      </trkpt>
      <trkpt lat="53.854642" lon="10.665568">
        <ele>14.169866</ele>
        <time>2026-07-22T08:16:36.437Z</time>
      </trkpt>
      <trkpt lat="53.854475" lon="10.665130">
        <ele>13.439356</ele>
        <time>2026-07-22T08:16:39.289Z</time>
      </trkpt>
      <trkpt lat="53.854459" lon="10.665085">
        <ele>13.337619</ele>
        <time>2026-07-22T08:16:39.566Z</time>
      </trkpt>
      <trkpt lat="53.854347" lon="10.664789">
        <ele>12.830131</ele>
        <time>2026-07-22T08:16:41.344Z</time>
      </trkpt>
      <trkpt lat="53.854111" lon="10.664010">
        <ele>12.576703</ele>
        <time>2026-07-22T08:16:47.535Z</time>
      </trkpt>
      <trkpt lat="53.854006" lon="10.663651">
        <ele>12.325995</ele>
        <time>2026-07-22T08:16:50.191Z</time>
      </trkpt>
      <trkpt lat="53.853961" lon="10.663493">
        <ele>12.153413</ele>
        <time>2026-07-22T08:16:51.067Z</time>
      </trkpt>
      <trkpt lat="53.853887" lon="10.663307">
        <ele>11.917657</ele>
        <time>2026-07-22T08:16:52.236Z</time>
      </trkpt>
      <trkpt lat="53.853729" lon="10.662914">
        <ele>11.882780</ele>
        <time>2026-07-22T08:16:56.298Z</time>
      </trkpt>
      <trkpt lat="53.853465" lon="10.662293">
        <ele>10.916994</ele>
        <time>2026-07-22T08:17:00.426Z</time>
      </trkpt>
      <trkpt lat="53.853417" lon="10.662163">
        <ele>10.947658</ele>
        <time>2026-07-22T08:17:01.347Z</time>
      </trkpt>
      <trkpt lat="53.853103" lon="10.661407">
        <ele>11.457795</ele>
        <time>2026-07-22T08:17:09.742Z</time>
      </trkpt>
      <trkpt lat="53.852739" lon="10.660725">
        <ele>11.637836</ele>
        <time>2026-07-22T08:17:17.087Z</time>
      </trkpt>
      <trkpt lat="53.852028" lon="10.659666">
        <ele>9.302389</ele>
        <time>2026-07-22T08:17:25.601Z</time>
      </trkpt>
      <trkpt lat="53.851650" lon="10.659213">
        <ele>8.760625</ele>
        <time>2026-07-22T08:17:30.484Z</time>
      </trkpt>
      <trkpt lat="53.851553" lon="10.659118">
        <ele>8.620571</ele>
        <time>2026-07-22T08:17:31.552Z</time>
      </trkpt>
      <trkpt lat="53.851364" lon="10.659010">
        <ele>8.494009</ele>
        <time>2026-07-22T08:17:33.637Z</time>
      </trkpt>
      <trkpt lat="53.851037" lon="10.658891">
        <ele>8.802648</ele>
        <time>2026-07-22T08:17:38.594Z</time>
      </trkpt>
      <trkpt lat="53.850872" lon="10.658837">
        <ele>9.018875</ele>
        <time>2026-07-22T08:17:41.165Z</time>
      </trkpt>
      <trkpt lat="53.850699" lon="10.658731">
        <ele>9.350220</ele>
        <time>2026-07-22T08:17:43.955Z</time>
      </trkpt>
      <trkpt lat="53.850532" lon="10.658530">
        <ele>9.966648</ele>
        <time>2026-07-22T08:17:48.079Z</time>
      </trkpt>
      <trkpt lat="53.850420" lon="10.658282">
        <ele>10.635946</ele>
        <time>2026-07-22T08:17:52.121Z</time>
      </trkpt>
      <trkpt lat="53.850351" lon="10.658029">
        <ele>11.061219</ele>
        <time>2026-07-22T08:17:55.381Z</time>
      </trkpt>
      <trkpt lat="53.850338" lon="10.657988">
        <ele>11.096735</ele>
        <time>2026-07-22T08:17:55.821Z</time>
      </trkpt>
      <trkpt lat="53.850332" lon="10.657781">
        <ele>11.243055</ele>
        <time>2026-07-22T08:17:57.294Z</time>
      </trkpt>
      <trkpt lat="53.850405" lon="10.656364">
        <ele>9.716824</ele>
        <time>2026-07-22T08:18:05.315Z</time>
      </trkpt>
      <trkpt lat="53.850413" lon="10.656163">
        <ele>9.588165</ele>
        <time>2026-07-22T08:18:06.430Z</time>
      </trkpt>
      <trkpt lat="53.850460" lon="10.655316">
        <ele>9.792262</ele>
        <time>2026-07-22T08:18:12.507Z</time>
      </trkpt>
      <trkpt lat="53.850478" lon="10.654998">
        <ele>10.436304</ele>
        <time>2026-07-22T08:18:17.194Z</time>
      </trkpt>
      <trkpt lat="53.850505" lon="10.654653">
        <ele>11.035594</ele>
        <time>2026-07-22T08:18:20.103Z</time>
      </trkpt>
      <trkpt lat="53.850499" lon="10.654392">
        <ele>11.188533</ele>
        <time>2026-07-22T08:18:21.569Z</time>
      </trkpt>
      <trkpt lat="53.850378" lon="10.653644">
        <ele>11.438708</ele>
        <time>2026-07-22T08:18:26.246Z</time>
      </trkpt>
      <trkpt lat="53.850348" lon="10.653456">
        <ele>11.585001</ele>
        <time>2026-07-22T08:18:27.709Z</time>
      </trkpt>
      <trkpt lat="53.850303" lon="10.653223">
        <ele>11.735363</ele>
        <time>2026-07-22T08:18:29.398Z</time>
      </trkpt>
      <trkpt lat="53.850179" lon="10.652617">
        <ele>11.711297</ele>
        <time>2026-07-22T08:18:32.631Z</time>
      </trkpt>
      <trkpt lat="53.850144" lon="10.652445">
        <ele>11.702120</ele>
        <time>2026-07-22T08:18:33.500Z</time>
      </trkpt>
      <trkpt lat="53.850151" lon="10.652242">
        <ele>11.700514</ele>
        <time>2026-07-22T08:18:34.547Z</time>
      </trkpt>
      <trkpt lat="53.850099" lon="10.651941">
        <ele>11.735826</ele>
        <time>2026-07-22T08:18:36.339Z</time>
      </trkpt>
      <trkpt lat="53.850020" lon="10.651735">
        <ele>11.790819</ele>
        <time>2026-07-22T08:18:37.872Z</time>
      </trkpt>
      <trkpt lat="53.849862" lon="10.650782">
        <ele>12.073011</ele>
        <time>2026-07-22T08:18:43.682Z</time>
      </trkpt>
      <trkpt lat="53.849791" lon="10.650013">
        <ele>11.942274</ele>
        <time>2026-07-22T08:18:47.521Z</time>
      </trkpt>
      <trkpt lat="53.849803" lon="10.649403">
        <ele>11.408823</ele>
        <time>2026-07-22T08:18:49.942Z</time>
      </trkpt>
      <trkpt lat="53.849841" lon="10.649008">
        <ele>11.235710</ele>
        <time>2026-07-22T08:18:52.010Z</time>
      </trkpt>
      <trkpt lat="53.849884" lon="10.648850">
        <ele>11.173391</ele>
        <time>2026-07-22T08:18:52.757Z</time>
      </trkpt>
      <trkpt lat="53.850144" lon="10.647997">
        <ele>10.168031</ele>
        <time>2026-07-22T08:18:56.565Z</time>
      </trkpt>
      <trkpt lat="53.850190" lon="10.647718">
        <ele>9.801839</ele>
        <time>2026-07-22T08:18:57.647Z</time>
      </trkpt>
      <trkpt lat="53.850250" lon="10.647448">
        <ele>9.419586</ele>
        <time>2026-07-22T08:18:58.738Z</time>
      </trkpt>
      <trkpt lat="53.850286" lon="10.647286">
        <ele>9.246254</ele>
        <time>2026-07-22T08:18:59.442Z</time>
      </trkpt>
      <trkpt lat="53.850306" lon="10.647054">
        <ele>9.063606</ele>
        <time>2026-07-22T08:19:00.375Z</time>
      </trkpt>
      <trkpt lat="53.850259" lon="10.645959">
        <ele>9.007479</ele>
        <time>2026-07-22T08:19:06.203Z</time>
      </trkpt>
      <trkpt lat="53.850232" lon="10.645265">
        <ele>9.210844</ele>
        <time>2026-07-22T08:19:09.952Z</time>
      </trkpt>
      <trkpt lat="53.850192" lon="10.644369">
        <ele>10.698962</ele>
        <time>2026-07-22T08:19:18.611Z</time>
      </trkpt>
      <trkpt lat="53.850197" lon="10.644031">
        <ele>11.294501</ele>
        <time>2026-07-22T08:19:21.827Z</time>
      </trkpt>
      <trkpt lat="53.850271" lon="10.643512">
        <ele>12.134609</ele>
        <time>2026-07-22T08:19:26.701Z</time>
      </trkpt>
      <trkpt lat="53.850339" lon="10.643255">
        <ele>12.428145</ele>
        <time>2026-07-22T08:19:28.929Z</time>
      </trkpt>
      <trkpt lat="53.850346" lon="10.643228">
        <ele>12.440437</ele>
        <time>2026-07-22T08:19:29.132Z</time>
      </trkpt>
      <trkpt lat="53.850513" lon="10.642777">
        <ele>12.547578</ele>
        <time>2026-07-22T08:19:32.281Z</time>
      </trkpt>
      <trkpt lat="53.850710" lon="10.642463">
        <ele>12.400589</ele>
        <time>2026-07-22T08:19:34.343Z</time>
      </trkpt>
      <trkpt lat="53.851320" lon="10.641866">
        <ele>11.901746</ele>
        <time>2026-07-22T08:19:39.704Z</time>
      </trkpt>
      <trkpt lat="53.851722" lon="10.641496">
        <ele>11.557553</ele>
        <time>2026-07-22T08:19:43.270Z</time>
      </trkpt>
      <trkpt lat="53.852005" lon="10.641235">
        <ele>11.188635</ele>
        <time>2026-07-22T08:19:45.418Z</time>
      </trkpt>
      <trkpt lat="53.852298" lon="10.640963">
        <ele>11.443049</ele>
        <time>2026-07-22T08:19:49.408Z</time>
      </trkpt>
      <trkpt lat="53.852397" lon="10.641242">
        <ele>11.475495</ele>
        <time>2026-07-22T08:20:02.171Z</time>
      </trkpt>
      <trkpt lat="53.852495" lon="10.641517">
        <ele>11.549727</ele>
        <time>2026-07-22T08:20:15.532Z</time>
      </trkpt>
      <trkpt lat="53.852397" lon="10.641242">
        <ele>11.540328</ele>
        <time>2026-07-22T08:20:27.479Z</time>
      </trkpt>
      <trkpt lat="53.852298" lon="10.640963">
        <ele>11.622336</ele>
        <time>2026-07-22T08:20:40.657Z</time>
      </trkpt>
      <trkpt lat="53.853094" lon="10.640217">
        <ele>12.770541</ele>
        <time>2026-07-22T08:20:51.832Z</time>
      </trkpt>
      <trkpt lat="53.853315" lon="10.640008">
        <ele>12.887017</ele>
        <time>2026-07-22T08:20:54.439Z</time>
      </trkpt>
      <trkpt lat="53.853595" lon="10.639743">
        <ele>12.665910</ele>
        <time>2026-07-22T08:20:56.762Z</time>
      </trkpt>
      <trkpt lat="53.854090" lon="10.639285">
        <ele>13.175611</ele>
        <time>2026-07-22T08:21:03.069Z</time>
      </trkpt>
      <trkpt lat="53.854381" lon="10.639070">
        <ele>13.377830</ele>
        <time>2026-07-22T08:21:06.376Z</time>
      </trkpt>
      <trkpt lat="53.854617" lon="10.638773">
        <ele>13.272662</ele>
        <time>2026-07-22T08:21:09.098Z</time>
      </trkpt>
      <trkpt lat="53.854745" lon="10.638548">
        <ele>12.886962</ele>
        <time>2026-07-22T08:21:10.238Z</time>
      </trkpt>
      <trkpt lat="53.854804" lon="10.638533">
        <ele>12.745598</ele>
        <time>2026-07-22T08:21:10.594Z</time>
      </trkpt>
      <trkpt lat="53.854858" lon="10.638428">
        <ele>12.550900</ele>
        <time>2026-07-22T08:21:11.334Z</time>
      </trkpt>
      <trkpt lat="53.854926" lon="10.638310">
        <ele>12.382090</ele>
        <time>2026-07-22T08:21:12.357Z</time>
      </trkpt>
      <trkpt lat="53.854969" lon="10.638234">
        <ele>12.395655</ele>
        <time>2026-07-22T08:21:13.188Z</time>
      </trkpt>
      <trkpt lat="53.854965" lon="10.638094">
        <ele>12.413708</ele>
        <time>2026-07-22T08:21:14.313Z</time>
      </trkpt>
      <trkpt lat="53.855583" lon="10.636819">
        <ele>12.887980</ele>
        <time>2026-07-22T08:21:23.957Z</time>
      </trkpt>
      <trkpt lat="53.856237" lon="10.635448">
        <ele>15.586302</ele>
        <time>2026-07-22T08:21:40.121Z</time>
      </trkpt>
      <trkpt lat="53.856844" lon="10.634175">
        <ele>16.190673</ele>
        <time>2026-07-22T08:21:49.927Z</time>
      </trkpt>
      <trkpt lat="53.859307" lon="10.629366">
        <ele>16.929332</ele>
        <time>2026-07-22T08:22:25.016Z</time>
      </trkpt>
      <trkpt lat="53.860358" lon="10.627742">
        <ele>18.053469</ele>
        <time>2026-07-22T08:22:40.150Z</time>
      </trkpt>
      <trkpt lat="53.860600" lon="10.627390">
        <ele>18.821668</ele>
        <time>2026-07-22T08:22:45.071Z</time>
      </trkpt>
      <trkpt lat="53.860657" lon="10.627372">
        <ele>18.979407</ele>
        <time>2026-07-22T08:22:46.009Z</time>
      </trkpt>
      <trkpt lat="53.860788" lon="10.627212">
        <ele>19.376717</ele>
        <time>2026-07-22T08:22:49.034Z</time>
      </trkpt>
      <trkpt lat="53.860850" lon="10.627136">
        <ele>19.551384</ele>
        <time>2026-07-22T08:22:50.118Z</time>
      </trkpt>
      <trkpt lat="53.860873" lon="10.627036">
        <ele>19.684874</ele>
        <time>2026-07-22T08:22:50.949Z</time>
      </trkpt>
      <trkpt lat="53.860966" lon="10.626859">
        <ele>19.861120</ele>
        <time>2026-07-22T08:22:52.554Z</time>
      </trkpt>
      <trkpt lat="53.861862" lon="10.625570">
        <ele>20.801595</ele>
        <time>2026-07-22T08:23:05.294Z</time>
      </trkpt>
      <trkpt lat="53.862176" lon="10.625236">
        <ele>21.151382</ele>
        <time>2026-07-22T08:23:09.347Z</time>
      </trkpt>
      <trkpt lat="53.862255" lon="10.625062">
        <ele>21.340190</ele>
        <time>2026-07-22T08:23:10.974Z</time>
      </trkpt>
      <trkpt lat="53.862377" lon="10.624828">
        <ele>21.767853</ele>
        <time>2026-07-22T08:23:13.611Z</time>
      </trkpt>
      <trkpt lat="53.862832" lon="10.624004">
        <ele>22.732596</ele>
        <time>2026-07-22T08:23:22.210Z</time>
      </trkpt>
      <trkpt lat="53.863345" lon="10.623254">
        <ele>21.131034</ele>
        <time>2026-07-22T08:23:26.395Z</time>
      </trkpt>
      <trkpt lat="53.863822" lon="10.622679">
        <ele>22.789241</ele>
        <time>2026-07-22T08:23:36.747Z</time>
      </trkpt>
      <trkpt lat="53.863920" lon="10.622540">
        <ele>22.958710</ele>
        <time>2026-07-22T08:23:37.831Z</time>
      </trkpt>
      <trkpt lat="53.864000" lon="10.622416">
        <ele>22.826286</ele>
        <time>2026-07-22T08:23:38.605Z</time>
      </trkpt>
      <trkpt lat="53.864108" lon="10.622125">
        <ele>22.468756</ele>
        <time>2026-07-22T08:23:39.974Z</time>
      </trkpt>
      <trkpt lat="53.864341" lon="10.621761">
        <ele>21.725870</ele>
        <time>2026-07-22T08:23:41.974Z</time>
      </trkpt>
      <trkpt lat="53.864559" lon="10.621353">
        <ele>21.129525</ele>
        <time>2026-07-22T08:23:44.135Z</time>
      </trkpt>
      <trkpt lat="53.864863" lon="10.620668">
        <ele>20.432436</ele>
        <time>2026-07-22T08:23:47.636Z</time>
      </trkpt>
      <trkpt lat="53.865145" lon="10.619721">
        <ele>19.966262</ele>
        <time>2026-07-22T08:23:52.355Z</time>
      </trkpt>
      <trkpt lat="53.865338" lon="10.618862">
        <ele>19.984631</ele>
        <time>2026-07-22T08:23:57.484Z</time>
      </trkpt>
      <trkpt lat="53.865631" lon="10.617811">
        <ele>19.782194</ele>
        <time>2026-07-22T08:24:03.374Z</time>
      </trkpt>
      <trkpt lat="53.865752" lon="10.617523">
        <ele>19.406539</ele>
        <time>2026-07-22T08:24:04.688Z</time>
      </trkpt>
      <trkpt lat="53.866143" lon="10.616740">
        <ele>19.048450</ele>
        <time>2026-07-22T08:24:09.439Z</time>
      </trkpt>
      <trkpt lat="53.866346" lon="10.616452">
        <ele>19.079463</ele>
        <time>2026-07-22T08:24:11.988Z</time>
      </trkpt>
      <trkpt lat="53.866864" lon="10.615865">
        <ele>19.048020</ele>
        <time>2026-07-22T08:24:17.527Z</time>
      </trkpt>
      <trkpt lat="53.867349" lon="10.615453">
        <ele>18.853168</ele>
        <time>2026-07-22T08:24:21.708Z</time>
      </trkpt>
      <trkpt lat="53.867563" lon="10.615350">
        <ele>19.284750</ele>
        <time>2026-07-22T08:24:25.043Z</time>
      </trkpt>
      <trkpt lat="53.867644" lon="10.615380">
        <ele>19.419769</ele>
        <time>2026-07-22T08:24:26.252Z</time>
      </trkpt>
      <trkpt lat="53.867659" lon="10.615276">
        <ele>19.450012</ele>
        <time>2026-07-22T08:24:27.004Z</time>
      </trkpt>
      <trkpt lat="53.867667" lon="10.615200">
        <ele>19.471819</ele>
        <time>2026-07-22T08:24:27.401Z</time>
      </trkpt>
      <trkpt lat="53.867753" lon="10.615153">
        <ele>19.503309</ele>
        <time>2026-07-22T08:24:28.085Z</time>
      </trkpt>
      <trkpt lat="53.867856" lon="10.615093">
        <ele>19.395961</ele>
        <time>2026-07-22T08:24:28.875Z</time>
      </trkpt>
      <trkpt lat="53.868285" lon="10.614696">
        <ele>18.959830</ele>
        <time>2026-07-22T08:24:32.461Z</time>
      </trkpt>
      <trkpt lat="53.869902" lon="10.612980">
        <ele>19.141305</ele>
        <time>2026-07-22T08:24:50.212Z</time>
      </trkpt>
      <trkpt lat="53.870478" lon="10.612208">
        <ele>18.622189</ele>
        <time>2026-07-22T08:24:55.557Z</time>
      </trkpt>
      <trkpt lat="53.870904" lon="10.611732">
        <ele>19.151929</ele>
        <time>2026-07-22T08:25:02.164Z</time>
      </trkpt>
      <trkpt lat="53.871828" lon="10.610567">
        <ele>17.885138</ele>
        <time>2026-07-22T08:25:10.434Z</time>
      </trkpt>
      <trkpt lat="53.872164" lon="10.610072">
        <ele>17.309156</ele>
        <time>2026-07-22T08:25:13.441Z</time>
      </trkpt>
      <trkpt lat="53.872679" lon="10.609190">
        <ele>17.848062</ele>
        <time>2026-07-22T08:25:21.743Z</time>
      </trkpt>
      <trkpt lat="53.873204" lon="10.608258">
        <ele>17.520518</ele>
        <time>2026-07-22T08:25:27.646Z</time>
      </trkpt>
      <trkpt lat="53.874371" lon="10.606362">
        <ele>17.211923</ele>
        <time>2026-07-22T08:25:41.024Z</time>
      </trkpt>
      <trkpt lat="53.874450" lon="10.606326">
        <ele>17.307903</ele>
        <time>2026-07-22T08:25:42.428Z</time>
      </trkpt>
      <trkpt lat="53.874522" lon="10.606395">
        <ele>17.587721</ele>
        <time>2026-07-22T08:25:44.064Z</time>
      </trkpt>
      <trkpt lat="53.874587" lon="10.606325">
        <ele>17.848455</ele>
        <time>2026-07-22T08:25:45.440Z</time>
      </trkpt>
      <trkpt lat="53.874636" lon="10.606269">
        <ele>18.048540</ele>
        <time>2026-07-22T08:25:46.353Z</time>
      </trkpt>
      <trkpt lat="53.874715" lon="10.606140">
        <ele>18.237232</ele>
        <time>2026-07-22T08:25:47.853Z</time>
      </trkpt>
      <trkpt lat="53.874721" lon="10.605859">
        <ele>18.450785</ele>
        <time>2026-07-22T08:25:49.752Z</time>
      </trkpt>
      <trkpt lat="53.874752" lon="10.605745">
        <ele>18.478764</ele>
        <time>2026-07-22T08:25:50.503Z</time>
      </trkpt>
      <trkpt lat="53.875939" lon="10.603721">
        <ele>18.753669</ele>
        <time>2026-07-22T08:26:06.069Z</time>
      </trkpt>
      <trkpt lat="53.876157" lon="10.603414">
        <ele>18.454795</ele>
        <time>2026-07-22T08:26:08.073Z</time>
      </trkpt>
      <trkpt lat="53.876450" lon="10.603105">
        <ele>18.312614</ele>
        <time>2026-07-22T08:26:10.945Z</time>
      </trkpt>
      <trkpt lat="53.876703" lon="10.602904">
        <ele>18.305519</ele>
        <time>2026-07-22T08:26:13.398Z</time>
      </trkpt>
      <trkpt lat="53.877268" lon="10.602555">
        <ele>18.399950</ele>
        <time>2026-07-22T08:26:18.989Z</time>
      </trkpt>
      <trkpt lat="53.877858" lon="10.602328">
        <ele>18.548627</ele>
        <time>2026-07-22T08:26:24.531Z</time>
      </trkpt>
      <trkpt lat="53.878640" lon="10.602211">
        <ele>19.112585</ele>
        <time>2026-07-22T08:26:33.097Z</time>
      </trkpt>
      <trkpt lat="53.878719" lon="10.602159">
        <ele>19.177757</ele>
        <time>2026-07-22T08:26:34.141Z</time>
      </trkpt>
      <trkpt lat="53.879295" lon="10.602225">
        <ele>19.613958</ele>
        <time>2026-07-22T08:26:40.157Z</time>
      </trkpt>
      <trkpt lat="53.879865" lon="10.602377">
        <ele>20.105801</ele>
        <time>2026-07-22T08:26:46.700Z</time>
      </trkpt>
      <trkpt lat="53.880692" lon="10.602839">
        <ele>20.202435</ele>
        <time>2026-07-22T08:26:54.263Z</time>
      </trkpt>
      <trkpt lat="53.881684" lon="10.603641">
        <ele>21.783817</ele>
        <time>2026-07-22T08:27:07.826Z</time>
      </trkpt>
      <trkpt lat="53.882207" lon="10.603964">
        <ele>23.415027</ele>
        <time>2026-07-22T08:27:17.088Z</time>
      </trkpt>
      <trkpt lat="53.882566" lon="10.604120">
        <ele>24.084410</ele>
        <time>2026-07-22T08:27:21.969Z</time>
      </trkpt>
      <trkpt lat="53.882793" lon="10.604174">
        <ele>24.404748</ele>
        <time>2026-07-22T08:27:24.704Z</time>
      </trkpt>
      <trkpt lat="53.883662" lon="10.604255">
        <ele>25.574717</ele>
        <time>2026-07-22T08:27:35.355Z</time>
      </trkpt>
      <trkpt lat="53.884459" lon="10.604276">
        <ele>26.270204</ele>
        <time>2026-07-22T08:27:43.969Z</time>
      </trkpt>
      <trkpt lat="53.884842" lon="10.604349">
        <ele>26.430214</ele>
        <time>2026-07-22T08:27:47.740Z</time>
      </trkpt>
      <trkpt lat="53.885300" lon="10.604504">
        <ele>26.730557</ele>
        <time>2026-07-22T08:27:52.685Z</time>
      </trkpt>
      <trkpt lat="53.885862" lon="10.604806">
        <ele>27.396085</ele>
        <time>2026-07-22T08:27:59.384Z</time>
      </trkpt>
      <trkpt lat="53.886279" lon="10.605129">
        <ele>27.931294</ele>
        <time>2026-07-22T08:28:04.708Z</time>
      </trkpt>
      <trkpt lat="53.886703" lon="10.605568">
        <ele>28.888926</ele>
        <time>2026-07-22T08:28:11.322Z</time>
      </trkpt>
      <trkpt lat="53.887144" lon="10.606155">
        <ele>30.439641</ele>
        <time>2026-07-22T08:28:20.422Z</time>
      </trkpt>
      <trkpt lat="53.887547" lon="10.606841">
        <ele>31.296324</ele>
        <time>2026-07-22T08:28:27.351Z</time>
      </trkpt>
      <trkpt lat="53.887690" lon="10.607133">
        <ele>31.499553</ele>
        <time>2026-07-22T08:28:30.075Z</time>
      </trkpt>
      <trkpt lat="53.888123" lon="10.608227">
        <ele>31.613297</ele>
        <time>2026-07-22T08:28:37.298Z</time>
      </trkpt>
      <trkpt lat="53.888330" lon="10.608930">
        <ele>30.673638</ele>
        <time>2026-07-22T08:28:40.323Z</time>
      </trkpt>
      <trkpt lat="53.888439" lon="10.609412">
        <ele>29.725219</ele>
        <time>2026-07-22T08:28:42.173Z</time>
      </trkpt>
      <trkpt lat="53.888553" lon="10.610110">
        <ele>28.126407</ele>
        <time>2026-07-22T08:28:44.645Z</time>
      </trkpt>
      <trkpt lat="53.888643" lon="10.610097">
        <ele>28.096699</ele>
        <time>2026-07-22T08:28:45.441Z</time>
      </trkpt>
      <trkpt lat="53.888752" lon="10.610082">
        <ele>28.099108</ele>
        <time>2026-07-22T08:28:47.268Z</time>
      </trkpt>
      <trkpt lat="53.889260" lon="10.609960">
        <ele>29.022726</ele>
        <time>2026-07-22T08:28:53.981Z</time>
      </trkpt>
      <trkpt lat="53.889483" lon="10.609871">
        <ele>29.486963</ele>
        <time>2026-07-22T08:28:57.200Z</time>
      </trkpt>
      <trkpt lat="53.889720" lon="10.609700">
        <ele>29.988560</ele>
        <time>2026-07-22T08:29:00.755Z</time>
      </trkpt>
      <trkpt lat="53.890109" lon="10.609282">
        <ele>30.729232</ele>
        <time>2026-07-22T08:29:06.725Z</time>
      </trkpt>
      <trkpt lat="53.890585" lon="10.608516">
        <ele>31.043426</ele>
        <time>2026-07-22T08:29:13.134Z</time>
      </trkpt>
      <trkpt lat="53.890742" lon="10.608352">
        <ele>30.989660</ele>
        <time>2026-07-22T08:29:14.641Z</time>
      </trkpt>
      <trkpt lat="53.891002" lon="10.608238">
        <ele>30.812617</ele>
        <time>2026-07-22T08:29:16.736Z</time>
      </trkpt>
      <trkpt lat="53.891575" lon="10.608128">
        <ele>30.486675</ele>
        <time>2026-07-22T08:29:21.271Z</time>
      </trkpt>
      <trkpt lat="53.891688" lon="10.608027">
        <ele>30.358598</ele>
        <time>2026-07-22T08:29:22.255Z</time>
      </trkpt>
      <trkpt lat="53.891736" lon="10.607914">
        <ele>30.274864</ele>
        <time>2026-07-22T08:29:22.819Z</time>
      </trkpt>
      <trkpt lat="53.891808" lon="10.607608">
        <ele>29.889719</ele>
        <time>2026-07-22T08:29:24.069Z</time>
      </trkpt>
      <trkpt lat="53.891927" lon="10.606878">
        <ele>28.859088</ele>
        <time>2026-07-22T08:29:26.971Z</time>
      </trkpt>
      <trkpt lat="53.891813" lon="10.606452">
        <ele>28.041208</ele>
        <time>2026-07-22T08:29:28.653Z</time>
      </trkpt>
      <trkpt lat="53.891743" lon="10.605981">
        <ele>27.529929</ele>
        <time>2026-07-22T08:29:30.513Z</time>
      </trkpt>
      <trkpt lat="53.891749" lon="10.605815">
        <ele>27.478004</ele>
        <time>2026-07-22T08:29:31.360Z</time>
      </trkpt>
      <trkpt lat="53.891786" lon="10.605642">
        <ele>27.507881</ele>
        <time>2026-07-22T08:29:32.541Z</time>
      </trkpt>
      <trkpt lat="53.891830" lon="10.605505">
        <ele>27.589901</ele>
        <time>2026-07-22T08:29:33.541Z</time>
      </trkpt>
      <trkpt lat="53.891920" lon="10.605351">
        <ele>27.693611</ele>
        <time>2026-07-22T08:29:34.925Z</time>
      </trkpt>
      <trkpt lat="53.892056" lon="10.605205">
        <ele>27.807742</ele>
        <time>2026-07-22T08:29:36.727Z</time>
      </trkpt>
      <trkpt lat="53.892162" lon="10.605140">
        <ele>27.859711</ele>
        <time>2026-07-22T08:29:37.890Z</time>
      </trkpt>
      <trkpt lat="53.892325" lon="10.605139">
        <ele>27.952359</ele>
        <time>2026-07-22T08:29:39.468Z</time>
      </trkpt>
      <trkpt lat="53.892654" lon="10.605223">
        <ele>28.361727</ele>
        <time>2026-07-22T08:29:43.359Z</time>
      </trkpt>
      <trkpt lat="53.892976" lon="10.605374">
        <ele>29.087791</ele>
        <time>2026-07-22T08:29:48.095Z</time>
      </trkpt>
      <trkpt lat="53.893118" lon="10.605551">
        <ele>29.457401</ele>
        <time>2026-07-22T08:29:50.804Z</time>
      </trkpt>
      <trkpt lat="53.893144" lon="10.605680">
        <ele>29.461768</ele>
        <time>2026-07-22T08:29:51.728Z</time>
      </trkpt>
      <trkpt lat="53.893260" lon="10.605560">
        <ele>29.415454</ele>
        <time>2026-07-22T08:29:52.746Z</time>
      </trkpt>
      <trkpt lat="53.893327" lon="10.605259">
        <ele>28.985188</ele>
        <time>2026-07-22T08:29:53.947Z</time>
      </trkpt>
      <trkpt lat="53.893466" lon="10.604828">
        <ele>28.208014</ele>
        <time>2026-07-22T08:29:55.725Z</time>
      </trkpt>
      <trkpt lat="53.893684" lon="10.604432">
        <ele>27.466803</ele>
        <time>2026-07-22T08:29:57.751Z</time>
      </trkpt>
      <trkpt lat="53.893849" lon="10.604163">
        <ele>27.298997</ele>
        <time>2026-07-22T08:29:59.382Z</time>
      </trkpt>
      <trkpt lat="53.894467" lon="10.603100">
        <ele>27.814038</ele>
        <time>2026-07-22T08:30:09.232Z</time>
      </trkpt>
      <trkpt lat="53.894674" lon="10.602742">
        <ele>27.727384</ele>
        <time>2026-07-22T08:30:11.506Z</time>
      </trkpt>
      <trkpt lat="53.894760" lon="10.602605">
        <ele>27.650904</ele>
        <time>2026-07-22T08:30:12.471Z</time>
      </trkpt>
      <trkpt lat="53.895061" lon="10.602048">
        <ele>27.170539</ele>
        <time>2026-07-22T08:30:15.667Z</time>
      </trkpt>
      <trkpt lat="53.895434" lon="10.601157">
        <ele>26.113641</ele>
        <time>2026-07-22T08:30:20.019Z</time>
      </trkpt>
      <trkpt lat="53.895927" lon="10.599157">
        <ele>24.427297</ele>
        <time>2026-07-22T08:30:29.083Z</time>
      </trkpt>
      <trkpt lat="53.896135" lon="10.598580">
        <ele>24.214459</ele>
        <time>2026-07-22T08:30:32.036Z</time>
      </trkpt>
      <trkpt lat="53.896383" lon="10.598073">
        <ele>24.747373</ele>
        <time>2026-07-22T08:30:36.780Z</time>
      </trkpt>
      <trkpt lat="53.897136" lon="10.598460">
        <ele>27.412005</ele>
        <time>2026-07-22T08:30:50.851Z</time>
      </trkpt>
      <trkpt lat="53.897710" lon="10.598818">
        <ele>27.387546</ele>
        <time>2026-07-22T08:30:56.127Z</time>
      </trkpt>
      <trkpt lat="53.898917" lon="10.599522">
        <ele>25.853673</ele>
        <time>2026-07-22T08:31:05.154Z</time>
      </trkpt>
      <trkpt lat="53.899044" lon="10.599524">
        <ele>25.818044</ele>
        <time>2026-07-22T08:31:06.164Z</time>
      </trkpt>
      <trkpt lat="53.899210" lon="10.599332">
        <ele>25.854949</ele>
        <time>2026-07-22T08:31:07.999Z</time>
      </trkpt>
      <trkpt lat="53.899563" lon="10.598743">
        <ele>26.383379</ele>
        <time>2026-07-22T08:31:13.576Z</time>
      </trkpt>
      <trkpt lat="53.899983" lon="10.597687">
        <ele>28.505415</ele>
        <time>2026-07-22T08:31:25.662Z</time>
      </trkpt>
      <trkpt lat="53.900120" lon="10.597455">
        <ele>29.089890</ele>
        <time>2026-07-22T08:31:28.838Z</time>
      </trkpt>
      <trkpt lat="53.900388" lon="10.596794">
        <ele>30.343638</ele>
        <time>2026-07-22T08:31:36.148Z</time>
      </trkpt>
      <trkpt lat="53.900610" lon="10.596065">
        <ele>30.846474</ele>
        <time>2026-07-22T08:31:41.779Z</time>
      </trkpt>
      <trkpt lat="53.900691" lon="10.595936">
        <ele>30.720579</ele>
        <time>2026-07-22T08:31:42.625Z</time>
      </trkpt>
      <trkpt lat="53.902519" lon="10.595807">
        <ele>23.557109</ele>
        <time>2026-07-22T08:31:53.348Z</time>
      </trkpt>
      <trkpt lat="53.903236" lon="10.595735">
        <ele>19.997584</ele>
        <time>2026-07-22T08:31:57.392Z</time>
      </trkpt>
      <trkpt lat="53.903691" lon="10.595643">
        <ele>18.870680</ele>
        <time>2026-07-22T08:32:00.342Z</time>
      </trkpt>
      <trkpt lat="53.904013" lon="10.595397">
        <ele>18.628616</ele>
        <time>2026-07-22T08:32:03.105Z</time>
      </trkpt>
      <trkpt lat="53.904164" lon="10.595187">
        <ele>18.619375</ele>
        <time>2026-07-22T08:32:04.735Z</time>
      </trkpt>
      <trkpt lat="53.904419" lon="10.594908">
        <ele>18.688401</ele>
        <time>2026-07-22T08:32:07.654Z</time>
      </trkpt>
      <trkpt lat="53.904686" lon="10.594811">
        <ele>18.699828</ele>
        <time>2026-07-22T08:32:10.214Z</time>
      </trkpt>
      <trkpt lat="53.904954" lon="10.594665">
        <ele>18.633954</ele>
        <time>2026-07-22T08:32:12.572Z</time>
      </trkpt>
      <trkpt lat="53.906005" lon="10.594276">
        <ele>17.782165</ele>
        <time>2026-07-22T08:32:20.674Z</time>
      </trkpt>
      <trkpt lat="53.906132" lon="10.594116">
        <ele>17.596901</ele>
        <time>2026-07-22T08:32:21.814Z</time>
      </trkpt>
      <trkpt lat="53.906238" lon="10.593919">
        <ele>17.421174</ele>
        <time>2026-07-22T08:32:22.952Z</time>
      </trkpt>
      <trkpt lat="53.906284" lon="10.593352">
        <ele>17.119711</ele>
        <time>2026-07-22T08:32:25.495Z</time>
      </trkpt>
      <trkpt lat="53.906405" lon="10.592837">
        <ele>16.982079</ele>
        <time>2026-07-22T08:32:28.117Z</time>
      </trkpt>
      <trkpt lat="53.906516" lon="10.592631">
        <ele>16.887122</ele>
        <time>2026-07-22T08:32:29.394Z</time>
      </trkpt>
      <trkpt lat="53.906961" lon="10.592468">
        <ele>16.512292</ele>
        <time>2026-07-22T08:32:32.821Z</time>
      </trkpt>
      <trkpt lat="53.908412" lon="10.592374">
        <ele>15.533290</ele>
        <time>2026-07-22T08:32:43.973Z</time>
      </trkpt>
      <trkpt lat="53.908584" lon="10.592511">
        <ele>15.565042</ele>
        <time>2026-07-22T08:32:45.644Z</time>
      </trkpt>
      <trkpt lat="53.908953" lon="10.592906">
        <ele>15.999284</ele>
        <time>2026-07-22T08:32:50.790Z</time>
      </trkpt>
      <trkpt lat="53.909140" lon="10.593224">
        <ele>16.276380</ele>
        <time>2026-07-22T08:32:53.841Z</time>
      </trkpt>
      <trkpt lat="53.909413" lon="10.593833">
        <ele>16.556634</ele>
        <time>2026-07-22T08:32:58.468Z</time>
      </trkpt>
      <trkpt lat="53.909823" lon="10.594331">
        <ele>16.524607</ele>
        <time>2026-07-22T08:33:02.796Z</time>
      </trkpt>
      <trkpt lat="53.910789" lon="10.595713">
        <ele>17.172352</ele>
        <time>2026-07-22T08:33:15.597Z</time>
      </trkpt>
      <trkpt lat="53.910925" lon="10.595824">
        <ele>17.225066</ele>
        <time>2026-07-22T08:33:17.154Z</time>
      </trkpt>
      <trkpt lat="53.911067" lon="10.595824">
        <ele>17.278153</ele>
        <time>2026-07-22T08:33:18.528Z</time>
      </trkpt>
      <trkpt lat="53.911431" lon="10.595635">
        <ele>17.338622</ele>
        <time>2026-07-22T08:33:21.900Z</time>
      </trkpt>
      <trkpt lat="53.911582" lon="10.595687">
        <ele>17.436611</ele>
        <time>2026-07-22T08:33:23.460Z</time>
      </trkpt>
      <trkpt lat="53.911639" lon="10.595780">
        <ele>17.533612</ele>
        <time>2026-07-22T08:33:24.426Z</time>
      </trkpt>
      <trkpt lat="53.911747" lon="10.596280">
        <ele>17.976246</ele>
        <time>2026-07-22T08:33:28.607Z</time>
      </trkpt>
      <trkpt lat="53.911783" lon="10.596940">
        <ele>18.298777</ele>
        <time>2026-07-22T08:33:32.798Z</time>
      </trkpt>
      <trkpt lat="53.911815" lon="10.597163">
        <ele>18.396694</ele>
        <time>2026-07-22T08:33:34.222Z</time>
      </trkpt>
      <trkpt lat="53.911893" lon="10.597324">
        <ele>18.481920</ele>
        <time>2026-07-22T08:33:35.468Z</time>
      </trkpt>
      <trkpt lat="53.912137" lon="10.597643">
        <ele>18.620875</ele>
        <time>2026-07-22T08:33:38.501Z</time>
      </trkpt>
      <trkpt lat="53.912290" lon="10.597778">
        <ele>18.739644</ele>
        <time>2026-07-22T08:33:40.135Z</time>
      </trkpt>
      <trkpt lat="53.913199" lon="10.598142">
        <ele>20.440190</ele>
        <time>2026-07-22T08:33:52.721Z</time>
      </trkpt>
      <trkpt lat="53.913368" lon="10.598225">
        <ele>20.578147</ele>
        <time>2026-07-22T08:33:54.558Z</time>
      </trkpt>
      <trkpt lat="53.913518" lon="10.598357">
        <ele>20.595729</ele>
        <time>2026-07-22T08:33:56.151Z</time>
      </trkpt>
      <trkpt lat="53.913639" lon="10.598512">
        <ele>20.576691</ele>
        <time>2026-07-22T08:33:57.469Z</time>
      </trkpt>
      <trkpt lat="53.914065" lon="10.599229">
        <ele>20.401651</ele>
        <time>2026-07-22T08:34:02.425Z</time>
      </trkpt>
      <trkpt lat="53.914565" lon="10.600080">
        <ele>20.300110</ele>
        <time>2026-07-22T08:34:08.217Z</time>
      </trkpt>
      <trkpt lat="53.914776" lon="10.600435">
        <ele>20.850692</ele>
        <time>2026-07-22T08:34:12.533Z</time>
      </trkpt>
      <trkpt lat="53.914967" lon="10.600768">
        <ele>21.528784</ele>
        <time>2026-07-22T08:34:16.828Z</time>
      </trkpt>
      <trkpt lat="53.915158" lon="10.601252">
        <ele>21.934995</ele>
        <time>2026-07-22T08:34:21.072Z</time>
      </trkpt>
      <trkpt lat="53.915346" lon="10.600852">
        <ele>21.444862</ele>
        <time>2026-07-22T08:34:23.027Z</time>
      </trkpt>
      <trkpt lat="53.915506" lon="10.600648">
        <ele>20.939033</ele>
        <time>2026-07-22T08:34:24.264Z</time>
      </trkpt>
      <trkpt lat="53.915830" lon="10.600429">
        <ele>20.181081</ele>
        <time>2026-07-22T08:34:26.543Z</time>
      </trkpt>
      <trkpt lat="53.916683" lon="10.600003">
        <ele>20.319016</ele>
        <time>2026-07-22T08:34:34.962Z</time>
      </trkpt>
      <trkpt lat="53.916998" lon="10.599796">
        <ele>20.579833</ele>
        <time>2026-07-22T08:34:38.494Z</time>
      </trkpt>
      <trkpt lat="53.917315" lon="10.599447">
        <ele>20.826075</ele>
        <time>2026-07-22T08:34:42.352Z</time>
      </trkpt>
      <trkpt lat="53.917607" lon="10.598896">
        <ele>21.247147</ele>
        <time>2026-07-22T08:34:47.404Z</time>
      </trkpt>
      <trkpt lat="53.917808" lon="10.598313">
        <ele>21.224829</ele>
        <time>2026-07-22T08:34:50.718Z</time>
      </trkpt>
      <trkpt lat="53.917887" lon="10.597923">
        <ele>21.347408</ele>
        <time>2026-07-22T08:34:53.324Z</time>
      </trkpt>
      <trkpt lat="53.917941" lon="10.597228">
        <ele>22.152767</ele>
        <time>2026-07-22T08:34:58.868Z</time>
      </trkpt>
      <trkpt lat="53.917936" lon="10.596958">
        <ele>22.727896</ele>
        <time>2026-07-22T08:35:01.493Z</time>
      </trkpt>
      <trkpt lat="53.917710" lon="10.594106">
        <ele>31.598157</ele>
        <time>2026-07-22T08:35:38.171Z</time>
      </trkpt>
      <trkpt lat="53.917678" lon="10.593397">
        <ele>33.660430</ele>
        <time>2026-07-22T08:35:47.239Z</time>
      </trkpt>
      <trkpt lat="53.917672" lon="10.592103">
        <ele>34.434663</ele>
        <time>2026-07-22T08:35:56.466Z</time>
      </trkpt>
      <trkpt lat="53.917766" lon="10.590811">
        <ele>31.384482</ele>
        <time>2026-07-22T08:36:00.900Z</time>
      </trkpt>
      <trkpt lat="53.918002" lon="10.589514">
        <ele>26.340673</ele>
        <time>2026-07-22T08:36:05.237Z</time>
      </trkpt>
      <trkpt lat="53.918321" lon="10.588200">
        <ele>22.652341</ele>
        <time>2026-07-22T08:36:10.098Z</time>
      </trkpt>
      <trkpt lat="53.918653" lon="10.587185">
        <ele>20.895772</ele>
        <time>2026-07-22T08:36:14.411Z</time>
      </trkpt>
      <trkpt lat="53.918907" lon="10.586539">
        <ele>19.692450</ele>
        <time>2026-07-22T08:36:17.310Z</time>
      </trkpt>
      <trkpt lat="53.919171" lon="10.586060">
        <ele>18.683486</ele>
        <time>2026-07-22T08:36:19.689Z</time>
      </trkpt>
      <trkpt lat="53.919466" lon="10.585596">
        <ele>18.266422</ele>
        <time>2026-07-22T08:36:22.642Z</time>
      </trkpt>
      <trkpt lat="53.919847" lon="10.585084">
        <ele>18.394852</ele>
        <time>2026-07-22T08:36:27.297Z</time>
      </trkpt>
      <trkpt lat="53.920417" lon="10.584288">
        <ele>19.880122</ele>
        <time>2026-07-22T08:36:37.669Z</time>
      </trkpt>
      <trkpt lat="53.920641" lon="10.583867">
        <ele>20.511977</ele>
        <time>2026-07-22T08:36:41.950Z</time>
      </trkpt>
      <trkpt lat="53.920824" lon="10.583431">
        <ele>21.463066</ele>
        <time>2026-07-22T08:36:47.314Z</time>
      </trkpt>
      <trkpt lat="53.920923" lon="10.583212">
        <ele>21.826498</ele>
        <time>2026-07-22T08:36:49.821Z</time>
      </trkpt>
      <trkpt lat="53.921298" lon="10.582135">
        <ele>22.737253</ele>
        <time>2026-07-22T08:36:58.521Z</time>
      </trkpt>
      <trkpt lat="53.922271" lon="10.579000">
        <ele>21.620345</ele>
        <time>2026-07-22T08:37:15.038Z</time>
      </trkpt>
      <trkpt lat="53.922713" lon="10.577586">
        <ele>19.755048</ele>
        <time>2026-07-22T08:37:21.155Z</time>
      </trkpt>
      <trkpt lat="53.922929" lon="10.576909">
        <ele>19.352005</ele>
        <time>2026-07-22T08:37:24.405Z</time>
      </trkpt>
      <trkpt lat="53.923019" lon="10.576636">
        <ele>19.537286</ele>
        <time>2026-07-22T08:37:27.378Z</time>
      </trkpt>
      <trkpt lat="53.923243" lon="10.576057">
        <ele>20.465260</ele>
        <time>2026-07-22T08:37:34.815Z</time>
      </trkpt>
      <trkpt lat="53.923610" lon="10.575411">
        <ele>21.206075</ele>
        <time>2026-07-22T08:37:42.855Z</time>
      </trkpt>
      <trkpt lat="53.924159" lon="10.574858">
        <ele>22.090339</ele>
        <time>2026-07-22T08:37:52.827Z</time>
      </trkpt>
      <trkpt lat="53.924875" lon="10.574209">
        <ele>23.079617</ele>
        <time>2026-07-22T08:38:05.087Z</time>
      </trkpt>
      <trkpt lat="53.925123" lon="10.574032">
        <ele>23.320357</ele>
        <time>2026-07-22T08:38:08.788Z</time>
      </trkpt>
      <trkpt lat="53.925302" lon="10.574223">
        <ele>23.591549</ele>
        <time>2026-07-22T08:38:12.166Z</time>
      </trkpt>
      <trkpt lat="53.925473" lon="10.574308">
        <ele>23.745849</ele>
        <time>2026-07-22T08:38:14.760Z</time>
      </trkpt>
      <trkpt lat="53.925639" lon="10.574286">
        <ele>23.795702</ele>
        <time>2026-07-22T08:38:16.824Z</time>
      </trkpt>
      <trkpt lat="53.926226" lon="10.573905">
        <ele>23.800013</ele>
        <time>2026-07-22T08:38:24.265Z</time>
      </trkpt>
      <trkpt lat="53.926291" lon="10.574336">
        <ele>23.824088</ele>
        <time>2026-07-22T08:38:27.443Z</time>
      </trkpt>
      <trkpt lat="53.926549" lon="10.575498">
        <ele>23.996512</ele>
        <time>2026-07-22T08:38:36.893Z</time>
      </trkpt>
      <trkpt lat="53.926741" lon="10.576268">
        <ele>24.129434</ele>
        <time>2026-07-22T08:38:43.168Z</time>
      </trkpt>
      <trkpt lat="53.926784" lon="10.576406">
        <ele>24.175811</ele>
        <time>2026-07-22T08:38:44.366Z</time>
      </trkpt>
      <trkpt lat="53.926902" lon="10.576786">
        <ele>24.298529</ele>
        <time>2026-07-22T08:38:47.699Z</time>
      </trkpt>
      <trkpt lat="53.927334" lon="10.577917">
        <ele>24.598008</ele>
        <time>2026-07-22T08:38:58.032Z</time>
      </trkpt>
      <trkpt lat="53.927537" lon="10.578336">
        <ele>24.752805</ele>
        <time>2026-07-22T08:39:02.277Z</time>
      </trkpt>
      <trkpt lat="53.927867" lon="10.578920">
        <ele>25.141050</ele>
        <time>2026-07-22T08:39:09.168Z</time>
      </trkpt>
      <trkpt lat="53.928089" lon="10.579286">
        <ele>25.116957</ele>
        <time>2026-07-22T08:39:13.022Z</time>
      </trkpt>
      <trkpt lat="53.928512" lon="10.579862">
        <ele>24.155012</ele>
        <time>2026-07-22T08:39:18.022Z</time>
      </trkpt>
      <trkpt lat="53.931248" lon="10.582718">
        <ele>24.034757</ele>
        <time>2026-07-22T08:39:57.085Z</time>
      </trkpt>
      <trkpt lat="53.931909" lon="10.583463">
        <ele>24.531015</ele>
        <time>2026-07-22T08:40:07.965Z</time>
      </trkpt>
      <trkpt lat="53.932177" lon="10.583823">
        <ele>24.987052</ele>
        <time>2026-07-22T08:40:13.323Z</time>
      </trkpt>
      <trkpt lat="53.932416" lon="10.584203">
        <ele>25.370260</ele>
        <time>2026-07-22T08:40:18.244Z</time>
      </trkpt>
      <trkpt lat="53.932777" lon="10.584858">
        <ele>25.531159</ele>
        <time>2026-07-22T08:40:25.108Z</time>
      </trkpt>
      <trkpt lat="53.932994" lon="10.585321">
        <ele>25.293650</ele>
        <time>2026-07-22T08:40:28.818Z</time>
      </trkpt>
      <trkpt lat="53.933205" lon="10.585840">
        <ele>24.894949</ele>
        <time>2026-07-22T08:40:32.638Z</time>
      </trkpt>
      <trkpt lat="53.933534" lon="10.586856">
        <ele>24.194291</ele>
        <time>2026-07-22T08:40:39.611Z</time>
      </trkpt>
      <trkpt lat="53.933715" lon="10.587577">
        <ele>24.445043</ele>
        <time>2026-07-22T08:40:45.808Z</time>
      </trkpt>
      <trkpt lat="53.933995" lon="10.589128">
        <ele>25.928864</ele>
        <time>2026-07-22T08:41:01.105Z</time>
      </trkpt>
      <trkpt lat="53.934260" lon="10.590751">
        <ele>28.278407</ele>
        <time>2026-07-22T08:41:19.159Z</time>
      </trkpt>
      <trkpt lat="53.934686" lon="10.593260">
        <ele>29.976924</ele>
        <time>2026-07-22T08:41:41.566Z</time>
      </trkpt>
      <trkpt lat="53.934844" lon="10.593837">
        <ele>30.237032</ele>
        <time>2026-07-22T08:41:46.583Z</time>
      </trkpt>
      <trkpt lat="53.935193" lon="10.594782">
        <ele>31.166529</ele>
        <time>2026-07-22T08:41:56.936Z</time>
      </trkpt>
      <trkpt lat="53.935629" lon="10.595633">
        <ele>31.639254</ele>
        <time>2026-07-22T08:42:06.336Z</time>
      </trkpt>
      <trkpt lat="53.935907" lon="10.596032">
        <ele>31.304024</ele>
        <time>2026-07-22T08:42:10.269Z</time>
      </trkpt>
      <trkpt lat="53.935924" lon="10.596056">
        <ele>31.242915</ele>
        <time>2026-07-22T08:42:10.479Z</time>
      </trkpt>
      <trkpt lat="53.936363" lon="10.596642">
        <ele>29.680528</ele>
        <time>2026-07-22T08:42:15.331Z</time>
      </trkpt>
      <trkpt lat="53.936790" lon="10.596948">
        <ele>29.339802</ele>
        <time>2026-07-22T08:42:18.907Z</time>
      </trkpt>
      <trkpt lat="53.937352" lon="10.597340">
        <ele>29.693667</ele>
        <time>2026-07-22T08:42:25.380Z</time>
      </trkpt>
      <trkpt lat="53.937529" lon="10.597453">
        <ele>29.796321</ele>
        <time>2026-07-22T08:42:27.279Z</time>
      </trkpt>
      <trkpt lat="53.938129" lon="10.597834">
        <ele>30.187800</ele>
        <time>2026-07-22T08:42:33.720Z</time>
      </trkpt>
      <trkpt lat="53.938641" lon="10.598164">
        <ele>31.078578</ele>
        <time>2026-07-22T08:42:40.791Z</time>
      </trkpt>
      <trkpt lat="53.938664" lon="10.598179">
        <ele>31.129178</ele>
        <time>2026-07-22T08:42:41.176Z</time>
      </trkpt>
      <trkpt lat="53.938942" lon="10.598347">
        <ele>31.931988</ele>
        <time>2026-07-22T08:42:46.193Z</time>
      </trkpt>
      <trkpt lat="53.939520" lon="10.598645">
        <ele>32.384385</ele>
        <time>2026-07-22T08:42:52.341Z</time>
      </trkpt>
      <trkpt lat="53.939628" lon="10.598680">
        <ele>32.393485</ele>
        <time>2026-07-22T08:42:53.193Z</time>
      </trkpt>
      <trkpt lat="53.939996" lon="10.598705">
        <ele>32.401383</ele>
        <time>2026-07-22T08:42:56.578Z</time>
      </trkpt>
      <trkpt lat="53.940112" lon="10.598663">
        <ele>32.409726</ele>
        <time>2026-07-22T08:42:57.669Z</time>
      </trkpt>
      <trkpt lat="53.940591" lon="10.598181">
        <ele>32.461326</ele>
        <time>2026-07-22T08:43:02.734Z</time>
      </trkpt>
      <trkpt lat="53.940746" lon="10.597993">
        <ele>32.350897</ele>
        <time>2026-07-22T08:43:04.188Z</time>
      </trkpt>
      <trkpt lat="53.940891" lon="10.598162">
        <ele>32.446405</ele>
        <time>2026-07-22T08:43:05.872Z</time>
      </trkpt>
      <trkpt lat="53.941116" lon="10.598511">
        <ele>32.787460</ele>
        <time>2026-07-22T08:43:09.576Z</time>
      </trkpt>
      <trkpt lat="53.941287" lon="10.598695">
        <ele>32.982119</ele>
        <time>2026-07-22T08:43:11.827Z</time>
      </trkpt>
      <trkpt lat="53.941520" lon="10.598835">
        <ele>33.071184</ele>
        <time>2026-07-22T08:43:14.424Z</time>
      </trkpt>
      <trkpt lat="53.941760" lon="10.598919">
        <ele>32.956055</ele>
        <time>2026-07-22T08:43:16.354Z</time>
      </trkpt>
      <trkpt lat="53.942805" lon="10.599130">
        <ele>31.766831</ele>
        <time>2026-07-22T08:43:23.748Z</time>
      </trkpt>
      <trkpt lat="53.942873" lon="10.598985">
        <ele>31.971200</ele>
        <time>2026-07-22T08:43:25.339Z</time>
      </trkpt>
      <trkpt lat="53.944043" lon="10.597824">
        <ele>35.993454</ele>
        <time>2026-07-22T08:43:47.385Z</time>
      </trkpt>
      <trkpt lat="53.944201" lon="10.597716">
        <ele>36.488864</ele>
        <time>2026-07-22T08:43:50.079Z</time>
      </trkpt>
      <trkpt lat="53.944497" lon="10.597606">
        <ele>37.229011</ele>
        <time>2026-07-22T08:43:54.727Z</time>
      </trkpt>
      <trkpt lat="53.945124" lon="10.597636">
        <ele>38.415440</ele>
        <time>2026-07-22T08:44:02.980Z</time>
      </trkpt>
      <trkpt lat="53.945322" lon="10.597582">
        <ele>38.850206</ele>
        <time>2026-07-22T08:44:05.659Z</time>
      </trkpt>
      <trkpt lat="53.946381" lon="10.596536">
        <ele>42.566557</ele>
        <time>2026-07-22T08:44:25.583Z</time>
      </trkpt>
      <trkpt lat="53.947132" lon="10.595748">
        <ele>44.710050</ele>
        <time>2026-07-22T08:44:38.720Z</time>
      </trkpt>
      <trkpt lat="53.947443" lon="10.595528">
        <ele>44.992799</ele>
        <time>2026-07-22T08:44:42.482Z</time>
      </trkpt>
      <trkpt lat="53.949790" lon="10.594818">
        <ele>38.598781</ele>
        <time>2026-07-22T08:44:57.422Z</time>
      </trkpt>
      <trkpt lat="53.949936" lon="10.594738">
        <ele>38.005268</ele>
        <time>2026-07-22T08:44:58.307Z</time>
      </trkpt>
      <trkpt lat="53.950113" lon="10.594580">
        <ele>37.164290</ele>
        <time>2026-07-22T08:44:59.457Z</time>
      </trkpt>
      <trkpt lat="53.950646" lon="10.593830">
        <ele>34.995228</ele>
        <time>2026-07-22T08:45:03.665Z</time>
      </trkpt>
      <trkpt lat="53.950984" lon="10.593437">
        <ele>34.233014</ele>
        <time>2026-07-22T08:45:06.572Z</time>
      </trkpt>
      <trkpt lat="53.951049" lon="10.593357">
        <ele>33.761389</ele>
        <time>2026-07-22T08:45:07.025Z</time>
      </trkpt>
      <trkpt lat="53.951219" lon="10.593127">
        <ele>32.502555</ele>
        <time>2026-07-22T08:45:08.184Z</time>
      </trkpt>
      <trkpt lat="53.951366" lon="10.592864">
        <ele>31.647733</ele>
        <time>2026-07-22T08:45:09.416Z</time>
      </trkpt>
      <trkpt lat="53.951639" lon="10.592213">
        <ele>31.772981</ele>
        <time>2026-07-22T08:45:14.167Z</time>
      </trkpt>
      <trkpt lat="53.951791" lon="10.591641">
        <ele>32.945469</ele>
        <time>2026-07-22T08:45:20.419Z</time>
      </trkpt>
      <trkpt lat="53.951905" lon="10.590392">
        <ele>36.068109</ele>
        <time>2026-07-22T08:45:35.538Z</time>
      </trkpt>
      <trkpt lat="53.952340" lon="10.588632">
        <ele>37.055785</ele>
        <time>2026-07-22T08:45:47.345Z</time>
      </trkpt>
      <trkpt lat="53.952557" lon="10.587927">
        <ele>36.330180</ele>
        <time>2026-07-22T08:45:50.491Z</time>
      </trkpt>
      <trkpt lat="53.952784" lon="10.587450">
        <ele>35.832261</ele>
        <time>2026-07-22T08:45:53.009Z</time>
      </trkpt>
      <trkpt lat="53.953615" lon="10.586228">
        <ele>35.216290</ele>
        <time>2026-07-22T08:46:01.716Z</time>
      </trkpt>
      <trkpt lat="53.953724" lon="10.586414">
        <ele>35.250020</ele>
        <time>2026-07-22T08:46:03.504Z</time>
      </trkpt>
      <trkpt lat="53.953958" lon="10.587086">
        <ele>35.635600</ele>
        <time>2026-07-22T08:46:10.073Z</time>
      </trkpt>
      <trkpt lat="53.954194" lon="10.587844">
        <ele>36.527391</ele>
        <time>2026-07-22T08:46:18.069Z</time>
      </trkpt>
      <trkpt lat="53.954286" lon="10.588241">
        <ele>37.828259</ele>
        <time>2026-07-22T08:46:24.401Z</time>
      </trkpt>
      <trkpt lat="53.954315" lon="10.588481">
        <ele>38.633600</ele>
        <time>2026-07-22T08:46:28.547Z</time>
      </trkpt>
      <trkpt lat="53.954526" lon="10.590038">
        <ele>41.884256</ele>
        <time>2026-07-22T08:46:47.437Z</time>
      </trkpt>
      <trkpt lat="53.954530" lon="10.590630">
        <ele>43.032582</ele>
        <time>2026-07-22T08:46:54.226Z</time>
      </trkpt>
      <trkpt lat="53.955162" lon="10.591303">
        <ele>46.185588</ele>
        <time>2026-07-22T08:47:11.207Z</time>
      </trkpt>
      <trkpt lat="53.955404" lon="10.590684">
        <ele>47.794037</ele>
        <time>2026-07-22T08:47:20.619Z</time>
      </trkpt>
      <trkpt lat="53.955608" lon="10.589999">
        <ele>47.946019</ele>
        <time>2026-07-22T08:47:26.281Z</time>
      </trkpt>
      <trkpt lat="53.955712" lon="10.589566">
        <ele>47.735850</ele>
        <time>2026-07-22T08:47:29.104Z</time>
      </trkpt>
      <trkpt lat="53.955895" lon="10.588792">
        <ele>47.689557</ele>
        <time>2026-07-22T08:47:35.039Z</time>
      </trkpt>
      <trkpt lat="53.956060" lon="10.588237">
        <ele>47.586747</ele>
        <time>2026-07-22T08:47:39.323Z</time>
      </trkpt>
      <trkpt lat="53.956322" lon="10.587429">
        <ele>47.322904</ele>
        <time>2026-07-22T08:47:45.218Z</time>
      </trkpt>
      <trkpt lat="53.956480" lon="10.586833">
        <ele>47.339256</ele>
        <time>2026-07-22T08:47:49.949Z</time>
      </trkpt>
      <trkpt lat="53.956737" lon="10.586125">
        <ele>47.824678</ele>
        <time>2026-07-22T08:47:57.102Z</time>
      </trkpt>
      <trkpt lat="53.957219" lon="10.584925">
        <ele>49.288881</ele>
        <time>2026-07-22T08:48:11.011Z</time>
      </trkpt>
      <trkpt lat="53.957390" lon="10.584568">
        <ele>49.722415</ele>
        <time>2026-07-22T08:48:15.415Z</time>
      </trkpt>
      <trkpt lat="53.958115" lon="10.584243">
        <ele>51.247722</ele>
        <time>2026-07-22T08:48:28.233Z</time>
      </trkpt>
      <trkpt lat="53.959685" lon="10.583077">
        <ele>53.903322</ele>
        <time>2026-07-22T08:48:55.175Z</time>
      </trkpt>
      <trkpt lat="53.960050" lon="10.582693">
        <ele>54.595882</ele>
        <time>2026-07-22T08:49:02.193Z</time>
      </trkpt>
      <trkpt lat="53.960493" lon="10.582463">
        <ele>55.294268</ele>
        <time>2026-07-22T08:49:09.570Z</time>
      </trkpt>
      <trkpt lat="53.960769" lon="10.582247">
        <ele>55.659397</ele>
        <time>2026-07-22T08:49:14.077Z</time>
      </trkpt>
      <trkpt lat="53.961464" lon="10.581516">
        <ele>56.341270</ele>
        <time>2026-07-22T08:49:25.411Z</time>
      </trkpt>
      <trkpt lat="53.963070" lon="10.580438">
        <ele>59.891514</ele>
        <time>2026-07-22T08:49:55.160Z</time>
      </trkpt>
      <trkpt lat="53.964111" lon="10.579634">
        <ele>62.007147</ele>
        <time>2026-07-22T08:50:14.118Z</time>
      </trkpt>
      <trkpt lat="53.964311" lon="10.579500">
        <ele>62.174884</ele>
        <time>2026-07-22T08:50:16.920Z</time>
      </trkpt>
      <trkpt lat="53.964594" lon="10.579236">
        <ele>62.553085</ele>
        <time>2026-07-22T08:50:21.818Z</time>
      </trkpt>
      <trkpt lat="53.964823" lon="10.578925">
        <ele>62.576939</ele>
        <time>2026-07-22T08:50:25.783Z</time>
      </trkpt>
      <trkpt lat="53.964925" lon="10.578781">
        <ele>62.458619</ele>
        <time>2026-07-22T08:50:27.003Z</time>
      </trkpt>
      <trkpt lat="53.965819" lon="10.577465">
        <ele>61.998191</ele>
        <time>2026-07-22T08:50:40.509Z</time>
      </trkpt>
      <trkpt lat="53.966558" lon="10.576100">
        <ele>61.587255</ele>
        <time>2026-07-22T08:50:52.825Z</time>
      </trkpt>
      <trkpt lat="53.966769" lon="10.575767">
        <ele>61.507619</ele>
        <time>2026-07-22T08:50:55.970Z</time>
      </trkpt>
      <trkpt lat="53.967392" lon="10.574928">
        <ele>61.926116</ele>
        <time>2026-07-22T08:51:06.823Z</time>
      </trkpt>
      <trkpt lat="53.967939" lon="10.574415">
        <ele>62.802270</ele>
        <time>2026-07-22T08:51:16.629Z</time>
      </trkpt>
      <trkpt lat="53.968255" lon="10.574220">
        <ele>63.312798</ele>
        <time>2026-07-22T08:51:21.958Z</time>
      </trkpt>
      <trkpt lat="53.968443" lon="10.574029">
        <ele>63.647333</ele>
        <time>2026-07-22T08:51:25.440Z</time>
      </trkpt>
      <trkpt lat="53.968670" lon="10.573652">
        <ele>63.839648</ele>
        <time>2026-07-22T08:51:29.764Z</time>
      </trkpt>
      <trkpt lat="53.968798" lon="10.573374">
        <ele>63.755940</ele>
        <time>2026-07-22T08:51:32.051Z</time>
      </trkpt>
      <trkpt lat="53.969080" lon="10.572718">
        <ele>63.201111</ele>
        <time>2026-07-22T08:51:36.968Z</time>
      </trkpt>
      <trkpt lat="53.969313" lon="10.572335">
        <ele>62.811486</ele>
        <time>2026-07-22T08:51:40.232Z</time>
      </trkpt>
      <trkpt lat="53.969490" lon="10.572137">
        <ele>62.611617</ele>
        <time>2026-07-22T08:51:42.384Z</time>
      </trkpt>
      <trkpt lat="53.969889" lon="10.571575">
        <ele>62.401715</ele>
        <time>2026-07-22T08:51:48.094Z</time>
      </trkpt>
      <trkpt lat="53.970445" lon="10.571046">
        <ele>63.067171</ele>
        <time>2026-07-22T08:51:57.349Z</time>
      </trkpt>
      <trkpt lat="53.971260" lon="10.571860">
        <ele>66.997947</ele>
        <time>2026-07-22T08:52:18.704Z</time>
      </trkpt>
      <trkpt lat="53.971779" lon="10.572301">
        <ele>69.528899</ele>
        <time>2026-07-22T08:52:31.688Z</time>
      </trkpt>
      <trkpt lat="53.972030" lon="10.572455">
        <ele>70.786712</ele>
        <time>2026-07-22T08:52:38.415Z</time>
      </trkpt>
      <trkpt lat="53.973122" lon="10.572764">
        <ele>73.932138</ele>
        <time>2026-07-22T08:52:59.285Z</time>
      </trkpt>
      <trkpt lat="53.973586" lon="10.572935">
        <ele>74.359179</ele>
        <time>2026-07-22T08:53:05.962Z</time>
      </trkpt>
      <trkpt lat="53.974213" lon="10.573245">
        <ele>74.431989</ele>
        <time>2026-07-22T08:53:13.822Z</time>
      </trkpt>
      <trkpt lat="53.975284" lon="10.573600">
        <ele>75.322733</ele>
        <time>2026-07-22T08:53:29.303Z</time>
      </trkpt>
      <trkpt lat="53.976066" lon="10.573754">
        <ele>76.460318</ele>
        <time>2026-07-22T08:53:41.710Z</time>
      </trkpt>
      <trkpt lat="53.976312" lon="10.573754">
        <ele>76.611600</ele>
        <time>2026-07-22T08:53:45.012Z</time>
      </trkpt>
      <trkpt lat="53.976554" lon="10.573591">
        <ele>76.427745</ele>
        <time>2026-07-22T08:53:47.910Z</time>
      </trkpt>
      <trkpt lat="53.977125" lon="10.572960">
        <ele>74.945246</ele>
        <time>2026-07-22T08:53:54.213Z</time>
      </trkpt>
      <trkpt lat="53.977511" lon="10.572858">
        <ele>73.717512</ele>
        <time>2026-07-22T08:53:57.615Z</time>
      </trkpt>
      <trkpt lat="53.978530" lon="10.572899">
        <ele>70.545844</ele>
        <time>2026-07-22T08:54:06.582Z</time>
      </trkpt>
      <trkpt lat="53.980444" lon="10.572797">
        <ele>67.604492</ele>
        <time>2026-07-22T08:54:25.373Z</time>
      </trkpt>
      <trkpt lat="53.981401" lon="10.572471">
        <ele>66.227707</ele>
        <time>2026-07-22T08:54:35.105Z</time>
      </trkpt>
      <trkpt lat="53.983384" lon="10.571663">
        <ele>64.657145</ele>
        <time>2026-07-22T08:54:57.035Z</time>
      </trkpt>
      <trkpt lat="53.984983" lon="10.571433">
        <ele>61.472690</ele>
        <time>2026-07-22T08:55:12.265Z</time>
      </trkpt>
      <trkpt lat="53.985409" lon="10.571367">
        <ele>60.442693</ele>
        <time>2026-07-22T08:55:16.066Z</time>
      </trkpt>
      <trkpt lat="53.985568" lon="10.571306">
        <ele>60.741801</ele>
        <time>2026-07-22T08:55:18.725Z</time>
      </trkpt>
      <trkpt lat="53.986393" lon="10.570547">
        <ele>64.229451</ele>
        <time>2026-07-22T08:55:39.122Z</time>
      </trkpt>
      <trkpt lat="53.986444" lon="10.570622">
        <ele>64.346862</ele>
        <time>2026-07-22T08:55:40.050Z</time>
      </trkpt>
      <trkpt lat="53.986567" lon="10.570854">
        <ele>64.393125</ele>
        <time>2026-07-22T08:55:41.651Z</time>
      </trkpt>
      <trkpt lat="53.987016" lon="10.571522">
        <ele>62.282130</ele>
        <time>2026-07-22T08:55:45.225Z</time>
      </trkpt>
      <trkpt lat="53.987329" lon="10.571785">
        <ele>60.518041</ele>
        <time>2026-07-22T08:55:47.159Z</time>
      </trkpt>
      <trkpt lat="53.987528" lon="10.571894">
        <ele>59.897325</ele>
        <time>2026-07-22T08:55:48.438Z</time>
      </trkpt>
      <trkpt lat="53.988247" lon="10.571971">
        <ele>60.740128</ele>
        <time>2026-07-22T08:55:57.509Z</time>
      </trkpt>
      <trkpt lat="53.989008" lon="10.572215">
        <ele>61.240094</ele>
        <time>2026-07-22T08:56:05.489Z</time>
      </trkpt>
      <trkpt lat="53.989294" lon="10.572412">
        <ele>61.216488</ele>
        <time>2026-07-22T08:56:07.945Z</time>
      </trkpt>
      <trkpt lat="53.990544" lon="10.573630">
        <ele>63.540266</ele>
        <time>2026-07-22T08:56:27.458Z</time>
      </trkpt>
      <trkpt lat="53.990892" lon="10.573966">
        <ele>62.151948</ele>
        <time>2026-07-22T08:56:29.755Z</time>
      </trkpt>
      <trkpt lat="53.991045" lon="10.574169">
        <ele>61.471905</ele>
        <time>2026-07-22T08:56:30.920Z</time>
      </trkpt>
      <trkpt lat="53.991258" lon="10.574547">
        <ele>60.833922</ele>
        <time>2026-07-22T08:56:32.922Z</time>
      </trkpt>
      <trkpt lat="53.991586" lon="10.575239">
        <ele>60.127537</ele>
        <time>2026-07-22T08:56:36.593Z</time>
      </trkpt>
      <trkpt lat="53.992140" lon="10.576622">
        <ele>59.556638</ele>
        <time>2026-07-22T08:56:44.306Z</time>
      </trkpt>
      <trkpt lat="53.992320" lon="10.577135">
        <ele>59.746011</ele>
        <time>2026-07-22T08:56:47.987Z</time>
      </trkpt>
      <trkpt lat="53.992363" lon="10.577296">
        <ele>59.778450</ele>
        <time>2026-07-22T08:56:49.229Z</time>
      </trkpt>
      <trkpt lat="53.992423" lon="10.577733">
        <ele>59.536492</ele>
        <time>2026-07-22T08:56:51.292Z</time>
      </trkpt>
      <trkpt lat="53.992430" lon="10.577850">
        <ele>59.374497</ele>
        <time>2026-07-22T08:56:51.728Z</time>
      </trkpt>
      <trkpt lat="53.992876" lon="10.577826">
        <ele>57.538628</ele>
        <time>2026-07-22T08:56:54.282Z</time>
      </trkpt>
      <trkpt lat="53.993007" lon="10.577761">
        <ele>56.998673</ele>
        <time>2026-07-22T08:56:55.091Z</time>
      </trkpt>
      <trkpt lat="53.993245" lon="10.577801">
        <ele>56.186472</ele>
        <time>2026-07-22T08:56:56.515Z</time>
      </trkpt>
      <trkpt lat="53.995280" lon="10.578381">
        <ele>50.411211</ele>
        <time>2026-07-22T08:57:09.352Z</time>
      </trkpt>
      <trkpt lat="53.995664" lon="10.578444">
        <ele>50.002894</ele>
        <time>2026-07-22T08:57:12.305Z</time>
      </trkpt>
      <trkpt lat="53.996080" lon="10.578459">
        <ele>49.637535</ele>
        <time>2026-07-22T08:57:15.401Z</time>
      </trkpt>
      <trkpt lat="53.996651" lon="10.578366">
        <ele>48.532200</ele>
        <time>2026-07-22T08:57:19.201Z</time>
      </trkpt>
      <trkpt lat="53.996993" lon="10.578267">
        <ele>48.087266</ele>
        <time>2026-07-22T08:57:21.581Z</time>
      </trkpt>
      <trkpt lat="53.998037" lon="10.577811">
        <ele>48.022394</ele>
        <time>2026-07-22T08:57:31.148Z</time>
      </trkpt>
      <trkpt lat="53.998329" lon="10.577757">
        <ele>48.341337</ele>
        <time>2026-07-22T08:57:34.287Z</time>
      </trkpt>
      <trkpt lat="53.999053" lon="10.577861">
        <ele>50.412280</ele>
        <time>2026-07-22T08:57:45.319Z</time>
      </trkpt>
      <trkpt lat="53.999078" lon="10.577793">
        <ele>50.646354</ele>
        <time>2026-07-22T08:57:46.531Z</time>
      </trkpt>
      <trkpt lat="53.999523" lon="10.577843">
        <ele>54.594711</ele>
        <time>2026-07-22T08:58:00.633Z</time>
      </trkpt>
      <trkpt lat="54.000094" lon="10.577735">
        <ele>58.268795</ele>
        <time>2026-07-22T08:58:16.013Z</time>
      </trkpt>
      <trkpt lat="54.000923" lon="10.577526">
        <ele>57.536513</ele>
        <time>2026-07-22T08:58:21.702Z</time>
      </trkpt>
      <trkpt lat="54.001263" lon="10.577512">
        <ele>57.130207</ele>
        <time>2026-07-22T08:58:24.312Z</time>
      </trkpt>
      <trkpt lat="54.001972" lon="10.577557">
        <ele>54.726365</ele>
        <time>2026-07-22T08:58:28.549Z</time>
      </trkpt>
      <trkpt lat="54.002163" lon="10.577518">
        <ele>54.352721</ele>
        <time>2026-07-22T08:58:29.725Z</time>
      </trkpt>
      <trkpt lat="54.002552" lon="10.577292">
        <ele>54.733246</ele>
        <time>2026-07-22T08:58:34.703Z</time>
      </trkpt>
      <trkpt lat="54.002771" lon="10.577115">
        <ele>55.113409</ele>
        <time>2026-07-22T08:58:38.064Z</time>
      </trkpt>
      <trkpt lat="54.002884" lon="10.577023">
        <ele>55.243346</ele>
        <time>2026-07-22T08:58:39.438Z</time>
      </trkpt>
      <trkpt lat="54.003037" lon="10.576916">
        <ele>55.035217</ele>
        <time>2026-07-22T08:58:40.674Z</time>
      </trkpt>
      <trkpt lat="54.003287" lon="10.576739">
        <ele>54.114554</ele>
        <time>2026-07-22T08:58:42.270Z</time>
      </trkpt>
      <trkpt lat="54.003469" lon="10.576609">
        <ele>53.538607</ele>
        <time>2026-07-22T08:58:43.447Z</time>
      </trkpt>
      <trkpt lat="54.003624" lon="10.576548">
        <ele>53.538650</ele>
        <time>2026-07-22T08:58:44.838Z</time>
      </trkpt>
      <trkpt lat="54.003908" lon="10.576479">
        <ele>54.017477</ele>
        <time>2026-07-22T08:58:48.729Z</time>
      </trkpt>
      <trkpt lat="54.004462" lon="10.576436">
        <ele>55.373322</ele>
        <time>2026-07-22T08:58:57.015Z</time>
      </trkpt>
      <trkpt lat="54.004907" lon="10.576342">
        <ele>56.150240</ele>
        <time>2026-07-22T08:59:03.296Z</time>
      </trkpt>
      <trkpt lat="54.005425" lon="10.576010">
        <ele>56.210320</ele>
        <time>2026-07-22T08:59:07.704Z</time>
      </trkpt>
      <trkpt lat="54.005709" lon="10.575695">
        <ele>56.844971</ele>
        <time>2026-07-22T08:59:12.603Z</time>
      </trkpt>
      <trkpt lat="54.005991" lon="10.575382">
        <ele>57.860327</ele>
        <time>2026-07-22T08:59:17.996Z</time>
      </trkpt>
      <trkpt lat="54.006281" lon="10.575054">
        <ele>59.249736</ele>
        <time>2026-07-22T08:59:24.511Z</time>
      </trkpt>
      <trkpt lat="54.006580" lon="10.574820">
        <ele>60.265158</ele>
        <time>2026-07-22T08:59:30.273Z</time>
      </trkpt>
      <trkpt lat="54.006918" lon="10.574743">
        <ele>60.419210</ele>
        <time>2026-07-22T08:59:33.439Z</time>
      </trkpt>
      <trkpt lat="54.007077" lon="10.574683">
        <ele>60.283161</ele>
        <time>2026-07-22T08:59:34.633Z</time>
      </trkpt>
      <trkpt lat="54.007093" lon="10.574675">
        <ele>60.248857</ele>
        <time>2026-07-22T08:59:34.746Z</time>
      </trkpt>
      <trkpt lat="54.007413" lon="10.574452">
        <ele>59.550383</ele>
        <time>2026-07-22T08:59:36.955Z</time>
      </trkpt>
      <trkpt lat="54.007615" lon="10.574300">
        <ele>59.301932</ele>
        <time>2026-07-22T08:59:38.535Z</time>
      </trkpt>
      <trkpt lat="54.007973" lon="10.574102">
        <ele>59.470376</ele>
        <time>2026-07-22T08:59:42.328Z</time>
      </trkpt>
      <trkpt lat="54.008331" lon="10.573980">
        <ele>60.055491</ele>
        <time>2026-07-22T08:59:47.283Z</time>
      </trkpt>
      <trkpt lat="54.008492" lon="10.573909">
        <ele>60.026117</ele>
        <time>2026-07-22T08:59:49.125Z</time>
      </trkpt>
      <trkpt lat="54.008867" lon="10.573742">
        <ele>59.221415</ele>
        <time>2026-07-22T08:59:51.533Z</time>
      </trkpt>
      <trkpt lat="54.008975" lon="10.573706">
        <ele>58.962843</ele>
        <time>2026-07-22T08:59:52.268Z</time>
      </trkpt>
      <trkpt lat="54.009464" lon="10.573550">
        <ele>57.607192</ele>
        <time>2026-07-22T08:59:55.345Z</time>
      </trkpt>
      <trkpt lat="54.009656" lon="10.573508">
        <ele>57.484196</ele>
        <time>2026-07-22T08:59:56.969Z</time>
      </trkpt>
      <trkpt lat="54.009698" lon="10.573492">
        <ele>57.436290</ele>
        <time>2026-07-22T08:59:57.306Z</time>
      </trkpt>
      <trkpt lat="54.010007" lon="10.573371">
        <ele>57.033828</ele>
        <time>2026-07-22T08:59:59.536Z</time>
      </trkpt>
      <trkpt lat="54.010307" lon="10.573240">
        <ele>56.820078</ele>
        <time>2026-07-22T09:00:01.788Z</time>
      </trkpt>
      <trkpt lat="54.010454" lon="10.573177">
        <ele>57.221652</ele>
        <time>2026-07-22T09:00:04.098Z</time>
      </trkpt>
      <trkpt lat="54.010519" lon="10.573159">
        <ele>57.416353</ele>
        <time>2026-07-22T09:00:05.415Z</time>
      </trkpt>
      <trkpt lat="54.010739" lon="10.573101">
        <ele>58.115875</ele>
        <time>2026-07-22T09:00:09.594Z</time>
      </trkpt>
      <trkpt lat="54.011374" lon="10.573070">
        <ele>57.838295</ele>
        <time>2026-07-22T09:00:14.283Z</time>
      </trkpt>
      <trkpt lat="54.012070" lon="10.573051">
        <ele>59.122824</ele>
        <time>2026-07-22T09:00:23.482Z</time>
      </trkpt>
      <trkpt lat="54.012699" lon="10.573180">
        <ele>61.928675</ele>
        <time>2026-07-22T09:00:36.475Z</time>
      </trkpt>
      <trkpt lat="54.012833" lon="10.573218">
        <ele>62.353866</ele>
        <time>2026-07-22T09:00:38.731Z</time>
      </trkpt>
      <trkpt lat="54.013170" lon="10.573287">
        <ele>62.532369</ele>
        <time>2026-07-22T09:00:42.406Z</time>
      </trkpt>
      <trkpt lat="54.013474" lon="10.573347">
        <ele>61.775311</ele>
        <time>2026-07-22T09:00:44.269Z</time>
      </trkpt>
      <trkpt lat="54.013710" lon="10.573350">
        <ele>61.124238</ele>
        <time>2026-07-22T09:00:45.670Z</time>
      </trkpt>
      <trkpt lat="54.014125" lon="10.573178">
        <ele>61.650607</ele>
        <time>2026-07-22T09:00:51.043Z</time>
      </trkpt>
      <trkpt lat="54.014781" lon="10.572738">
        <ele>63.656223</ele>
        <time>2026-07-22T09:01:02.730Z</time>
      </trkpt>
      <trkpt lat="54.014803" lon="10.572723">
        <ele>63.670754</ele>
        <time>2026-07-22T09:01:03.030Z</time>
      </trkpt>
      <trkpt lat="54.015258" lon="10.572479">
        <ele>63.594023</ele>
        <time>2026-07-22T09:01:07.012Z</time>
      </trkpt>
      <trkpt lat="54.015529" lon="10.572346">
        <ele>63.268469</ele>
        <time>2026-07-22T09:01:08.867Z</time>
      </trkpt>
      <trkpt lat="54.015953" lon="10.572162">
        <ele>63.613623</ele>
        <time>2026-07-22T09:01:13.721Z</time>
      </trkpt>
      <trkpt lat="54.016233" lon="10.572058">
        <ele>63.991095</ele>
        <time>2026-07-22T09:01:17.386Z</time>
      </trkpt>
      <trkpt lat="54.016312" lon="10.572045">
        <ele>64.062394</ele>
        <time>2026-07-22T09:01:18.212Z</time>
      </trkpt>
      <trkpt lat="54.016953" lon="10.571930">
        <ele>64.488086</ele>
        <time>2026-07-22T09:01:24.884Z</time>
      </trkpt>
      <trkpt lat="54.017562" lon="10.571803">
        <ele>64.726719</ele>
        <time>2026-07-22T09:01:30.903Z</time>
      </trkpt>
      <trkpt lat="54.017758" lon="10.571712">
        <ele>64.893404</ele>
        <time>2026-07-22T09:01:33.163Z</time>
      </trkpt>
      <trkpt lat="54.018065" lon="10.571343">
        <ele>65.155899</ele>
        <time>2026-07-22T09:01:37.236Z</time>
      </trkpt>
      <trkpt lat="54.018266" lon="10.571017">
        <ele>65.232227</ele>
        <time>2026-07-22T09:01:39.796Z</time>
      </trkpt>
      <trkpt lat="54.018385" lon="10.570828">
        <ele>65.300907</ele>
        <time>2026-07-22T09:01:41.446Z</time>
      </trkpt>
      <trkpt lat="54.018910" lon="10.570152">
        <ele>65.588318</ele>
        <time>2026-07-22T09:01:48.369Z</time>
      </trkpt>
      <trkpt lat="54.019487" lon="10.569558">
        <ele>64.815301</ele>
        <time>2026-07-22T09:01:53.192Z</time>
      </trkpt>
      <trkpt lat="54.019912" lon="10.569078">
        <ele>63.480781</ele>
        <time>2026-07-22T09:01:56.404Z</time>
      </trkpt>
      <trkpt lat="54.020567" lon="10.568338">
        <ele>59.946174</ele>
        <time>2026-07-22T09:02:00.884Z</time>
      </trkpt>
      <trkpt lat="54.020889" lon="10.568075">
        <ele>58.831434</ele>
        <time>2026-07-22T09:02:03.055Z</time>
      </trkpt>
      <trkpt lat="54.021675" lon="10.567624">
        <ele>58.141603</ele>
        <time>2026-07-22T09:02:09.210Z</time>
      </trkpt>
      <trkpt lat="54.022009" lon="10.567310">
        <ele>58.653463</ele>
        <time>2026-07-22T09:02:14.354Z</time>
      </trkpt>
      <trkpt lat="54.022101" lon="10.567185">
        <ele>58.611941</ele>
        <time>2026-07-22T09:02:15.626Z</time>
      </trkpt>
      <trkpt lat="54.022662" lon="10.566144">
        <ele>56.948044</ele>
        <time>2026-07-22T09:02:20.973Z</time>
      </trkpt>
      <trkpt lat="54.023260" lon="10.565401">
        <ele>55.882301</ele>
        <time>2026-07-22T09:02:26.083Z</time>
      </trkpt>
      <trkpt lat="54.023415" lon="10.565211">
        <ele>55.741627</ele>
        <time>2026-07-22T09:02:27.790Z</time>
      </trkpt>
      <trkpt lat="54.023917" lon="10.564576">
        <ele>55.324477</ele>
        <time>2026-07-22T09:02:32.480Z</time>
      </trkpt>
      <trkpt lat="54.024283" lon="10.564193">
        <ele>55.215375</ele>
        <time>2026-07-22T09:02:36.075Z</time>
      </trkpt>
      <trkpt lat="54.024409" lon="10.564099">
        <ele>55.252558</ele>
        <time>2026-07-22T09:02:37.406Z</time>
      </trkpt>
      <trkpt lat="54.024707" lon="10.564046">
        <ele>55.480456</ele>
        <time>2026-07-22T09:02:40.736Z</time>
      </trkpt>
      <trkpt lat="54.025219" lon="10.564189">
        <ele>55.609541</ele>
        <time>2026-07-22T09:02:45.790Z</time>
      </trkpt>
      <trkpt lat="54.025589" lon="10.564311">
        <ele>55.195921</ele>
        <time>2026-07-22T09:02:48.458Z</time>
      </trkpt>
      <trkpt lat="54.025655" lon="10.564274">
        <ele>55.092729</ele>
        <time>2026-07-22T09:02:48.929Z</time>
      </trkpt>
      <trkpt lat="54.025978" lon="10.564349">
        <ele>54.471425</ele>
        <time>2026-07-22T09:02:51.202Z</time>
      </trkpt>
      <trkpt lat="54.026183" lon="10.564357">
        <ele>53.689535</ele>
        <time>2026-07-22T09:02:52.396Z</time>
      </trkpt>
      <trkpt lat="54.026290" lon="10.564279">
        <ele>53.141457</ele>
        <time>2026-07-22T09:02:53.059Z</time>
      </trkpt>
      <trkpt lat="54.026345" lon="10.564287">
        <ele>52.849110</ele>
        <time>2026-07-22T09:02:53.370Z</time>
      </trkpt>
      <trkpt lat="54.026474" lon="10.563898">
        <ele>51.548790</ele>
        <time>2026-07-22T09:02:54.821Z</time>
      </trkpt>
      <trkpt lat="54.026495" lon="10.563722">
        <ele>51.147542</ele>
        <time>2026-07-22T09:02:55.441Z</time>
      </trkpt>
      <trkpt lat="54.026582" lon="10.562838">
        <ele>51.110511</ele>
        <time>2026-07-22T09:03:00.549Z</time>
      </trkpt>
      <trkpt lat="54.026695" lon="10.562432">
        <ele>51.156753</ele>
        <time>2026-07-22T09:03:03.051Z</time>
      </trkpt>
      <trkpt lat="54.026856" lon="10.562132">
        <ele>51.097403</ele>
        <time>2026-07-22T09:03:05.027Z</time>
      </trkpt>
      <trkpt lat="54.027368" lon="10.561452">
        <ele>50.859494</ele>
        <time>2026-07-22T09:03:10.159Z</time>
      </trkpt>
      <trkpt lat="54.027609" lon="10.561072">
        <ele>51.059660</ele>
        <time>2026-07-22T09:03:13.648Z</time>
      </trkpt>
      <trkpt lat="54.028221" lon="10.559684">
        <ele>53.550068</ele>
        <time>2026-07-22T09:03:28.810Z</time>
      </trkpt>
      <trkpt lat="54.029008" lon="10.558403">
        <ele>55.374603</ele>
        <time>2026-07-22T09:03:42.792Z</time>
      </trkpt>
      <trkpt lat="54.029217" lon="10.557954">
        <ele>55.814483</ele>
        <time>2026-07-22T09:03:46.943Z</time>
      </trkpt>
      <trkpt lat="54.029447" lon="10.557312">
        <ele>56.492140</ele>
        <time>2026-07-22T09:03:52.449Z</time>
      </trkpt>
      <trkpt lat="54.029794" lon="10.556526">
        <ele>57.268177</ele>
        <time>2026-07-22T09:03:59.413Z</time>
      </trkpt>
      <trkpt lat="54.030379" lon="10.555370">
        <ele>58.194039</ele>
        <time>2026-07-22T09:04:09.705Z</time>
      </trkpt>
      <trkpt lat="54.030727" lon="10.554894">
        <ele>58.619724</ele>
        <time>2026-07-22T09:04:14.676Z</time>
      </trkpt>
      <trkpt lat="54.031843" lon="10.553670">
        <ele>60.095153</ele>
        <time>2026-07-22T09:04:30.093Z</time>
      </trkpt>
      <trkpt lat="54.031817" lon="10.553596">
        <ele>60.146269</ele>
        <time>2026-07-22T09:04:31.340Z</time>
      </trkpt>
      <trkpt lat="54.032313" lon="10.553018">
        <ele>60.442378</ele>
        <time>2026-07-22T09:04:37.319Z</time>
      </trkpt>
      <trkpt lat="54.032961" lon="10.552140">
        <ele>59.891480</ele>
        <time>2026-07-22T09:04:43.870Z</time>
      </trkpt>
      <trkpt lat="54.033280" lon="10.551398">
        <ele>57.961007</ele>
        <time>2026-07-22T09:04:47.099Z</time>
      </trkpt>
      <trkpt lat="54.033969" lon="10.549193">
        <ele>50.047821</ele>
        <time>2026-07-22T09:04:55.258Z</time>
      </trkpt>
      <trkpt lat="54.034138" lon="10.548717">
        <ele>49.312969</ele>
        <time>2026-07-22T09:04:57.381Z</time>
      </trkpt>
      <trkpt lat="54.034497" lon="10.548003">
        <ele>49.064964</ele>
        <time>2026-07-22T09:05:01.980Z</time>
      </trkpt>
      <trkpt lat="54.034761" lon="10.547653">
        <ele>48.778269</ele>
        <time>2026-07-22T09:05:04.483Z</time>
      </trkpt>
      <trkpt lat="54.035069" lon="10.547328">
        <ele>48.297578</ele>
        <time>2026-07-22T09:05:07.027Z</time>
      </trkpt>
      <trkpt lat="54.036106" lon="10.546359">
        <ele>46.604435</ele>
        <time>2026-07-22T09:05:15.282Z</time>
      </trkpt>
      <trkpt lat="54.036282" lon="10.546120">
        <ele>46.317412</ele>
        <time>2026-07-22T09:05:16.852Z</time>
      </trkpt>
      <trkpt lat="54.037223" lon="10.544168">
        <ele>45.013315</ele>
        <time>2026-07-22T09:05:27.984Z</time>
      </trkpt>
      <trkpt lat="54.038263" lon="10.541045">
        <ele>43.760817</ele>
        <time>2026-07-22T09:05:44.343Z</time>
      </trkpt>
      <trkpt lat="54.038498" lon="10.540469">
        <ele>44.222474</ele>
        <time>2026-07-22T09:05:49.072Z</time>
      </trkpt>
      <trkpt lat="54.038851" lon="10.539753">
        <ele>45.214021</ele>
        <time>2026-07-22T09:05:56.570Z</time>
      </trkpt>
      <trkpt lat="54.039195" lon="10.539187">
        <ele>46.153925</ele>
        <time>2026-07-22T09:06:03.174Z</time>
      </trkpt>
      <trkpt lat="54.039501" lon="10.538763">
        <ele>46.634702</ele>
        <time>2026-07-22T09:06:07.886Z</time>
      </trkpt>
      <trkpt lat="54.039943" lon="10.538063">
        <ele>46.624741</ele>
        <time>2026-07-22T09:06:13.150Z</time>
      </trkpt>
      <trkpt lat="54.039740" lon="10.537712">
        <ele>46.103530</ele>
        <time>2026-07-22T09:06:15.049Z</time>
      </trkpt>
      <trkpt lat="54.040089" lon="10.537643">
        <ele>45.414956</ele>
        <time>2026-07-22T09:06:17.383Z</time>
      </trkpt>
      <trkpt lat="54.040391" lon="10.537152">
        <ele>44.711720</ele>
        <time>2026-07-22T09:06:20.193Z</time>
      </trkpt>
      <trkpt lat="54.040583" lon="10.537028">
        <ele>44.412407</ele>
        <time>2026-07-22T09:06:21.595Z</time>
      </trkpt>
      <trkpt lat="54.041434" lon="10.535770">
        <ele>42.987852</ele>
        <time>2026-07-22T09:06:29.657Z</time>
      </trkpt>
      <trkpt lat="54.041531" lon="10.535610">
        <ele>42.802526</ele>
        <time>2026-07-22T09:06:30.592Z</time>
      </trkpt>
      <trkpt lat="54.041613" lon="10.535395">
        <ele>42.580893</ele>
        <time>2026-07-22T09:06:31.614Z</time>
      </trkpt>
      <trkpt lat="54.041713" lon="10.535331">
        <ele>42.444561</ele>
        <time>2026-07-22T09:06:32.347Z</time>
      </trkpt>
      <trkpt lat="54.043245" lon="10.532968">
        <ele>40.173535</ele>
        <time>2026-07-22T09:06:47.329Z</time>
      </trkpt>
      <trkpt lat="54.043647" lon="10.532512">
        <ele>40.034337</ele>
        <time>2026-07-22T09:06:51.328Z</time>
      </trkpt>
      <trkpt lat="54.044058" lon="10.532139">
        <ele>40.197148</ele>
        <time>2026-07-22T09:06:56.074Z</time>
      </trkpt>
      <trkpt lat="54.044312" lon="10.531994">
        <ele>40.311427</ele>
        <time>2026-07-22T09:06:58.681Z</time>
      </trkpt>
      <trkpt lat="54.044601" lon="10.531889">
        <ele>40.485394</ele>
        <time>2026-07-22T09:07:01.604Z</time>
      </trkpt>
      <trkpt lat="54.045332" lon="10.531495">
        <ele>40.840309</ele>
        <time>2026-07-22T09:07:09.243Z</time>
      </trkpt>
      <trkpt lat="54.046670" lon="10.530723">
        <ele>42.436821</ele>
        <time>2026-07-22T09:07:25.691Z</time>
      </trkpt>
      <trkpt lat="54.046924" lon="10.530513">
        <ele>43.013558</ele>
        <time>2026-07-22T09:07:29.692Z</time>
      </trkpt>
      <trkpt lat="54.047354" lon="10.530307">
        <ele>44.064799</ele>
        <time>2026-07-22T09:07:36.158Z</time>
      </trkpt>
      <trkpt lat="54.048028" lon="10.530226">
        <ele>45.169612</ele>
        <time>2026-07-22T09:07:44.930Z</time>
      </trkpt>
      <trkpt lat="54.048231" lon="10.530352">
        <ele>45.359192</ele>
        <time>2026-07-22T09:07:47.213Z</time>
      </trkpt>
      <trkpt lat="54.049092" lon="10.530365">
        <ele>45.232339</ele>
        <time>2026-07-22T09:07:54.647Z</time>
      </trkpt>
      <trkpt lat="54.049153" lon="10.530493">
        <ele>45.069204</ele>
        <time>2026-07-22T09:07:55.277Z</time>
      </trkpt>
      <trkpt lat="54.049261" lon="10.530485">
        <ele>44.860911</ele>
        <time>2026-07-22T09:07:55.970Z</time>
      </trkpt>
      <trkpt lat="54.050034" lon="10.530500">
        <ele>44.062951</ele>
        <time>2026-07-22T09:08:01.672Z</time>
      </trkpt>
      <trkpt lat="54.050224" lon="10.530468">
        <ele>43.757534</ele>
        <time>2026-07-22T09:08:02.997Z</time>
      </trkpt>
      <trkpt lat="54.051217" lon="10.530098">
        <ele>41.038748</ele>
        <time>2026-07-22T09:08:09.430Z</time>
      </trkpt>
      <trkpt lat="54.052106" lon="10.530000">
        <ele>36.239305</ele>
        <time>2026-07-22T09:08:14.378Z</time>
      </trkpt>
      <trkpt lat="54.052556" lon="10.529984">
        <ele>34.179461</ele>
        <time>2026-07-22T09:08:16.940Z</time>
      </trkpt>
      <trkpt lat="54.052810" lon="10.529984">
        <ele>33.678099</ele>
        <time>2026-07-22T09:08:18.641Z</time>
      </trkpt>
      <trkpt lat="54.052948" lon="10.530040">
        <ele>33.672147</ele>
        <time>2026-07-22T09:08:19.965Z</time>
      </trkpt>
      <trkpt lat="54.053326" lon="10.530312">
        <ele>34.165782</ele>
        <time>2026-07-22T09:08:24.763Z</time>
      </trkpt>
      <trkpt lat="54.053547" lon="10.530546">
        <ele>34.905526</ele>
        <time>2026-07-22T09:08:28.829Z</time>
      </trkpt>
      <trkpt lat="54.053863" lon="10.530852">
        <ele>36.453895</ele>
        <time>2026-07-22T09:08:36.186Z</time>
      </trkpt>
      <trkpt lat="54.054043" lon="10.530957">
        <ele>37.004996</ele>
        <time>2026-07-22T09:08:39.348Z</time>
      </trkpt>
      <trkpt lat="54.054395" lon="10.531144">
        <ele>37.366530</ele>
        <time>2026-07-22T09:08:43.551Z</time>
      </trkpt>
      <trkpt lat="54.055060" lon="10.531452">
        <ele>37.249362</ele>
        <time>2026-07-22T09:08:49.039Z</time>
      </trkpt>
      <trkpt lat="54.055283" lon="10.531502">
        <ele>37.216020</ele>
        <time>2026-07-22T09:08:51.313Z</time>
      </trkpt>
      <trkpt lat="54.055662" lon="10.531459">
        <ele>36.958950</ele>
        <time>2026-07-22T09:08:54.065Z</time>
      </trkpt>
      <trkpt lat="54.055802" lon="10.531433">
        <ele>36.954102</ele>
        <time>2026-07-22T09:08:55.399Z</time>
      </trkpt>
      <trkpt lat="54.056078" lon="10.531417">
        <ele>37.241176</ele>
        <time>2026-07-22T09:08:58.652Z</time>
      </trkpt>
      <trkpt lat="54.056341" lon="10.531402">
        <ele>37.852822</ele>
        <time>2026-07-22T09:09:02.235Z</time>
      </trkpt>
      <trkpt lat="54.056604" lon="10.531437">
        <ele>38.637106</ele>
        <time>2026-07-22T09:09:06.949Z</time>
      </trkpt>
      <trkpt lat="54.057099" lon="10.531619">
        <ele>39.944125</ele>
        <time>2026-07-22T09:09:14.518Z</time>
      </trkpt>
      <trkpt lat="54.057299" lon="10.531650">
        <ele>40.265455</ele>
        <time>2026-07-22T09:09:16.889Z</time>
      </trkpt>
      <trkpt lat="54.057743" lon="10.531695">
        <ele>40.678028</ele>
        <time>2026-07-22T09:09:21.955Z</time>
      </trkpt>
      <trkpt lat="54.057831" lon="10.531601">
        <ele>40.752566</ele>
        <time>2026-07-22T09:09:22.759Z</time>
      </trkpt>
      <trkpt lat="54.057919" lon="10.531932">
        <ele>41.198411</ele>
        <time>2026-07-22T09:09:25.621Z</time>
      </trkpt>
      <trkpt lat="54.057948" lon="10.532210">
        <ele>41.504269</ele>
        <time>2026-07-22T09:09:29.085Z</time>
      </trkpt>
      <trkpt lat="54.058514" lon="10.532342">
        <ele>39.972294</ele>
        <time>2026-07-22T09:09:32.545Z</time>
      </trkpt>
      <trkpt lat="54.058884" lon="10.532502">
        <ele>38.530382</ele>
        <time>2026-07-22T09:09:34.794Z</time>
      </trkpt>
      <trkpt lat="54.059143" lon="10.532744">
        <ele>37.637738</ele>
        <time>2026-07-22T09:09:36.612Z</time>
      </trkpt>
      <trkpt lat="54.059417" lon="10.533135">
        <ele>36.850502</ele>
        <time>2026-07-22T09:09:38.905Z</time>
      </trkpt>
      <trkpt lat="54.059780" lon="10.533903">
        <ele>36.422418</ele>
        <time>2026-07-22T09:09:43.137Z</time>
      </trkpt>
      <trkpt lat="54.060564" lon="10.535551">
        <ele>38.282607</ele>
        <time>2026-07-22T09:09:58.924Z</time>
      </trkpt>
      <trkpt lat="54.060641" lon="10.535763">
        <ele>38.769812</ele>
        <time>2026-07-22T09:10:01.640Z</time>
      </trkpt>
      <trkpt lat="54.061109" lon="10.537053">
        <ele>41.557989</ele>
        <time>2026-07-22T09:10:16.270Z</time>
      </trkpt>
      <trkpt lat="54.062419" lon="10.540271">
        <ele>47.074776</ele>
        <time>2026-07-22T09:10:50.018Z</time>
      </trkpt>
      <trkpt lat="54.062588" lon="10.540745">
        <ele>47.668511</ele>
        <time>2026-07-22T09:10:54.216Z</time>
      </trkpt>
      <trkpt lat="54.062799" lon="10.541215">
        <ele>48.133880</ele>
        <time>2026-07-22T09:10:58.353Z</time>
      </trkpt>
      <trkpt lat="54.063222" lon="10.542028">
        <ele>49.309692</ele>
        <time>2026-07-22T09:11:06.940Z</time>
      </trkpt>
      <trkpt lat="54.063608" lon="10.542657">
        <ele>50.352098</ele>
        <time>2026-07-22T09:11:14.281Z</time>
      </trkpt>
      <trkpt lat="54.064439" lon="10.543836">
        <ele>50.802313</ele>
        <time>2026-07-22T09:11:25.106Z</time>
      </trkpt>
      <trkpt lat="54.064773" lon="10.544239">
        <ele>50.141991</ele>
        <time>2026-07-22T09:11:27.858Z</time>
      </trkpt>
      <trkpt lat="54.065014" lon="10.544365">
        <ele>49.456321</ele>
        <time>2026-07-22T09:11:29.428Z</time>
      </trkpt>
      <trkpt lat="54.065850" lon="10.544583">
        <ele>46.472311</ele>
        <time>2026-07-22T09:11:34.464Z</time>
      </trkpt>
      <trkpt lat="54.066003" lon="10.544569">
        <ele>46.101921</ele>
        <time>2026-07-22T09:11:35.456Z</time>
      </trkpt>
      <trkpt lat="54.066719" lon="10.544371">
        <ele>45.796633</ele>
        <time>2026-07-22T09:11:41.264Z</time>
      </trkpt>
      <trkpt lat="54.067898" lon="10.543911">
        <ele>46.610301</ele>
        <time>2026-07-22T09:11:54.052Z</time>
      </trkpt>
      <trkpt lat="54.068092" lon="10.543792">
        <ele>46.886331</ele>
        <time>2026-07-22T09:11:56.375Z</time>
      </trkpt>
      <trkpt lat="54.068395" lon="10.543537">
        <ele>47.818930</ele>
        <time>2026-07-22T09:12:01.630Z</time>
      </trkpt>
      <trkpt lat="54.068694" lon="10.543279">
        <ele>49.353006</ele>
        <time>2026-07-22T09:12:09.008Z</time>
      </trkpt>
      <trkpt lat="54.069006" lon="10.543145">
        <ele>50.258841</ele>
        <time>2026-07-22T09:12:13.614Z</time>
      </trkpt>
      <trkpt lat="54.069289" lon="10.543098">
        <ele>50.662340</ele>
        <time>2026-07-22T09:12:17.246Z</time>
      </trkpt>
      <trkpt lat="54.069567" lon="10.543171">
        <ele>50.862038</ele>
        <time>2026-07-22T09:12:20.221Z</time>
      </trkpt>
      <trkpt lat="54.069931" lon="10.543355">
        <ele>50.784646</ele>
        <time>2026-07-22T09:12:23.612Z</time>
      </trkpt>
      <trkpt lat="54.070515" lon="10.542220">
        <ele>49.476397</ele>
        <time>2026-07-22T09:12:29.616Z</time>
      </trkpt>
      <trkpt lat="54.071540" lon="10.540421">
        <ele>48.652850</ele>
        <time>2026-07-22T09:12:41.352Z</time>
      </trkpt>
      <trkpt lat="54.071701" lon="10.540242">
        <ele>48.368316</ele>
        <time>2026-07-22T09:12:42.671Z</time>
      </trkpt>
      <trkpt lat="54.071877" lon="10.540115">
        <ele>47.959457</ele>
        <time>2026-07-22T09:12:43.907Z</time>
      </trkpt>
      <trkpt lat="54.072038" lon="10.539874">
        <ele>47.345573</ele>
        <time>2026-07-22T09:12:45.244Z</time>
      </trkpt>
      <trkpt lat="54.072431" lon="10.538762">
        <ele>44.788211</ele>
        <time>2026-07-22T09:12:49.842Z</time>
      </trkpt>
      <trkpt lat="54.072757" lon="10.538149">
        <ele>43.079389</ele>
        <time>2026-07-22T09:12:52.715Z</time>
      </trkpt>
      <trkpt lat="54.072941" lon="10.538127">
        <ele>42.973409</ele>
        <time>2026-07-22T09:12:54.028Z</time>
      </trkpt>
      <trkpt lat="54.073505" lon="10.538330">
        <ele>44.559841</ele>
        <time>2026-07-22T09:13:02.989Z</time>
      </trkpt>
      <trkpt lat="54.074617" lon="10.539613">
        <ele>50.600687</ele>
        <time>2026-07-22T09:13:30.114Z</time>
      </trkpt>
      <trkpt lat="54.074922" lon="10.539913">
        <ele>51.652088</ele>
        <time>2026-07-22T09:13:35.561Z</time>
      </trkpt>
      <trkpt lat="54.075121" lon="10.540045">
        <ele>51.957327</ele>
        <time>2026-07-22T09:13:38.193Z</time>
      </trkpt>
      <trkpt lat="54.075398" lon="10.540085">
        <ele>52.058247</ele>
        <time>2026-07-22T09:13:40.897Z</time>
      </trkpt>
      <trkpt lat="54.075808" lon="10.540055">
        <ele>51.818865</ele>
        <time>2026-07-22T09:13:44.125Z</time>
      </trkpt>
      <trkpt lat="54.076474" lon="10.540168">
        <ele>51.720404</ele>
        <time>2026-07-22T09:13:49.723Z</time>
      </trkpt>
      <trkpt lat="54.077821" lon="10.540314">
        <ele>52.259032</ele>
        <time>2026-07-22T09:14:03.330Z</time>
      </trkpt>
      <trkpt lat="54.078217" lon="10.540323">
        <ele>52.029126</ele>
        <time>2026-07-22T09:14:06.261Z</time>
      </trkpt>
      <trkpt lat="54.078755" lon="10.540241">
        <ele>51.926860</ele>
        <time>2026-07-22T09:14:10.949Z</time>
      </trkpt>
      <trkpt lat="54.079107" lon="10.540307">
        <ele>52.058140</ele>
        <time>2026-07-22T09:14:14.442Z</time>
      </trkpt>
      <trkpt lat="54.079509" lon="10.540491">
        <ele>51.796892</ele>
        <time>2026-07-22T09:14:18.099Z</time>
      </trkpt>
      <trkpt lat="54.080069" lon="10.540953">
        <ele>49.456887</ele>
        <time>2026-07-22T09:14:21.754Z</time>
      </trkpt>
      <trkpt lat="54.080689" lon="10.541312">
        <ele>45.559325</ele>
        <time>2026-07-22T09:14:25.337Z</time>
      </trkpt>
      <trkpt lat="54.081025" lon="10.541704">
        <ele>43.523203</ele>
        <time>2026-07-22T09:14:27.647Z</time>
      </trkpt>
      <trkpt lat="54.081179" lon="10.541824">
        <ele>42.862658</ele>
        <time>2026-07-22T09:14:28.637Z</time>
      </trkpt>
      <trkpt lat="54.081350" lon="10.541857">
        <ele>42.362435</ele>
        <time>2026-07-22T09:14:29.696Z</time>
      </trkpt>
      <trkpt lat="54.082461" lon="10.541594">
        <ele>40.267219</ele>
        <time>2026-07-22T09:14:37.157Z</time>
      </trkpt>
      <trkpt lat="54.083023" lon="10.541275">
        <ele>39.794258</ele>
        <time>2026-07-22T09:14:41.678Z</time>
      </trkpt>
      <trkpt lat="54.083265" lon="10.541178">
        <ele>39.571444</ele>
        <time>2026-07-22T09:14:43.573Z</time>
      </trkpt>
      <trkpt lat="54.083817" lon="10.540738">
        <ele>38.780399</ele>
        <time>2026-07-22T09:14:47.869Z</time>
      </trkpt>
      <trkpt lat="54.083964" lon="10.540660">
        <ele>38.482158</ele>
        <time>2026-07-22T09:14:48.887Z</time>
      </trkpt>
      <trkpt lat="54.084096" lon="10.540634">
        <ele>38.237118</ele>
        <time>2026-07-22T09:14:49.788Z</time>
      </trkpt>
      <trkpt lat="54.084360" lon="10.540765">
        <ele>37.773426</ele>
        <time>2026-07-22T09:14:51.660Z</time>
      </trkpt>
      <trkpt lat="54.084489" lon="10.540928">
        <ele>37.473862</ele>
        <time>2026-07-22T09:14:52.723Z</time>
      </trkpt>
      <trkpt lat="54.084654" lon="10.541224">
        <ele>36.937446</ele>
        <time>2026-07-22T09:14:54.260Z</time>
      </trkpt>
      <trkpt lat="54.084764" lon="10.541572">
        <ele>36.528162</ele>
        <time>2026-07-22T09:14:55.809Z</time>
      </trkpt>
      <trkpt lat="54.084975" lon="10.542608">
        <ele>35.749101</ele>
        <time>2026-07-22T09:15:00.420Z</time>
      </trkpt>
      <trkpt lat="54.085021" lon="10.542932">
        <ele>35.700000</ele>
        <time>2026-07-22T09:15:02.162Z</time>
      </trkpt>
      <trkpt lat="54.084974" lon="10.543817">
        <ele>35.633686</ele>
        <time>2026-07-22T09:15:06.617Z</time>
      </trkpt>
      <trkpt lat="54.084986" lon="10.544077">
        <ele>35.504234</ele>
        <time>2026-07-22T09:15:07.761Z</time>
      </trkpt>
      <trkpt lat="54.085362" lon="10.545719">
        <ele>34.533412</ele>
        <time>2026-07-22T09:15:15.192Z</time>
      </trkpt>
      <trkpt lat="54.085596" lon="10.546495">
        <ele>36.075772</ele>
        <time>2026-07-22T09:15:23.459Z</time>
      </trkpt>
      <trkpt lat="54.085761" lon="10.547303">
        <ele>39.649059</ele>
        <time>2026-07-22T09:15:37.454Z</time>
      </trkpt>
      <trkpt lat="54.085911" lon="10.547784">
        <ele>40.698471</ele>
        <time>2026-07-22T09:15:43.073Z</time>
      </trkpt>
      <trkpt lat="54.086025" lon="10.548035">
        <ele>40.608277</ele>
        <time>2026-07-22T09:15:44.391Z</time>
      </trkpt>
      <trkpt lat="54.086110" lon="10.548177">
        <ele>40.287004</ele>
        <time>2026-07-22T09:15:45.113Z</time>
      </trkpt>
      <trkpt lat="54.086551" lon="10.548656">
        <ele>37.851281</ele>
        <time>2026-07-22T09:15:48.040Z</time>
      </trkpt>
      <trkpt lat="54.087152" lon="10.548628">
        <ele>37.306311</ele>
        <time>2026-07-22T09:15:52.908Z</time>
      </trkpt>
      <trkpt lat="54.087455" lon="10.548681">
        <ele>37.196096</ele>
        <time>2026-07-22T09:15:55.333Z</time>
      </trkpt>
      <trkpt lat="54.087657" lon="10.548799">
        <ele>37.146816</ele>
        <time>2026-07-22T09:15:57.098Z</time>
      </trkpt>
      <trkpt lat="54.088051" lon="10.549328">
        <ele>37.658691</ele>
        <time>2026-07-22T09:16:02.313Z</time>
      </trkpt>
      <trkpt lat="54.088975" lon="10.550209">
        <ele>41.187579</ele>
        <time>2026-07-22T09:16:20.734Z</time>
      </trkpt>
      <trkpt lat="54.089048" lon="10.550230">
        <ele>41.407533</ele>
        <time>2026-07-22T09:16:22.271Z</time>
      </trkpt>
      <trkpt lat="54.089359" lon="10.550116">
        <ele>42.297143</ele>
        <time>2026-07-22T09:16:26.663Z</time>
      </trkpt>
      <trkpt lat="54.089605" lon="10.549914">
        <ele>43.368318</ele>
        <time>2026-07-22T09:16:32.253Z</time>
      </trkpt>
      <trkpt lat="54.089767" lon="10.550463">
        <ele>43.970787</ele>
        <time>2026-07-22T09:16:36.331Z</time>
      </trkpt>
      <trkpt lat="54.089866" lon="10.551120">
        <ele>44.782022</ele>
        <time>2026-07-22T09:16:42.355Z</time>
      </trkpt>
      <trkpt lat="54.090032" lon="10.551427">
        <ele>45.032977</ele>
        <time>2026-07-22T09:16:44.862Z</time>
      </trkpt>
      <trkpt lat="54.090273" lon="10.551731">
        <ele>45.258910</ele>
        <time>2026-07-22T09:16:48.250Z</time>
      </trkpt>
      <trkpt lat="54.091055" lon="10.552627">
        <ele>45.218376</ele>
        <time>2026-07-22T09:16:56.210Z</time>
      </trkpt>
      <trkpt lat="54.091288" lon="10.552777">
        <ele>45.327842</ele>
        <time>2026-07-22T09:16:58.821Z</time>
      </trkpt>
      <trkpt lat="54.091464" lon="10.552750">
        <ele>45.481474</ele>
        <time>2026-07-22T09:17:00.812Z</time>
      </trkpt>
      <trkpt lat="54.092444" lon="10.552217">
        <ele>45.813098</ele>
        <time>2026-07-22T09:17:11.107Z</time>
      </trkpt>
      <trkpt lat="54.092587" lon="10.552274">
        <ele>45.535440</ele>
        <time>2026-07-22T09:17:12.035Z</time>
      </trkpt>
      <trkpt lat="54.092961" lon="10.552788">
        <ele>43.556860</ele>
        <time>2026-07-22T09:17:14.828Z</time>
      </trkpt>
      <trkpt lat="54.093176" lon="10.552863">
        <ele>42.564220</ele>
        <time>2026-07-22T09:17:16.082Z</time>
      </trkpt>
      <trkpt lat="54.093672" lon="10.552746">
        <ele>40.641158</ele>
        <time>2026-07-22T09:17:19.014Z</time>
      </trkpt>
      <trkpt lat="54.093932" lon="10.552884">
        <ele>40.144731</ele>
        <time>2026-07-22T09:17:20.879Z</time>
      </trkpt>
      <trkpt lat="54.094070" lon="10.553110">
        <ele>40.107813</ele>
        <time>2026-07-22T09:17:22.435Z</time>
      </trkpt>
      <trkpt lat="54.094454" lon="10.554271">
        <ele>41.153123</ele>
        <time>2026-07-22T09:17:31.980Z</time>
      </trkpt>
      <trkpt lat="54.095130" lon="10.555664">
        <ele>44.039689</ele>
        <time>2026-07-22T09:17:48.645Z</time>
      </trkpt>
      <trkpt lat="54.095197" lon="10.555857">
        <ele>44.173568</ele>
        <time>2026-07-22T09:17:50.182Z</time>
      </trkpt>
      <trkpt lat="54.095237" lon="10.556156">
        <ele>44.133793</ele>
        <time>2026-07-22T09:17:51.710Z</time>
      </trkpt>
      <trkpt lat="54.095258" lon="10.557296">
        <ele>42.895161</ele>
        <time>2026-07-22T09:17:56.126Z</time>
      </trkpt>
      <trkpt lat="54.095294" lon="10.557695">
        <ele>42.475309</ele>
        <time>2026-07-22T09:17:57.684Z</time>
      </trkpt>
      <trkpt lat="54.095559" lon="10.559548">
        <ele>41.554537</ele>
        <time>2026-07-22T09:18:06.141Z</time>
      </trkpt>
      <trkpt lat="54.095650" lon="10.560004">
        <ele>41.102263</ele>
        <time>2026-07-22T09:18:08.055Z</time>
      </trkpt>
      <trkpt lat="54.095873" lon="10.560580">
        <ele>40.432270</ele>
        <time>2026-07-22T09:18:10.808Z</time>
      </trkpt>
      <trkpt lat="54.095933" lon="10.560803">
        <ele>40.261731</ele>
        <time>2026-07-22T09:18:11.828Z</time>
      </trkpt>
      <trkpt lat="54.096115" lon="10.561704">
        <ele>40.337888</ele>
        <time>2026-07-22T09:18:16.874Z</time>
      </trkpt>
      <trkpt lat="54.096184" lon="10.561865">
        <ele>40.410406</ele>
        <time>2026-07-22T09:18:18.233Z</time>
      </trkpt>
      <trkpt lat="54.096287" lon="10.561891">
        <ele>40.505233</ele>
        <time>2026-07-22T09:18:19.489Z</time>
      </trkpt>
      <trkpt lat="54.097393" lon="10.561137">
        <ele>41.646805</ele>
        <time>2026-07-22T09:18:32.832Z</time>
      </trkpt>
      <trkpt lat="54.097518" lon="10.561165">
        <ele>41.695074</ele>
        <time>2026-07-22T09:18:34.008Z</time>
      </trkpt>
      <trkpt lat="54.097604" lon="10.561382">
        <ele>41.687338</ele>
        <time>2026-07-22T09:18:35.317Z</time>
      </trkpt>
      <trkpt lat="54.097953" lon="10.563326">
        <ele>41.278458</ele>
        <time>2026-07-22T09:18:45.109Z</time>
      </trkpt>
      <trkpt lat="54.098150" lon="10.564079">
        <ele>40.837214</ele>
        <time>2026-07-22T09:18:48.729Z</time>
      </trkpt>
      <trkpt lat="54.098225" lon="10.564292">
        <ele>40.605466</ele>
        <time>2026-07-22T09:18:49.706Z</time>
      </trkpt>
      <trkpt lat="54.098304" lon="10.564418">
        <ele>40.382637</ele>
        <time>2026-07-22T09:18:50.408Z</time>
      </trkpt>
      <trkpt lat="54.098664" lon="10.564741">
        <ele>39.530700</ele>
        <time>2026-07-22T09:18:53.071Z</time>
      </trkpt>
      <trkpt lat="54.098851" lon="10.565023">
        <ele>39.205773</ele>
        <time>2026-07-22T09:18:54.778Z</time>
      </trkpt>
      <trkpt lat="54.099272" lon="10.566176">
        <ele>38.942013</ele>
        <time>2026-07-22T09:19:01.402Z</time>
      </trkpt>
      <trkpt lat="54.099525" lon="10.566901">
        <ele>39.361914</ele>
        <time>2026-07-22T09:19:07.012Z</time>
      </trkpt>
      <trkpt lat="54.099630" lon="10.567117">
        <ele>39.405409</ele>
        <time>2026-07-22T09:19:08.488Z</time>
      </trkpt>
      <trkpt lat="54.100149" lon="10.567865">
        <ele>39.622103</ele>
        <time>2026-07-22T09:19:15.120Z</time>
      </trkpt>
      <trkpt lat="54.100699" lon="10.568821">
        <ele>40.251718</ele>
        <time>2026-07-22T09:19:23.682Z</time>
      </trkpt>
      <trkpt lat="54.100881" lon="10.569287">
        <ele>40.237420</ele>
        <time>2026-07-22T09:19:26.669Z</time>
      </trkpt>
      <trkpt lat="54.101053" lon="10.570241">
        <ele>39.314297</ele>
        <time>2026-07-22T09:19:30.663Z</time>
      </trkpt>
      <trkpt lat="54.101137" lon="10.570602">
        <ele>38.669756</ele>
        <time>2026-07-22T09:19:32.075Z</time>
      </trkpt>
      <trkpt lat="54.101502" lon="10.571493">
        <ele>36.501799</ele>
        <time>2026-07-22T09:19:35.882Z</time>
      </trkpt>
      <trkpt lat="54.101903" lon="10.572218">
        <ele>34.538881</ele>
        <time>2026-07-22T09:19:39.413Z</time>
      </trkpt>
      <trkpt lat="54.101970" lon="10.572401">
        <ele>34.284970</ele>
        <time>2026-07-22T09:19:40.228Z</time>
      </trkpt>
      <trkpt lat="54.102027" lon="10.572712">
        <ele>34.037183</ele>
        <time>2026-07-22T09:19:41.555Z</time>
      </trkpt>
      <trkpt lat="54.102024" lon="10.573003">
        <ele>33.971581</ele>
        <time>2026-07-22T09:19:42.930Z</time>
      </trkpt>
      <trkpt lat="54.101923" lon="10.573874">
        <ele>34.823667</ele>
        <time>2026-07-22T09:19:49.410Z</time>
      </trkpt>
      <trkpt lat="54.101915" lon="10.574409">
        <ele>35.926731</ele>
        <time>2026-07-22T09:19:55.159Z</time>
      </trkpt>
      <trkpt lat="54.101963" lon="10.574667">
        <ele>36.615785</ele>
        <time>2026-07-22T09:19:58.343Z</time>
      </trkpt>
      <trkpt lat="54.102087" lon="10.574967">
        <ele>37.570723</ele>
        <time>2026-07-22T09:20:02.644Z</time>
      </trkpt>
      <trkpt lat="54.102468" lon="10.575410">
        <ele>39.412913</ele>
        <time>2026-07-22T09:20:11.242Z</time>
      </trkpt>
      <trkpt lat="54.102496" lon="10.575442">
        <ele>39.525279</ele>
        <time>2026-07-22T09:20:11.814Z</time>
      </trkpt>
      <trkpt lat="54.102594" lon="10.575662">
        <ele>39.858172</ele>
        <time>2026-07-22T09:20:14.229Z</time>
      </trkpt>
      <trkpt lat="54.102705" lon="10.576877">
        <ele>40.369249</ele>
        <time>2026-07-22T09:20:21.695Z</time>
      </trkpt>
      <trkpt lat="54.102719" lon="10.577462">
        <ele>40.333568</ele>
        <time>2026-07-22T09:20:24.605Z</time>
      </trkpt>
      <trkpt lat="54.102623" lon="10.578186">
        <ele>39.636412</ele>
        <time>2026-07-22T09:20:28.770Z</time>
      </trkpt>
      <trkpt lat="54.102269" lon="10.580335">
        <ele>38.616980</ele>
        <time>2026-07-22T09:20:42.954Z</time>
      </trkpt>
      <trkpt lat="54.102140" lon="10.581108">
        <ele>37.442866</ele>
        <time>2026-07-22T09:20:47.204Z</time>
      </trkpt>
      <trkpt lat="54.101893" lon="10.581962">
        <ele>36.632510</ele>
        <time>2026-07-22T09:20:52.700Z</time>
      </trkpt>
      <trkpt lat="54.101857" lon="10.582360">
        <ele>36.422817</ele>
        <time>2026-07-22T09:20:55.190Z</time>
      </trkpt>
      <trkpt lat="54.101853" lon="10.582747">
        <ele>36.172545</ele>
        <time>2026-07-22T09:20:57.816Z</time>
      </trkpt>
      <trkpt lat="54.101868" lon="10.583020">
        <ele>35.786946</ele>
        <time>2026-07-22T09:20:59.316Z</time>
      </trkpt>
      <trkpt lat="54.101933" lon="10.583370">
        <ele>34.926961</ele>
        <time>2026-07-22T09:21:01.048Z</time>
      </trkpt>
      <trkpt lat="54.101945" lon="10.583558">
        <ele>34.682666</ele>
        <time>2026-07-22T09:21:01.980Z</time>
      </trkpt>
      <trkpt lat="54.102318" lon="10.583722">
        <ele>35.056031</ele>
        <time>2026-07-22T09:21:06.592Z</time>
      </trkpt>
      <trkpt lat="54.102650" lon="10.584039">
        <ele>36.516676</ele>
        <time>2026-07-22T09:21:13.992Z</time>
      </trkpt>
      <trkpt lat="54.102768" lon="10.584183">
        <ele>37.161535</ele>
        <time>2026-07-22T09:21:16.810Z</time>
      </trkpt>
      <trkpt lat="54.102920" lon="10.584476">
        <ele>37.980954</ele>
        <time>2026-07-22T09:21:20.956Z</time>
      </trkpt>
      <trkpt lat="54.103131" lon="10.584915">
        <ele>38.586854</ele>
        <time>2026-07-22T09:21:25.209Z</time>
      </trkpt>
      <trkpt lat="54.103260" lon="10.585116">
        <ele>38.813213</ele>
        <time>2026-07-22T09:21:27.326Z</time>
      </trkpt>
      <trkpt lat="54.103483" lon="10.585305">
        <ele>39.208381</ele>
        <time>2026-07-22T09:21:30.452Z</time>
      </trkpt>
      <trkpt lat="54.103861" lon="10.585381">
        <ele>39.753860</ele>
        <time>2026-07-22T09:21:35.389Z</time>
      </trkpt>
      <trkpt lat="54.104004" lon="10.585401">
        <ele>39.573015</ele>
        <time>2026-07-22T09:21:36.458Z</time>
      </trkpt>
      <trkpt lat="54.104148" lon="10.585497">
        <ele>39.158510</ele>
        <time>2026-07-22T09:21:37.395Z</time>
      </trkpt>
      <trkpt lat="54.104597" lon="10.585674">
        <ele>37.213214</ele>
        <time>2026-07-22T09:21:40.062Z</time>
      </trkpt>
      <trkpt lat="54.106021" lon="10.586152">
        <ele>31.539735</ele>
        <time>2026-07-22T09:21:48.536Z</time>
      </trkpt>
      <trkpt lat="54.107069" lon="10.586565">
        <ele>31.864189</ele>
        <time>2026-07-22T09:21:59.178Z</time>
      </trkpt>
      <trkpt lat="54.108123" lon="10.587312">
        <ele>34.084467</ele>
        <time>2026-07-22T09:22:15.745Z</time>
      </trkpt>
      <trkpt lat="54.109824" lon="10.588633">
        <ele>32.962836</ele>
        <time>2026-07-22T09:22:29.969Z</time>
      </trkpt>
      <trkpt lat="54.110847" lon="10.589195">
        <ele>31.552711</ele>
        <time>2026-07-22T09:22:37.322Z</time>
      </trkpt>
      <trkpt lat="54.112623" lon="10.590043">
        <ele>36.743774</ele>
        <time>2026-07-22T09:23:06.883Z</time>
      </trkpt>
      <trkpt lat="54.112882" lon="10.590246">
        <ele>37.303210</ele>
        <time>2026-07-22T09:23:10.777Z</time>
      </trkpt>
      <trkpt lat="54.113540" lon="10.591051">
        <ele>38.875619</ele>
        <time>2026-07-22T09:23:21.428Z</time>
      </trkpt>
      <trkpt lat="54.114525" lon="10.592189">
        <ele>42.726266</ele>
        <time>2026-07-22T09:23:41.442Z</time>
      </trkpt>
      <trkpt lat="54.115040" lon="10.592683">
        <ele>45.010384</ele>
        <time>2026-07-22T09:23:52.436Z</time>
      </trkpt>
      <trkpt lat="54.115587" lon="10.593412">
        <ele>46.532576</ele>
        <time>2026-07-22T09:24:02.728Z</time>
      </trkpt>
      <trkpt lat="54.115828" lon="10.592598">
        <ele>45.424131</ele>
        <time>2026-07-22T09:24:06.102Z</time>
      </trkpt>
      <trkpt lat="54.115894" lon="10.592453">
        <ele>45.228926</ele>
        <time>2026-07-22T09:24:06.785Z</time>
      </trkpt>
      <trkpt lat="54.115978" lon="10.592351">
        <ele>45.041891</ele>
        <time>2026-07-22T09:24:07.482Z</time>
      </trkpt>
      <trkpt lat="54.116616" lon="10.592059">
        <ele>44.673367</ele>
        <time>2026-07-22T09:24:12.624Z</time>
      </trkpt>
      <trkpt lat="54.117257" lon="10.591570">
        <ele>45.590786</ele>
        <time>2026-07-22T09:24:21.330Z</time>
      </trkpt>
      <trkpt lat="54.117565" lon="10.591262">
        <ele>45.989709</ele>
        <time>2026-07-22T09:24:25.483Z</time>
      </trkpt>
      <trkpt lat="54.118071" lon="10.590580">
        <ele>46.633562</ele>
        <time>2026-07-22T09:24:32.635Z</time>
      </trkpt>
      <trkpt lat="54.118291" lon="10.590338">
        <ele>47.036185</ele>
        <time>2026-07-22T09:24:35.829Z</time>
      </trkpt>
      <trkpt lat="54.118819" lon="10.590125">
        <ele>48.213237</ele>
        <time>2026-07-22T09:24:43.624Z</time>
      </trkpt>
      <trkpt lat="54.119200" lon="10.590059">
        <ele>49.169770</ele>
        <time>2026-07-22T09:24:49.398Z</time>
      </trkpt>
      <trkpt lat="54.119963" lon="10.590140">
        <ele>50.649377</ele>
        <time>2026-07-22T09:24:59.858Z</time>
      </trkpt>
      <trkpt lat="54.120366" lon="10.590059">
        <ele>50.960896</ele>
        <time>2026-07-22T09:25:04.250Z</time>
      </trkpt>
      <trkpt lat="54.121092" lon="10.589722">
        <ele>50.517914</ele>
        <time>2026-07-22T09:25:10.175Z</time>
      </trkpt>
      <trkpt lat="54.122324" lon="10.589069">
        <ele>48.423506</ele>
        <time>2026-07-22T09:25:18.904Z</time>
      </trkpt>
      <trkpt lat="54.122691" lon="10.588769">
        <ele>48.001157</ele>
        <time>2026-07-22T09:25:21.897Z</time>
      </trkpt>
      <trkpt lat="54.123132" lon="10.588285">
        <ele>47.429329</ele>
        <time>2026-07-22T09:25:25.781Z</time>
      </trkpt>
      <trkpt lat="54.123372" lon="10.588066">
        <ele>46.819263</ele>
        <time>2026-07-22T09:25:27.486Z</time>
      </trkpt>
      <trkpt lat="54.123671" lon="10.587723">
        <ele>45.948443</ele>
        <time>2026-07-22T09:25:30.843Z</time>
      </trkpt>
      <trkpt lat="54.124179" lon="10.587104">
        <ele>43.503968</ele>
        <time>2026-07-22T09:25:34.493Z</time>
      </trkpt>
      <trkpt lat="54.124619" lon="10.586662">
        <ele>41.506684</ele>
        <time>2026-07-22T09:25:37.510Z</time>
      </trkpt>
      <trkpt lat="54.125033" lon="10.586458">
        <ele>39.940051</ele>
        <time>2026-07-22T09:25:40.047Z</time>
      </trkpt>
      <trkpt lat="54.125875" lon="10.586048">
        <ele>37.946608</ele>
        <time>2026-07-22T09:25:45.656Z</time>
      </trkpt>
      <trkpt lat="54.126367" lon="10.585773">
        <ele>38.434530</ele>
        <time>2026-07-22T09:25:51.933Z</time>
      </trkpt>
      <trkpt lat="54.126812" lon="10.585520">
        <ele>38.642292</ele>
        <time>2026-07-22T09:25:55.924Z</time>
      </trkpt>
      <trkpt lat="54.126869" lon="10.585422">
        <ele>38.917548</ele>
        <time>2026-07-22T09:25:57.700Z</time>
      </trkpt>
      <trkpt lat="54.126910" lon="10.585324">
        <ele>39.157589</ele>
        <time>2026-07-22T09:25:59.336Z</time>
      </trkpt>
      <trkpt lat="54.126979" lon="10.584771">
        <ele>39.855823</ele>
        <time>2026-07-22T09:26:03.546Z</time>
      </trkpt>
      <trkpt lat="54.127046" lon="10.584702">
        <ele>40.021195</ele>
        <time>2026-07-22T09:26:04.728Z</time>
      </trkpt>
      <trkpt lat="54.127526" lon="10.584727">
        <ele>40.961537</ele>
        <time>2026-07-22T09:26:11.851Z</time>
      </trkpt>
      <trkpt lat="54.127654" lon="10.584343">
        <ele>40.265352</ele>
        <time>2026-07-22T09:26:13.379Z</time>
      </trkpt>
      <trkpt lat="54.127741" lon="10.584142">
        <ele>40.072224</ele>
        <time>2026-07-22T09:26:14.352Z</time>
      </trkpt>
      <trkpt lat="54.127980" lon="10.583810">
        <ele>40.227775</ele>
        <time>2026-07-22T09:26:17.797Z</time>
      </trkpt>
      <trkpt lat="54.128014" lon="10.583768">
        <ele>40.283662</ele>
        <time>2026-07-22T09:26:18.289Z</time>
      </trkpt>
      <trkpt lat="54.128876" lon="10.582695">
        <ele>41.631474</ele>
        <time>2026-07-22T09:26:31.153Z</time>
      </trkpt>
      <trkpt lat="54.129008" lon="10.582920">
        <ele>41.501777</ele>
        <time>2026-07-22T09:26:33.071Z</time>
      </trkpt>
      <trkpt lat="54.129065" lon="10.582723">
        <ele>41.461816</ele>
        <time>2026-07-22T09:26:34.527Z</time>
      </trkpt>
      <trkpt lat="54.129153" lon="10.582636">
        <ele>41.448584</ele>
        <time>2026-07-22T09:26:35.837Z</time>
      </trkpt>
      <trkpt lat="54.128936" lon="10.582652">
        <ele>41.591370</ele>
        <time>2026-07-22T09:26:38.207Z</time>
      </trkpt>
      <trkpt lat="54.128628" lon="10.582092">
        <ele>41.892954</ele>
        <time>2026-07-22T09:26:42.830Z</time>
      </trkpt>
      <trkpt lat="54.128469" lon="10.581888">
        <ele>41.947543</ele>
        <time>2026-07-22T09:26:44.797Z</time>
      </trkpt>
      <trkpt lat="54.128303" lon="10.581732">
        <ele>41.766527</ele>
        <time>2026-07-22T09:26:46.417Z</time>
      </trkpt>
      <trkpt lat="54.128237" lon="10.581988">
        <ele>41.626212</ele>
        <time>2026-07-22T09:26:56.394Z</time>
      </trkpt>
      <trkpt lat="54.128210" lon="10.582021">
        <ele>41.638489</ele>
        <time>2026-07-22T09:26:58.542Z</time>
      </trkpt>
      <trkpt lat="54.128237" lon="10.581988">
        <ele>41.650765</ele>
        <time>2026-07-22T09:27:00.796Z</time>
      </trkpt>
      <trkpt lat="54.128303" lon="10.581732">
        <ele>41.770100</ele>
        <time>2026-07-22T09:27:12.893Z</time>
      </trkpt>
      <trkpt lat="54.128469" lon="10.581888">
        <ele>41.958715</ele>
        <time>2026-07-22T09:27:14.661Z</time>
      </trkpt>
      <trkpt lat="54.128628" lon="10.582092">
        <ele>41.895069</ele>
        <time>2026-07-22T09:27:16.261Z</time>
      </trkpt>
      <trkpt lat="54.128936" lon="10.582652">
        <ele>41.608542</ele>
        <time>2026-07-22T09:27:19.796Z</time>
      </trkpt>
      <trkpt lat="54.129153" lon="10.582636">
        <ele>41.590667</ele>
        <time>2026-07-22T09:27:21.530Z</time>
      </trkpt>
      <trkpt lat="54.129302" lon="10.581916">
        <ele>42.743911</ele>
        <time>2026-07-22T09:27:28.333Z</time>
      </trkpt>
      <trkpt lat="54.129388" lon="10.581361">
        <ele>43.994829</ele>
        <time>2026-07-22T09:27:34.697Z</time>
      </trkpt>
      <trkpt lat="54.129401" lon="10.581219">
        <ele>44.262915</ele>
        <time>2026-07-22T09:27:35.887Z</time>
      </trkpt>
      <trkpt lat="54.129407" lon="10.581119">
        <ele>44.438463</ele>
        <time>2026-07-22T09:27:36.674Z</time>
      </trkpt>
      <trkpt lat="54.129380" lon="10.580723">
        <ele>45.048486</ele>
        <time>2026-07-22T09:27:40.401Z</time>
      </trkpt>
      <trkpt lat="54.129313" lon="10.580243">
        <ele>45.542495</ele>
        <time>2026-07-22T09:27:44.314Z</time>
      </trkpt>
      <trkpt lat="54.129290" lon="10.580065">
        <ele>45.665348</ele>
        <time>2026-07-22T09:27:45.406Z</time>
      </trkpt>
      <trkpt lat="54.129324" lon="10.579943">
        <ele>45.732987</ele>
        <time>2026-07-22T09:27:46.207Z</time>
      </trkpt>
      <trkpt lat="54.129298" lon="10.579761">
        <ele>45.816319</ele>
        <time>2026-07-22T09:27:47.456Z</time>
      </trkpt>
      <trkpt lat="54.129287" lon="10.579689">
        <ele>45.849417</ele>
        <time>2026-07-22T09:27:47.983Z</time>
      </trkpt>
      <trkpt lat="54.129252" lon="10.579453">
        <ele>45.802870</ele>
        <time>2026-07-22T09:27:49.279Z</time>
      </trkpt>
      <trkpt lat="54.129247" lon="10.579224">
        <ele>45.714224</ele>
        <time>2026-07-22T09:27:50.169Z</time>
      </trkpt>
      <trkpt lat="54.129321" lon="10.578482">
        <ele>45.180555</ele>
        <time>2026-07-22T09:27:53.410Z</time>
      </trkpt>
      <trkpt lat="54.129361" lon="10.578151">
        <ele>44.866725</ele>
        <time>2026-07-22T09:27:54.761Z</time>
      </trkpt>
      <trkpt lat="54.129441" lon="10.577938">
        <ele>44.555829</ele>
        <time>2026-07-22T09:27:55.687Z</time>
      </trkpt>
      <trkpt lat="54.129486" lon="10.577777">
        <ele>44.416334</ele>
        <time>2026-07-22T09:27:56.365Z</time>
      </trkpt>
      <trkpt lat="54.129909" lon="10.577936">
        <ele>44.713912</ele>
        <time>2026-07-22T09:28:01.228Z</time>
      </trkpt>
      <trkpt lat="54.130201" lon="10.578046">
        <ele>44.798768</ele>
        <time>2026-07-22T09:28:04.958Z</time>
      </trkpt>
      <trkpt lat="54.131626" lon="10.578635">
        <ele>41.964472</ele>
        <time>2026-07-22T09:28:14.472Z</time>
      </trkpt>
      <trkpt lat="54.133514" lon="10.579432">
        <ele>41.249235</ele>
        <time>2026-07-22T09:28:30.607Z</time>
      </trkpt>
      <trkpt lat="54.134108" lon="10.579892">
        <ele>40.438105</ele>
        <time>2026-07-22T09:28:35.224Z</time>
      </trkpt>
      <trkpt lat="54.134759" lon="10.580638">
        <ele>39.036485</ele>
        <time>2026-07-22T09:28:40.397Z</time>
      </trkpt>
      <trkpt lat="54.135226" lon="10.581469">
        <ele>38.604956</ele>
        <time>2026-07-22T09:28:45.595Z</time>
      </trkpt>
      <trkpt lat="54.136188" lon="10.584032">
        <ele>43.149188</ele>
        <time>2026-07-22T09:29:12.721Z</time>
      </trkpt>
      <trkpt lat="54.136972" lon="10.586251">
        <ele>44.883518</ele>
        <time>2026-07-22T09:29:30.793Z</time>
      </trkpt>
      <trkpt lat="54.137085" lon="10.586555">
        <ele>44.577089</ele>
        <time>2026-07-22T09:29:32.094Z</time>
      </trkpt>
      <trkpt lat="54.137563" lon="10.587812">
        <ele>43.236108</ele>
        <time>2026-07-22T09:29:38.277Z</time>
      </trkpt>
      <trkpt lat="54.137777" lon="10.588217">
        <ele>42.477022</ele>
        <time>2026-07-22T09:29:40.302Z</time>
      </trkpt>
      <trkpt lat="54.138168" lon="10.588769">
        <ele>40.899896</ele>
        <time>2026-07-22T09:29:43.391Z</time>
      </trkpt>
      <trkpt lat="54.138319" lon="10.588937">
        <ele>40.341212</ele>
        <time>2026-07-22T09:29:44.483Z</time>
      </trkpt>
      <trkpt lat="54.138593" lon="10.589164">
        <ele>39.606354</ele>
        <time>2026-07-22T09:29:46.513Z</time>
      </trkpt>
      <trkpt lat="54.139207" lon="10.589482">
        <ele>37.519341</ele>
        <time>2026-07-22T09:29:50.366Z</time>
      </trkpt>
      <trkpt lat="54.139901" lon="10.589558">
        <ele>35.290179</ele>
        <time>2026-07-22T09:29:54.645Z</time>
      </trkpt>
      <trkpt lat="54.140103" lon="10.589537">
        <ele>34.419287</ele>
        <time>2026-07-22T09:29:55.774Z</time>
      </trkpt>
      <trkpt lat="54.140982" lon="10.589428">
        <ele>31.822315</ele>
        <time>2026-07-22T09:30:01.219Z</time>
      </trkpt>
      <trkpt lat="54.143250" lon="10.589140">
        <ele>32.047685</ele>
        <time>2026-07-22T09:30:22.231Z</time>
      </trkpt>
      <trkpt lat="54.144512" lon="10.589038">
        <ele>31.091159</ele>
        <time>2026-07-22T09:30:31.874Z</time>
      </trkpt>
      <trkpt lat="54.145011" lon="10.589055">
        <ele>30.570125</ele>
        <time>2026-07-22T09:30:35.520Z</time>
      </trkpt>
      <trkpt lat="54.145186" lon="10.589061">
        <ele>30.174882</ele>
        <time>2026-07-22T09:30:36.711Z</time>
      </trkpt>
      <trkpt lat="54.145182" lon="10.589241">
        <ele>29.928368</ele>
        <time>2026-07-22T09:30:37.309Z</time>
      </trkpt>
      <trkpt lat="54.145246" lon="10.589369">
        <ele>29.693513</ele>
        <time>2026-07-22T09:30:37.892Z</time>
      </trkpt>
      <trkpt lat="54.145442" lon="10.589272">
        <ele>29.633499</ele>
        <time>2026-07-22T09:30:39.925Z</time>
      </trkpt>
      <trkpt lat="54.145551" lon="10.589261">
        <ele>29.713619</ele>
        <time>2026-07-22T09:30:41.198Z</time>
      </trkpt>
      <trkpt lat="54.146116" lon="10.589418">
        <ele>30.403220</ele>
        <time>2026-07-22T09:30:47.932Z</time>
      </trkpt>
      <trkpt lat="54.146710" lon="10.589736">
        <ele>31.090641</ele>
        <time>2026-07-22T09:30:55.467Z</time>
      </trkpt>
      <trkpt lat="54.147501" lon="10.590430">
        <ele>30.972382</ele>
        <time>2026-07-22T09:31:03.362Z</time>
      </trkpt>
      <trkpt lat="54.147764" lon="10.590786">
        <ele>29.773969</ele>
        <time>2026-07-22T09:31:06.171Z</time>
      </trkpt>
      <trkpt lat="54.148207" lon="10.591661">
        <ele>26.568667</ele>
        <time>2026-07-22T09:31:10.020Z</time>
      </trkpt>
      <trkpt lat="54.148519" lon="10.592480">
        <ele>24.919014</ele>
        <time>2026-07-22T09:31:13.553Z</time>
      </trkpt>
      <trkpt lat="54.148622" lon="10.592848">
        <ele>24.618543</ele>
        <time>2026-07-22T09:31:15.263Z</time>
      </trkpt>
      <trkpt lat="54.148731" lon="10.593495">
        <ele>24.448601</ele>
        <time>2026-07-22T09:31:18.403Z</time>
      </trkpt>
      <trkpt lat="54.148746" lon="10.593852">
        <ele>24.516195</ele>
        <time>2026-07-22T09:31:20.523Z</time>
      </trkpt>
      <trkpt lat="54.148770" lon="10.594456">
        <ele>24.859267</ele>
        <time>2026-07-22T09:31:24.405Z</time>
      </trkpt>
      <trkpt lat="54.148876" lon="10.594440">
        <ele>25.108174</ele>
        <time>2026-07-22T09:31:27.445Z</time>
      </trkpt>
      <trkpt lat="54.148873" lon="10.594991">
        <ele>26.165104</ele>
        <time>2026-07-22T09:31:33.347Z</time>
      </trkpt>
      <trkpt lat="54.148691" lon="10.598525">
        <ele>29.205341</ele>
        <time>2026-07-22T09:31:58.863Z</time>
      </trkpt>
      <trkpt lat="54.148709" lon="10.599295">
        <ele>29.873988</ele>
        <time>2026-07-22T09:32:04.353Z</time>
      </trkpt>
      <trkpt lat="54.148769" lon="10.599720">
        <ele>30.087450</ele>
        <time>2026-07-22T09:32:07.199Z</time>
      </trkpt>
      <trkpt lat="54.148856" lon="10.600118">
        <ele>30.219226</ele>
        <time>2026-07-22T09:32:09.710Z</time>
      </trkpt>
      <trkpt lat="54.148972" lon="10.600474">
        <ele>30.424007</ele>
        <time>2026-07-22T09:32:12.366Z</time>
      </trkpt>
      <trkpt lat="54.149101" lon="10.600781">
        <ele>30.695686</ele>
        <time>2026-07-22T09:32:14.923Z</time>
      </trkpt>
      <trkpt lat="54.149659" lon="10.601720">
        <ele>31.516499</ele>
        <time>2026-07-22T09:32:24.288Z</time>
      </trkpt>
      <trkpt lat="54.149872" lon="10.602332">
        <ele>30.786510</ele>
        <time>2026-07-22T09:32:26.974Z</time>
      </trkpt>
      <trkpt lat="54.149968" lon="10.602703">
        <ele>30.545737</ele>
        <time>2026-07-22T09:32:28.707Z</time>
      </trkpt>
      <trkpt lat="54.150120" lon="10.603174">
        <ele>30.353747</ele>
        <time>2026-07-22T09:32:31.487Z</time>
      </trkpt>
      <trkpt lat="54.150352" lon="10.603658">
        <ele>28.688818</ele>
        <time>2026-07-22T09:32:33.561Z</time>
      </trkpt>
      <trkpt lat="54.150487" lon="10.603848">
        <ele>27.946393</ele>
        <time>2026-07-22T09:32:34.558Z</time>
      </trkpt>
      <trkpt lat="54.150413" lon="10.603999">
        <ele>27.527875</ele>
        <time>2026-07-22T09:32:35.271Z</time>
      </trkpt>
      <trkpt lat="54.150483" lon="10.604105">
        <ele>27.262698</ele>
        <time>2026-07-22T09:32:35.871Z</time>
      </trkpt>
      <trkpt lat="54.150578" lon="10.604109">
        <ele>27.006118</ele>
        <time>2026-07-22T09:32:36.467Z</time>
      </trkpt>
      <trkpt lat="54.150804" lon="10.604338">
        <ele>26.369998</ele>
        <time>2026-07-22T09:32:38.130Z</time>
      </trkpt>
      <trkpt lat="54.150982" lon="10.604467">
        <ele>26.246241</ele>
        <time>2026-07-22T09:32:39.603Z</time>
      </trkpt>
      <trkpt lat="54.151275" lon="10.604588">
        <ele>26.342392</ele>
        <time>2026-07-22T09:32:42.485Z</time>
      </trkpt>
      <trkpt lat="54.152136" lon="10.604677">
        <ele>27.443898</ele>
        <time>2026-07-22T09:32:52.902Z</time>
      </trkpt>
      <trkpt lat="54.152497" lon="10.604679">
        <ele>28.458134</ele>
        <time>2026-07-22T09:32:58.499Z</time>
      </trkpt>
      <trkpt lat="54.152731" lon="10.604641">
        <ele>29.270919</ele>
        <time>2026-07-22T09:33:02.604Z</time>
      </trkpt>
      <trkpt lat="54.153237" lon="10.604446">
        <ele>31.056220</ele>
        <time>2026-07-22T09:33:11.393Z</time>
      </trkpt>
      <trkpt lat="54.154281" lon="10.603957">
        <ele>36.706246</ele>
        <time>2026-07-22T09:33:34.133Z</time>
      </trkpt>
      <trkpt lat="54.154650" lon="10.603738">
        <ele>40.840594</ele>
        <time>2026-07-22T09:33:48.448Z</time>
      </trkpt>
      <trkpt lat="54.154621" lon="10.603662">
        <ele>41.424193</ele>
        <time>2026-07-22T09:33:50.303Z</time>
      </trkpt>
      <trkpt lat="54.154752" lon="10.603533">
        <ele>42.731979</ele>
        <time>2026-07-22T09:33:55.161Z</time>
      </trkpt>
      <trkpt lat="54.155516" lon="10.602582">
        <ele>49.152871</ele>
        <time>2026-07-22T09:34:19.125Z</time>
      </trkpt>
      <trkpt lat="54.155812" lon="10.602109">
        <ele>50.177888</ele>
        <time>2026-07-22T09:34:24.947Z</time>
      </trkpt>
      <trkpt lat="54.156026" lon="10.601695">
        <ele>50.300000</ele>
        <time>2026-07-22T09:34:27.651Z</time>
      </trkpt>
      <trkpt lat="54.156123" lon="10.601465">
        <ele>50.188243</ele>
        <time>2026-07-22T09:34:29.155Z</time>
      </trkpt>
      <trkpt lat="54.156298" lon="10.600959">
        <ele>49.813010</ele>
        <time>2026-07-22T09:34:31.415Z</time>
      </trkpt>
      <trkpt lat="54.156576" lon="10.599608">
        <ele>52.133121</ele>
        <time>2026-07-22T09:34:45.085Z</time>
      </trkpt>
      <trkpt lat="54.156941" lon="10.598204">
        <ele>53.281006</ele>
        <time>2026-07-22T09:34:56.230Z</time>
      </trkpt>
      <trkpt lat="54.158004" lon="10.594464">
        <ele>43.781019</ele>
        <time>2026-07-22T09:35:10.502Z</time>
      </trkpt>
      <trkpt lat="54.158321" lon="10.593843">
        <ele>41.674374</ele>
        <time>2026-07-22T09:35:13.302Z</time>
      </trkpt>
      <trkpt lat="54.159282" lon="10.592587">
        <ele>35.730198</ele>
        <time>2026-07-22T09:35:20.147Z</time>
      </trkpt>
      <trkpt lat="54.159505" lon="10.592297">
        <ele>34.590204</ele>
        <time>2026-07-22T09:35:21.775Z</time>
      </trkpt>
      <trkpt lat="54.159747" lon="10.591895">
        <ele>33.646435</ele>
        <time>2026-07-22T09:35:23.916Z</time>
      </trkpt>
      <trkpt lat="54.160013" lon="10.591357">
        <ele>33.236081</ele>
        <time>2026-07-22T09:35:26.829Z</time>
      </trkpt>
      <trkpt lat="54.160232" lon="10.590816">
        <ele>33.525047</ele>
        <time>2026-07-22T09:35:31.997Z</time>
      </trkpt>
      <trkpt lat="54.160899" lon="10.589172">
        <ele>30.302985</ele>
        <time>2026-07-22T09:35:39.166Z</time>
      </trkpt>
      <trkpt lat="54.161021" lon="10.588708">
        <ele>29.981364</ele>
        <time>2026-07-22T09:35:41.355Z</time>
      </trkpt>
      <trkpt lat="54.161201" lon="10.587316">
        <ele>31.281263</ele>
        <time>2026-07-22T09:35:51.914Z</time>
      </trkpt>
      <trkpt lat="54.161354" lon="10.585821">
        <ele>33.877179</ele>
        <time>2026-07-22T09:36:06.655Z</time>
      </trkpt>
      <trkpt lat="54.161404" lon="10.585832">
        <ele>33.970231</ele>
        <time>2026-07-22T09:36:07.527Z</time>
      </trkpt>
      <trkpt lat="54.161523" lon="10.584546">
        <ele>32.403643</ele>
        <time>2026-07-22T09:36:12.477Z</time>
      </trkpt>
      <trkpt lat="54.161538" lon="10.584152">
        <ele>31.915677</ele>
        <time>2026-07-22T09:36:13.970Z</time>
      </trkpt>
      <trkpt lat="54.161544" lon="10.582999">
        <ele>30.660339</ele>
        <time>2026-07-22T09:36:18.416Z</time>
      </trkpt>
      <trkpt lat="54.161507" lon="10.580425">
        <ele>28.943259</ele>
        <time>2026-07-22T09:36:29.358Z</time>
      </trkpt>
      <trkpt lat="54.161555" lon="10.579621">
        <ele>29.023710</ele>
        <time>2026-07-22T09:36:33.634Z</time>
      </trkpt>
      <trkpt lat="54.161627" lon="10.579221">
        <ele>29.177183</ele>
        <time>2026-07-22T09:36:36.262Z</time>
      </trkpt>
      <trkpt lat="54.161640" lon="10.579110">
        <ele>29.210994</ele>
        <time>2026-07-22T09:36:37.014Z</time>
      </trkpt>
      <trkpt lat="54.161601" lon="10.578942">
        <ele>29.263309</ele>
        <time>2026-07-22T09:36:38.123Z</time>
      </trkpt>
      <trkpt lat="54.161708" lon="10.577898">
        <ele>29.069061</ele>
        <time>2026-07-22T09:36:43.320Z</time>
      </trkpt>
      <trkpt lat="54.161802" lon="10.577229">
        <ele>28.620347</ele>
        <time>2026-07-22T09:36:46.232Z</time>
      </trkpt>
      <trkpt lat="54.162081" lon="10.576131">
        <ele>26.988556</ele>
        <time>2026-07-22T09:36:50.687Z</time>
      </trkpt>
      <trkpt lat="54.162314" lon="10.575393">
        <ele>25.783439</ele>
        <time>2026-07-22T09:36:53.801Z</time>
      </trkpt>
      <trkpt lat="54.162540" lon="10.574880">
        <ele>25.520093</ele>
        <time>2026-07-22T09:36:56.743Z</time>
      </trkpt>
      <trkpt lat="54.163233" lon="10.573305">
        <ele>25.516333</ele>
        <time>2026-07-22T09:37:06.442Z</time>
      </trkpt>
      <trkpt lat="54.163321" lon="10.573047">
        <ele>25.547306</ele>
        <time>2026-07-22T09:37:09.678Z</time>
      </trkpt>
      <trkpt lat="54.163536" lon="10.572155">
        <ele>24.928463</ele>
        <time>2026-07-22T09:37:13.459Z</time>
      </trkpt>
      <trkpt lat="54.163798" lon="10.570435">
        <ele>23.830187</ele>
        <time>2026-07-22T09:37:21.023Z</time>
      </trkpt>
      <trkpt lat="54.163826" lon="10.570127">
        <ele>23.856572</ele>
        <time>2026-07-22T09:37:22.457Z</time>
      </trkpt>
      <trkpt lat="54.163866" lon="10.569617">
        <ele>24.321482</ele>
        <time>2026-07-22T09:37:26.737Z</time>
      </trkpt>
      <trkpt lat="54.163870" lon="10.569438">
        <ele>24.405358</ele>
        <time>2026-07-22T09:37:28.008Z</time>
      </trkpt>
      <trkpt lat="54.163874" lon="10.569190">
        <ele>24.319202</ele>
        <time>2026-07-22T09:37:29.065Z</time>
      </trkpt>
      <trkpt lat="54.163835" lon="10.568451">
        <ele>23.548761</ele>
        <time>2026-07-22T09:37:31.858Z</time>
      </trkpt>
      <trkpt lat="54.163696" lon="10.567597">
        <ele>24.061846</ele>
        <time>2026-07-22T09:37:37.660Z</time>
      </trkpt>
      <trkpt lat="54.163618" lon="10.567483">
        <ele>24.617973</ele>
        <time>2026-07-22T09:37:39.986Z</time>
      </trkpt>
      <trkpt lat="54.163538" lon="10.566933">
        <ele>26.702450</ele>
        <time>2026-07-22T09:37:48.919Z</time>
      </trkpt>
      <trkpt lat="54.163534" lon="10.566745">
        <ele>26.883970</ele>
        <time>2026-07-22T09:37:50.541Z</time>
      </trkpt>
      <trkpt lat="54.163613" lon="10.566189">
        <ele>27.155073</ele>
        <time>2026-07-22T09:37:54.937Z</time>
      </trkpt>
      <trkpt lat="54.163722" lon="10.565901">
        <ele>26.993840</ele>
        <time>2026-07-22T09:37:56.997Z</time>
      </trkpt>
      <trkpt lat="54.163856" lon="10.565662">
        <ele>26.869072</ele>
        <time>2026-07-22T09:37:58.521Z</time>
      </trkpt>
      <trkpt lat="54.164231" lon="10.565206">
        <ele>27.028545</ele>
        <time>2026-07-22T09:38:02.878Z</time>
      </trkpt>
      <trkpt lat="54.164436" lon="10.564888">
        <ele>27.384898</ele>
        <time>2026-07-22T09:38:06.177Z</time>
      </trkpt>
      <trkpt lat="54.164628" lon="10.564466">
        <ele>28.414064</ele>
        <time>2026-07-22T09:38:11.728Z</time>
      </trkpt>
      <trkpt lat="54.164870" lon="10.563473">
        <ele>30.033911</ele>
        <time>2026-07-22T09:38:21.625Z</time>
      </trkpt>
      <trkpt lat="54.165273" lon="10.561753">
        <ele>29.867083</ele>
        <time>2026-07-22T09:38:30.597Z</time>
      </trkpt>
      <trkpt lat="54.165277" lon="10.561736">
        <ele>29.851995</ele>
        <time>2026-07-22T09:38:30.679Z</time>
      </trkpt>
      <trkpt lat="54.165690" lon="10.560004">
        <ele>28.353906</ele>
        <time>2026-07-22T09:38:38.285Z</time>
      </trkpt>
      <trkpt lat="54.165714" lon="10.559906">
        <ele>28.385961</ele>
        <time>2026-07-22T09:38:38.811Z</time>
      </trkpt>
      <trkpt lat="54.165807" lon="10.559520">
        <ele>28.663898</ele>
        <time>2026-07-22T09:38:41.756Z</time>
      </trkpt>
      <trkpt lat="54.165936" lon="10.559290">
        <ele>28.955847</ele>
        <time>2026-07-22T09:38:44.476Z</time>
      </trkpt>
      <trkpt lat="54.165997" lon="10.559228">
        <ele>28.930625</ele>
        <time>2026-07-22T09:38:45.147Z</time>
      </trkpt>
      <trkpt lat="54.166156" lon="10.559174">
        <ele>28.829293</ele>
        <time>2026-07-22T09:38:46.213Z</time>
      </trkpt>
      <trkpt lat="54.166660" lon="10.559072">
        <ele>28.279286</ele>
        <time>2026-07-22T09:38:49.922Z</time>
      </trkpt>
      <trkpt lat="54.166832" lon="10.559036">
        <ele>28.075169</ele>
        <time>2026-07-22T09:38:51.595Z</time>
      </trkpt>
      <trkpt lat="54.167130" lon="10.558978">
        <ele>27.241199</ele>
        <time>2026-07-22T09:38:53.324Z</time>
      </trkpt>
      <trkpt lat="54.167346" lon="10.558937">
        <ele>27.150004</ele>
        <time>2026-07-22T09:38:55.269Z</time>
      </trkpt>
      <trkpt lat="54.167378" lon="10.558932">
        <ele>27.190350</ele>
        <time>2026-07-22T09:38:55.724Z</time>
      </trkpt>
      <trkpt lat="54.168439" lon="10.558726">
        <ele>30.767137</ele>
        <time>2026-07-22T09:39:14.509Z</time>
      </trkpt>
      <trkpt lat="54.168914" lon="10.558620">
        <ele>31.775837</ele>
        <time>2026-07-22T09:39:21.037Z</time>
      </trkpt>
      <trkpt lat="54.169027" lon="10.558598">
        <ele>31.952081</ele>
        <time>2026-07-22T09:39:22.317Z</time>
      </trkpt>
      <trkpt lat="54.169622" lon="10.558471">
        <ele>32.261956</ele>
        <time>2026-07-22T09:39:28.122Z</time>
      </trkpt>
      <trkpt lat="54.170060" lon="10.558415">
        <ele>32.806321</ele>
        <time>2026-07-22T09:39:33.811Z</time>
      </trkpt>
      <trkpt lat="54.170514" lon="10.558449">
        <ele>32.787429</ele>
        <time>2026-07-22T09:39:37.667Z</time>
      </trkpt>
      <trkpt lat="54.171152" lon="10.558538">
        <ele>32.709405</ele>
        <time>2026-07-22T09:39:42.712Z</time>
      </trkpt>
      <trkpt lat="54.171091" lon="10.557396">
        <ele>34.462095</ele>
        <time>2026-07-22T09:39:54.069Z</time>
      </trkpt>
      <trkpt lat="54.171039" lon="10.556694">
        <ele>34.296690</ele>
        <time>2026-07-22T09:39:57.163Z</time>
      </trkpt>
      <trkpt lat="54.171052" lon="10.556360">
        <ele>34.092898</ele>
        <time>2026-07-22T09:39:58.579Z</time>
      </trkpt>
      <trkpt lat="54.171276" lon="10.555236">
        <ele>33.533664</ele>
        <time>2026-07-22T09:40:03.534Z</time>
      </trkpt>
      <trkpt lat="54.171180" lon="10.555166">
        <ele>33.720854</ele>
        <time>2026-07-22T09:40:05.556Z</time>
      </trkpt>
      <trkpt lat="54.170981" lon="10.555024">
        <ele>34.282626</ele>
        <time>2026-07-22T09:40:10.245Z</time>
      </trkpt>
      <trkpt lat="54.170805" lon="10.554900">
        <ele>34.353329</ele>
        <time>2026-07-22T09:40:12.387Z</time>
      </trkpt>
      <trkpt lat="54.170266" lon="10.554373">
        <ele>33.917994</ele>
        <time>2026-07-22T09:40:18.767Z</time>
      </trkpt>
      <trkpt lat="54.170014" lon="10.554079">
        <ele>34.716366</ele>
        <time>2026-07-22T09:40:24.777Z</time>
      </trkpt>
      <trkpt lat="54.169630" lon="10.553513">
        <ele>37.283764</ele>
        <time>2026-07-22T09:40:37.291Z</time>
      </trkpt>
      <trkpt lat="54.169484" lon="10.553209">
        <ele>38.414504</ele>
        <time>2026-07-22T09:40:42.862Z</time>
      </trkpt>
      <trkpt lat="54.169286" lon="10.552697">
        <ele>40.110286</ele>
        <time>2026-07-22T09:40:51.666Z</time>
      </trkpt>
      <trkpt lat="54.169002" lon="10.551890">
        <ele>41.335578</ele>
        <time>2026-07-22T09:41:00.758Z</time>
      </trkpt>
      <trkpt lat="54.169040" lon="10.551837">
        <ele>41.507864</ele>
        <time>2026-07-22T09:41:01.474Z</time>
      </trkpt>
      <trkpt lat="54.169634" lon="10.551624">
        <ele>43.703363</ele>
        <time>2026-07-22T09:41:12.417Z</time>
      </trkpt>
      <trkpt lat="54.169704" lon="10.551559">
        <ele>44.044717</ele>
        <time>2026-07-22T09:41:13.924Z</time>
      </trkpt>
      <trkpt lat="54.169745" lon="10.551484">
        <ele>44.304677</ele>
        <time>2026-07-22T09:41:15.101Z</time>
      </trkpt>
      <trkpt lat="54.169841" lon="10.551324">
        <ele>44.861813</ele>
        <time>2026-07-22T09:41:17.806Z</time>
      </trkpt>
      <trkpt lat="54.170418" lon="10.550361">
        <ele>47.946579</ele>
        <time>2026-07-22T09:41:32.166Z</time>
      </trkpt>
      <trkpt lat="54.170802" lon="10.549547">
        <ele>50.698766</ele>
        <time>2026-07-22T09:41:44.587Z</time>
      </trkpt>
      <trkpt lat="54.171025" lon="10.549280">
        <ele>51.330170</ele>
        <time>2026-07-22T09:41:48.722Z</time>
      </trkpt>
      <trkpt lat="54.171821" lon="10.548609">
        <ele>49.686914</ele>
        <time>2026-07-22T09:41:54.395Z</time>
      </trkpt>
      <trkpt lat="54.171901" lon="10.548526">
        <ele>49.725181</ele>
        <time>2026-07-22T09:41:55.718Z</time>
      </trkpt>
      <trkpt lat="54.172118" lon="10.548296">
        <ele>50.896598</ele>
        <time>2026-07-22T09:42:01.164Z</time>
      </trkpt>
      <trkpt lat="54.172103" lon="10.548193">
        <ele>51.129307</ele>
        <time>2026-07-22T09:42:02.281Z</time>
      </trkpt>
      <trkpt lat="54.172357" lon="10.547779">
        <ele>52.238075</ele>
        <time>2026-07-22T09:42:07.952Z</time>
      </trkpt>
      <trkpt lat="54.172670" lon="10.547118">
        <ele>52.604229</ele>
        <time>2026-07-22T09:42:14.030Z</time>
      </trkpt>
      <trkpt lat="54.172727" lon="10.546921">
        <ele>52.194083</ele>
        <time>2026-07-22T09:42:14.764Z</time>
      </trkpt>
      <trkpt lat="54.172810" lon="10.546589">
        <ele>51.048004</ele>
        <time>2026-07-22T09:42:15.932Z</time>
      </trkpt>
      <trkpt lat="54.172971" lon="10.545562">
        <ele>46.854810</ele>
        <time>2026-07-22T09:42:19.304Z</time>
      </trkpt>
      <trkpt lat="54.173074" lon="10.545246">
        <ele>45.467900</ele>
        <time>2026-07-22T09:42:20.429Z</time>
      </trkpt>
      <trkpt lat="54.173156" lon="10.545129">
        <ele>44.825757</ele>
        <time>2026-07-22T09:42:21.030Z</time>
      </trkpt>
      <trkpt lat="54.173306" lon="10.545053">
        <ele>44.545712</ele>
        <time>2026-07-22T09:42:22.078Z</time>
      </trkpt>
      <trkpt lat="54.173648" lon="10.544863">
        <ele>44.586877</ele>
        <time>2026-07-22T09:42:25.506Z</time>
      </trkpt>
      <trkpt lat="54.173807" lon="10.544875">
        <ele>44.842997</ele>
        <time>2026-07-22T09:42:27.534Z</time>
      </trkpt>
      <trkpt lat="54.174176" lon="10.545052">
        <ele>46.029819</ele>
        <time>2026-07-22T09:42:33.735Z</time>
      </trkpt>
      <trkpt lat="54.174959" lon="10.545052">
        <ele>48.859330</ele>
        <time>2026-07-22T09:42:47.689Z</time>
      </trkpt>
      <trkpt lat="54.175255" lon="10.545012">
        <ele>49.674308</ele>
        <time>2026-07-22T09:42:52.353Z</time>
      </trkpt>
      <trkpt lat="54.175602" lon="10.544863">
        <ele>50.471480</ele>
        <time>2026-07-22T09:42:57.535Z</time>
      </trkpt>
      <trkpt lat="54.176400" lon="10.544366">
        <ele>51.692881</ele>
        <time>2026-07-22T09:43:07.832Z</time>
      </trkpt>
      <trkpt lat="54.176599" lon="10.544131">
        <ele>52.003685</ele>
        <time>2026-07-22T09:43:10.765Z</time>
      </trkpt>
      <trkpt lat="54.176741" lon="10.543839">
        <ele>52.315083</ele>
        <time>2026-07-22T09:43:13.553Z</time>
      </trkpt>
      <trkpt lat="54.177093" lon="10.542514">
        <ele>53.494236</ele>
        <time>2026-07-22T09:43:24.686Z</time>
      </trkpt>
      <trkpt lat="54.177131" lon="10.542375">
        <ele>53.358132</ele>
        <time>2026-07-22T09:43:25.227Z</time>
      </trkpt>
      <trkpt lat="54.177201" lon="10.542158">
        <ele>52.488683</ele>
        <time>2026-07-22T09:43:26.011Z</time>
      </trkpt>
      <trkpt lat="54.177286" lon="10.541969">
        <ele>51.898011</ele>
        <time>2026-07-22T09:43:26.771Z</time>
      </trkpt>
      <trkpt lat="54.177548" lon="10.541582">
        <ele>51.367755</ele>
        <time>2026-07-22T09:43:29.392Z</time>
      </trkpt>
      <trkpt lat="54.178027" lon="10.540928">
        <ele>52.036887</ele>
        <time>2026-07-22T09:43:36.141Z</time>
      </trkpt>
      <trkpt lat="54.178591" lon="10.540040">
        <ele>54.617283</ele>
        <time>2026-07-22T09:43:49.504Z</time>
      </trkpt>
      <trkpt lat="54.178699" lon="10.539929">
        <ele>55.164790</ele>
        <time>2026-07-22T09:43:51.772Z</time>
      </trkpt>
      <trkpt lat="54.178907" lon="10.539817">
        <ele>56.374795</ele>
        <time>2026-07-22T09:43:56.467Z</time>
      </trkpt>
      <trkpt lat="54.179034" lon="10.539831">
        <ele>57.291726</ele>
        <time>2026-07-22T09:43:59.921Z</time>
      </trkpt>
      <trkpt lat="54.179149" lon="10.539893">
        <ele>58.477918</ele>
        <time>2026-07-22T09:44:03.858Z</time>
      </trkpt>
      <trkpt lat="54.179626" lon="10.540138">
        <ele>63.685751</ele>
        <time>2026-07-22T09:44:21.427Z</time>
      </trkpt>
      <trkpt lat="54.179997" lon="10.540377">
        <ele>66.415167</ele>
        <time>2026-07-22T09:44:32.348Z</time>
      </trkpt>
      <trkpt lat="54.180363" lon="10.540504">
        <ele>66.380867</ele>
        <time>2026-07-22T09:44:34.961Z</time>
      </trkpt>
      <trkpt lat="54.180584" lon="10.540467">
        <ele>66.181702</ele>
        <time>2026-07-22T09:44:36.438Z</time>
      </trkpt>
      <trkpt lat="54.181163" lon="10.540328">
        <ele>66.684349</ele>
        <time>2026-07-22T09:44:43.314Z</time>
      </trkpt>
      <trkpt lat="54.181422" lon="10.540309">
        <ele>66.872038</ele>
        <time>2026-07-22T09:44:46.267Z</time>
      </trkpt>
      <trkpt lat="54.181576" lon="10.540210">
        <ele>66.844499</ele>
        <time>2026-07-22T09:44:47.606Z</time>
      </trkpt>
      <trkpt lat="54.181714" lon="10.540006">
        <ele>66.692960</ele>
        <time>2026-07-22T09:44:48.973Z</time>
      </trkpt>
      <trkpt lat="54.181803" lon="10.539744">
        <ele>66.424478</ele>
        <time>2026-07-22T09:44:50.276Z</time>
      </trkpt>
      <trkpt lat="54.181902" lon="10.539230">
        <ele>65.636816</ele>
        <time>2026-07-22T09:44:52.269Z</time>
      </trkpt>
      <trkpt lat="54.182074" lon="10.538367">
        <ele>63.550364</ele>
        <time>2026-07-22T09:44:55.415Z</time>
      </trkpt>
      <trkpt lat="54.182224" lon="10.537576">
        <ele>60.999173</ele>
        <time>2026-07-22T09:44:58.143Z</time>
      </trkpt>
      <trkpt lat="54.182498" lon="10.536179">
        <ele>55.441982</ele>
        <time>2026-07-22T09:45:02.833Z</time>
      </trkpt>
      <trkpt lat="54.182659" lon="10.535369">
        <ele>52.679527</ele>
        <time>2026-07-22T09:45:05.618Z</time>
      </trkpt>
      <trkpt lat="54.182806" lon="10.534893">
        <ele>51.345211</ele>
        <time>2026-07-22T09:45:07.438Z</time>
      </trkpt>
      <trkpt lat="54.182786" lon="10.534683">
        <ele>51.006367</ele>
        <time>2026-07-22T09:45:08.558Z</time>
      </trkpt>
      <trkpt lat="54.182906" lon="10.534196">
        <ele>50.443072</ele>
        <time>2026-07-22T09:45:11.684Z</time>
      </trkpt>
      <trkpt lat="54.183086" lon="10.533648">
        <ele>49.550826</ele>
        <time>2026-07-22T09:45:15.032Z</time>
      </trkpt>
      <trkpt lat="54.183318" lon="10.533257">
        <ele>48.468310</ele>
        <time>2026-07-22T09:45:17.881Z</time>
      </trkpt>
      <trkpt lat="54.183462" lon="10.532870">
        <ele>47.370089</ele>
        <time>2026-07-22T09:45:20.121Z</time>
      </trkpt>
      <trkpt lat="54.183620" lon="10.531673">
        <ele>43.788993</ele>
        <time>2026-07-22T09:45:25.900Z</time>
      </trkpt>
      <trkpt lat="54.183679" lon="10.531569">
        <ele>43.518859</ele>
        <time>2026-07-22T09:45:26.595Z</time>
      </trkpt>
      <trkpt lat="54.184587" lon="10.530676">
        <ele>42.343871</ele>
        <time>2026-07-22T09:45:34.331Z</time>
      </trkpt>
      <trkpt lat="54.184819" lon="10.530364">
        <ele>42.393048</ele>
        <time>2026-07-22T09:45:36.981Z</time>
      </trkpt>
      <trkpt lat="54.184890" lon="10.530222">
        <ele>42.495241</ele>
        <time>2026-07-22T09:45:38.334Z</time>
      </trkpt>
      <trkpt lat="54.185410" lon="10.528808">
        <ele>46.356335</ele>
        <time>2026-07-22T09:45:56.216Z</time>
      </trkpt>
      <trkpt lat="54.185660" lon="10.528372">
        <ele>48.104385</ele>
        <time>2026-07-22T09:46:03.943Z</time>
      </trkpt>
      <trkpt lat="54.185992" lon="10.528035">
        <ele>49.973145</ele>
        <time>2026-07-22T09:46:12.003Z</time>
      </trkpt>
      <trkpt lat="54.186131" lon="10.527960">
        <ele>50.456430</ele>
        <time>2026-07-22T09:46:14.401Z</time>
      </trkpt>
      <trkpt lat="54.186476" lon="10.527897">
        <ele>51.325939</ele>
        <time>2026-07-22T09:46:19.034Z</time>
      </trkpt>
      <trkpt lat="54.186836" lon="10.527863">
        <ele>52.960244</ele>
        <time>2026-07-22T09:46:26.908Z</time>
      </trkpt>
      <trkpt lat="54.187191" lon="10.527762">
        <ele>54.035734</ele>
        <time>2026-07-22T09:46:32.588Z</time>
      </trkpt>
      <trkpt lat="54.187420" lon="10.527649">
        <ele>54.383468</ele>
        <time>2026-07-22T09:46:34.987Z</time>
      </trkpt>
      <trkpt lat="54.187621" lon="10.527462">
        <ele>54.906358</ele>
        <time>2026-07-22T09:46:38.890Z</time>
      </trkpt>
      <trkpt lat="54.188687" lon="10.526082">
        <ele>56.522582</ele>
        <time>2026-07-22T09:46:54.086Z</time>
      </trkpt>
      <trkpt lat="54.189014" lon="10.525287">
        <ele>58.922255</ele>
        <time>2026-07-22T09:47:04.956Z</time>
      </trkpt>
      <trkpt lat="54.189493" lon="10.523970">
        <ele>64.501810</ele>
        <time>2026-07-22T09:47:27.189Z</time>
      </trkpt>
      <trkpt lat="54.189526" lon="10.523879">
        <ele>64.826266</ele>
        <time>2026-07-22T09:47:28.304Z</time>
      </trkpt>
      <trkpt lat="54.189535" lon="10.523632">
        <ele>65.167665</ele>
        <time>2026-07-22T09:47:30.148Z</time>
      </trkpt>
      <trkpt lat="54.189758" lon="10.523063">
        <ele>65.757252</ele>
        <time>2026-07-22T09:47:35.336Z</time>
      </trkpt>
      <trkpt lat="54.189830" lon="10.522960">
        <ele>65.764344</ele>
        <time>2026-07-22T09:47:36.171Z</time>
      </trkpt>
      <trkpt lat="54.189962" lon="10.522771">
        <ele>65.431546</ele>
        <time>2026-07-22T09:47:37.290Z</time>
      </trkpt>
      <trkpt lat="54.190654" lon="10.521191">
        <ele>61.639041</ele>
        <time>2026-07-22T09:47:44.250Z</time>
      </trkpt>
      <trkpt lat="54.190830" lon="10.520845">
        <ele>60.858072</ele>
        <time>2026-07-22T09:47:45.935Z</time>
      </trkpt>
      <trkpt lat="54.191029" lon="10.520612">
        <ele>59.947857</ele>
        <time>2026-07-22T09:47:47.363Z</time>
      </trkpt>
      <trkpt lat="54.191299" lon="10.520392">
        <ele>58.318982</ele>
        <time>2026-07-22T09:47:49.040Z</time>
      </trkpt>
      <trkpt lat="54.191571" lon="10.519922">
        <ele>55.654781</ele>
        <time>2026-07-22T09:47:51.122Z</time>
      </trkpt>
      <trkpt lat="54.191733" lon="10.519531">
        <ele>53.532681</ele>
        <time>2026-07-22T09:47:52.595Z</time>
      </trkpt>
      <trkpt lat="54.191874" lon="10.519298">
        <ele>52.695613</ele>
        <time>2026-07-22T09:47:53.747Z</time>
      </trkpt>
      <trkpt lat="54.192406" lon="10.518772">
        <ele>52.734224</ele>
        <time>2026-07-22T09:48:00.164Z</time>
      </trkpt>
      <trkpt lat="54.192868" lon="10.518408">
        <ele>51.072130</ele>
        <time>2026-07-22T09:48:03.211Z</time>
      </trkpt>
      <trkpt lat="54.192952" lon="10.518222">
        <ele>50.512813</ele>
        <time>2026-07-22T09:48:04.008Z</time>
      </trkpt>
      <trkpt lat="54.193529" lon="10.516566">
        <ele>46.280042</ele>
        <time>2026-07-22T09:48:10.650Z</time>
      </trkpt>
      <trkpt lat="54.193845" lon="10.515038">
        <ele>46.020831</ele>
        <time>2026-07-22T09:48:18.749Z</time>
      </trkpt>
      <trkpt lat="54.194033" lon="10.514531">
        <ele>46.204901</ele>
        <time>2026-07-22T09:48:22.425Z</time>
      </trkpt>
      <trkpt lat="54.194250" lon="10.514166">
        <ele>46.393277</ele>
        <time>2026-07-22T09:48:25.591Z</time>
      </trkpt>
      <trkpt lat="54.194331" lon="10.513837">
        <ele>46.498659</ele>
        <time>2026-07-22T09:48:27.785Z</time>
      </trkpt>
      <trkpt lat="54.194377" lon="10.513099">
        <ele>46.622737</ele>
        <time>2026-07-22T09:48:32.143Z</time>
      </trkpt>
      <trkpt lat="54.194469" lon="10.512528">
        <ele>46.198453</ele>
        <time>2026-07-22T09:48:34.566Z</time>
      </trkpt>
      <trkpt lat="54.194755" lon="10.511895">
        <ele>44.705155</ele>
        <time>2026-07-22T09:48:37.426Z</time>
      </trkpt>
      <trkpt lat="54.194941" lon="10.511582">
        <ele>43.594650</ele>
        <time>2026-07-22T09:48:38.899Z</time>
      </trkpt>
      <trkpt lat="54.195134" lon="10.511116">
        <ele>42.442034</ele>
        <time>2026-07-22T09:48:40.939Z</time>
      </trkpt>
      <trkpt lat="54.195471" lon="10.510069">
        <ele>41.128056</ele>
        <time>2026-07-22T09:48:45.581Z</time>
      </trkpt>
      <trkpt lat="54.195707" lon="10.509614">
        <ele>40.707171</ele>
        <time>2026-07-22T09:48:48.109Z</time>
      </trkpt>
      <trkpt lat="54.196147" lon="10.509175">
        <ele>40.216356</ele>
        <time>2026-07-22T09:48:51.912Z</time>
      </trkpt>
      <trkpt lat="54.196308" lon="10.508910">
        <ele>40.089501</ele>
        <time>2026-07-22T09:48:53.643Z</time>
      </trkpt>
      <trkpt lat="54.196414" lon="10.508523">
        <ele>39.922742</ele>
        <time>2026-07-22T09:48:55.639Z</time>
      </trkpt>
      <trkpt lat="54.196739" lon="10.506690">
        <ele>39.558906</ele>
        <time>2026-07-22T09:49:05.097Z</time>
      </trkpt>
      <trkpt lat="54.196877" lon="10.504360">
        <ele>33.905832</ele>
        <time>2026-07-22T09:49:13.058Z</time>
      </trkpt>
      <trkpt lat="54.196943" lon="10.504228">
        <ele>33.481193</ele>
        <time>2026-07-22T09:49:13.643Z</time>
      </trkpt>
      <trkpt lat="54.196999" lon="10.503533">
        <ele>31.748067</ele>
        <time>2026-07-22T09:49:16.016Z</time>
      </trkpt>
      <trkpt lat="54.197105" lon="10.502928">
        <ele>30.485546</ele>
        <time>2026-07-22T09:49:18.227Z</time>
      </trkpt>
      <trkpt lat="54.197140" lon="10.502945">
        <ele>30.464061</ele>
        <time>2026-07-22T09:49:18.564Z</time>
      </trkpt>
      <trkpt lat="54.197152" lon="10.502898">
        <ele>30.446346</ele>
        <time>2026-07-22T09:49:18.766Z</time>
      </trkpt>
      <trkpt lat="54.197382" lon="10.502096">
        <ele>30.290363</ele>
        <time>2026-07-22T09:49:23.347Z</time>
      </trkpt>
      <trkpt lat="54.197419" lon="10.501974">
        <ele>30.315742</ele>
        <time>2026-07-22T09:49:24.441Z</time>
      </trkpt>
      <trkpt lat="54.197532" lon="10.501602">
        <ele>30.258210</ele>
        <time>2026-07-22T09:49:26.449Z</time>
      </trkpt>
      <trkpt lat="54.197549" lon="10.501523">
        <ele>30.210473</ele>
        <time>2026-07-22T09:49:26.759Z</time>
      </trkpt>
      <trkpt lat="54.197565" lon="10.501452">
        <ele>30.167323</ele>
        <time>2026-07-22T09:49:27.048Z</time>
      </trkpt>
      <trkpt lat="54.197623" lon="10.500889">
        <ele>29.950597</ele>
        <time>2026-07-22T09:49:29.837Z</time>
      </trkpt>
      <trkpt lat="54.197545" lon="10.499573">
        <ele>28.559792</ele>
        <time>2026-07-22T09:49:35.050Z</time>
      </trkpt>
      <trkpt lat="54.197560" lon="10.499032">
        <ele>27.892660</ele>
        <time>2026-07-22T09:49:37.052Z</time>
      </trkpt>
      <trkpt lat="54.197649" lon="10.498352">
        <ele>27.752407</ele>
        <time>2026-07-22T09:49:40.722Z</time>
      </trkpt>
      <trkpt lat="54.197856" lon="10.497530">
        <ele>27.399425</ele>
        <time>2026-07-22T09:49:44.505Z</time>
      </trkpt>
      <trkpt lat="54.198161" lon="10.496642">
        <ele>28.526052</ele>
        <time>2026-07-22T09:49:53.174Z</time>
      </trkpt>
      <trkpt lat="54.198396" lon="10.495978">
        <ele>28.773704</ele>
        <time>2026-07-22T09:49:57.767Z</time>
      </trkpt>
      <trkpt lat="54.198529" lon="10.495605">
        <ele>28.426819</ele>
        <time>2026-07-22T09:49:59.477Z</time>
      </trkpt>
      <trkpt lat="54.198555" lon="10.495495">
        <ele>28.345003</ele>
        <time>2026-07-22T09:49:59.961Z</time>
      </trkpt>
      <trkpt lat="54.198576" lon="10.495176">
        <ele>28.198068</ele>
        <time>2026-07-22T09:50:01.419Z</time>
      </trkpt>
      <trkpt lat="54.198542" lon="10.494910">
        <ele>28.136555</ele>
        <time>2026-07-22T09:50:02.750Z</time>
      </trkpt>
      <trkpt lat="54.198488" lon="10.494727">
        <ele>28.181943</ele>
        <time>2026-07-22T09:50:03.811Z</time>
      </trkpt>
      <trkpt lat="54.198075" lon="10.493729">
        <ele>29.059692</ele>
        <time>2026-07-22T09:50:12.439Z</time>
      </trkpt>
      <trkpt lat="54.197925" lon="10.493291">
        <ele>29.395583</ele>
        <time>2026-07-22T09:50:15.679Z</time>
      </trkpt>
      <trkpt lat="54.197863" lon="10.492799">
        <ele>30.183579</ele>
        <time>2026-07-22T09:50:20.195Z</time>
      </trkpt>
      <trkpt lat="54.197857" lon="10.492073">
        <ele>32.254105</ele>
        <time>2026-07-22T09:50:29.245Z</time>
      </trkpt>
      <trkpt lat="54.197870" lon="10.491431">
        <ele>33.714241</ele>
        <time>2026-07-22T09:50:35.954Z</time>
      </trkpt>
      <trkpt lat="54.197884" lon="10.490789">
        <ele>35.281707</ele>
        <time>2026-07-22T09:50:42.744Z</time>
      </trkpt>
      <trkpt lat="54.197886" lon="10.490662">
        <ele>35.661086</ele>
        <time>2026-07-22T09:50:44.367Z</time>
      </trkpt>
      <trkpt lat="54.197922" lon="10.489286">
        <ele>40.269684</ele>
        <time>2026-07-22T09:51:02.987Z</time>
      </trkpt>
      <trkpt lat="54.197897" lon="10.488894">
        <ele>41.447952</ele>
        <time>2026-07-22T09:51:07.993Z</time>
      </trkpt>
      <trkpt lat="54.197827" lon="10.488450">
        <ele>42.689119</ele>
        <time>2026-07-22T09:51:13.025Z</time>
      </trkpt>
      <trkpt lat="54.197793" lon="10.488452">
        <ele>42.858711</ele>
        <time>2026-07-22T09:51:13.793Z</time>
      </trkpt>
      <trkpt lat="54.197673" lon="10.488426">
        <ele>43.405083</ele>
        <time>2026-07-22T09:51:16.519Z</time>
      </trkpt>
      <trkpt lat="54.197629" lon="10.488361">
        <ele>43.580593</ele>
        <time>2026-07-22T09:51:17.604Z</time>
      </trkpt>
      <trkpt lat="54.197532" lon="10.488048">
        <ele>44.064522</ele>
        <time>2026-07-22T09:51:20.287Z</time>
      </trkpt>
      <trkpt lat="54.197216" lon="10.487628">
        <ele>44.364730</ele>
        <time>2026-07-22T09:51:24.452Z</time>
      </trkpt>
      <trkpt lat="54.197102" lon="10.487494">
        <ele>44.227167</ele>
        <time>2026-07-22T09:51:25.918Z</time>
      </trkpt>
      <trkpt lat="54.196318" lon="10.486627">
        <ele>40.095308</ele>
        <time>2026-07-22T09:51:31.255Z</time>
      </trkpt>
      <trkpt lat="54.196135" lon="10.486567">
        <ele>39.284808</ele>
        <time>2026-07-22T09:51:32.310Z</time>
      </trkpt>
      <trkpt lat="54.195882" lon="10.486551">
        <ele>38.396433</ele>
        <time>2026-07-22T09:51:33.871Z</time>
      </trkpt>
      <trkpt lat="54.195485" lon="10.486518">
        <ele>37.096907</ele>
        <time>2026-07-22T09:51:36.291Z</time>
      </trkpt>
      <trkpt lat="54.195313" lon="10.486429">
        <ele>36.540370</ele>
        <time>2026-07-22T09:51:37.367Z</time>
      </trkpt>
      <trkpt lat="54.195155" lon="10.486251">
        <ele>36.038770</ele>
        <time>2026-07-22T09:51:38.532Z</time>
      </trkpt>
      <trkpt lat="54.194807" lon="10.485631">
        <ele>35.324322</ele>
        <time>2026-07-22T09:51:41.932Z</time>
      </trkpt>
      <trkpt lat="54.194485" lon="10.485356">
        <ele>35.858177</ele>
        <time>2026-07-22T09:51:47.147Z</time>
      </trkpt>
      <trkpt lat="54.193628" lon="10.484899">
        <ele>36.732503</ele>
        <time>2026-07-22T09:51:57.174Z</time>
      </trkpt>
      <trkpt lat="54.193295" lon="10.484627">
        <ele>36.405604</ele>
        <time>2026-07-22T09:51:59.852Z</time>
      </trkpt>
      <trkpt lat="54.193201" lon="10.484547">
        <ele>36.295161</ele>
        <time>2026-07-22T09:52:00.697Z</time>
      </trkpt>
      <trkpt lat="54.192543" lon="10.483943">
        <ele>35.432857</ele>
        <time>2026-07-22T09:52:06.058Z</time>
      </trkpt>
      <trkpt lat="54.191997" lon="10.483387">
        <ele>34.276438</ele>
        <time>2026-07-22T09:52:10.333Z</time>
      </trkpt>
      <trkpt lat="54.191482" lon="10.482805">
        <ele>32.998569</ele>
        <time>2026-07-22T09:52:14.294Z</time>
      </trkpt>
      <trkpt lat="54.190876" lon="10.482055">
        <ele>33.324973</ele>
        <time>2026-07-22T09:52:24.660Z</time>
      </trkpt>
      <trkpt lat="54.190560" lon="10.481591">
        <ele>33.077637</ele>
        <time>2026-07-22T09:52:29.133Z</time>
      </trkpt>
      <trkpt lat="54.190413" lon="10.481250">
        <ele>32.830994</ele>
        <time>2026-07-22T09:52:31.673Z</time>
      </trkpt>
      <trkpt lat="54.190239" lon="10.480474">
        <ele>32.631021</ele>
        <time>2026-07-22T09:52:36.922Z</time>
      </trkpt>
      <trkpt lat="54.190042" lon="10.479207">
        <ele>33.072235</ele>
        <time>2026-07-22T09:52:47.622Z</time>
      </trkpt>
      <trkpt lat="54.189968" lon="10.478975">
        <ele>33.078695</ele>
        <time>2026-07-22T09:52:49.498Z</time>
      </trkpt>
      <trkpt lat="54.189715" lon="10.478546">
        <ele>32.964203</ele>
        <time>2026-07-22T09:52:53.542Z</time>
      </trkpt>
      <trkpt lat="54.189160" lon="10.478243">
        <ele>32.465439</ele>
        <time>2026-07-22T09:52:59.683Z</time>
      </trkpt>
      <trkpt lat="54.188162" lon="10.478176">
        <ele>32.674285</ele>
        <time>2026-07-22T09:53:12.582Z</time>
      </trkpt>
      <trkpt lat="54.187483" lon="10.477985">
        <ele>31.287642</ele>
        <time>2026-07-22T09:53:19.113Z</time>
      </trkpt>
      <trkpt lat="54.187073" lon="10.477858">
        <ele>29.664672</ele>
        <time>2026-07-22T09:53:21.530Z</time>
      </trkpt>
      <trkpt lat="54.186334" lon="10.477585">
        <ele>27.601576</ele>
        <time>2026-07-22T09:53:26.242Z</time>
      </trkpt>
      <trkpt lat="54.186137" lon="10.477478">
        <ele>27.270276</ele>
        <time>2026-07-22T09:53:27.765Z</time>
      </trkpt>
      <trkpt lat="54.185355" lon="10.477033">
        <ele>26.326965</ele>
        <time>2026-07-22T09:53:35.949Z</time>
      </trkpt>
      <trkpt lat="54.184768" lon="10.476809">
        <ele>27.485944</ele>
        <time>2026-07-22T09:53:46.521Z</time>
      </trkpt>
      <trkpt lat="54.183395" lon="10.476381">
        <ele>30.013860</ele>
        <time>2026-07-22T09:54:05.066Z</time>
      </trkpt>
      <trkpt lat="54.182136" lon="10.475597">
        <ele>28.787909</ele>
        <time>2026-07-22T09:54:15.126Z</time>
      </trkpt>
      <trkpt lat="54.181510" lon="10.475284">
        <ele>26.191765</ele>
        <time>2026-07-22T09:54:18.919Z</time>
      </trkpt>
      <trkpt lat="54.181235" lon="10.475229">
        <ele>24.997591</ele>
        <time>2026-07-22T09:54:20.522Z</time>
      </trkpt>
      <trkpt lat="54.180989" lon="10.475259">
        <ele>23.992820</ele>
        <time>2026-07-22T09:54:21.941Z</time>
      </trkpt>
      <trkpt lat="54.180535" lon="10.475391">
        <ele>22.956906</ele>
        <time>2026-07-22T09:54:24.932Z</time>
      </trkpt>
      <trkpt lat="54.180493" lon="10.475386">
        <ele>22.899603</ele>
        <time>2026-07-22T09:54:25.269Z</time>
      </trkpt>
      <trkpt lat="54.180401" lon="10.475374">
        <ele>22.774023</ele>
        <time>2026-07-22T09:54:26.256Z</time>
      </trkpt>
      <trkpt lat="54.180240" lon="10.475289">
        <ele>22.565687</ele>
        <time>2026-07-22T09:54:27.843Z</time>
      </trkpt>
      <trkpt lat="54.180124" lon="10.475154">
        <ele>22.458763</ele>
        <time>2026-07-22T09:54:29.426Z</time>
      </trkpt>
      <trkpt lat="54.179842" lon="10.474574">
        <ele>22.725302</ele>
        <time>2026-07-22T09:54:35.520Z</time>
      </trkpt>
      <trkpt lat="54.179693" lon="10.474272">
        <ele>23.025419</ele>
        <time>2026-07-22T09:54:38.111Z</time>
      </trkpt>
      <trkpt lat="54.179534" lon="10.474043">
        <ele>23.394652</ele>
        <time>2026-07-22T09:54:41.119Z</time>
      </trkpt>
      <trkpt lat="54.179144" lon="10.473655">
        <ele>24.150612</ele>
        <time>2026-07-22T09:54:46.901Z</time>
      </trkpt>
      <trkpt lat="54.178970" lon="10.473372">
        <ele>24.282637</ele>
        <time>2026-07-22T09:54:49.351Z</time>
      </trkpt>
      <trkpt lat="54.178832" lon="10.472971">
        <ele>24.268161</ele>
        <time>2026-07-22T09:54:51.767Z</time>
      </trkpt>
      <trkpt lat="54.178629" lon="10.471810">
        <ele>24.416053</ele>
        <time>2026-07-22T09:54:57.451Z</time>
      </trkpt>
      <trkpt lat="54.178526" lon="10.471251">
        <ele>26.128010</ele>
        <time>2026-07-22T09:55:06.264Z</time>
      </trkpt>
      <trkpt lat="54.178308" lon="10.470430">
        <ele>25.847740</ele>
        <time>2026-07-22T09:55:09.968Z</time>
      </trkpt>
      <trkpt lat="54.178045" lon="10.469559">
        <ele>26.132167</ele>
        <time>2026-07-22T09:55:16.061Z</time>
      </trkpt>
      <trkpt lat="54.177865" lon="10.468602">
        <ele>27.132298</ele>
        <time>2026-07-22T09:55:23.770Z</time>
      </trkpt>
      <trkpt lat="54.177767" lon="10.468027">
        <ele>27.723559</ele>
        <time>2026-07-22T09:55:28.726Z</time>
      </trkpt>
      <trkpt lat="54.177490" lon="10.466453">
        <ele>26.030000</ele>
        <time>2026-07-22T09:55:35.168Z</time>
      </trkpt>
      <trkpt lat="54.177298" lon="10.465606">
        <ele>24.642019</ele>
        <time>2026-07-22T09:55:38.446Z</time>
      </trkpt>
      <trkpt lat="54.176996" lon="10.464563">
        <ele>23.357646</ele>
        <time>2026-07-22T09:55:42.986Z</time>
      </trkpt>
      <trkpt lat="54.176939" lon="10.464295">
        <ele>23.311447</ele>
        <time>2026-07-22T09:55:44.263Z</time>
      </trkpt>
      <trkpt lat="54.176909" lon="10.464043">
        <ele>23.374957</ele>
        <time>2026-07-22T09:55:46.690Z</time>
      </trkpt>
      <trkpt lat="54.176716" lon="10.462468">
        <ele>24.135830</ele>
        <time>2026-07-22T09:55:56.975Z</time>
      </trkpt>
      <trkpt lat="54.176189" lon="10.459489">
        <ele>24.443735</ele>
        <time>2026-07-22T09:56:13.712Z</time>
      </trkpt>
      <trkpt lat="54.176148" lon="10.458916">
        <ele>24.703190</ele>
        <time>2026-07-22T09:56:17.394Z</time>
      </trkpt>
      <trkpt lat="54.176184" lon="10.458235">
        <ele>25.082650</ele>
        <time>2026-07-22T09:56:21.926Z</time>
      </trkpt>
      <trkpt lat="54.176296" lon="10.457423">
        <ele>25.355910</ele>
        <time>2026-07-22T09:56:27.004Z</time>
      </trkpt>
      <trkpt lat="54.176363" lon="10.456774">
        <ele>25.176308</ele>
        <time>2026-07-22T09:56:29.899Z</time>
      </trkpt>
      <trkpt lat="54.176358" lon="10.456284">
        <ele>25.333080</ele>
        <time>2026-07-22T09:56:33.001Z</time>
      </trkpt>
      <trkpt lat="54.176098" lon="10.453422">
        <ele>28.242109</ele>
        <time>2026-07-22T09:56:55.059Z</time>
      </trkpt>
      <trkpt lat="54.176024" lon="10.452881">
        <ele>29.035422</ele>
        <time>2026-07-22T09:56:59.719Z</time>
      </trkpt>
      <trkpt lat="54.175891" lon="10.452344">
        <ele>30.474629</ele>
        <time>2026-07-22T09:57:05.667Z</time>
      </trkpt>
      <trkpt lat="54.175383" lon="10.450857">
        <ele>36.773037</ele>
        <time>2026-07-22T09:57:30.567Z</time>
      </trkpt>
      <trkpt lat="54.174831" lon="10.450132">
        <ele>40.634261</ele>
        <time>2026-07-22T09:57:46.417Z</time>
      </trkpt>
      <trkpt lat="54.174655" lon="10.449842">
        <ele>40.802833</ele>
        <time>2026-07-22T09:57:48.685Z</time>
      </trkpt>
      <trkpt lat="54.174498" lon="10.449445">
        <ele>40.229238</ele>
        <time>2026-07-22T09:57:50.517Z</time>
      </trkpt>
      <trkpt lat="54.174373" lon="10.448946">
        <ele>39.223524</ele>
        <time>2026-07-22T09:57:52.419Z</time>
      </trkpt>
      <trkpt lat="54.174112" lon="10.447505">
        <ele>36.625790</ele>
        <time>2026-07-22T09:57:57.872Z</time>
      </trkpt>
      <trkpt lat="54.174042" lon="10.445821">
        <ele>34.166283</ele>
        <time>2026-07-22T09:58:04.199Z</time>
      </trkpt>
      <trkpt lat="54.173960" lon="10.445385">
        <ele>33.329251</ele>
        <time>2026-07-22T09:58:05.810Z</time>
      </trkpt>
      <trkpt lat="54.173811" lon="10.444963">
        <ele>32.621882</ele>
        <time>2026-07-22T09:58:07.583Z</time>
      </trkpt>
      <trkpt lat="54.173061" lon="10.443288">
        <ele>31.726261</ele>
        <time>2026-07-22T09:58:17.341Z</time>
      </trkpt>
      <trkpt lat="54.173005" lon="10.443126">
        <ele>31.595921</ele>
        <time>2026-07-22T09:58:17.996Z</time>
      </trkpt>
      <trkpt lat="54.172783" lon="10.442324">
        <ele>31.647544</ele>
        <time>2026-07-22T09:58:23.509Z</time>
      </trkpt>
      <trkpt lat="54.172702" lon="10.442028">
        <ele>31.368271</ele>
        <time>2026-07-22T09:58:24.680Z</time>
      </trkpt>
      <trkpt lat="54.172557" lon="10.441527">
        <ele>31.491940</ele>
        <time>2026-07-22T09:58:28.044Z</time>
      </trkpt>
      <trkpt lat="54.173032" lon="10.441084">
        <ele>32.686128</ele>
        <time>2026-07-22T09:58:36.348Z</time>
      </trkpt>
      <trkpt lat="54.173174" lon="10.440928">
        <ele>32.794282</ele>
        <time>2026-07-22T09:58:38.007Z</time>
      </trkpt>
      <trkpt lat="54.173324" lon="10.440686">
        <ele>32.631053</ele>
        <time>2026-07-22T09:58:39.432Z</time>
      </trkpt>
      <trkpt lat="54.173623" lon="10.440297">
        <ele>32.416242</ele>
        <time>2026-07-22T09:58:42.236Z</time>
      </trkpt>
      <trkpt lat="54.173849" lon="10.440670">
        <ele>33.046195</ele>
        <time>2026-07-22T09:58:47.041Z</time>
      </trkpt>
      <trkpt lat="54.174007" lon="10.440869">
        <ele>33.376373</ele>
        <time>2026-07-22T09:58:49.470Z</time>
      </trkpt>
      <trkpt lat="54.174612" lon="10.441890">
        <ele>34.256472</ele>
        <time>2026-07-22T09:58:59.231Z</time>
      </trkpt>
      <trkpt lat="54.175036" lon="10.442437">
        <ele>33.986903</ele>
        <time>2026-07-22T09:59:03.589Z</time>
      </trkpt>
      <trkpt lat="54.175495" lon="10.442864">
        <ele>33.004611</ele>
        <time>2026-07-22T09:59:07.022Z</time>
      </trkpt>
      <trkpt lat="54.175780" lon="10.443010">
        <ele>32.468622</ele>
        <time>2026-07-22T09:59:08.957Z</time>
      </trkpt>
      <trkpt lat="54.176087" lon="10.443135">
        <ele>32.665876</ele>
        <time>2026-07-22T09:59:12.067Z</time>
      </trkpt>
      <trkpt lat="54.176765" lon="10.443268">
        <ele>34.302570</ele>
        <time>2026-07-22T09:59:22.511Z</time>
      </trkpt>
      <trkpt lat="54.176973" lon="10.443405">
        <ele>34.833355</ele>
        <time>2026-07-22T09:59:25.899Z</time>
      </trkpt>
      <trkpt lat="54.177204" lon="10.443644">
        <ele>35.240282</ele>
        <time>2026-07-22T09:59:29.296Z</time>
      </trkpt>
      <trkpt lat="54.177386" lon="10.443973">
        <ele>35.314988</ele>
        <time>2026-07-22T09:59:31.749Z</time>
      </trkpt>
      <trkpt lat="54.178016" lon="10.445402">
        <ele>33.896253</ele>
        <time>2026-07-22T09:59:38.941Z</time>
      </trkpt>
      <trkpt lat="54.178462" lon="10.446211">
        <ele>33.755792</ele>
        <time>2026-07-22T09:59:44.454Z</time>
      </trkpt>
      <trkpt lat="54.178633" lon="10.446471">
        <ele>34.388826</ele>
        <time>2026-07-22T09:59:47.923Z</time>
      </trkpt>
      <trkpt lat="54.179539" lon="10.447407">
        <ele>39.471192</ele>
        <time>2026-07-22T10:00:10.176Z</time>
      </trkpt>
      <trkpt lat="54.179875" lon="10.447696">
        <ele>40.013417</ele>
        <time>2026-07-22T10:00:14.715Z</time>
      </trkpt>
      <trkpt lat="54.180748" lon="10.448630">
        <ele>39.742869</ele>
        <time>2026-07-22T10:00:22.938Z</time>
      </trkpt>
      <trkpt lat="54.181282" lon="10.448997">
        <ele>40.479428</ele>
        <time>2026-07-22T10:00:30.466Z</time>
      </trkpt>
      <trkpt lat="54.181314" lon="10.448901">
        <ele>40.449083</ele>
        <time>2026-07-22T10:00:31.720Z</time>
      </trkpt>
      <trkpt lat="54.181526" lon="10.449053">
        <ele>39.814325</ele>
        <time>2026-07-22T10:00:33.369Z</time>
      </trkpt>
      <trkpt lat="54.181589" lon="10.448857">
        <ele>38.766747</ele>
        <time>2026-07-22T10:00:34.043Z</time>
      </trkpt>
      <trkpt lat="54.181704" lon="10.448665">
        <ele>37.381858</ele>
        <time>2026-07-22T10:00:34.872Z</time>
      </trkpt>
      <trkpt lat="54.181933" lon="10.448452">
        <ele>35.380797</ele>
        <time>2026-07-22T10:00:36.275Z</time>
      </trkpt>
      <trkpt lat="54.182692" lon="10.447935">
        <ele>30.800562</ele>
        <time>2026-07-22T10:00:40.796Z</time>
      </trkpt>
      <trkpt lat="54.183054" lon="10.447343">
        <ele>29.682149</ele>
        <time>2026-07-22T10:00:43.982Z</time>
      </trkpt>
      <trkpt lat="54.183659" lon="10.446355">
        <ele>31.537993</ele>
        <time>2026-07-22T10:00:56.895Z</time>
      </trkpt>
      <trkpt lat="54.183991" lon="10.445808">
        <ele>32.181128</ele>
        <time>2026-07-22T10:01:02.222Z</time>
      </trkpt>
      <trkpt lat="54.184172" lon="10.445346">
        <ele>32.509477</ele>
        <time>2026-07-22T10:01:06.025Z</time>
      </trkpt>
      <trkpt lat="54.184282" lon="10.444928">
        <ele>32.775576</ele>
        <time>2026-07-22T10:01:09.092Z</time>
      </trkpt>
      <trkpt lat="54.184333" lon="10.444072">
        <ele>33.197311</ele>
        <time>2026-07-22T10:01:13.963Z</time>
      </trkpt>
      <trkpt lat="54.184376" lon="10.443608">
        <ele>34.615642</ele>
        <time>2026-07-22T10:01:19.909Z</time>
      </trkpt>
      <trkpt lat="54.184475" lon="10.443229">
        <ele>36.566134</ele>
        <time>2026-07-22T10:01:27.312Z</time>
      </trkpt>
      <trkpt lat="54.184661" lon="10.442918">
        <ele>38.759900</ele>
        <time>2026-07-22T10:01:34.980Z</time>
      </trkpt>
      <trkpt lat="54.186230" lon="10.441443">
        <ele>52.361251</ele>
        <time>2026-07-22T10:02:24.161Z</time>
      </trkpt>
      <trkpt lat="54.186849" lon="10.440826">
        <ele>55.156147</ele>
        <time>2026-07-22T10:02:36.182Z</time>
      </trkpt>
      <trkpt lat="54.186430" lon="10.439792">
        <ele>59.863417</ele>
        <time>2026-07-22T10:02:54.769Z</time>
      </trkpt>
      <trkpt lat="54.186130" lon="10.438724">
        <ele>62.002688</ele>
        <time>2026-07-22T10:03:05.541Z</time>
      </trkpt>
      <trkpt lat="54.185780" lon="10.437300">
        <ele>66.520180</ele>
        <time>2026-07-22T10:03:24.657Z</time>
      </trkpt>
      <trkpt lat="54.185610" lon="10.436461">
        <ele>68.922659</ele>
        <time>2026-07-22T10:03:36.265Z</time>
      </trkpt>
      <trkpt lat="54.185530" lon="10.435955">
        <ele>68.582894</ele>
        <time>2026-07-22T10:03:38.153Z</time>
      </trkpt>
      <trkpt lat="54.185435" lon="10.434880">
        <ele>67.903235</ele>
        <time>2026-07-22T10:03:42.884Z</time>
      </trkpt>
      <trkpt lat="54.185403" lon="10.434496">
        <ele>67.659764</ele>
        <time>2026-07-22T10:03:44.574Z</time>
      </trkpt>
      <trkpt lat="54.185367" lon="10.434193">
        <ele>67.289731</ele>
        <time>2026-07-22T10:03:45.788Z</time>
      </trkpt>
      <trkpt lat="54.185250" lon="10.433460">
        <ele>65.792595</ele>
        <time>2026-07-22T10:03:48.441Z</time>
      </trkpt>
      <trkpt lat="54.185170" lon="10.432215">
        <ele>63.248170</ele>
        <time>2026-07-22T10:03:52.791Z</time>
      </trkpt>
      <trkpt lat="54.184989" lon="10.431544">
        <ele>62.985426</ele>
        <time>2026-07-22T10:03:56.137Z</time>
      </trkpt>
      <trkpt lat="54.184931" lon="10.431126">
        <ele>63.325603</ele>
        <time>2026-07-22T10:04:00.017Z</time>
      </trkpt>
      <trkpt lat="54.184933" lon="10.431022">
        <ele>63.414339</ele>
        <time>2026-07-22T10:04:00.497Z</time>
      </trkpt>
      <trkpt lat="54.184938" lon="10.430806">
        <ele>63.299282</ele>
        <time>2026-07-22T10:04:01.319Z</time>
      </trkpt>
      <trkpt lat="54.185297" lon="10.428461">
        <ele>63.554153</ele>
        <time>2026-07-22T10:04:14.573Z</time>
      </trkpt>
      <trkpt lat="54.185388" lon="10.427934">
        <ele>64.717616</ele>
        <time>2026-07-22T10:04:20.709Z</time>
      </trkpt>
      <trkpt lat="54.185427" lon="10.427808">
        <ele>64.990477</ele>
        <time>2026-07-22T10:04:22.185Z</time>
      </trkpt>
      <trkpt lat="54.185528" lon="10.427577">
        <ele>65.292583</ele>
        <time>2026-07-22T10:04:24.265Z</time>
      </trkpt>
      <trkpt lat="54.185934" lon="10.426796">
        <ele>65.614632</ele>
        <time>2026-07-22T10:04:30.531Z</time>
      </trkpt>
      <trkpt lat="54.186016" lon="10.426550">
        <ele>65.414362</ele>
        <time>2026-07-22T10:04:31.676Z</time>
      </trkpt>
      <trkpt lat="54.186196" lon="10.425528">
        <ele>63.443288</ele>
        <time>2026-07-22T10:04:35.471Z</time>
      </trkpt>
      <trkpt lat="54.186627" lon="10.424075">
        <ele>61.153930</ele>
        <time>2026-07-22T10:04:41.470Z</time>
      </trkpt>
      <trkpt lat="54.186687" lon="10.423831">
        <ele>61.301602</ele>
        <time>2026-07-22T10:04:43.627Z</time>
      </trkpt>
      <trkpt lat="54.186732" lon="10.423452">
        <ele>61.539500</ele>
        <time>2026-07-22T10:04:46.526Z</time>
      </trkpt>
      <trkpt lat="54.186704" lon="10.422648">
        <ele>61.689483</ele>
        <time>2026-07-22T10:04:50.793Z</time>
      </trkpt>
      <trkpt lat="54.186618" lon="10.421023">
        <ele>61.775211</ele>
        <time>2026-07-22T10:04:59.342Z</time>
      </trkpt>
      <trkpt lat="54.186642" lon="10.420597">
        <ele>62.343695</ele>
        <time>2026-07-22T10:05:03.090Z</time>
      </trkpt>
      <trkpt lat="54.186747" lon="10.420170">
        <ele>63.177758</ele>
        <time>2026-07-22T10:05:07.839Z</time>
      </trkpt>
      <trkpt lat="54.187538" lon="10.417908">
        <ele>66.283693</ele>
        <time>2026-07-22T10:05:28.366Z</time>
      </trkpt>
      <trkpt lat="54.188076" lon="10.416356">
        <ele>72.382073</ele>
        <time>2026-07-22T10:05:52.709Z</time>
      </trkpt>
      <trkpt lat="54.188360" lon="10.415121">
        <ele>76.559136</ele>
        <time>2026-07-22T10:06:10.017Z</time>
      </trkpt>
      <trkpt lat="54.188525" lon="10.414307">
        <ele>78.182932</ele>
        <time>2026-07-22T10:06:18.414Z</time>
      </trkpt>
      <trkpt lat="54.188736" lon="10.413608">
        <ele>78.638858</ele>
        <time>2026-07-22T10:06:23.687Z</time>
      </trkpt>
      <trkpt lat="54.189068" lon="10.412640">
        <ele>77.110005</ele>
        <time>2026-07-22T10:06:28.059Z</time>
      </trkpt>
      <trkpt lat="54.189229" lon="10.412144">
        <ele>74.314976</ele>
        <time>2026-07-22T10:06:29.763Z</time>
      </trkpt>
      <trkpt lat="54.189353" lon="10.411815">
        <ele>73.300001</ele>
        <time>2026-07-22T10:06:31.129Z</time>
      </trkpt>
      <trkpt lat="54.189898" lon="10.410713">
        <ele>70.307102</ele>
        <time>2026-07-22T10:06:36.184Z</time>
      </trkpt>
      <trkpt lat="54.190755" lon="10.409267">
        <ele>66.324446</ele>
        <time>2026-07-22T10:06:43.432Z</time>
      </trkpt>
      <trkpt lat="54.191069" lon="10.408657">
        <ele>66.327533</ele>
        <time>2026-07-22T10:06:47.726Z</time>
      </trkpt>
      <trkpt lat="54.191239" lon="10.408196">
        <ele>67.192044</ele>
        <time>2026-07-22T10:06:52.584Z</time>
      </trkpt>
      <trkpt lat="54.191374" lon="10.407765">
        <ele>68.362325</ele>
        <time>2026-07-22T10:06:58.225Z</time>
      </trkpt>
      <trkpt lat="54.191431" lon="10.407436">
        <ele>69.033605</ele>
        <time>2026-07-22T10:07:01.709Z</time>
      </trkpt>
      <trkpt lat="54.191513" lon="10.406791">
        <ele>69.794788</ele>
        <time>2026-07-22T10:07:07.171Z</time>
      </trkpt>
      <trkpt lat="54.191584" lon="10.405937">
        <ele>69.985028</ele>
        <time>2026-07-22T10:07:11.775Z</time>
      </trkpt>
      <trkpt lat="54.191658" lon="10.404548">
        <ele>69.946186</ele>
        <time>2026-07-22T10:07:18.939Z</time>
      </trkpt>
      <trkpt lat="54.191702" lon="10.404084">
        <ele>70.099447</ele>
        <time>2026-07-22T10:07:21.760Z</time>
      </trkpt>
      <trkpt lat="54.191953" lon="10.402972">
        <ele>70.225154</ele>
        <time>2026-07-22T10:07:29.092Z</time>
      </trkpt>
      <trkpt lat="54.192054" lon="10.402558">
        <ele>69.133404</ele>
        <time>2026-07-22T10:07:30.516Z</time>
      </trkpt>
      <trkpt lat="54.192133" lon="10.402260">
        <ele>69.029890</ele>
        <time>2026-07-22T10:07:33.061Z</time>
      </trkpt>
      <trkpt lat="54.192456" lon="10.401434">
        <ele>67.297308</ele>
        <time>2026-07-22T10:07:36.857Z</time>
      </trkpt>
      <trkpt lat="54.192586" lon="10.401206">
        <ele>65.448628</ele>
        <time>2026-07-22T10:07:37.783Z</time>
      </trkpt>
      <trkpt lat="54.192809" lon="10.400929">
        <ele>63.111552</ele>
        <time>2026-07-22T10:07:39.239Z</time>
      </trkpt>
      <trkpt lat="54.193040" lon="10.400768">
        <ele>61.866414</ele>
        <time>2026-07-22T10:07:40.692Z</time>
      </trkpt>
      <trkpt lat="54.193282" lon="10.400676">
        <ele>61.014433</ele>
        <time>2026-07-22T10:07:42.183Z</time>
      </trkpt>
      <trkpt lat="54.193619" lon="10.400701">
        <ele>60.005127</ele>
        <time>2026-07-22T10:07:44.254Z</time>
      </trkpt>
      <trkpt lat="54.193935" lon="10.400778">
        <ele>58.980351</ele>
        <time>2026-07-22T10:07:46.234Z</time>
      </trkpt>
      <trkpt lat="54.194096" lon="10.400638">
        <ele>58.269236</ele>
        <time>2026-07-22T10:07:47.274Z</time>
      </trkpt>
      <trkpt lat="54.194206" lon="10.400543">
        <ele>57.770941</ele>
        <time>2026-07-22T10:07:47.986Z</time>
      </trkpt>
      <trkpt lat="54.194412" lon="10.400223">
        <ele>56.982012</ele>
        <time>2026-07-22T10:07:49.724Z</time>
      </trkpt>
      <trkpt lat="54.194543" lon="10.399764">
        <ele>56.086404</ele>
        <time>2026-07-22T10:07:51.578Z</time>
      </trkpt>
      <trkpt lat="54.194699" lon="10.398782">
        <ele>54.158129</ele>
        <time>2026-07-22T10:07:55.195Z</time>
      </trkpt>
      <trkpt lat="54.194967" lon="10.396303">
        <ele>47.791183</ele>
        <time>2026-07-22T10:08:03.718Z</time>
      </trkpt>
      <trkpt lat="54.195084" lon="10.394760">
        <ele>43.867416</ele>
        <time>2026-07-22T10:08:08.964Z</time>
      </trkpt>
      <trkpt lat="54.195276" lon="10.391612">
        <ele>41.486219</ele>
        <time>2026-07-22T10:08:22.110Z</time>
      </trkpt>
      <trkpt lat="54.195374" lon="10.390932">
        <ele>41.908658</ele>
        <time>2026-07-22T10:08:26.910Z</time>
      </trkpt>
      <trkpt lat="54.195488" lon="10.390622">
        <ele>42.205146</ele>
        <time>2026-07-22T10:08:29.552Z</time>
      </trkpt>
      <trkpt lat="54.195667" lon="10.390282">
        <ele>42.593393</ele>
        <time>2026-07-22T10:08:32.926Z</time>
      </trkpt>
      <trkpt lat="54.196282" lon="10.389524">
        <ele>43.536097</ele>
        <time>2026-07-22T10:08:42.162Z</time>
      </trkpt>
      <trkpt lat="54.196910" lon="10.388484">
        <ele>43.795296</ele>
        <time>2026-07-22T10:08:50.225Z</time>
      </trkpt>
      <trkpt lat="54.199409" lon="10.385185">
        <ele>44.298518</ele>
        <time>2026-07-22T10:09:19.464Z</time>
      </trkpt>
      <trkpt lat="54.199591" lon="10.384710">
        <ele>44.827475</ele>
        <time>2026-07-22T10:09:24.307Z</time>
      </trkpt>
      <trkpt lat="54.199666" lon="10.384353">
        <ele>44.843989</ele>
        <time>2026-07-22T10:09:25.936Z</time>
      </trkpt>
      <trkpt lat="54.199808" lon="10.383445">
        <ele>44.774569</ele>
        <time>2026-07-22T10:09:30.930Z</time>
      </trkpt>
      <trkpt lat="54.199910" lon="10.382984">
        <ele>44.491286</ele>
        <time>2026-07-22T10:09:33.090Z</time>
      </trkpt>
      <trkpt lat="54.200048" lon="10.382331">
        <ele>43.643658</ele>
        <time>2026-07-22T10:09:35.635Z</time>
      </trkpt>
      <trkpt lat="54.200373" lon="10.381269">
        <ele>43.958016</ele>
        <time>2026-07-22T10:09:42.460Z</time>
      </trkpt>
      <trkpt lat="54.201303" lon="10.378882">
        <ele>50.475359</ele>
        <time>2026-07-22T10:10:13.450Z</time>
      </trkpt>
      <trkpt lat="54.201665" lon="10.378253">
        <ele>53.099181</ele>
        <time>2026-07-22T10:10:24.843Z</time>
      </trkpt>
      <trkpt lat="54.201785" lon="10.377871">
        <ele>53.153373</ele>
        <time>2026-07-22T10:10:26.970Z</time>
      </trkpt>
      <trkpt lat="54.202192" lon="10.376180">
        <ele>51.842583</ele>
        <time>2026-07-22T10:10:34.528Z</time>
      </trkpt>
      <trkpt lat="54.202663" lon="10.374667">
        <ele>51.745578</ele>
        <time>2026-07-22T10:10:43.495Z</time>
      </trkpt>
      <trkpt lat="54.202718" lon="10.374159">
        <ele>51.605481</ele>
        <time>2026-07-22T10:10:45.687Z</time>
      </trkpt>
      <trkpt lat="54.202770" lon="10.373192">
        <ele>52.154601</ele>
        <time>2026-07-22T10:10:52.311Z</time>
      </trkpt>
      <trkpt lat="54.202779" lon="10.373023">
        <ele>52.206502</ele>
        <time>2026-07-22T10:10:53.458Z</time>
      </trkpt>
      <trkpt lat="54.202866" lon="10.371965">
        <ele>51.886370</ele>
        <time>2026-07-22T10:10:58.254Z</time>
      </trkpt>
      <trkpt lat="54.202983" lon="10.371298">
        <ele>52.143776</ele>
        <time>2026-07-22T10:11:02.618Z</time>
      </trkpt>
      <trkpt lat="54.203167" lon="10.370618">
        <ele>52.578464</ele>
        <time>2026-07-22T10:11:08.087Z</time>
      </trkpt>
      <trkpt lat="54.203412" lon="10.369417">
        <ele>51.160845</ele>
        <time>2026-07-22T10:11:12.920Z</time>
      </trkpt>
      <trkpt lat="54.203585" lon="10.368633">
        <ele>49.889694</ele>
        <time>2026-07-22T10:11:15.975Z</time>
      </trkpt>
      <trkpt lat="54.203930" lon="10.367757">
        <ele>49.160548</ele>
        <time>2026-07-22T10:11:20.528Z</time>
      </trkpt>
      <trkpt lat="54.203985" lon="10.367460">
        <ele>48.863621</ele>
        <time>2026-07-22T10:11:21.728Z</time>
      </trkpt>
      <trkpt lat="54.204063" lon="10.367047">
        <ele>48.281181</ele>
        <time>2026-07-22T10:11:23.359Z</time>
      </trkpt>
      <trkpt lat="54.204470" lon="10.367042">
        <ele>47.172453</ele>
        <time>2026-07-22T10:11:25.926Z</time>
      </trkpt>
      <trkpt lat="54.204647" lon="10.366956">
        <ele>46.591942</ele>
        <time>2026-07-22T10:11:27.052Z</time>
      </trkpt>
      <trkpt lat="54.205063" lon="10.366633">
        <ele>45.126225</ele>
        <time>2026-07-22T10:11:29.778Z</time>
      </trkpt>
      <trkpt lat="54.205535" lon="10.366233">
        <ele>45.147411</ele>
        <time>2026-07-22T10:11:36.083Z</time>
      </trkpt>
      <trkpt lat="54.205761" lon="10.366212">
        <ele>45.618634</ele>
        <time>2026-07-22T10:11:40.331Z</time>
      </trkpt>
      <trkpt lat="54.206647" lon="10.366538">
        <ele>48.150306</ele>
        <time>2026-07-22T10:11:57.533Z</time>
      </trkpt>
      <trkpt lat="54.206941" lon="10.366660">
        <ele>48.697767</ele>
        <time>2026-07-22T10:12:02.611Z</time>
      </trkpt>
      <trkpt lat="54.207163" lon="10.366801">
        <ele>48.789518</ele>
        <time>2026-07-22T10:12:05.287Z</time>
      </trkpt>
      <trkpt lat="54.207395" lon="10.366961">
        <ele>49.213735</ele>
        <time>2026-07-22T10:12:09.553Z</time>
      </trkpt>
      <trkpt lat="54.207649" lon="10.367183">
        <ele>49.723155</ele>
        <time>2026-07-22T10:12:14.663Z</time>
      </trkpt>
      <trkpt lat="54.207698" lon="10.367144">
        <ele>49.705362</ele>
        <time>2026-07-22T10:12:15.233Z</time>
      </trkpt>
      <trkpt lat="54.208207" lon="10.367511">
        <ele>49.316571</ele>
        <time>2026-07-22T10:12:19.345Z</time>
      </trkpt>
      <trkpt lat="54.208478" lon="10.367779">
        <ele>48.270202</ele>
        <time>2026-07-22T10:12:21.226Z</time>
      </trkpt>
      <trkpt lat="54.208689" lon="10.368066">
        <ele>47.207987</ele>
        <time>2026-07-22T10:12:22.805Z</time>
      </trkpt>
      <trkpt lat="54.209070" lon="10.368765">
        <ele>45.104723</ele>
        <time>2026-07-22T10:12:26.092Z</time>
      </trkpt>
      <trkpt lat="54.209653" lon="10.369788">
        <ele>44.573824</ele>
        <time>2026-07-22T10:12:32.575Z</time>
      </trkpt>
      <trkpt lat="54.209889" lon="10.370146">
        <ele>44.758091</ele>
        <time>2026-07-22T10:12:35.969Z</time>
      </trkpt>
      <trkpt lat="54.210002" lon="10.370222">
        <ele>44.769694</ele>
        <time>2026-07-22T10:12:37.136Z</time>
      </trkpt>
      <trkpt lat="54.210083" lon="10.370223">
        <ele>44.766430</ele>
        <time>2026-07-22T10:12:37.769Z</time>
      </trkpt>
      <trkpt lat="54.210468" lon="10.370226">
        <ele>44.431340</ele>
        <time>2026-07-22T10:12:40.584Z</time>
      </trkpt>
      <trkpt lat="54.210736" lon="10.370312">
        <ele>44.321004</ele>
        <time>2026-07-22T10:12:42.877Z</time>
      </trkpt>
      <trkpt lat="54.211349" lon="10.370215">
        <ele>44.549250</ele>
        <time>2026-07-22T10:12:48.933Z</time>
      </trkpt>
      <trkpt lat="54.211785" lon="10.369990">
        <ele>44.994183</ele>
        <time>2026-07-22T10:12:54.232Z</time>
      </trkpt>
      <trkpt lat="54.211913" lon="10.369970">
        <ele>44.883415</ele>
        <time>2026-07-22T10:12:55.273Z</time>
      </trkpt>
      <trkpt lat="54.212517" lon="10.369839">
        <ele>43.527143</ele>
        <time>2026-07-22T10:12:59.150Z</time>
      </trkpt>
      <trkpt lat="54.213980" lon="10.369579">
        <ele>41.274789</ele>
        <time>2026-07-22T10:13:09.252Z</time>
      </trkpt>
      <trkpt lat="54.214435" lon="10.369503">
        <ele>41.142902</ele>
        <time>2026-07-22T10:13:13.092Z</time>
      </trkpt>
      <trkpt lat="54.214613" lon="10.369538">
        <ele>41.230526</ele>
        <time>2026-07-22T10:13:14.917Z</time>
      </trkpt>
      <trkpt lat="54.215122" lon="10.369427">
        <ele>41.668374</ele>
        <time>2026-07-22T10:13:20.684Z</time>
      </trkpt>
      <trkpt lat="54.215392" lon="10.369333">
        <ele>41.814917</ele>
        <time>2026-07-22T10:13:23.316Z</time>
      </trkpt>
      <trkpt lat="54.217055" lon="10.369030">
        <ele>43.140383</ele>
        <time>2026-07-22T10:13:41.318Z</time>
      </trkpt>
      <trkpt lat="54.217313" lon="10.369023">
        <ele>43.549626</ele>
        <time>2026-07-22T10:13:44.587Z</time>
      </trkpt>
      <trkpt lat="54.217395" lon="10.369046">
        <ele>43.716220</ele>
        <time>2026-07-22T10:13:45.830Z</time>
      </trkpt>
      <trkpt lat="54.217423" lon="10.369104">
        <ele>43.811794</ele>
        <time>2026-07-22T10:13:46.519Z</time>
      </trkpt>
      <trkpt lat="54.218016" lon="10.369001">
        <ele>45.354151</ele>
        <time>2026-07-22T10:13:57.514Z</time>
      </trkpt>
      <trkpt lat="54.218466" lon="10.368941">
        <ele>46.083003</ele>
        <time>2026-07-22T10:14:04.897Z</time>
      </trkpt>
      <trkpt lat="54.218640" lon="10.368954">
        <ele>46.096874</ele>
        <time>2026-07-22T10:14:06.743Z</time>
      </trkpt>
      <trkpt lat="54.219828" lon="10.369246">
        <ele>45.268115</ele>
        <time>2026-07-22T10:14:20.103Z</time>
      </trkpt>
      <trkpt lat="54.220145" lon="10.369304">
        <ele>43.745133</ele>
        <time>2026-07-22T10:14:22.622Z</time>
      </trkpt>
      <trkpt lat="54.220239" lon="10.369287">
        <ele>43.398906</ele>
        <time>2026-07-22T10:14:23.455Z</time>
      </trkpt>
      <trkpt lat="54.220323" lon="10.369211">
        <ele>43.059577</ele>
        <time>2026-07-22T10:14:24.376Z</time>
      </trkpt>
      <trkpt lat="54.220777" lon="10.368519">
        <ele>41.147497</ele>
        <time>2026-07-22T10:14:28.060Z</time>
      </trkpt>
      <trkpt lat="54.222360" lon="10.366142">
        <ele>36.347132</ele>
        <time>2026-07-22T10:14:41.656Z</time>
      </trkpt>
      <trkpt lat="54.222764" lon="10.365487">
        <ele>34.559347</ele>
        <time>2026-07-22T10:14:45.014Z</time>
      </trkpt>
      <trkpt lat="54.223427" lon="10.364417">
        <ele>32.467548</ele>
        <time>2026-07-22T10:14:50.848Z</time>
      </trkpt>
      <trkpt lat="54.223142" lon="10.361314">
        <ele>30.664583</ele>
        <time>2026-07-22T10:15:04.375Z</time>
      </trkpt>
      <trkpt lat="54.222782" lon="10.358140">
        <ele>31.838069</ele>
        <time>2026-07-22T10:15:24.222Z</time>
      </trkpt>
      <trkpt lat="54.222745" lon="10.357664">
        <ele>32.141983</ele>
        <time>2026-07-22T10:15:27.567Z</time>
      </trkpt>
      <trkpt lat="54.222741" lon="10.357228">
        <ele>32.279201</ele>
        <time>2026-07-22T10:15:30.189Z</time>
      </trkpt>
      <trkpt lat="54.222827" lon="10.356776">
        <ele>32.272207</ele>
        <time>2026-07-22T10:15:32.511Z</time>
      </trkpt>
      <trkpt lat="54.223032" lon="10.356166">
        <ele>32.045991</ele>
        <time>2026-07-22T10:15:35.742Z</time>
      </trkpt>
      <trkpt lat="54.224538" lon="10.352601">
        <ele>32.293842</ele>
        <time>2026-07-22T10:15:59.733Z</time>
      </trkpt>
      <trkpt lat="54.224620" lon="10.352178">
        <ele>31.367321</ele>
        <time>2026-07-22T10:16:01.202Z</time>
      </trkpt>
      <trkpt lat="54.224677" lon="10.351681">
        <ele>30.715944</ele>
        <time>2026-07-22T10:16:03.213Z</time>
      </trkpt>
      <trkpt lat="54.224687" lon="10.351190">
        <ele>30.302389</ele>
        <time>2026-07-22T10:16:05.246Z</time>
      </trkpt>
      <trkpt lat="54.224660" lon="10.350677">
        <ele>30.169366</ele>
        <time>2026-07-22T10:16:07.330Z</time>
      </trkpt>
      <trkpt lat="54.224563" lon="10.348195">
        <ele>34.585112</ele>
        <time>2026-07-22T10:16:31.736Z</time>
      </trkpt>
      <trkpt lat="54.224548" lon="10.348031">
        <ele>34.869276</ele>
        <time>2026-07-22T10:16:33.252Z</time>
      </trkpt>
      <trkpt lat="54.224484" lon="10.347305">
        <ele>35.838064</ele>
        <time>2026-07-22T10:16:39.545Z</time>
      </trkpt>
      <trkpt lat="54.224057" lon="10.342496">
        <ele>37.322686</ele>
        <time>2026-07-22T10:17:08.089Z</time>
      </trkpt>
      <trkpt lat="54.224066" lon="10.341951">
        <ele>37.509722</ele>
        <time>2026-07-22T10:17:11.554Z</time>
      </trkpt>
      <trkpt lat="54.224170" lon="10.341514">
        <ele>37.149121</ele>
        <time>2026-07-22T10:17:13.482Z</time>
      </trkpt>
      <trkpt lat="54.224306" lon="10.341303">
        <ele>36.836780</ele>
        <time>2026-07-22T10:17:14.662Z</time>
      </trkpt>
      <trkpt lat="54.224398" lon="10.341160">
        <ele>36.814706</ele>
        <time>2026-07-22T10:17:15.780Z</time>
      </trkpt>
      <trkpt lat="54.225305" lon="10.340546">
        <ele>36.884421</ele>
        <time>2026-07-22T10:17:24.755Z</time>
      </trkpt>
      <trkpt lat="54.225557" lon="10.340478">
        <ele>36.834881</ele>
        <time>2026-07-22T10:17:26.923Z</time>
      </trkpt>
      <trkpt lat="54.230242" lon="10.340129">
        <ele>37.994763</ele>
        <time>2026-07-22T10:18:11.806Z</time>
      </trkpt>
      <trkpt lat="54.230812" lon="10.340092">
        <ele>36.520852</ele>
        <time>2026-07-22T10:18:15.283Z</time>
      </trkpt>
      <trkpt lat="54.231153" lon="10.340375">
        <ele>36.091640</ele>
        <time>2026-07-22T10:18:18.175Z</time>
      </trkpt>
      <trkpt lat="54.231268" lon="10.340443">
        <ele>35.978615</ele>
        <time>2026-07-22T10:18:19.122Z</time>
      </trkpt>
      <trkpt lat="54.231421" lon="10.340464">
        <ele>35.849394</ele>
        <time>2026-07-22T10:18:20.226Z</time>
      </trkpt>
      <trkpt lat="54.232093" lon="10.340163">
        <ele>35.364541</ele>
        <time>2026-07-22T10:18:25.478Z</time>
      </trkpt>
      <trkpt lat="54.232932" lon="10.339648">
        <ele>35.697443</ele>
        <time>2026-07-22T10:18:34.441Z</time>
      </trkpt>
      <trkpt lat="54.233165" lon="10.339502">
        <ele>35.798328</ele>
        <time>2026-07-22T10:18:36.923Z</time>
      </trkpt>
      <trkpt lat="54.233414" lon="10.339327">
        <ele>36.034295</ele>
        <time>2026-07-22T10:18:39.407Z</time>
      </trkpt>
      <trkpt lat="54.233869" lon="10.339007">
        <ele>37.647313</ele>
        <time>2026-07-22T10:18:48.128Z</time>
      </trkpt>
      <trkpt lat="54.233996" lon="10.338917">
        <ele>37.836458</ele>
        <time>2026-07-22T10:18:50.094Z</time>
      </trkpt>
      <trkpt lat="54.234548" lon="10.337794">
        <ele>37.400795</ele>
        <time>2026-07-22T10:18:56.799Z</time>
      </trkpt>
      <trkpt lat="54.234727" lon="10.337595">
        <ele>36.895326</ele>
        <time>2026-07-22T10:18:58.192Z</time>
      </trkpt>
      <trkpt lat="54.234937" lon="10.337537">
        <ele>36.186493</ele>
        <time>2026-07-22T10:18:59.422Z</time>
      </trkpt>
      <trkpt lat="54.234974" lon="10.337527">
        <ele>36.070065</ele>
        <time>2026-07-22T10:18:59.643Z</time>
      </trkpt>
      <trkpt lat="54.235297" lon="10.337601">
        <ele>35.461166</ele>
        <time>2026-07-22T10:19:01.832Z</time>
      </trkpt>
      <trkpt lat="54.235704" lon="10.337868">
        <ele>35.583590</ele>
        <time>2026-07-22T10:19:06.291Z</time>
      </trkpt>
      <trkpt lat="54.235891" lon="10.337990">
        <ele>35.467662</ele>
        <time>2026-07-22T10:19:08.111Z</time>
      </trkpt>
      <trkpt lat="54.236392" lon="10.338341">
        <ele>34.167045</ele>
        <time>2026-07-22T10:19:11.452Z</time>
      </trkpt>
      <trkpt lat="54.236899" lon="10.338683">
        <ele>34.072861</ele>
        <time>2026-07-22T10:19:16.635Z</time>
      </trkpt>
      <trkpt lat="54.238054" lon="10.339221">
        <ele>31.813431</ele>
        <time>2026-07-22T10:19:24.507Z</time>
      </trkpt>
      <trkpt lat="54.238284" lon="10.339399">
        <ele>31.550377</ele>
        <time>2026-07-22T10:19:26.243Z</time>
      </trkpt>
      <trkpt lat="54.238640" lon="10.339701">
        <ele>32.506258</ele>
        <time>2026-07-22T10:19:32.524Z</time>
      </trkpt>
      <trkpt lat="54.238874" lon="10.339789">
        <ele>33.150981</ele>
        <time>2026-07-22T10:19:36.251Z</time>
      </trkpt>
      <trkpt lat="54.238998" lon="10.339723">
        <ele>33.384835</ele>
        <time>2026-07-22T10:19:38.039Z</time>
      </trkpt>
      <trkpt lat="54.239172" lon="10.339563">
        <ele>33.668057</ele>
        <time>2026-07-22T10:19:40.508Z</time>
      </trkpt>
      <trkpt lat="54.239434" lon="10.339232">
        <ele>33.947319</ele>
        <time>2026-07-22T10:19:43.988Z</time>
      </trkpt>
      <trkpt lat="54.239682" lon="10.338861">
        <ele>33.893274</ele>
        <time>2026-07-22T10:19:46.826Z</time>
      </trkpt>
      <trkpt lat="54.239860" lon="10.338674">
        <ele>33.831828</ele>
        <time>2026-07-22T10:19:48.497Z</time>
      </trkpt>
      <trkpt lat="54.240260" lon="10.338412">
        <ele>33.779724</ele>
        <time>2026-07-22T10:19:52.457Z</time>
      </trkpt>
      <trkpt lat="54.241150" lon="10.338015">
        <ele>31.348615</ele>
        <time>2026-07-22T10:19:58.184Z</time>
      </trkpt>
      <trkpt lat="54.241331" lon="10.337935">
        <ele>30.663383</ele>
        <time>2026-07-22T10:19:59.317Z</time>
      </trkpt>
      <trkpt lat="54.241758" lon="10.337708">
        <ele>28.636543</ele>
        <time>2026-07-22T10:20:01.840Z</time>
      </trkpt>
      <trkpt lat="54.243037" lon="10.336609">
        <ele>27.751417</ele>
        <time>2026-07-22T10:20:13.359Z</time>
      </trkpt>
      <trkpt lat="54.243434" lon="10.336310">
        <ele>27.205173</ele>
        <time>2026-07-22T10:20:16.370Z</time>
      </trkpt>
      <trkpt lat="54.243630" lon="10.336097">
        <ele>26.932893</ele>
        <time>2026-07-22T10:20:17.997Z</time>
      </trkpt>
      <trkpt lat="54.243830" lon="10.335718">
        <ele>26.804942</ele>
        <time>2026-07-22T10:20:20.313Z</time>
      </trkpt>
      <trkpt lat="54.244105" lon="10.334837">
        <ele>27.586967</ele>
        <time>2026-07-22T10:20:27.449Z</time>
      </trkpt>
      <trkpt lat="54.244293" lon="10.334468">
        <ele>28.452743</ele>
        <time>2026-07-22T10:20:32.229Z</time>
      </trkpt>
      <trkpt lat="54.244463" lon="10.334229">
        <ele>29.253226</ele>
        <time>2026-07-22T10:20:36.149Z</time>
      </trkpt>
      <trkpt lat="54.245008" lon="10.333638">
        <ele>31.232577</ele>
        <time>2026-07-22T10:20:46.911Z</time>
      </trkpt>
      <trkpt lat="54.245785" lon="10.332553">
        <ele>32.552296</ele>
        <time>2026-07-22T10:20:58.762Z</time>
      </trkpt>
      <trkpt lat="54.246026" lon="10.332299">
        <ele>32.576805</ele>
        <time>2026-07-22T10:21:01.451Z</time>
      </trkpt>
      <trkpt lat="54.246329" lon="10.332099">
        <ele>32.305661</ele>
        <time>2026-07-22T10:21:03.923Z</time>
      </trkpt>
      <trkpt lat="54.247095" lon="10.331860">
        <ele>30.604811</ele>
        <time>2026-07-22T10:21:08.933Z</time>
      </trkpt>
      <trkpt lat="54.247303" lon="10.331692">
        <ele>30.142660</ele>
        <time>2026-07-22T10:21:10.419Z</time>
      </trkpt>
      <trkpt lat="54.247465" lon="10.331444">
        <ele>29.961202</ele>
        <time>2026-07-22T10:21:12.007Z</time>
      </trkpt>
      <trkpt lat="54.247616" lon="10.331091">
        <ele>30.226418</ele>
        <time>2026-07-22T10:21:15.069Z</time>
      </trkpt>
      <trkpt lat="54.248001" lon="10.330025">
        <ele>31.433278</ele>
        <time>2026-07-22T10:21:24.785Z</time>
      </trkpt>
      <trkpt lat="54.248169" lon="10.329083">
        <ele>31.892602</ele>
        <time>2026-07-22T10:21:31.058Z</time>
      </trkpt>
      <trkpt lat="54.248384" lon="10.328026">
        <ele>30.415465</ele>
        <time>2026-07-22T10:21:35.155Z</time>
      </trkpt>
      <trkpt lat="54.248717" lon="10.326886">
        <ele>30.537130</ele>
        <time>2026-07-22T10:21:42.487Z</time>
      </trkpt>
      <trkpt lat="54.248761" lon="10.326734">
        <ele>30.465409</ele>
        <time>2026-07-22T10:21:43.337Z</time>
      </trkpt>
      <trkpt lat="54.248884" lon="10.326523">
        <ele>30.390765</ele>
        <time>2026-07-22T10:21:44.591Z</time>
      </trkpt>
      <trkpt lat="54.249571" lon="10.325580">
        <ele>30.342188</ele>
        <time>2026-07-22T10:21:52.323Z</time>
      </trkpt>
      <trkpt lat="54.249644" lon="10.325412">
        <ele>30.409002</ele>
        <time>2026-07-22T10:21:53.573Z</time>
      </trkpt>
      <trkpt lat="54.249699" lon="10.325226">
        <ele>30.539924</ele>
        <time>2026-07-22T10:21:54.938Z</time>
      </trkpt>
      <trkpt lat="54.250016" lon="10.323469">
        <ele>31.719123</ele>
        <time>2026-07-22T10:22:07.851Z</time>
      </trkpt>
      <trkpt lat="54.250651" lon="10.323637">
        <ele>30.375258</ele>
        <time>2026-07-22T10:22:11.921Z</time>
      </trkpt>
      <trkpt lat="54.251282" lon="10.323792">
        <ele>30.022707</ele>
        <time>2026-07-22T10:22:17.504Z</time>
      </trkpt>
      <trkpt lat="54.251347" lon="10.323808">
        <ele>29.867868</ele>
        <time>2026-07-22T10:22:17.883Z</time>
      </trkpt>
      <trkpt lat="54.251421" lon="10.323828">
        <ele>29.619875</ele>
        <time>2026-07-22T10:22:18.304Z</time>
      </trkpt>
      <trkpt lat="54.252038" lon="10.323999">
        <ele>28.618700</ele>
        <time>2026-07-22T10:22:22.300Z</time>
      </trkpt>
      <trkpt lat="54.252613" lon="10.324136">
        <ele>31.748286</ele>
        <time>2026-07-22T10:22:36.620Z</time>
      </trkpt>
      <trkpt lat="54.253089" lon="10.324290">
        <ele>33.133115</ele>
        <time>2026-07-22T10:22:44.123Z</time>
      </trkpt>
      <trkpt lat="54.253243" lon="10.324515">
        <ele>33.201240</ele>
        <time>2026-07-22T10:22:46.277Z</time>
      </trkpt>
      <trkpt lat="54.253310" lon="10.324720">
        <ele>32.913183</ele>
        <time>2026-07-22T10:22:47.142Z</time>
      </trkpt>
      <trkpt lat="54.253363" lon="10.325011">
        <ele>32.516786</ele>
        <time>2026-07-22T10:22:48.216Z</time>
      </trkpt>
      <trkpt lat="54.253434" lon="10.325320">
        <ele>32.153336</ele>
        <time>2026-07-22T10:22:49.682Z</time>
      </trkpt>
      <trkpt lat="54.253662" lon="10.326266">
        <ele>31.089540</ele>
        <time>2026-07-22T10:22:53.635Z</time>
      </trkpt>
      <trkpt lat="54.253701" lon="10.326418">
        <ele>31.090645</ele>
        <time>2026-07-22T10:22:54.354Z</time>
      </trkpt>
      <trkpt lat="54.253798" lon="10.326702">
        <ele>31.253745</ele>
        <time>2026-07-22T10:22:56.794Z</time>
      </trkpt>
      <trkpt lat="54.253968" lon="10.327065">
        <ele>31.403082</ele>
        <time>2026-07-22T10:22:59.599Z</time>
      </trkpt>
      <trkpt lat="54.254297" lon="10.327636">
        <ele>31.527212</ele>
        <time>2026-07-22T10:23:04.093Z</time>
      </trkpt>
      <trkpt lat="54.254443" lon="10.327932">
        <ele>31.311188</ele>
        <time>2026-07-22T10:23:05.809Z</time>
      </trkpt>
      <trkpt lat="54.254572" lon="10.328281">
        <ele>30.914780</ele>
        <time>2026-07-22T10:23:07.366Z</time>
      </trkpt>
      <trkpt lat="54.254668" lon="10.328629">
        <ele>30.725001</ele>
        <time>2026-07-22T10:23:09.123Z</time>
      </trkpt>
      <trkpt lat="54.254826" lon="10.329572">
        <ele>30.688925</ele>
        <time>2026-07-22T10:23:14.135Z</time>
      </trkpt>
      <trkpt lat="54.254886" lon="10.330048">
        <ele>30.708051</ele>
        <time>2026-07-22T10:23:16.563Z</time>
      </trkpt>
      <trkpt lat="54.254994" lon="10.331393">
        <ele>31.598787</ele>
        <time>2026-07-22T10:23:25.914Z</time>
      </trkpt>
      <trkpt lat="54.255234" lon="10.332575">
        <ele>32.466518</ele>
        <time>2026-07-22T10:23:34.635Z</time>
      </trkpt>
      <trkpt lat="54.255308" lon="10.333127">
        <ele>32.583229</ele>
        <time>2026-07-22T10:23:37.771Z</time>
      </trkpt>
      <trkpt lat="54.255394" lon="10.333759">
        <ele>32.549497</ele>
        <time>2026-07-22T10:23:41.196Z</time>
      </trkpt>
      <trkpt lat="54.255566" lon="10.335112">
        <ele>31.834623</ele>
        <time>2026-07-22T10:23:47.242Z</time>
      </trkpt>
      <trkpt lat="54.255607" lon="10.335935">
        <ele>30.778543</ele>
        <time>2026-07-22T10:23:50.305Z</time>
      </trkpt>
      <trkpt lat="54.255612" lon="10.336543">
        <ele>30.678974</ele>
        <time>2026-07-22T10:23:53.625Z</time>
      </trkpt>
      <trkpt lat="54.255626" lon="10.336901">
        <ele>30.454326</ele>
        <time>2026-07-22T10:23:55.044Z</time>
      </trkpt>
      <trkpt lat="54.255670" lon="10.337227">
        <ele>30.537386</ele>
        <time>2026-07-22T10:23:56.434Z</time>
      </trkpt>
      <trkpt lat="54.255867" lon="10.337669">
        <ele>31.776819</ele>
        <time>2026-07-22T10:24:03.463Z</time>
      </trkpt>
      <trkpt lat="54.256150" lon="10.338119">
        <ele>32.690793</ele>
        <time>2026-07-22T10:24:09.007Z</time>
      </trkpt>
      <trkpt lat="54.256976" lon="10.339254">
        <ele>33.127316</ele>
        <time>2026-07-22T10:24:19.384Z</time>
      </trkpt>
      <trkpt lat="54.257603" lon="10.340115">
        <ele>32.467521</ele>
        <time>2026-07-22T10:24:25.403Z</time>
      </trkpt>
      <trkpt lat="54.257922" lon="10.340599">
        <ele>31.829422</ele>
        <time>2026-07-22T10:24:28.334Z</time>
      </trkpt>
      <trkpt lat="54.258000" lon="10.340899">
        <ele>31.628894</ele>
        <time>2026-07-22T10:24:29.709Z</time>
      </trkpt>
      <trkpt lat="54.258040" lon="10.341180">
        <ele>31.561862</ele>
        <time>2026-07-22T10:24:31.076Z</time>
      </trkpt>
      <trkpt lat="54.258042" lon="10.341413">
        <ele>31.586908</ele>
        <time>2026-07-22T10:24:32.402Z</time>
      </trkpt>
      <trkpt lat="54.257979" lon="10.342607">
        <ele>31.672673</ele>
        <time>2026-07-22T10:24:38.929Z</time>
      </trkpt>
      <trkpt lat="54.258361" lon="10.346892">
        <ele>30.170560</ele>
        <time>2026-07-22T10:24:58.450Z</time>
      </trkpt>
      <trkpt lat="54.258369" lon="10.347043">
        <ele>30.318822</ele>
        <time>2026-07-22T10:24:59.542Z</time>
      </trkpt>
      <trkpt lat="54.258409" lon="10.348460">
        <ele>33.970312</ele>
        <time>2026-07-22T10:25:16.165Z</time>
      </trkpt>
      <trkpt lat="54.258461" lon="10.349154">
        <ele>35.419017</ele>
        <time>2026-07-22T10:25:24.025Z</time>
      </trkpt>
      <trkpt lat="54.258514" lon="10.350027">
        <ele>34.905704</ele>
        <time>2026-07-22T10:25:27.367Z</time>
      </trkpt>
      <trkpt lat="54.258910" lon="10.356596">
        <ele>37.177328</ele>
        <time>2026-07-22T10:26:08.305Z</time>
      </trkpt>
      <trkpt lat="54.259045" lon="10.358454">
        <ele>33.787828</ele>
        <time>2026-07-22T10:26:14.861Z</time>
      </trkpt>
      <trkpt lat="54.259116" lon="10.359745">
        <ele>33.575389</ele>
        <time>2026-07-22T10:26:21.366Z</time>
      </trkpt>
      <trkpt lat="54.259178" lon="10.362251">
        <ele>36.150807</ele>
        <time>2026-07-22T10:26:40.822Z</time>
      </trkpt>
      <trkpt lat="54.259138" lon="10.363519">
        <ele>36.992244</ele>
        <time>2026-07-22T10:26:49.704Z</time>
      </trkpt>
      <trkpt lat="54.259162" lon="10.363722">
        <ele>36.985429</ele>
        <time>2026-07-22T10:26:50.559Z</time>
      </trkpt>
      <trkpt lat="54.259272" lon="10.363823">
        <ele>36.882999</ele>
        <time>2026-07-22T10:26:51.482Z</time>
      </trkpt>
      <trkpt lat="54.260058" lon="10.363663">
        <ele>37.174696</ele>
        <time>2026-07-22T10:26:59.465Z</time>
      </trkpt>
      <trkpt lat="54.260885" lon="10.363701">
        <ele>37.317854</ele>
        <time>2026-07-22T10:27:06.928Z</time>
      </trkpt>
      <trkpt lat="54.261142" lon="10.363858">
        <ele>37.540552</ele>
        <time>2026-07-22T10:27:09.834Z</time>
      </trkpt>
      <trkpt lat="54.261415" lon="10.364413">
        <ele>38.186018</ele>
        <time>2026-07-22T10:27:15.428Z</time>
      </trkpt>
      <trkpt lat="54.261594" lon="10.364521">
        <ele>38.375725</ele>
        <time>2026-07-22T10:27:17.755Z</time>
      </trkpt>
      <trkpt lat="54.261879" lon="10.364606">
        <ele>37.835876</ele>
        <time>2026-07-22T10:27:19.643Z</time>
      </trkpt>
      <trkpt lat="54.262065" lon="10.364707">
        <ele>37.240199</ele>
        <time>2026-07-22T10:27:20.822Z</time>
      </trkpt>
      <trkpt lat="54.262133" lon="10.364871">
        <ele>36.943065</ele>
        <time>2026-07-22T10:27:21.540Z</time>
      </trkpt>
      <trkpt lat="54.262282" lon="10.365754">
        <ele>35.891554</ele>
        <time>2026-07-22T10:27:25.086Z</time>
      </trkpt>
      <trkpt lat="54.262708" lon="10.367367">
        <ele>37.158181</ele>
        <time>2026-07-22T10:27:37.107Z</time>
      </trkpt>
      <trkpt lat="54.262996" lon="10.368002">
        <ele>38.909371</ele>
        <time>2026-07-22T10:27:45.855Z</time>
      </trkpt>
      <trkpt lat="54.263140" lon="10.368467">
        <ele>40.159474</ele>
        <time>2026-07-22T10:27:51.660Z</time>
      </trkpt>
      <trkpt lat="54.263229" lon="10.369141">
        <ele>41.330977</ele>
        <time>2026-07-22T10:27:58.184Z</time>
      </trkpt>
      <trkpt lat="54.263213" lon="10.369809">
        <ele>41.874463</ele>
        <time>2026-07-22T10:28:02.965Z</time>
      </trkpt>
      <trkpt lat="54.263047" lon="10.370817">
        <ele>42.382310</ele>
        <time>2026-07-22T10:28:09.412Z</time>
      </trkpt>
      <trkpt lat="54.262778" lon="10.371985">
        <ele>42.581078</ele>
        <time>2026-07-22T10:28:16.893Z</time>
      </trkpt>
      <trkpt lat="54.262580" lon="10.372424">
        <ele>41.694930</ele>
        <time>2026-07-22T10:28:18.847Z</time>
      </trkpt>
      <trkpt lat="54.262236" lon="10.373054">
        <ele>39.983052</ele>
        <time>2026-07-22T10:28:21.876Z</time>
      </trkpt>
      <trkpt lat="54.262115" lon="10.373357">
        <ele>39.546568</ele>
        <time>2026-07-22T10:28:23.300Z</time>
      </trkpt>
      <trkpt lat="54.262090" lon="10.373768">
        <ele>39.341034</ele>
        <time>2026-07-22T10:28:25.074Z</time>
      </trkpt>
      <trkpt lat="54.262144" lon="10.374175">
        <ele>39.365282</ele>
        <time>2026-07-22T10:28:27.199Z</time>
      </trkpt>
      <trkpt lat="54.262377" lon="10.374969">
        <ele>39.817548</ele>
        <time>2026-07-22T10:28:33.022Z</time>
      </trkpt>
      <trkpt lat="54.263312" lon="10.377384">
        <ele>42.042321</ele>
        <time>2026-07-22T10:28:53.403Z</time>
      </trkpt>
      <trkpt lat="54.263405" lon="10.377727">
        <ele>42.506216</ele>
        <time>2026-07-22T10:28:56.576Z</time>
      </trkpt>
      <trkpt lat="54.263402" lon="10.378147">
        <ele>43.018741</ele>
        <time>2026-07-22T10:29:00.097Z</time>
      </trkpt>
      <trkpt lat="54.262948" lon="10.379509">
        <ele>44.042670</ele>
        <time>2026-07-22T10:29:10.745Z</time>
      </trkpt>
      <trkpt lat="54.262870" lon="10.379863">
        <ele>44.088618</ele>
        <time>2026-07-22T10:29:13.354Z</time>
      </trkpt>
      <trkpt lat="54.262848" lon="10.380821">
        <ele>43.974597</ele>
        <time>2026-07-22T10:29:19.913Z</time>
      </trkpt>
      <trkpt lat="54.262767" lon="10.381476">
        <ele>43.945831</ele>
        <time>2026-07-22T10:29:24.168Z</time>
      </trkpt>
      <trkpt lat="54.262775" lon="10.381899">
        <ele>44.798215</ele>
        <time>2026-07-22T10:29:29.391Z</time>
      </trkpt>
      <trkpt lat="54.262829" lon="10.382134">
        <ele>45.640610</ele>
        <time>2026-07-22T10:29:33.884Z</time>
      </trkpt>
      <trkpt lat="54.262960" lon="10.382518">
        <ele>46.869082</ele>
        <time>2026-07-22T10:29:40.710Z</time>
      </trkpt>
      <trkpt lat="54.263030" lon="10.382710">
        <ele>47.067000</ele>
        <time>2026-07-22T10:29:42.126Z</time>
      </trkpt>
      <trkpt lat="54.263148" lon="10.383035">
        <ele>46.148356</ele>
        <time>2026-07-22T10:29:43.956Z</time>
      </trkpt>
      <trkpt lat="54.263276" lon="10.383651">
        <ele>44.973956</ele>
        <time>2026-07-22T10:29:47.233Z</time>
      </trkpt>
      <trkpt lat="54.263408" lon="10.384355">
        <ele>44.867310</ele>
        <time>2026-07-22T10:29:52.768Z</time>
      </trkpt>
      <trkpt lat="54.263585" lon="10.385167">
        <ele>44.979872</ele>
        <time>2026-07-22T10:29:58.578Z</time>
      </trkpt>
      <trkpt lat="54.263815" lon="10.385982">
        <ele>48.698208</ele>
        <time>2026-07-22T10:30:14.656Z</time>
      </trkpt>
      <trkpt lat="54.264154" lon="10.386768">
        <ele>52.873299</ele>
        <time>2026-07-22T10:30:31.866Z</time>
      </trkpt>
      <trkpt lat="54.265256" lon="10.388896">
        <ele>60.788503</ele>
        <time>2026-07-22T10:31:10.537Z</time>
      </trkpt>
      <trkpt lat="54.265635" lon="10.390397">
        <ele>66.649650</ele>
        <time>2026-07-22T10:31:36.691Z</time>
      </trkpt>
      <trkpt lat="54.265778" lon="10.390736">
        <ele>67.399114</ele>
        <time>2026-07-22T10:31:41.822Z</time>
      </trkpt>
      <trkpt lat="54.266032" lon="10.391166">
        <ele>67.119380</ele>
        <time>2026-07-22T10:31:45.311Z</time>
      </trkpt>
      <trkpt lat="54.267022" lon="10.392430">
        <ele>65.649424</ele>
        <time>2026-07-22T10:31:57.819Z</time>
      </trkpt>
      <trkpt lat="54.267317" lon="10.392673">
        <ele>65.335206</ele>
        <time>2026-07-22T10:32:01.740Z</time>
      </trkpt>
      <trkpt lat="54.267827" lon="10.392526">
        <ele>62.999367</ele>
        <time>2026-07-22T10:32:05.881Z</time>
      </trkpt>
      <trkpt lat="54.268163" lon="10.392535">
        <ele>62.358963</ele>
        <time>2026-07-22T10:32:09.199Z</time>
      </trkpt>
      <trkpt lat="54.268381" lon="10.392646">
        <ele>62.344350</ele>
        <time>2026-07-22T10:32:11.965Z</time>
      </trkpt>
      <trkpt lat="54.268717" lon="10.392922">
        <ele>62.656831</ele>
        <time>2026-07-22T10:32:17.540Z</time>
      </trkpt>
      <trkpt lat="54.269046" lon="10.392954">
        <ele>62.749231</ele>
        <time>2026-07-22T10:32:21.720Z</time>
      </trkpt>
      <trkpt lat="54.269229" lon="10.392801">
        <ele>62.443446</ele>
        <time>2026-07-22T10:32:23.726Z</time>
      </trkpt>
      <trkpt lat="54.269415" lon="10.392302">
        <ele>61.470757</ele>
        <time>2026-07-22T10:32:26.799Z</time>
      </trkpt>
      <trkpt lat="54.269545" lon="10.391798">
        <ele>60.444305</ele>
        <time>2026-07-22T10:32:29.578Z</time>
      </trkpt>
      <trkpt lat="54.269888" lon="10.391018">
        <ele>59.163510</ele>
        <time>2026-07-22T10:32:34.859Z</time>
      </trkpt>
      <trkpt lat="54.270197" lon="10.390712">
        <ele>58.678664</ele>
        <time>2026-07-22T10:32:38.575Z</time>
      </trkpt>
      <trkpt lat="54.270518" lon="10.390669">
        <ele>57.995364</ele>
        <time>2026-07-22T10:32:41.668Z</time>
      </trkpt>
      <trkpt lat="54.270751" lon="10.390765">
        <ele>57.098935</ele>
        <time>2026-07-22T10:32:43.711Z</time>
      </trkpt>
      <trkpt lat="54.271352" lon="10.391161">
        <ele>54.134711</ele>
        <time>2026-07-22T10:32:48.922Z</time>
      </trkpt>
      <trkpt lat="54.271625" lon="10.391320">
        <ele>53.392550</ele>
        <time>2026-07-22T10:32:51.588Z</time>
      </trkpt>
      <trkpt lat="54.271911" lon="10.391393">
        <ele>53.154633</ele>
        <time>2026-07-22T10:32:54.716Z</time>
      </trkpt>
      <trkpt lat="54.272250" lon="10.391362">
        <ele>53.426303</ele>
        <time>2026-07-22T10:32:59.420Z</time>
      </trkpt>
      <trkpt lat="54.272470" lon="10.391303">
        <ele>53.813695</ele>
        <time>2026-07-22T10:33:03.015Z</time>
      </trkpt>
      <trkpt lat="54.272837" lon="10.391122">
        <ele>55.024556</ele>
        <time>2026-07-22T10:33:10.693Z</time>
      </trkpt>
      <trkpt lat="54.273028" lon="10.391023">
        <ele>55.812479</ele>
        <time>2026-07-22T10:33:15.095Z</time>
      </trkpt>
      <trkpt lat="54.273352" lon="10.390859">
        <ele>57.278711</ele>
        <time>2026-07-22T10:33:22.754Z</time>
      </trkpt>
      <trkpt lat="54.274655" lon="10.390226">
        <ele>62.503346</ele>
        <time>2026-07-22T10:33:52.356Z</time>
      </trkpt>
      <trkpt lat="54.275058" lon="10.390183">
        <ele>62.379359</ele>
        <time>2026-07-22T10:33:56.512Z</time>
      </trkpt>
      <trkpt lat="54.275403" lon="10.390266">
        <ele>62.374064</ele>
        <time>2026-07-22T10:34:00.781Z</time>
      </trkpt>
      <trkpt lat="54.276112" lon="10.390698">
        <ele>61.891202</ele>
        <time>2026-07-22T10:34:09.278Z</time>
      </trkpt>
      <trkpt lat="54.276348" lon="10.390789">
        <ele>61.033986</ele>
        <time>2026-07-22T10:34:11.254Z</time>
      </trkpt>
      <trkpt lat="54.276495" lon="10.390803">
        <ele>60.576513</ele>
        <time>2026-07-22T10:34:12.534Z</time>
      </trkpt>
      <trkpt lat="54.277121" lon="10.390774">
        <ele>61.717154</ele>
        <time>2026-07-22T10:34:23.340Z</time>
      </trkpt>
      <trkpt lat="54.277448" lon="10.390827">
        <ele>62.500911</ele>
        <time>2026-07-22T10:34:29.230Z</time>
      </trkpt>
      <trkpt lat="54.277725" lon="10.390942">
        <ele>63.217699</ele>
        <time>2026-07-22T10:34:34.424Z</time>
      </trkpt>
      <trkpt lat="54.277928" lon="10.391070">
        <ele>63.767606</ele>
        <time>2026-07-22T10:34:38.256Z</time>
      </trkpt>
      <trkpt lat="54.278130" lon="10.391252">
        <ele>64.298829</ele>
        <time>2026-07-22T10:34:42.233Z</time>
      </trkpt>
      <trkpt lat="54.278544" lon="10.391749">
        <ele>65.623651</ele>
        <time>2026-07-22T10:34:51.123Z</time>
      </trkpt>
      <trkpt lat="54.279284" lon="10.392690">
        <ele>71.330039</ele>
        <time>2026-07-22T10:35:17.079Z</time>
      </trkpt>
      <trkpt lat="54.279610" lon="10.392959">
        <ele>72.390194</ele>
        <time>2026-07-22T10:35:23.803Z</time>
      </trkpt>
      <trkpt lat="54.279870" lon="10.393014">
        <ele>72.657666</ele>
        <time>2026-07-22T10:35:26.573Z</time>
      </trkpt>
      <trkpt lat="54.280066" lon="10.392969">
        <ele>72.635329</ele>
        <time>2026-07-22T10:35:28.426Z</time>
      </trkpt>
      <trkpt lat="54.280195" lon="10.392891">
        <ele>72.521040</ele>
        <time>2026-07-22T10:35:29.399Z</time>
      </trkpt>
      <trkpt lat="54.280424" lon="10.392701">
        <ele>71.898993</ele>
        <time>2026-07-22T10:35:30.978Z</time>
      </trkpt>
      <trkpt lat="54.280709" lon="10.392376">
        <ele>71.369464</ele>
        <time>2026-07-22T10:35:33.460Z</time>
      </trkpt>
      <trkpt lat="54.280831" lon="10.392243">
        <ele>70.890450</ele>
        <time>2026-07-22T10:35:34.328Z</time>
      </trkpt>
      <trkpt lat="54.281113" lon="10.391929">
        <ele>69.353133</ele>
        <time>2026-07-22T10:35:36.211Z</time>
      </trkpt>
      <trkpt lat="54.281335" lon="10.391683">
        <ele>68.776302</ele>
        <time>2026-07-22T10:35:38.025Z</time>
      </trkpt>
      <trkpt lat="54.283748" lon="10.388998">
        <ele>62.288034</ele>
        <time>2026-07-22T10:35:56.599Z</time>
      </trkpt>
      <trkpt lat="54.284056" lon="10.388580">
        <ele>61.377795</ele>
        <time>2026-07-22T10:35:59.085Z</time>
      </trkpt>
      <trkpt lat="54.284234" lon="10.388246">
        <ele>61.011091</ele>
        <time>2026-07-22T10:36:00.991Z</time>
      </trkpt>
      <trkpt lat="54.284904" lon="10.386291">
        <ele>59.992188</ele>
        <time>2026-07-22T10:36:10.803Z</time>
      </trkpt>
      <trkpt lat="54.285156" lon="10.385743">
        <ele>60.856070</ele>
        <time>2026-07-22T10:36:17.091Z</time>
      </trkpt>
      <trkpt lat="54.285341" lon="10.385427">
        <ele>61.403272</ele>
        <time>2026-07-22T10:36:20.677Z</time>
      </trkpt>
      <trkpt lat="54.285548" lon="10.385177">
        <ele>61.849733</ele>
        <time>2026-07-22T10:36:24.093Z</time>
      </trkpt>
      <trkpt lat="54.285737" lon="10.385001">
        <ele>62.011452</ele>
        <time>2026-07-22T10:36:26.489Z</time>
      </trkpt>
      <trkpt lat="54.285978" lon="10.384850">
        <ele>62.066460</ele>
        <time>2026-07-22T10:36:28.507Z</time>
      </trkpt>
      <trkpt lat="54.286491" lon="10.384707">
        <ele>63.553692</ele>
        <time>2026-07-22T10:36:37.197Z</time>
      </trkpt>
      <trkpt lat="54.288075" lon="10.384494">
        <ele>67.115744</ele>
        <time>2026-07-22T10:37:05.101Z</time>
      </trkpt>
      <trkpt lat="54.288329" lon="10.384428">
        <ele>67.346938</ele>
        <time>2026-07-22T10:37:08.287Z</time>
      </trkpt>
      <trkpt lat="54.288797" lon="10.384331">
        <ele>67.922195</ele>
        <time>2026-07-22T10:37:15.554Z</time>
      </trkpt>
      <trkpt lat="54.289706" lon="10.384059">
        <ele>69.237540</ele>
        <time>2026-07-22T10:37:30.055Z</time>
      </trkpt>
      <trkpt lat="54.289946" lon="10.383920">
        <ele>69.359035</ele>
        <time>2026-07-22T10:37:33.408Z</time>
      </trkpt>
      <trkpt lat="54.290161" lon="10.383710">
        <ele>69.289430</ele>
        <time>2026-07-22T10:37:36.247Z</time>
      </trkpt>
      <trkpt lat="54.290423" lon="10.383394">
        <ele>69.016476</ele>
        <time>2026-07-22T10:37:39.700Z</time>
      </trkpt>
      <trkpt lat="54.290519" lon="10.383417">
        <ele>68.832860</ele>
        <time>2026-07-22T10:37:40.302Z</time>
      </trkpt>
      <trkpt lat="54.290553" lon="10.383229">
        <ele>68.661936</ele>
        <time>2026-07-22T10:37:41.072Z</time>
      </trkpt>
      <trkpt lat="54.291422" lon="10.383600">
        <ele>68.068988</ele>
        <time>2026-07-22T10:37:51.144Z</time>
      </trkpt>
      <trkpt lat="54.291782" lon="10.383753">
        <ele>66.798309</ele>
        <time>2026-07-22T10:37:54.280Z</time>
      </trkpt>
      <trkpt lat="54.292523" lon="10.384048">
        <ele>63.816844</ele>
        <time>2026-07-22T10:38:00.771Z</time>
      </trkpt>
      <trkpt lat="54.292569" lon="10.384070">
        <ele>63.540747</ele>
        <time>2026-07-22T10:38:01.164Z</time>
      </trkpt>
      <trkpt lat="54.293033" lon="10.384296">
        <ele>60.960694</ele>
        <time>2026-07-22T10:38:04.921Z</time>
      </trkpt>
      <trkpt lat="54.293552" lon="10.384713">
        <ele>59.770419</ele>
        <time>2026-07-22T10:38:08.915Z</time>
      </trkpt>
      <trkpt lat="54.293990" lon="10.385243">
        <ele>58.802100</ele>
        <time>2026-07-22T10:38:12.318Z</time>
      </trkpt>
      <trkpt lat="54.294529" lon="10.385920">
        <ele>59.165943</ele>
        <time>2026-07-22T10:38:20.474Z</time>
      </trkpt>
      <trkpt lat="54.295209" lon="10.386751">
        <ele>58.211503</ele>
        <time>2026-07-22T10:38:26.241Z</time>
      </trkpt>
      <trkpt lat="54.295519" lon="10.387019">
        <ele>57.799535</ele>
        <time>2026-07-22T10:38:28.750Z</time>
      </trkpt>
      <trkpt lat="54.295835" lon="10.387254">
        <ele>57.380608</ele>
        <time>2026-07-22T10:38:31.215Z</time>
      </trkpt>
      <trkpt lat="54.296532" lon="10.387558">
        <ele>56.239416</ele>
        <time>2026-07-22T10:38:36.160Z</time>
      </trkpt>
      <trkpt lat="54.296715" lon="10.387594">
        <ele>55.875435</ele>
        <time>2026-07-22T10:38:37.330Z</time>
      </trkpt>
      <trkpt lat="54.297074" lon="10.387617">
        <ele>55.494902</ele>
        <time>2026-07-22T10:38:39.908Z</time>
      </trkpt>
      <trkpt lat="54.297405" lon="10.387587">
        <ele>55.771399</ele>
        <time>2026-07-22T10:38:43.818Z</time>
      </trkpt>
      <trkpt lat="54.298051" lon="10.387331">
        <ele>56.246637</ele>
        <time>2026-07-22T10:38:50.857Z</time>
      </trkpt>
      <trkpt lat="54.298575" lon="10.386987">
        <ele>56.096896</ele>
        <time>2026-07-22T10:38:55.681Z</time>
      </trkpt>
      <trkpt lat="54.298798" lon="10.386789">
        <ele>55.529685</ele>
        <time>2026-07-22T10:38:57.312Z</time>
      </trkpt>
      <trkpt lat="54.300483" lon="10.385236">
        <ele>47.809806</ele>
        <time>2026-07-22T10:39:08.437Z</time>
      </trkpt>
      <trkpt lat="54.300753" lon="10.384955">
        <ele>47.500733</ele>
        <time>2026-07-22T10:39:11.041Z</time>
      </trkpt>
      <trkpt lat="54.301054" lon="10.384710">
        <ele>47.273922</ele>
        <time>2026-07-22T10:39:13.708Z</time>
      </trkpt>
      <trkpt lat="54.302261" lon="10.383616">
        <ele>44.341192</ele>
        <time>2026-07-22T10:39:22.521Z</time>
      </trkpt>
      <trkpt lat="54.303621" lon="10.382307">
        <ele>41.603589</ele>
        <time>2026-07-22T10:39:33.037Z</time>
      </trkpt>
      <trkpt lat="54.304144" lon="10.382086">
        <ele>40.813682</ele>
        <time>2026-07-22T10:39:36.705Z</time>
      </trkpt>
      <trkpt lat="54.305199" lon="10.381573">
        <ele>41.381625</ele>
        <time>2026-07-22T10:39:48.002Z</time>
      </trkpt>
      <trkpt lat="54.306077" lon="10.381290">
        <ele>42.956824</ele>
        <time>2026-07-22T10:40:00.295Z</time>
      </trkpt>
      <trkpt lat="54.307739" lon="10.381193">
        <ele>42.213305</ele>
        <time>2026-07-22T10:40:13.332Z</time>
      </trkpt>
      <trkpt lat="54.308410" lon="10.381244">
        <ele>42.097697</ele>
        <time>2026-07-22T10:40:19.255Z</time>
      </trkpt>
      <trkpt lat="54.311185" lon="10.381798">
        <ele>41.474983</ele>
        <time>2026-07-22T10:40:42.693Z</time>
      </trkpt>
      <trkpt lat="54.312627" lon="10.382241">
        <ele>40.700773</ele>
        <time>2026-07-22T10:40:54.269Z</time>
      </trkpt>
      <trkpt lat="54.314658" lon="10.383079">
        <ele>39.554662</ele>
        <time>2026-07-22T10:41:10.794Z</time>
      </trkpt>
      <trkpt lat="54.315687" lon="10.383491">
        <ele>38.055378</ele>
        <time>2026-07-22T10:41:18.108Z</time>
      </trkpt>
      <trkpt lat="54.316377" lon="10.383852">
        <ele>37.850256</ele>
        <time>2026-07-22T10:41:24.140Z</time>
      </trkpt>
      <trkpt lat="54.317097" lon="10.384233">
        <ele>36.761116</ele>
        <time>2026-07-22T10:41:29.331Z</time>
      </trkpt>
      <trkpt lat="54.317489" lon="10.384472">
        <ele>36.509967</ele>
        <time>2026-07-22T10:41:32.635Z</time>
      </trkpt>
      <trkpt lat="54.317833" lon="10.384682">
        <ele>36.467472</ele>
        <time>2026-07-22T10:41:35.682Z</time>
      </trkpt>
      <trkpt lat="54.318936" lon="10.385405">
        <ele>38.106057</ele>
        <time>2026-07-22T10:41:50.446Z</time>
      </trkpt>
      <trkpt lat="54.319475" lon="10.385818">
        <ele>37.799336</ele>
        <time>2026-07-22T10:41:55.055Z</time>
      </trkpt>
      <trkpt lat="54.319606" lon="10.385919">
        <ele>37.713888</ele>
        <time>2026-07-22T10:41:56.157Z</time>
      </trkpt>
      <trkpt lat="54.319813" lon="10.386077">
        <ele>37.606007</ele>
        <time>2026-07-22T10:41:57.906Z</time>
      </trkpt>
      <trkpt lat="54.320991" lon="10.387197">
        <ele>37.076590</ele>
        <time>2026-07-22T10:42:08.914Z</time>
      </trkpt>
      <trkpt lat="54.321063" lon="10.387300">
        <ele>37.018288</ele>
        <time>2026-07-22T10:42:09.654Z</time>
      </trkpt>
      <trkpt lat="54.321092" lon="10.387338">
        <ele>36.995594</ele>
        <time>2026-07-22T10:42:09.932Z</time>
      </trkpt>
      <trkpt lat="54.321341" lon="10.387668">
        <ele>36.808109</ele>
        <time>2026-07-22T10:42:12.362Z</time>
      </trkpt>
      <trkpt lat="54.321905" lon="10.388531">
        <ele>36.388148</ele>
        <time>2026-07-22T10:42:18.398Z</time>
      </trkpt>
      <trkpt lat="54.321996" lon="10.388652">
        <ele>36.401786</ele>
        <time>2026-07-22T10:42:19.233Z</time>
      </trkpt>
      <trkpt lat="54.322019" lon="10.388687">
        <ele>36.427541</ele>
        <time>2026-07-22T10:42:19.495Z</time>
      </trkpt>
      <trkpt lat="54.322035" lon="10.388709">
        <ele>36.444718</ele>
        <time>2026-07-22T10:42:19.695Z</time>
      </trkpt>
      <trkpt lat="54.322233" lon="10.388941">
        <ele>36.842262</ele>
        <time>2026-07-22T10:42:22.946Z</time>
      </trkpt>
      <trkpt lat="54.322412" lon="10.389231">
        <ele>37.530238</ele>
        <time>2026-07-22T10:42:26.898Z</time>
      </trkpt>
      <trkpt lat="54.322562" lon="10.389540">
        <ele>37.952758</ele>
        <time>2026-07-22T10:42:30.895Z</time>
      </trkpt>
      <trkpt lat="54.322412" lon="10.389231">
        <ele>37.520306</ele>
        <time>2026-07-22T10:42:32.306Z</time>
      </trkpt>
      <trkpt lat="54.322233" lon="10.388941">
        <ele>36.832485</ele>
        <time>2026-07-22T10:42:33.829Z</time>
      </trkpt>
      <trkpt lat="54.322035" lon="10.388709">
        <ele>36.390433</ele>
        <time>2026-07-22T10:42:35.413Z</time>
      </trkpt>
      <trkpt lat="54.322019" lon="10.388687">
        <ele>36.355972</ele>
        <time>2026-07-22T10:42:35.584Z</time>
      </trkpt>
      <trkpt lat="54.321996" lon="10.388652">
        <ele>36.361579</ele>
        <time>2026-07-22T10:42:35.875Z</time>
      </trkpt>
      <trkpt lat="54.321905" lon="10.388531">
        <ele>36.408984</ele>
        <time>2026-07-22T10:42:37.177Z</time>
      </trkpt>
      <trkpt lat="54.321341" lon="10.387668">
        <ele>36.803023</ele>
        <time>2026-07-22T10:42:44.772Z</time>
      </trkpt>
      <trkpt lat="54.321092" lon="10.387338">
        <ele>36.998938</ele>
        <time>2026-07-22T10:42:48.088Z</time>
      </trkpt>
      <trkpt lat="54.321063" lon="10.387300">
        <ele>37.022015</ele>
        <time>2026-07-22T10:42:48.466Z</time>
      </trkpt>
      <trkpt lat="54.320991" lon="10.387197">
        <ele>37.081300</ele>
        <time>2026-07-22T10:42:49.434Z</time>
      </trkpt>
      <trkpt lat="54.319813" lon="10.386077">
        <ele>37.602168</ele>
        <time>2026-07-22T10:43:02.575Z</time>
      </trkpt>
      <trkpt lat="54.319606" lon="10.385919">
        <ele>37.707756</ele>
        <time>2026-07-22T10:43:04.953Z</time>
      </trkpt>
      <trkpt lat="54.319475" lon="10.385818">
        <ele>37.801482</ele>
        <time>2026-07-22T10:43:06.479Z</time>
      </trkpt>
      <trkpt lat="54.318936" lon="10.385405">
        <ele>38.072844</ele>
        <time>2026-07-22T10:43:12.575Z</time>
      </trkpt>
      <trkpt lat="54.317833" lon="10.384682">
        <ele>36.501048</ele>
        <time>2026-07-22T10:43:20.731Z</time>
      </trkpt>
      <trkpt lat="54.317489" lon="10.384472">
        <ele>36.479364</ele>
        <time>2026-07-22T10:43:24.145Z</time>
      </trkpt>
      <trkpt lat="54.317833" lon="10.384682">
        <ele>36.486428</ele>
        <time>2026-07-22T10:43:27.238Z</time>
      </trkpt>
      <trkpt lat="54.318936" lon="10.385405">
        <ele>38.136636</ele>
        <time>2026-07-22T10:43:42.002Z</time>
      </trkpt>
      <trkpt lat="54.319475" lon="10.385818">
        <ele>37.800038</ele>
        <time>2026-07-22T10:43:46.612Z</time>
      </trkpt>
      <trkpt lat="54.319606" lon="10.385919">
        <ele>37.712286</ele>
        <time>2026-07-22T10:43:47.714Z</time>
      </trkpt>
      <trkpt lat="54.319813" lon="10.386077">
        <ele>37.604365</ele>
        <time>2026-07-22T10:43:49.463Z</time>
      </trkpt>
      <trkpt lat="54.320991" lon="10.387197">
        <ele>37.079680</ele>
        <time>2026-07-22T10:44:00.471Z</time>
      </trkpt>
      <trkpt lat="54.321063" lon="10.387300">
        <ele>37.019339</ele>
        <time>2026-07-22T10:44:01.211Z</time>
      </trkpt>
      <trkpt lat="54.321092" lon="10.387338">
        <ele>36.995852</ele>
        <time>2026-07-22T10:44:01.489Z</time>
      </trkpt>
      <trkpt lat="54.321341" lon="10.387668">
        <ele>36.805952</ele>
        <time>2026-07-22T10:44:03.918Z</time>
      </trkpt>
      <trkpt lat="54.321905" lon="10.388531">
        <ele>36.394033</ele>
        <time>2026-07-22T10:44:09.955Z</time>
      </trkpt>
      <trkpt lat="54.321996" lon="10.388652">
        <ele>36.371550</ele>
        <time>2026-07-22T10:44:10.789Z</time>
      </trkpt>
      <trkpt lat="54.322019" lon="10.388687">
        <ele>36.408383</ele>
        <time>2026-07-22T10:44:11.052Z</time>
      </trkpt>
      <trkpt lat="54.322035" lon="10.388709">
        <ele>36.432948</ele>
        <time>2026-07-22T10:44:11.252Z</time>
      </trkpt>
      <trkpt lat="54.322233" lon="10.388941">
        <ele>36.841478</ele>
        <time>2026-07-22T10:44:14.503Z</time>
      </trkpt>
      <trkpt lat="54.322412" lon="10.389231">
        <ele>37.572276</ele>
        <time>2026-07-22T10:44:18.455Z</time>
      </trkpt>
      <trkpt lat="54.322598" lon="10.389614">
        <ele>38.412997</ele>
        <time>2026-07-22T10:44:23.761Z</time>
      </trkpt>
      <trkpt lat="54.322898" lon="10.390604">
        <ele>37.207446</ele>
        <time>2026-07-22T10:44:27.960Z</time>
      </trkpt>
      <trkpt lat="54.323160" lon="10.391707">
        <ele>35.914341</ele>
        <time>2026-07-22T10:44:32.495Z</time>
      </trkpt>
      <trkpt lat="54.323215" lon="10.392033">
        <ele>36.226309</ele>
        <time>2026-07-22T10:44:35.301Z</time>
      </trkpt>
      <trkpt lat="54.323261" lon="10.392773">
        <ele>37.270970</ele>
        <time>2026-07-22T10:44:42.096Z</time>
      </trkpt>
      <trkpt lat="54.323226" lon="10.393588">
        <ele>37.455158</ele>
        <time>2026-07-22T10:44:46.823Z</time>
      </trkpt>
      <trkpt lat="54.322897" lon="10.396158">
        <ele>33.985453</ele>
        <time>2026-07-22T10:44:56.564Z</time>
      </trkpt>
      <trkpt lat="54.322875" lon="10.396568">
        <ele>34.252851</ele>
        <time>2026-07-22T10:44:59.239Z</time>
      </trkpt>
      <trkpt lat="54.322851" lon="10.397195">
        <ele>35.978732</ele>
        <time>2026-07-22T10:45:07.322Z</time>
      </trkpt>
      <trkpt lat="54.322864" lon="10.397984">
        <ele>38.156243</ele>
        <time>2026-07-22T10:45:16.927Z</time>
      </trkpt>
      <trkpt lat="54.322779" lon="10.398546">
        <ele>38.902539</ele>
        <time>2026-07-22T10:45:21.731Z</time>
      </trkpt>
      <trkpt lat="54.322719" lon="10.398727">
        <ele>38.914617</ele>
        <time>2026-07-22T10:45:22.751Z</time>
      </trkpt>
      <trkpt lat="54.322614" lon="10.399036">
        <ele>38.729552</ele>
        <time>2026-07-22T10:45:24.232Z</time>
      </trkpt>
      <trkpt lat="54.322394" lon="10.399541">
        <ele>38.517689</ele>
        <time>2026-07-22T10:45:26.996Z</time>
      </trkpt>
      <trkpt lat="54.322208" lon="10.400125">
        <ele>39.441959</ele>
        <time>2026-07-22T10:45:32.615Z</time>
      </trkpt>
      <trkpt lat="54.322089" lon="10.400716">
        <ele>41.037386</ele>
        <time>2026-07-22T10:45:39.997Z</time>
      </trkpt>
      <trkpt lat="54.322110" lon="10.401480">
        <ele>42.586430</ele>
        <time>2026-07-22T10:45:47.800Z</time>
      </trkpt>
      <trkpt lat="54.322210" lon="10.402453">
        <ele>43.480344</ele>
        <time>2026-07-22T10:45:54.910Z</time>
      </trkpt>
      <trkpt lat="54.322211" lon="10.402812">
        <ele>43.743403</ele>
        <time>2026-07-22T10:45:57.422Z</time>
      </trkpt>
      <trkpt lat="54.322186" lon="10.403180">
        <ele>44.090321</ele>
        <time>2026-07-22T10:46:00.250Z</time>
      </trkpt>
      <trkpt lat="54.322127" lon="10.403587">
        <ele>44.461302</ele>
        <time>2026-07-22T10:46:03.376Z</time>
      </trkpt>
      <trkpt lat="54.321868" lon="10.405000">
        <ele>45.129019</ele>
        <time>2026-07-22T10:46:12.765Z</time>
      </trkpt>
      <trkpt lat="54.321854" lon="10.405348">
        <ele>45.036683</ele>
        <time>2026-07-22T10:46:14.302Z</time>
      </trkpt>
      <trkpt lat="54.321860" lon="10.406844">
        <ele>43.635797</ele>
        <time>2026-07-22T10:46:20.296Z</time>
      </trkpt>
      <trkpt lat="54.321893" lon="10.407215">
        <ele>42.938936</ele>
        <time>2026-07-22T10:46:21.672Z</time>
      </trkpt>
      <trkpt lat="54.321998" lon="10.407751">
        <ele>41.274954</ele>
        <time>2026-07-22T10:46:23.494Z</time>
      </trkpt>
      <trkpt lat="54.322407" lon="10.409281">
        <ele>37.488965</ele>
        <time>2026-07-22T10:46:29.256Z</time>
      </trkpt>
      <trkpt lat="54.322484" lon="10.409759">
        <ele>37.295314</ele>
        <time>2026-07-22T10:46:32.103Z</time>
      </trkpt>
      <trkpt lat="54.322584" lon="10.410856">
        <ele>36.910516</ele>
        <time>2026-07-22T10:46:36.857Z</time>
      </trkpt>
      <trkpt lat="54.322664" lon="10.411843">
        <ele>37.123576</ele>
        <time>2026-07-22T10:46:42.991Z</time>
      </trkpt>
      <trkpt lat="54.322752" lon="10.412444">
        <ele>36.564838</ele>
        <time>2026-07-22T10:46:45.424Z</time>
      </trkpt>
      <trkpt lat="54.322873" lon="10.412925">
        <ele>35.940783</ele>
        <time>2026-07-22T10:46:47.419Z</time>
      </trkpt>
      <trkpt lat="54.323006" lon="10.413316">
        <ele>35.586895</ele>
        <time>2026-07-22T10:46:49.331Z</time>
      </trkpt>
      <trkpt lat="54.323162" lon="10.413681">
        <ele>35.227879</ele>
        <time>2026-07-22T10:46:51.149Z</time>
      </trkpt>
      <trkpt lat="54.323384" lon="10.414077">
        <ele>34.962876</ele>
        <time>2026-07-22T10:46:53.522Z</time>
      </trkpt>
      <trkpt lat="54.323656" lon="10.414426">
        <ele>35.057112</ele>
        <time>2026-07-22T10:46:56.727Z</time>
      </trkpt>
      <trkpt lat="54.324046" lon="10.414770">
        <ele>35.698857</ele>
        <time>2026-07-22T10:47:02.362Z</time>
      </trkpt>
      <trkpt lat="54.325560" lon="10.415609">
        <ele>38.288328</ele>
        <time>2026-07-22T10:47:22.450Z</time>
      </trkpt>
      <trkpt lat="54.326021" lon="10.415871">
        <ele>39.402470</ele>
        <time>2026-07-22T10:47:30.874Z</time>
      </trkpt>
      <trkpt lat="54.326458" lon="10.416236">
        <ele>38.245698</ele>
        <time>2026-07-22T10:47:33.794Z</time>
      </trkpt>
      <trkpt lat="54.326477" lon="10.416257">
        <ele>38.175040</ele>
        <time>2026-07-22T10:47:33.928Z</time>
      </trkpt>
      <trkpt lat="54.326694" lon="10.416529">
        <ele>37.320951</ele>
        <time>2026-07-22T10:47:35.568Z</time>
      </trkpt>
      <trkpt lat="54.327012" lon="10.417106">
        <ele>36.063175</ele>
        <time>2026-07-22T10:47:38.425Z</time>
      </trkpt>
      <trkpt lat="54.327566" lon="10.418407">
        <ele>35.097262</ele>
        <time>2026-07-22T10:47:45.336Z</time>
      </trkpt>
      <trkpt lat="54.327620" lon="10.418518">
        <ele>35.251483</ele>
        <time>2026-07-22T10:47:46.248Z</time>
      </trkpt>
      <trkpt lat="54.327672" lon="10.418625">
        <ele>35.400083</ele>
        <time>2026-07-22T10:47:47.483Z</time>
      </trkpt>
      <trkpt lat="54.327826" lon="10.418861">
        <ele>35.938595</ele>
        <time>2026-07-22T10:47:51.284Z</time>
      </trkpt>
      <trkpt lat="54.327692" lon="10.419169">
        <ele>36.215147</ele>
        <time>2026-07-22T10:47:54.256Z</time>
      </trkpt>
      <trkpt lat="54.327621" lon="10.419329">
        <ele>36.316283</ele>
        <time>2026-07-22T10:47:55.927Z</time>
      </trkpt>
      <trkpt lat="54.326714" lon="10.421336">
        <ele>38.046373</ele>
        <time>2026-07-22T10:48:17.684Z</time>
      </trkpt>
      <trkpt lat="54.326609" lon="10.421616">
        <ele>38.810097</ele>
        <time>2026-07-22T10:48:22.156Z</time>
      </trkpt>
      <trkpt lat="54.326512" lon="10.422035">
        <ele>39.908420</ele>
        <time>2026-07-22T10:48:28.151Z</time>
      </trkpt>
      <trkpt lat="54.326285" lon="10.423386">
        <ele>41.842543</ele>
        <time>2026-07-22T10:48:42.549Z</time>
      </trkpt>
      <trkpt lat="54.326034" lon="10.425074">
        <ele>44.697428</ele>
        <time>2026-07-22T10:49:01.908Z</time>
      </trkpt>
      <trkpt lat="54.325435" lon="10.428873">
        <ele>44.278717</ele>
        <time>2026-07-22T10:49:28.822Z</time>
      </trkpt>
      <trkpt lat="54.325295" lon="10.429603">
        <ele>43.987135</ele>
        <time>2026-07-22T10:49:33.703Z</time>
      </trkpt>
      <trkpt lat="54.324956" lon="10.431017">
        <ele>43.168095</ele>
        <time>2026-07-22T10:49:42.977Z</time>
      </trkpt>
      <trkpt lat="54.324854" lon="10.431629">
        <ele>42.639672</ele>
        <time>2026-07-22T10:49:46.660Z</time>
      </trkpt>
      <trkpt lat="54.324816" lon="10.432175">
        <ele>42.432552</ele>
        <time>2026-07-22T10:49:50.143Z</time>
      </trkpt>
      <trkpt lat="54.324807" lon="10.432374">
        <ele>42.422120</ele>
        <time>2026-07-22T10:49:51.394Z</time>
      </trkpt>
      <trkpt lat="54.324855" lon="10.434015">
        <ele>44.202029</ele>
        <time>2026-07-22T10:50:07.622Z</time>
      </trkpt>
      <trkpt lat="54.324798" lon="10.434679">
        <ele>45.021547</ele>
        <time>2026-07-22T10:50:14.269Z</time>
      </trkpt>
      <trkpt lat="54.324723" lon="10.435064">
        <ele>45.620429</ele>
        <time>2026-07-22T10:50:18.646Z</time>
      </trkpt>
      <trkpt lat="54.324553" lon="10.435678">
        <ele>46.698561</ele>
        <time>2026-07-22T10:50:26.174Z</time>
      </trkpt>
      <trkpt lat="54.324250" lon="10.436583">
        <ele>47.258020</ele>
        <time>2026-07-22T10:50:35.352Z</time>
      </trkpt>
      <trkpt lat="54.322991" lon="10.440500">
        <ele>42.012937</ele>
        <time>2026-07-22T10:50:59.798Z</time>
      </trkpt>
      <trkpt lat="54.322844" lon="10.441146">
        <ele>41.309833</ele>
        <time>2026-07-22T10:51:03.691Z</time>
      </trkpt>
      <trkpt lat="54.322814" lon="10.441704">
        <ele>40.793106</ele>
        <time>2026-07-22T10:51:06.890Z</time>
      </trkpt>
      <trkpt lat="54.322810" lon="10.443553">
        <ele>39.050376</ele>
        <time>2026-07-22T10:51:17.361Z</time>
      </trkpt>
      <trkpt lat="54.322709" lon="10.444141">
        <ele>39.120701</ele>
        <time>2026-07-22T10:51:21.864Z</time>
      </trkpt>
      <trkpt lat="54.322530" lon="10.444781">
        <ele>39.906192</ele>
        <time>2026-07-22T10:51:28.898Z</time>
      </trkpt>
      <trkpt lat="54.322465" lon="10.445139">
        <ele>40.400285</ele>
        <time>2026-07-22T10:51:32.933Z</time>
      </trkpt>
      <trkpt lat="54.322446" lon="10.445505">
        <ele>40.770767</ele>
        <time>2026-07-22T10:51:36.613Z</time>
      </trkpt>
      <trkpt lat="54.322390" lon="10.446969">
        <ele>41.298242</ele>
        <time>2026-07-22T10:51:48.003Z</time>
      </trkpt>
      <trkpt lat="54.322265" lon="10.447751">
        <ele>41.477007</ele>
        <time>2026-07-22T10:51:54.241Z</time>
      </trkpt>
      <trkpt lat="54.321977" lon="10.448814">
        <ele>41.498681</ele>
        <time>2026-07-22T10:52:02.543Z</time>
      </trkpt>
      <trkpt lat="54.321945" lon="10.449155">
        <ele>41.483874</ele>
        <time>2026-07-22T10:52:04.906Z</time>
      </trkpt>
      <trkpt lat="54.321950" lon="10.449582">
        <ele>41.450389</ele>
        <time>2026-07-22T10:52:07.820Z</time>
      </trkpt>
      <trkpt lat="54.322034" lon="10.450121">
        <ele>41.496088</ele>
        <time>2026-07-22T10:52:12.039Z</time>
      </trkpt>
      <trkpt lat="54.322101" lon="10.450437">
        <ele>41.234809</ele>
        <time>2026-07-22T10:52:14.023Z</time>
      </trkpt>
      <trkpt lat="54.322208" lon="10.450618">
        <ele>40.888014</ele>
        <time>2026-07-22T10:52:15.384Z</time>
      </trkpt>
      <trkpt lat="54.322328" lon="10.450729">
        <ele>40.495928</ele>
        <time>2026-07-22T10:52:16.604Z</time>
      </trkpt>
      <trkpt lat="54.322358" lon="10.450758">
        <ele>40.385277</ele>
        <time>2026-07-22T10:52:16.908Z</time>
      </trkpt>
      <trkpt lat="54.322849" lon="10.451230">
        <ele>38.094986</ele>
        <time>2026-07-22T10:52:21.541Z</time>
      </trkpt>
      <trkpt lat="54.323029" lon="10.451399">
        <ele>38.076271</ele>
        <time>2026-07-22T10:52:23.784Z</time>
      </trkpt>
      <trkpt lat="54.323114" lon="10.451475">
        <ele>38.337078</ele>
        <time>2026-07-22T10:52:26.008Z</time>
      </trkpt>
      <trkpt lat="54.323345" lon="10.451701">
        <ele>39.785392</ele>
        <time>2026-07-22T10:52:33.611Z</time>
      </trkpt>
      <trkpt lat="54.323552" lon="10.451903">
        <ele>39.937920</ele>
        <time>2026-07-22T10:52:36.846Z</time>
      </trkpt>
      <trkpt lat="54.323692" lon="10.452054">
        <ele>39.474372</ele>
        <time>2026-07-22T10:52:38.230Z</time>
      </trkpt>
      <trkpt lat="54.323898" lon="10.452275">
        <ele>39.047034</ele>
        <time>2026-07-22T10:52:40.583Z</time>
      </trkpt>
      <trkpt lat="54.324408" lon="10.452930">
        <ele>38.800462</ele>
        <time>2026-07-22T10:52:47.867Z</time>
      </trkpt>
      <trkpt lat="54.324605" lon="10.453382">
        <ele>38.702644</ele>
        <time>2026-07-22T10:52:51.611Z</time>
      </trkpt>
      <trkpt lat="54.324777" lon="10.453299">
        <ele>38.676992</ele>
        <time>2026-07-22T10:52:53.582Z</time>
      </trkpt>
      <trkpt lat="54.325660" lon="10.453393">
        <ele>40.388471</ele>
        <time>2026-07-22T10:53:08.455Z</time>
      </trkpt>
      <trkpt lat="54.326270" lon="10.453396">
        <ele>42.989706</ele>
        <time>2026-07-22T10:53:22.673Z</time>
      </trkpt>
      <trkpt lat="54.326403" lon="10.453390">
        <ele>43.226419</ele>
        <time>2026-07-22T10:53:24.678Z</time>
      </trkpt>
      <trkpt lat="54.329956" lon="10.453196">
        <ele>42.704904</ele>
        <time>2026-07-22T10:54:06.400Z</time>
      </trkpt>
      <trkpt lat="54.330147" lon="10.453121">
        <ele>42.688841</ele>
        <time>2026-07-22T10:54:08.869Z</time>
      </trkpt>
      <trkpt lat="54.330216" lon="10.453092">
        <ele>42.604783</ele>
        <time>2026-07-22T10:54:09.619Z</time>
      </trkpt>
      <trkpt lat="54.330562" lon="10.452948">
        <ele>42.044088</ele>
        <time>2026-07-22T10:54:12.970Z</time>
      </trkpt>
      <trkpt lat="54.330790" lon="10.452916">
        <ele>41.825571</ele>
        <time>2026-07-22T10:54:15.425Z</time>
      </trkpt>
      <trkpt lat="54.331153" lon="10.453041">
        <ele>41.751204</ele>
        <time>2026-07-22T10:54:19.729Z</time>
      </trkpt>
      <trkpt lat="54.331440" lon="10.453250">
        <ele>41.911247</ele>
        <time>2026-07-22T10:54:23.917Z</time>
      </trkpt>
      <trkpt lat="54.331603" lon="10.453478">
        <ele>42.125485</ele>
        <time>2026-07-22T10:54:27.079Z</time>
      </trkpt>
      <trkpt lat="54.331728" lon="10.453733">
        <ele>42.444339</ele>
        <time>2026-07-22T10:54:30.182Z</time>
      </trkpt>
      <trkpt lat="54.331846" lon="10.454115">
        <ele>42.999769</ele>
        <time>2026-07-22T10:54:34.497Z</time>
      </trkpt>
      <trkpt lat="54.331892" lon="10.454544">
        <ele>43.610656</ele>
        <time>2026-07-22T10:54:39.151Z</time>
      </trkpt>
      <trkpt lat="54.331984" lon="10.456257">
        <ele>46.242864</ele>
        <time>2026-07-22T10:54:57.812Z</time>
      </trkpt>
      <trkpt lat="54.332023" lon="10.456540">
        <ele>46.545724</ele>
        <time>2026-07-22T10:55:00.558Z</time>
      </trkpt>
      <trkpt lat="54.332123" lon="10.456817">
        <ele>46.684224</ele>
        <time>2026-07-22T10:55:03.059Z</time>
      </trkpt>
      <trkpt lat="54.332226" lon="10.457011">
        <ele>46.675139</ele>
        <time>2026-07-22T10:55:04.884Z</time>
      </trkpt>
      <trkpt lat="54.332447" lon="10.457220">
        <ele>46.593601</ele>
        <time>2026-07-22T10:55:07.749Z</time>
      </trkpt>
      <trkpt lat="54.332631" lon="10.457264">
        <ele>46.528012</ele>
        <time>2026-07-22T10:55:09.874Z</time>
      </trkpt>
      <trkpt lat="54.332764" lon="10.457267">
        <ele>46.492345</ele>
        <time>2026-07-22T10:55:11.524Z</time>
      </trkpt>
      <trkpt lat="54.332857" lon="10.457249">
        <ele>46.476553</ele>
        <time>2026-07-22T10:55:12.688Z</time>
      </trkpt>
      <trkpt lat="54.334346" lon="10.456529">
        <ele>45.744887</ele>
        <time>2026-07-22T10:55:30.037Z</time>
      </trkpt>
      <trkpt lat="54.334686" lon="10.456400">
        <ele>45.325082</ele>
        <time>2026-07-22T10:55:33.502Z</time>
      </trkpt>
      <trkpt lat="54.335610" lon="10.456272">
        <ele>44.594022</ele>
        <time>2026-07-22T10:55:43.396Z</time>
      </trkpt>
      <trkpt lat="54.335946" lon="10.456226">
        <ele>44.281755</ele>
        <time>2026-07-22T10:55:46.971Z</time>
      </trkpt>
      <trkpt lat="54.336181" lon="10.456148">
        <ele>43.954974</ele>
        <time>2026-07-22T10:55:49.327Z</time>
      </trkpt>
      <trkpt lat="54.336439" lon="10.456008">
        <ele>43.386238</ele>
        <time>2026-07-22T10:55:51.891Z</time>
      </trkpt>
      <trkpt lat="54.337067" lon="10.455576">
        <ele>41.508477</ele>
        <time>2026-07-22T10:55:57.975Z</time>
      </trkpt>
      <trkpt lat="54.337398" lon="10.455554">
        <ele>39.892818</ele>
        <time>2026-07-22T10:56:00.599Z</time>
      </trkpt>
      <trkpt lat="54.337770" lon="10.455777">
        <ele>38.870829</ele>
        <time>2026-07-22T10:56:03.177Z</time>
      </trkpt>
      <trkpt lat="54.338054" lon="10.455865">
        <ele>38.860910</ele>
        <time>2026-07-22T10:56:05.387Z</time>
      </trkpt>
      <trkpt lat="54.339592" lon="10.455890">
        <ele>41.402074</ele>
        <time>2026-07-22T10:56:25.864Z</time>
      </trkpt>
      <trkpt lat="54.340024" lon="10.455915">
        <ele>41.413665</ele>
        <time>2026-07-22T10:56:29.712Z</time>
      </trkpt>
      <trkpt lat="54.340293" lon="10.456021">
        <ele>40.934111</ele>
        <time>2026-07-22T10:56:31.598Z</time>
      </trkpt>
      <trkpt lat="54.340500" lon="10.456313">
        <ele>40.135334</ele>
        <time>2026-07-22T10:56:33.979Z</time>
      </trkpt>
      <trkpt lat="54.340628" lon="10.456486">
        <ele>39.785407</ele>
        <time>2026-07-22T10:56:35.322Z</time>
      </trkpt>
      <trkpt lat="54.341172" lon="10.455935">
        <ele>39.356688</ele>
        <time>2026-07-22T10:56:40.464Z</time>
      </trkpt>
      <trkpt lat="54.341741" lon="10.455512">
        <ele>39.804139</ele>
        <time>2026-07-22T10:56:47.333Z</time>
      </trkpt>
      <trkpt lat="54.342043" lon="10.455335">
        <ele>40.065639</ele>
        <time>2026-07-22T10:56:50.896Z</time>
      </trkpt>
      <trkpt lat="54.342687" lon="10.455120">
        <ele>40.398388</ele>
        <time>2026-07-22T10:56:57.400Z</time>
      </trkpt>
      <trkpt lat="54.343156" lon="10.455063">
        <ele>40.614056</ele>
        <time>2026-07-22T10:57:02.120Z</time>
      </trkpt>
      <trkpt lat="54.343595" lon="10.455061">
        <ele>40.879155</ele>
        <time>2026-07-22T10:57:06.778Z</time>
      </trkpt>
      <trkpt lat="54.344133" lon="10.455120">
        <ele>41.067168</ele>
        <time>2026-07-22T10:57:11.968Z</time>
      </trkpt>
      <trkpt lat="54.344448" lon="10.455145">
        <ele>40.984856</ele>
        <time>2026-07-22T10:57:14.515Z</time>
      </trkpt>
      <trkpt lat="54.344735" lon="10.455179">
        <ele>40.831794</ele>
        <time>2026-07-22T10:57:16.822Z</time>
      </trkpt>
      <trkpt lat="54.344848" lon="10.455188">
        <ele>40.790085</ele>
        <time>2026-07-22T10:57:17.750Z</time>
      </trkpt>
      <trkpt lat="54.344916" lon="10.455193">
        <ele>40.722272</ele>
        <time>2026-07-22T10:57:18.279Z</time>
      </trkpt>
      <trkpt lat="54.345018" lon="10.455197">
        <ele>40.601602</ele>
        <time>2026-07-22T10:57:19.006Z</time>
      </trkpt>
      <trkpt lat="54.345517" lon="10.455197">
        <ele>40.009375</ele>
        <time>2026-07-22T10:57:22.499Z</time>
      </trkpt>
      <trkpt lat="54.345530" lon="10.455380">
        <ele>39.886855</ele>
        <time>2026-07-22T10:57:23.348Z</time>
      </trkpt>
      <trkpt lat="54.345630" lon="10.455606">
        <ele>39.692387</ele>
        <time>2026-07-22T10:57:24.555Z</time>
      </trkpt>
      <trkpt lat="54.346035" lon="10.456301">
        <ele>38.824419</ele>
        <time>2026-07-22T10:57:28.531Z</time>
      </trkpt>
      <trkpt lat="54.346201" lon="10.456523">
        <ele>38.254558</ele>
        <time>2026-07-22T10:57:29.845Z</time>
      </trkpt>
      <trkpt lat="54.346600" lon="10.456834">
        <ele>36.875429</ele>
        <time>2026-07-22T10:57:32.452Z</time>
      </trkpt>
      <trkpt lat="54.346775" lon="10.456980">
        <ele>36.677475</ele>
        <time>2026-07-22T10:57:33.980Z</time>
      </trkpt>
      <trkpt lat="54.346953" lon="10.457230">
        <ele>36.988557</ele>
        <time>2026-07-22T10:57:36.552Z</time>
      </trkpt>
      <trkpt lat="54.347081" lon="10.457434">
        <ele>37.392096</ele>
        <time>2026-07-22T10:57:40.068Z</time>
      </trkpt>
      <trkpt lat="54.347334" lon="10.457834">
        <ele>37.557152</ele>
        <time>2026-07-22T10:57:42.965Z</time>
      </trkpt>
      <trkpt lat="54.347721" lon="10.458204">
        <ele>37.240610</ele>
        <time>2026-07-22T10:57:46.245Z</time>
      </trkpt>
      <trkpt lat="54.347755" lon="10.458236">
        <ele>37.215325</ele>
        <time>2026-07-22T10:57:46.601Z</time>
      </trkpt>
      <trkpt lat="54.347830" lon="10.458270">
        <ele>37.171555</ele>
        <time>2026-07-22T10:57:47.315Z</time>
      </trkpt>
      <trkpt lat="54.348148" lon="10.458778">
        <ele>36.928924</ele>
        <time>2026-07-22T10:57:50.665Z</time>
      </trkpt>
      <trkpt lat="54.348378" lon="10.459392">
        <ele>36.915028</ele>
        <time>2026-07-22T10:57:54.473Z</time>
      </trkpt>
      <trkpt lat="54.349063" lon="10.461945">
        <ele>37.484486</ele>
        <time>2026-07-22T10:58:10.728Z</time>
      </trkpt>
      <trkpt lat="54.349607" lon="10.463230">
        <ele>36.612923</ele>
        <time>2026-07-22T10:58:17.327Z</time>
      </trkpt>
      <trkpt lat="54.350465" lon="10.464708">
        <ele>36.505389</ele>
        <time>2026-07-22T10:58:28.250Z</time>
      </trkpt>
      <trkpt lat="54.351335" lon="10.466658">
        <ele>36.599511</ele>
        <time>2026-07-22T10:58:41.442Z</time>
      </trkpt>
      <trkpt lat="54.351522" lon="10.467057">
        <ele>35.988733</ele>
        <time>2026-07-22T10:58:43.442Z</time>
      </trkpt>
      <trkpt lat="54.351658" lon="10.467465">
        <ele>35.048628</ele>
        <time>2026-07-22T10:58:45.026Z</time>
      </trkpt>
      <trkpt lat="54.352448" lon="10.469514">
        <ele>30.896087</ele>
        <time>2026-07-22T10:58:53.891Z</time>
      </trkpt>
      <trkpt lat="54.352662" lon="10.469994">
        <ele>30.579651</ele>
        <time>2026-07-22T10:58:56.562Z</time>
      </trkpt>
      <trkpt lat="54.353010" lon="10.470633">
        <ele>30.179623</ele>
        <time>2026-07-22T10:59:00.347Z</time>
      </trkpt>
      <trkpt lat="54.353807" lon="10.472047">
        <ele>32.098880</ele>
        <time>2026-07-22T10:59:15.418Z</time>
      </trkpt>
      <trkpt lat="54.353948" lon="10.472361">
        <ele>32.489371</ele>
        <time>2026-07-22T10:59:18.300Z</time>
      </trkpt>
      <trkpt lat="54.354018" lon="10.472602">
        <ele>32.742933</ele>
        <time>2026-07-22T10:59:20.347Z</time>
      </trkpt>
      <trkpt lat="54.354538" lon="10.473566">
        <ele>34.388594</ele>
        <time>2026-07-22T10:59:33.802Z</time>
      </trkpt>
      <trkpt lat="54.354629" lon="10.473788">
        <ele>34.448647</ele>
        <time>2026-07-22T10:59:35.893Z</time>
      </trkpt>
      <trkpt lat="54.354749" lon="10.474235">
        <ele>33.468418</ele>
        <time>2026-07-22T10:59:38.401Z</time>
      </trkpt>
      <trkpt lat="54.354877" lon="10.475024">
        <ele>30.869897</ele>
        <time>2026-07-22T10:59:42.111Z</time>
      </trkpt>
      <trkpt lat="54.355041" lon="10.476041">
        <ele>30.113345</ele>
        <time>2026-07-22T10:59:48.845Z</time>
      </trkpt>
      <trkpt lat="54.355194" lon="10.476703">
        <ele>30.074850</ele>
        <time>2026-07-22T10:59:53.494Z</time>
      </trkpt>
      <trkpt lat="54.355567" lon="10.477865">
        <ele>31.473692</ele>
        <time>2026-07-22T11:00:06.276Z</time>
      </trkpt>
      <trkpt lat="54.355658" lon="10.478083">
        <ele>31.900368</ele>
        <time>2026-07-22T11:00:09.345Z</time>
      </trkpt>
      <trkpt lat="54.355750" lon="10.478215">
        <ele>32.236048</ele>
        <time>2026-07-22T11:00:11.819Z</time>
      </trkpt>
      <trkpt lat="54.355880" lon="10.478299">
        <ele>32.595634</ele>
        <time>2026-07-22T11:00:14.225Z</time>
      </trkpt>
      <trkpt lat="54.356216" lon="10.478367">
        <ele>33.314242</ele>
        <time>2026-07-22T11:00:20.093Z</time>
      </trkpt>
      <trkpt lat="54.356383" lon="10.478311">
        <ele>33.673345</ele>
        <time>2026-07-22T11:00:23.122Z</time>
      </trkpt>
      <trkpt lat="54.356681" lon="10.478100">
        <ele>34.371485</ele>
        <time>2026-07-22T11:00:28.526Z</time>
      </trkpt>
      <trkpt lat="54.357322" lon="10.477638">
        <ele>36.843773</ele>
        <time>2026-07-22T11:00:43.168Z</time>
      </trkpt>
      <trkpt lat="54.357527" lon="10.477551">
        <ele>37.241547</ele>
        <time>2026-07-22T11:00:46.659Z</time>
      </trkpt>
      <trkpt lat="54.357802" lon="10.477550">
        <ele>37.384283</ele>
        <time>2026-07-22T11:00:50.225Z</time>
      </trkpt>
      <trkpt lat="54.358028" lon="10.477607">
        <ele>37.367223</ele>
        <time>2026-07-22T11:00:52.924Z</time>
      </trkpt>
      <trkpt lat="54.358148" lon="10.477667">
        <ele>37.286686</ele>
        <time>2026-07-22T11:00:54.279Z</time>
      </trkpt>
      <trkpt lat="54.358244" lon="10.477802">
        <ele>37.170264</ele>
        <time>2026-07-22T11:00:55.582Z</time>
      </trkpt>
      <trkpt lat="54.358333" lon="10.478042">
        <ele>36.959419</ele>
        <time>2026-07-22T11:00:57.283Z</time>
      </trkpt>
      <trkpt lat="54.358386" lon="10.478490">
        <ele>36.331848</ele>
        <time>2026-07-22T11:00:59.695Z</time>
      </trkpt>
      <trkpt lat="54.358472" lon="10.478836">
        <ele>35.863065</ele>
        <time>2026-07-22T11:01:01.818Z</time>
      </trkpt>
      <trkpt lat="54.358564" lon="10.479021">
        <ele>35.508630</ele>
        <time>2026-07-22T11:01:03.060Z</time>
      </trkpt>
      <trkpt lat="54.358697" lon="10.479193">
        <ele>35.188791</ele>
        <time>2026-07-22T11:01:04.593Z</time>
      </trkpt>
      <trkpt lat="54.359382" lon="10.479973">
        <ele>34.345244</ele>
        <time>2026-07-22T11:01:13.404Z</time>
      </trkpt>
      <trkpt lat="54.359582" lon="10.480312">
        <ele>33.921282</ele>
        <time>2026-07-22T11:01:16.000Z</time>
      </trkpt>
      <trkpt lat="54.359712" lon="10.480481">
        <ele>33.820571</ele>
        <time>2026-07-22T11:01:17.936Z</time>
      </trkpt>
      <trkpt lat="54.360067" lon="10.480793">
        <ele>34.046272</ele>
        <time>2026-07-22T11:01:23.183Z</time>
      </trkpt>
      <trkpt lat="54.360499" lon="10.481155">
        <ele>34.890582</ele>
        <time>2026-07-22T11:01:31.263Z</time>
      </trkpt>
      <trkpt lat="54.360832" lon="10.481455">
        <ele>35.360909</ele>
        <time>2026-07-22T11:01:37.197Z</time>
      </trkpt>
      <trkpt lat="54.361515" lon="10.482034">
        <ele>34.654122</ele>
        <time>2026-07-22T11:01:44.852Z</time>
      </trkpt>
      <trkpt lat="54.362220" lon="10.482644">
        <ele>36.231303</ele>
        <time>2026-07-22T11:01:56.412Z</time>
      </trkpt>
      <trkpt lat="54.362755" lon="10.483143">
        <ele>36.846322</ele>
        <time>2026-07-22T11:02:03.160Z</time>
      </trkpt>
      <trkpt lat="54.362889" lon="10.483372">
        <ele>36.880907</ele>
        <time>2026-07-22T11:02:04.895Z</time>
      </trkpt>
      <trkpt lat="54.363032" lon="10.483693">
        <ele>36.776519</ele>
        <time>2026-07-22T11:02:06.788Z</time>
      </trkpt>
      <trkpt lat="54.363412" lon="10.485212">
        <ele>35.980542</ele>
        <time>2026-07-22T11:02:13.983Z</time>
      </trkpt>
      <trkpt lat="54.363617" lon="10.485677">
        <ele>35.618048</ele>
        <time>2026-07-22T11:02:16.462Z</time>
      </trkpt>
      <trkpt lat="54.363867" lon="10.486061">
        <ele>35.450385</ele>
        <time>2026-07-22T11:02:19.111Z</time>
      </trkpt>
      <trkpt lat="54.364149" lon="10.486358">
        <ele>35.552607</ele>
        <time>2026-07-22T11:02:22.319Z</time>
      </trkpt>
      <trkpt lat="54.365664" lon="10.487526">
        <ele>39.099206</ele>
        <time>2026-07-22T11:02:45.505Z</time>
      </trkpt>
      <trkpt lat="54.365866" lon="10.487719">
        <ele>39.457353</ele>
        <time>2026-07-22T11:02:48.912Z</time>
      </trkpt>
      <trkpt lat="54.366812" lon="10.488940">
        <ele>40.110461</ele>
        <time>2026-07-22T11:03:00.780Z</time>
      </trkpt>
      <trkpt lat="54.367435" lon="10.490224">
        <ele>39.014044</ele>
        <time>2026-07-22T11:03:07.777Z</time>
      </trkpt>
      <trkpt lat="54.367702" lon="10.490741">
        <ele>38.640392</ele>
        <time>2026-07-22T11:03:10.741Z</time>
      </trkpt>
      <trkpt lat="54.367804" lon="10.491018">
        <ele>38.434291</ele>
        <time>2026-07-22T11:03:12.555Z</time>
      </trkpt>
      <trkpt lat="54.368047" lon="10.491887">
        <ele>38.439011</ele>
        <time>2026-07-22T11:03:20.103Z</time>
      </trkpt>
      <trkpt lat="54.368595" lon="10.493843">
        <ele>34.781955</ele>
        <time>2026-07-22T11:03:31.305Z</time>
      </trkpt>
      <trkpt lat="54.368675" lon="10.494055">
        <ele>34.357339</ele>
        <time>2026-07-22T11:03:32.172Z</time>
      </trkpt>
      <trkpt lat="54.368767" lon="10.494196">
        <ele>34.016469</ele>
        <time>2026-07-22T11:03:32.931Z</time>
      </trkpt>
      <trkpt lat="54.368906" lon="10.494375">
        <ele>34.007188</ele>
        <time>2026-07-22T11:03:34.595Z</time>
      </trkpt>
      <trkpt lat="54.369313" lon="10.494764">
        <ele>34.146846</ele>
        <time>2026-07-22T11:03:39.163Z</time>
      </trkpt>
      <trkpt lat="54.369375" lon="10.494823">
        <ele>34.199693</ele>
        <time>2026-07-22T11:03:39.858Z</time>
      </trkpt>
      <trkpt lat="54.369550" lon="10.494945">
        <ele>34.412229</ele>
        <time>2026-07-22T11:03:42.100Z</time>
      </trkpt>
      <trkpt lat="54.369813" lon="10.495073">
        <ele>34.758836</ele>
        <time>2026-07-22T11:03:45.465Z</time>
      </trkpt>
      <trkpt lat="54.369974" lon="10.495230">
        <ele>34.892889</ele>
        <time>2026-07-22T11:03:47.486Z</time>
      </trkpt>
      <trkpt lat="54.370150" lon="10.495725">
        <ele>34.844652</ele>
        <time>2026-07-22T11:03:50.534Z</time>
      </trkpt>
      <trkpt lat="54.370242" lon="10.495945">
        <ele>34.632053</ele>
        <time>2026-07-22T11:03:51.545Z</time>
      </trkpt>
      <trkpt lat="54.370103" lon="10.496120">
        <ele>34.283308</ele>
        <time>2026-07-22T11:03:54.830Z</time>
      </trkpt>
      <trkpt lat="54.369959" lon="10.496280">
        <ele>33.941366</ele>
        <time>2026-07-22T11:03:55.971Z</time>
      </trkpt>
      <trkpt lat="54.369843" lon="10.496379">
        <ele>33.850685</ele>
        <time>2026-07-22T11:03:56.843Z</time>
      </trkpt>
      <trkpt lat="54.369649" lon="10.496546">
        <ele>33.887452</ele>
        <time>2026-07-22T11:03:59.523Z</time>
      </trkpt>
      <trkpt lat="54.369408" lon="10.496957">
        <ele>33.641728</ele>
        <time>2026-07-22T11:04:02.029Z</time>
      </trkpt>
      <trkpt lat="54.369197" lon="10.497734">
        <ele>32.568260</ele>
        <time>2026-07-22T11:04:05.241Z</time>
      </trkpt>
      <trkpt lat="54.369172" lon="10.497826">
        <ele>32.393799</ele>
        <time>2026-07-22T11:04:05.621Z</time>
      </trkpt>
      <trkpt lat="54.368999" lon="10.498100">
        <ele>31.649956</ele>
        <time>2026-07-22T11:04:07.077Z</time>
      </trkpt>
      <trkpt lat="54.368883" lon="10.498219">
        <ele>31.161219</ele>
        <time>2026-07-22T11:04:07.860Z</time>
      </trkpt>
      <trkpt lat="54.368473" lon="10.498596">
        <ele>28.897427</ele>
        <time>2026-07-22T11:04:10.527Z</time>
      </trkpt>
      <trkpt lat="54.368072" lon="10.498960">
        <ele>25.226544</ele>
        <time>2026-07-22T11:04:12.916Z</time>
      </trkpt>
      <trkpt lat="54.367703" lon="10.499284">
        <ele>22.062836</ele>
        <time>2026-07-22T11:04:15.126Z</time>
      </trkpt>
      <trkpt lat="54.367569" lon="10.499453">
        <ele>21.058247</ele>
        <time>2026-07-22T11:04:16.005Z</time>
      </trkpt>
      <trkpt lat="54.366785" lon="10.500727">
        <ele>19.050154</ele>
        <time>2026-07-22T11:04:23.323Z</time>
      </trkpt>
      <trkpt lat="54.366471" lon="10.501309">
        <ele>20.346016</ele>
        <time>2026-07-22T11:04:30.528Z</time>
      </trkpt>
      <trkpt lat="54.366386" lon="10.501395">
        <ele>20.858603</ele>
        <time>2026-07-22T11:04:33.065Z</time>
      </trkpt>
      <trkpt lat="54.366374" lon="10.501395">
        <ele>20.920944</ele>
        <time>2026-07-22T11:04:33.400Z</time>
      </trkpt>
      <trkpt lat="54.366114" lon="10.501348">
        <ele>22.785547</ele>
        <time>2026-07-22T11:04:40.204Z</time>
      </trkpt>
      <trkpt lat="54.365854" lon="10.501302">
        <ele>24.585742</ele>
        <time>2026-07-22T11:04:46.795Z</time>
      </trkpt>
      <trkpt lat="54.365589" lon="10.501414">
        <ele>26.404530</ele>
        <time>2026-07-22T11:04:53.740Z</time>
      </trkpt>
      <trkpt lat="54.365133" lon="10.501750">
        <ele>29.530613</ele>
        <time>2026-07-22T11:05:06.135Z</time>
      </trkpt>
      <trkpt lat="54.364952" lon="10.501940">
        <ele>30.308717</ele>
        <time>2026-07-22T11:05:09.616Z</time>
      </trkpt>
      <trkpt lat="54.364894" lon="10.502105">
        <ele>30.566759</ele>
        <time>2026-07-22T11:05:11.016Z</time>
      </trkpt>
      <trkpt lat="54.364898" lon="10.502246">
        <ele>30.656547</ele>
        <time>2026-07-22T11:05:11.928Z</time>
      </trkpt>
      <trkpt lat="54.365327" lon="10.503224">
        <ele>31.234123</ele>
        <time>2026-07-22T11:05:19.696Z</time>
      </trkpt>
      <trkpt lat="54.365647" lon="10.504215">
        <ele>32.117066</ele>
        <time>2026-07-22T11:05:27.650Z</time>
      </trkpt>
      <trkpt lat="54.366144" lon="10.505490">
        <ele>33.557507</ele>
        <time>2026-07-22T11:05:39.177Z</time>
      </trkpt>
      <trkpt lat="54.366764" lon="10.507714">
        <ele>34.892218</ele>
        <time>2026-07-22T11:05:55.170Z</time>
      </trkpt>
      <trkpt lat="54.366958" lon="10.508439">
        <ele>35.155972</ele>
        <time>2026-07-22T11:05:59.946Z</time>
      </trkpt>
      <trkpt lat="54.367439" lon="10.510539">
        <ele>34.325369</ele>
        <time>2026-07-22T11:06:10.042Z</time>
      </trkpt>
      <trkpt lat="54.367527" lon="10.510822">
        <ele>34.360157</ele>
        <time>2026-07-22T11:06:11.699Z</time>
      </trkpt>
      <trkpt lat="54.367680" lon="10.511180">
        <ele>34.425430</ele>
        <time>2026-07-22T11:06:14.637Z</time>
      </trkpt>
      <trkpt lat="54.367728" lon="10.511313">
        <ele>34.242007</ele>
        <time>2026-07-22T11:06:15.201Z</time>
      </trkpt>
      <trkpt lat="54.367787" lon="10.511495">
        <ele>33.874505</ele>
        <time>2026-07-22T11:06:15.914Z</time>
      </trkpt>
      <trkpt lat="54.367871" lon="10.511735">
        <ele>33.490549</ele>
        <time>2026-07-22T11:06:16.993Z</time>
      </trkpt>
      <trkpt lat="54.368099" lon="10.512310">
        <ele>32.558453</ele>
        <time>2026-07-22T11:06:19.628Z</time>
      </trkpt>
      <trkpt lat="54.368193" lon="10.512478">
        <ele>32.191459</ele>
        <time>2026-07-22T11:06:20.421Z</time>
      </trkpt>
      <trkpt lat="54.368764" lon="10.512780">
        <ele>31.787429</ele>
        <time>2026-07-22T11:06:25.041Z</time>
      </trkpt>
      <trkpt lat="54.369169" lon="10.513009">
        <ele>32.160672</ele>
        <time>2026-07-22T11:06:29.761Z</time>
      </trkpt>
      <trkpt lat="54.369449" lon="10.513181">
        <ele>32.618250</ele>
        <time>2026-07-22T11:06:33.989Z</time>
      </trkpt>
      <trkpt lat="54.370666" lon="10.514072">
        <ele>32.747462</ele>
        <time>2026-07-22T11:06:45.849Z</time>
      </trkpt>
      <trkpt lat="54.370956" lon="10.514238">
        <ele>32.470387</ele>
        <time>2026-07-22T11:06:48.095Z</time>
      </trkpt>
      <trkpt lat="54.371095" lon="10.514315">
        <ele>32.259151</ele>
        <time>2026-07-22T11:06:49.053Z</time>
      </trkpt>
      <trkpt lat="54.371252" lon="10.514341">
        <ele>32.123760</ele>
        <time>2026-07-22T11:06:50.301Z</time>
      </trkpt>
      <trkpt lat="54.371417" lon="10.514311">
        <ele>31.969807</ele>
        <time>2026-07-22T11:06:51.792Z</time>
      </trkpt>
      <trkpt lat="54.372062" lon="10.514082">
        <ele>30.206012</ele>
        <time>2026-07-22T11:06:55.861Z</time>
      </trkpt>
      <trkpt lat="54.372354" lon="10.514015">
        <ele>29.390187</ele>
        <time>2026-07-22T11:06:57.734Z</time>
      </trkpt>
      <trkpt lat="54.372845" lon="10.514039">
        <ele>27.933512</ele>
        <time>2026-07-22T11:07:00.779Z</time>
      </trkpt>
      <trkpt lat="54.373280" lon="10.514188">
        <ele>26.153892</ele>
        <time>2026-07-22T11:07:03.374Z</time>
      </trkpt>
      <trkpt lat="54.373771" lon="10.514540">
        <ele>23.594500</ele>
        <time>2026-07-22T11:07:06.384Z</time>
      </trkpt>
      <trkpt lat="54.374264" lon="10.514797">
        <ele>21.043307</ele>
        <time>2026-07-22T11:07:09.294Z</time>
      </trkpt>
      <trkpt lat="54.374330" lon="10.514831">
        <ele>20.748023</ele>
        <time>2026-07-22T11:07:09.689Z</time>
      </trkpt>
      <trkpt lat="54.374519" lon="10.514979">
        <ele>20.164129</ele>
        <time>2026-07-22T11:07:10.918Z</time>
      </trkpt>
      <trkpt lat="54.374638" lon="10.515121">
        <ele>20.047171</ele>
        <time>2026-07-22T11:07:12.482Z</time>
      </trkpt>
      <trkpt lat="54.374727" lon="10.515329">
        <ele>20.316594</ele>
        <time>2026-07-22T11:07:14.606Z</time>
      </trkpt>
      <trkpt lat="54.374792" lon="10.515549">
        <ele>20.591773</ele>
        <time>2026-07-22T11:07:16.432Z</time>
      </trkpt>
      <trkpt lat="54.374839" lon="10.515875">
        <ele>20.871764</ele>
        <time>2026-07-22T11:07:19.098Z</time>
      </trkpt>
      <trkpt lat="54.374868" lon="10.516452">
        <ele>20.822812</ele>
        <time>2026-07-22T11:07:21.864Z</time>
      </trkpt>
      <trkpt lat="54.374871" lon="10.518195">
        <ele>20.739951</ele>
        <time>2026-07-22T11:07:30.568Z</time>
      </trkpt>
      <trkpt lat="54.374915" lon="10.519090">
        <ele>21.023533</ele>
        <time>2026-07-22T11:07:35.855Z</time>
      </trkpt>
      <trkpt lat="54.374860" lon="10.521133">
        <ele>22.175649</ele>
        <time>2026-07-22T11:07:49.390Z</time>
      </trkpt>
      <trkpt lat="54.374743" lon="10.521627">
        <ele>22.353683</ele>
        <time>2026-07-22T11:07:52.436Z</time>
      </trkpt>
      <trkpt lat="54.374411" lon="10.522606">
        <ele>23.158034</ele>
        <time>2026-07-22T11:08:00.236Z</time>
      </trkpt>
      <trkpt lat="54.374178" lon="10.523645">
        <ele>24.539626</ele>
        <time>2026-07-22T11:08:09.525Z</time>
      </trkpt>
      <trkpt lat="54.374100" lon="10.524099">
        <ele>24.652233</ele>
        <time>2026-07-22T11:08:12.478Z</time>
      </trkpt>
      <trkpt lat="54.374122" lon="10.524384">
        <ele>24.485740</ele>
        <time>2026-07-22T11:08:13.577Z</time>
      </trkpt>
      <trkpt lat="54.375149" lon="10.526691">
        <ele>24.051606</ele>
        <time>2026-07-22T11:08:28.057Z</time>
      </trkpt>
      <trkpt lat="54.375402" lon="10.527271">
        <ele>23.065803</ele>
        <time>2026-07-22T11:08:30.694Z</time>
      </trkpt>
      <trkpt lat="54.375813" lon="10.528357">
        <ele>21.408298</ele>
        <time>2026-07-22T11:08:35.598Z</time>
      </trkpt>
      <trkpt lat="54.375900" lon="10.528682">
        <ele>20.987418</ele>
        <time>2026-07-22T11:08:36.968Z</time>
      </trkpt>
      <trkpt lat="54.376098" lon="10.529636">
        <ele>19.694362</ele>
        <time>2026-07-22T11:08:40.805Z</time>
      </trkpt>
      <trkpt lat="54.377312" lon="10.532700">
        <ele>14.822228</ele>
        <time>2026-07-22T11:08:54.711Z</time>
      </trkpt>
      <trkpt lat="54.378303" lon="10.537300">
        <ele>10.474548</ele>
        <time>2026-07-22T11:09:14.436Z</time>
      </trkpt>
      <trkpt lat="54.378397" lon="10.537382">
        <ele>10.272367</ele>
        <time>2026-07-22T11:09:15.124Z</time>
      </trkpt>
      <trkpt lat="54.378740" lon="10.537543">
        <ele>9.389219</ele>
        <time>2026-07-22T11:09:17.397Z</time>
      </trkpt>
      <trkpt lat="54.379465" lon="10.537588">
        <ele>7.390770</ele>
        <time>2026-07-22T11:09:21.923Z</time>
      </trkpt>
      <trkpt lat="54.379515" lon="10.537656">
        <ele>7.199625</ele>
        <time>2026-07-22T11:09:22.323Z</time>
      </trkpt>
      <trkpt lat="54.379544" lon="10.537769">
        <ele>6.982525</ele>
        <time>2026-07-22T11:09:22.771Z</time>
      </trkpt>
      <trkpt lat="54.379511" lon="10.538841">
        <ele>5.030497</ele>
        <time>2026-07-22T11:09:26.553Z</time>
      </trkpt>
      <trkpt lat="54.379506" lon="10.539010">
        <ele>4.752335</ele>
        <time>2026-07-22T11:09:27.162Z</time>
      </trkpt>
      <trkpt lat="54.379502" lon="10.539036">
        <ele>4.708129</ele>
        <time>2026-07-22T11:09:27.261Z</time>
      </trkpt>
      <trkpt lat="54.379379" lon="10.539571">
        <ele>4.326037</ele>
        <time>2026-07-22T11:09:29.710Z</time>
      </trkpt>
      <trkpt lat="54.379248" lon="10.539930">
        <ele>4.260018</ele>
        <time>2026-07-22T11:09:31.751Z</time>
      </trkpt>
      <trkpt lat="54.379067" lon="10.540842">
        <ele>4.456424</ele>
        <time>2026-07-22T11:09:37.205Z</time>
      </trkpt>
      <trkpt lat="54.379063" lon="10.540852">
        <ele>4.460814</ele>
        <time>2026-07-22T11:09:37.291Z</time>
      </trkpt>
      <trkpt lat="54.378966" lon="10.541092">
        <ele>4.821136</ele>
        <time>2026-07-22T11:09:39.750Z</time>
      </trkpt>
      <trkpt lat="54.378866" lon="10.541211">
        <ele>5.123165</ele>
        <time>2026-07-22T11:09:41.549Z</time>
      </trkpt>
      <trkpt lat="54.378729" lon="10.541252">
        <ele>5.511095</ele>
        <time>2026-07-22T11:09:43.649Z</time>
      </trkpt>
      <trkpt lat="54.378071" lon="10.540970">
        <ele>7.602007</ele>
        <time>2026-07-22T11:09:54.839Z</time>
      </trkpt>
      <trkpt lat="54.377580" lon="10.540750">
        <ele>9.215522</ele>
        <time>2026-07-22T11:10:03.095Z</time>
      </trkpt>
      <trkpt lat="54.377464" lon="10.540728">
        <ele>9.620842</ele>
        <time>2026-07-22T11:10:05.110Z</time>
      </trkpt>
      <trkpt lat="54.377367" lon="10.540792">
        <ele>9.980709</ele>
        <time>2026-07-22T11:10:06.914Z</time>
      </trkpt>
      <trkpt lat="54.377303" lon="10.540967">
        <ele>10.395011</ele>
        <time>2026-07-22T11:10:08.986Z</time>
      </trkpt>
      <trkpt lat="54.377134" lon="10.541997">
        <ele>12.490105</ele>
        <time>2026-07-22T11:10:19.611Z</time>
      </trkpt>
      <trkpt lat="54.377046" lon="10.542214">
        <ele>12.979954</ele>
        <time>2026-07-22T11:10:22.118Z</time>
      </trkpt>
      <trkpt lat="54.376959" lon="10.542323">
        <ele>13.284493</ele>
        <time>2026-07-22T11:10:23.820Z</time>
      </trkpt>
      <trkpt lat="54.376778" lon="10.542415">
        <ele>13.779343</ele>
        <time>2026-07-22T11:10:26.711Z</time>
      </trkpt>
      <trkpt lat="54.376431" lon="10.542329">
        <ele>14.588056</ele>
        <time>2026-07-22T11:10:31.777Z</time>
      </trkpt>
      <trkpt lat="54.375246" lon="10.541842">
        <ele>16.849900</ele>
        <time>2026-07-22T11:10:48.103Z</time>
      </trkpt>
      <trkpt lat="54.375048" lon="10.541919">
        <ele>17.100941</ele>
        <time>2026-07-22T11:10:50.509Z</time>
      </trkpt>
      <trkpt lat="54.374908" lon="10.542133">
        <ele>17.264736</ele>
        <time>2026-07-22T11:10:52.545Z</time>
      </trkpt>
      <trkpt lat="54.374763" lon="10.542820">
        <ele>17.392023</ele>
        <time>2026-07-22T11:10:56.723Z</time>
      </trkpt>
      <trkpt lat="54.374672" lon="10.543141">
        <ele>17.399955</ele>
        <time>2026-07-22T11:10:58.536Z</time>
      </trkpt>
      <trkpt lat="54.374584" lon="10.543280">
        <ele>17.401510</ele>
        <time>2026-07-22T11:10:59.527Z</time>
      </trkpt>
      <trkpt lat="54.374437" lon="10.543385">
        <ele>17.416860</ele>
        <time>2026-07-22T11:11:00.860Z</time>
      </trkpt>
      <trkpt lat="54.374168" lon="10.543489">
        <ele>17.523418</ele>
        <time>2026-07-22T11:11:03.606Z</time>
      </trkpt>
      <trkpt lat="54.373787" lon="10.543572">
        <ele>17.767301</ele>
        <time>2026-07-22T11:11:07.872Z</time>
      </trkpt>
      <trkpt lat="54.373503" lon="10.543635">
        <ele>17.783862</ele>
        <time>2026-07-22T11:11:10.420Z</time>
      </trkpt>
      <trkpt lat="54.373159" lon="10.543589">
        <ele>17.779554</ele>
        <time>2026-07-22T11:11:13.217Z</time>
      </trkpt>
      <trkpt lat="54.372277" lon="10.543406">
        <ele>19.809843</ele>
        <time>2026-07-22T11:11:26.152Z</time>
      </trkpt>
      <trkpt lat="54.370205" lon="10.543288">
        <ele>25.190218</ele>
        <time>2026-07-22T11:11:57.733Z</time>
      </trkpt>
      <trkpt lat="54.369308" lon="10.543074">
        <ele>25.490617</ele>
        <time>2026-07-22T11:12:06.258Z</time>
      </trkpt>
      <trkpt lat="54.368981" lon="10.542879">
        <ele>25.552072</ele>
        <time>2026-07-22T11:12:09.352Z</time>
      </trkpt>
      <trkpt lat="54.367885" lon="10.541594">
        <ele>26.987003</ele>
        <time>2026-07-22T11:12:24.599Z</time>
      </trkpt>
      <trkpt lat="54.367710" lon="10.541481">
        <ele>27.281464</ele>
        <time>2026-07-22T11:12:27.461Z</time>
      </trkpt>
      <trkpt lat="54.367534" lon="10.541543">
        <ele>27.472666</ele>
        <time>2026-07-22T11:12:29.390Z</time>
      </trkpt>
      <trkpt lat="54.367338" lon="10.541754">
        <ele>27.462350</ele>
        <time>2026-07-22T11:12:31.335Z</time>
      </trkpt>
      <trkpt lat="54.366847" lon="10.542421">
        <ele>27.059380</ele>
        <time>2026-07-22T11:12:36.280Z</time>
      </trkpt>
      <trkpt lat="54.366762" lon="10.542536">
        <ele>26.880764</ele>
        <time>2026-07-22T11:12:37.005Z</time>
      </trkpt>
      <trkpt lat="54.366554" lon="10.541989">
        <ele>26.286067</ele>
        <time>2026-07-22T11:12:39.533Z</time>
      </trkpt>
      <trkpt lat="54.366299" lon="10.541557">
        <ele>26.217026</ele>
        <time>2026-07-22T11:12:42.606Z</time>
      </trkpt>
      <trkpt lat="54.365901" lon="10.541070">
        <ele>26.403350</ele>
        <time>2026-07-22T11:12:47.406Z</time>
      </trkpt>
      <trkpt lat="54.365561" lon="10.540777">
        <ele>26.607759</ele>
        <time>2026-07-22T11:12:51.367Z</time>
      </trkpt>
      <trkpt lat="54.365142" lon="10.540539">
        <ele>26.898364</ele>
        <time>2026-07-22T11:12:56.086Z</time>
      </trkpt>
      <trkpt lat="54.364685" lon="10.540415">
        <ele>27.178660</ele>
        <time>2026-07-22T11:13:00.810Z</time>
      </trkpt>
      <trkpt lat="54.363289" lon="10.540302">
        <ele>27.420022</ele>
        <time>2026-07-22T11:13:13.979Z</time>
      </trkpt>
      <trkpt lat="54.362882" lon="10.540182">
        <ele>26.542419</ele>
        <time>2026-07-22T11:13:16.682Z</time>
      </trkpt>
      <trkpt lat="54.362620" lon="10.540193">
        <ele>25.707349</ele>
        <time>2026-07-22T11:13:18.243Z</time>
      </trkpt>
      <trkpt lat="54.362120" lon="10.540138">
        <ele>24.148636</ele>
        <time>2026-07-22T11:13:21.299Z</time>
      </trkpt>
      <trkpt lat="54.361682" lon="10.540014">
        <ele>23.273860</ele>
        <time>2026-07-22T11:13:24.231Z</time>
      </trkpt>
      <trkpt lat="54.361070" lon="10.539687">
        <ele>23.038015</ele>
        <time>2026-07-22T11:13:29.545Z</time>
      </trkpt>
      <trkpt lat="54.360797" lon="10.539490">
        <ele>23.317645</ele>
        <time>2026-07-22T11:13:32.703Z</time>
      </trkpt>
      <trkpt lat="54.359980" lon="10.538700">
        <ele>24.439716</ele>
        <time>2026-07-22T11:13:44.014Z</time>
      </trkpt>
      <trkpt lat="54.357863" lon="10.536591">
        <ele>26.263567</ele>
        <time>2026-07-22T11:14:09.927Z</time>
      </trkpt>
      <trkpt lat="54.357855" lon="10.536484">
        <ele>26.354110</ele>
        <time>2026-07-22T11:14:10.782Z</time>
      </trkpt>
      <trkpt lat="54.357813" lon="10.536471">
        <ele>26.415580</ele>
        <time>2026-07-22T11:14:11.382Z</time>
      </trkpt>
      <trkpt lat="54.357765" lon="10.536457">
        <ele>26.495508</ele>
        <time>2026-07-22T11:14:12.056Z</time>
      </trkpt>
      <trkpt lat="54.357707" lon="10.536440">
        <ele>26.627144</ele>
        <time>2026-07-22T11:14:12.837Z</time>
      </trkpt>
      <trkpt lat="54.357636" lon="10.536376">
        <ele>26.806564</ele>
        <time>2026-07-22T11:14:14.026Z</time>
      </trkpt>
      <trkpt lat="54.357599" lon="10.536296">
        <ele>26.939714</ele>
        <time>2026-07-22T11:14:14.846Z</time>
      </trkpt>
      <trkpt lat="54.357510" lon="10.536303">
        <ele>27.073284</ele>
        <time>2026-07-22T11:14:16.027Z</time>
      </trkpt>
      <trkpt lat="54.356731" lon="10.535787">
        <ele>28.157652</ele>
        <time>2026-07-22T11:14:25.950Z</time>
      </trkpt>
      <trkpt lat="54.356291" lon="10.535578">
        <ele>28.233445</ele>
        <time>2026-07-22T11:14:30.079Z</time>
      </trkpt>
      <trkpt lat="54.354873" lon="10.535144">
        <ele>29.713313</ele>
        <time>2026-07-22T11:14:46.131Z</time>
      </trkpt>
      <trkpt lat="54.354406" lon="10.534901">
        <ele>31.069908</ele>
        <time>2026-07-22T11:14:54.369Z</time>
      </trkpt>
      <trkpt lat="54.353945" lon="10.534586">
        <ele>31.840374</ele>
        <time>2026-07-22T11:15:00.036Z</time>
      </trkpt>
      <trkpt lat="54.353516" lon="10.534212">
        <ele>33.875772</ele>
        <time>2026-07-22T11:15:09.636Z</time>
      </trkpt>
      <trkpt lat="54.352271" lon="10.533023">
        <ele>39.112934</ele>
        <time>2026-07-22T11:15:34.923Z</time>
      </trkpt>
      <trkpt lat="54.352208" lon="10.532939">
        <ele>39.326314</ele>
        <time>2026-07-22T11:15:36.014Z</time>
      </trkpt>
      <trkpt lat="54.351142" lon="10.531923">
        <ele>42.838416</ele>
        <time>2026-07-22T11:15:55.398Z</time>
      </trkpt>
      <trkpt lat="54.350875" lon="10.531686">
        <ele>43.207941</ele>
        <time>2026-07-22T11:15:59.155Z</time>
      </trkpt>
      <trkpt lat="54.350582" lon="10.531483">
        <ele>43.233223</ele>
        <time>2026-07-22T11:16:01.773Z</time>
      </trkpt>
      <trkpt lat="54.349676" lon="10.530980">
        <ele>43.860277</ele>
        <time>2026-07-22T11:16:11.467Z</time>
      </trkpt>
      <trkpt lat="54.349507" lon="10.530861">
        <ele>44.625735</ele>
        <time>2026-07-22T11:16:15.085Z</time>
      </trkpt>
      <trkpt lat="54.347901" lon="10.530058">
        <ele>53.250205</ele>
        <time>2026-07-22T11:16:50.982Z</time>
      </trkpt>
      <trkpt lat="54.347695" lon="10.529864">
        <ele>54.313549</ele>
        <time>2026-07-22T11:16:55.479Z</time>
      </trkpt>
      <trkpt lat="54.347523" lon="10.529623">
        <ele>55.305312</ele>
        <time>2026-07-22T11:16:59.859Z</time>
      </trkpt>
      <trkpt lat="54.347227" lon="10.529027">
        <ele>57.208505</ele>
        <time>2026-07-22T11:17:08.834Z</time>
      </trkpt>
      <trkpt lat="54.346868" lon="10.528445">
        <ele>58.229828</ele>
        <time>2026-07-22T11:17:15.802Z</time>
      </trkpt>
      <trkpt lat="54.346619" lon="10.528262">
        <ele>58.055277</ele>
        <time>2026-07-22T11:17:17.780Z</time>
      </trkpt>
      <trkpt lat="54.346391" lon="10.528165">
        <ele>57.659076</ele>
        <time>2026-07-22T11:17:19.304Z</time>
      </trkpt>
      <trkpt lat="54.346224" lon="10.528160">
        <ele>57.731888</ele>
        <time>2026-07-22T11:17:20.621Z</time>
      </trkpt>
      <trkpt lat="54.344751" lon="10.527770">
        <ele>62.972896</ele>
        <time>2026-07-22T11:17:46.368Z</time>
      </trkpt>
      <trkpt lat="54.344252" lon="10.527708">
        <ele>66.904849</ele>
        <time>2026-07-22T11:18:02.003Z</time>
      </trkpt>
      <trkpt lat="54.342410" lon="10.527710">
        <ele>75.139578</ele>
        <time>2026-07-22T11:18:37.363Z</time>
      </trkpt>
      <trkpt lat="54.341691" lon="10.527695">
        <ele>76.115183</ele>
        <time>2026-07-22T11:18:45.907Z</time>
      </trkpt>
      <trkpt lat="54.340860" lon="10.527581">
        <ele>75.358427</ele>
        <time>2026-07-22T11:18:52.198Z</time>
      </trkpt>
      <trkpt lat="54.340270" lon="10.527508">
        <ele>73.517123</ele>
        <time>2026-07-22T11:18:55.770Z</time>
      </trkpt>
      <trkpt lat="54.340139" lon="10.527530">
        <ele>73.113969</ele>
        <time>2026-07-22T11:18:56.566Z</time>
      </trkpt>
      <trkpt lat="54.338901" lon="10.527449">
        <ele>69.713902</ele>
        <time>2026-07-22T11:19:04.255Z</time>
      </trkpt>
      <trkpt lat="54.338892" lon="10.527543">
        <ele>69.651885</ele>
        <time>2026-07-22T11:19:04.654Z</time>
      </trkpt>
      <trkpt lat="54.338590" lon="10.527385">
        <ele>69.525505</ele>
        <time>2026-07-22T11:19:07.814Z</time>
      </trkpt>
      <trkpt lat="54.338361" lon="10.527161">
        <ele>69.011520</ele>
        <time>2026-07-22T11:19:09.550Z</time>
      </trkpt>
      <trkpt lat="54.338033" lon="10.526713">
        <ele>67.289754</ele>
        <time>2026-07-22T11:19:11.976Z</time>
      </trkpt>
      <trkpt lat="54.337881" lon="10.526505">
        <ele>66.433955</ele>
        <time>2026-07-22T11:19:13.097Z</time>
      </trkpt>
      <trkpt lat="54.337695" lon="10.526331">
        <ele>65.582679</ele>
        <time>2026-07-22T11:19:14.330Z</time>
      </trkpt>
      <trkpt lat="54.337491" lon="10.526221">
        <ele>64.721298</ele>
        <time>2026-07-22T11:19:15.595Z</time>
      </trkpt>
      <trkpt lat="54.337016" lon="10.526103">
        <ele>62.989118</ele>
        <time>2026-07-22T11:19:18.431Z</time>
      </trkpt>
      <trkpt lat="54.336883" lon="10.526072">
        <ele>62.850615</ele>
        <time>2026-07-22T11:19:19.748Z</time>
      </trkpt>
      <trkpt lat="54.336431" lon="10.525967">
        <ele>62.956322</ele>
        <time>2026-07-22T11:19:26.100Z</time>
      </trkpt>
      <trkpt lat="54.336195" lon="10.525913">
        <ele>62.689908</ele>
        <time>2026-07-22T11:19:28.426Z</time>
      </trkpt>
      <trkpt lat="54.335611" lon="10.525756">
        <ele>61.610099</ele>
        <time>2026-07-22T11:19:34.081Z</time>
      </trkpt>
      <trkpt lat="54.335454" lon="10.525634">
        <ele>61.326794</ele>
        <time>2026-07-22T11:19:35.791Z</time>
      </trkpt>
      <trkpt lat="54.335371" lon="10.525528">
        <ele>61.298189</ele>
        <time>2026-07-22T11:19:36.844Z</time>
      </trkpt>
      <trkpt lat="54.335159" lon="10.526387">
        <ele>61.292216</ele>
        <time>2026-07-22T11:19:43.653Z</time>
      </trkpt>
      <trkpt lat="54.335057" lon="10.526625">
        <ele>61.290339</ele>
        <time>2026-07-22T11:19:45.656Z</time>
      </trkpt>
      <trkpt lat="54.334569" lon="10.527298">
        <ele>61.432070</ele>
        <time>2026-07-22T11:19:53.140Z</time>
      </trkpt>
      <trkpt lat="54.334470" lon="10.527467">
        <ele>61.781163</ele>
        <time>2026-07-22T11:19:55.893Z</time>
      </trkpt>
      <trkpt lat="54.334363" lon="10.527803">
        <ele>62.521334</ele>
        <time>2026-07-22T11:19:59.835Z</time>
      </trkpt>
      <trkpt lat="54.334234" lon="10.528551">
        <ele>62.848826</ele>
        <time>2026-07-22T11:20:04.735Z</time>
      </trkpt>
      <trkpt lat="54.334221" lon="10.528865">
        <ele>62.268728</ele>
        <time>2026-07-22T11:20:05.795Z</time>
      </trkpt>
      <trkpt lat="54.334219" lon="10.529275">
        <ele>61.828826</ele>
        <time>2026-07-22T11:20:07.338Z</time>
      </trkpt>
      <trkpt lat="54.334158" lon="10.530456">
        <ele>62.589872</ele>
        <time>2026-07-22T11:20:15.731Z</time>
      </trkpt>
      <trkpt lat="54.334160" lon="10.530808">
        <ele>62.801196</ele>
        <time>2026-07-22T11:20:18.129Z</time>
      </trkpt>
      <trkpt lat="54.334224" lon="10.531122">
        <ele>63.112412</ele>
        <time>2026-07-22T11:20:20.350Z</time>
      </trkpt>
      <trkpt lat="54.334490" lon="10.531974">
        <ele>64.971112</ele>
        <time>2026-07-22T11:20:29.714Z</time>
      </trkpt>
      <trkpt lat="54.334603" lon="10.532687">
        <ele>67.105711</ele>
        <time>2026-07-22T11:20:38.636Z</time>
      </trkpt>
      <trkpt lat="54.334653" lon="10.533188">
        <ele>69.392779</ele>
        <time>2026-07-22T11:20:46.735Z</time>
      </trkpt>
      <trkpt lat="54.334653" lon="10.533502">
        <ele>71.096384</ele>
        <time>2026-07-22T11:20:53.138Z</time>
      </trkpt>
      <trkpt lat="54.334578" lon="10.534592">
        <ele>77.067018</ele>
        <time>2026-07-22T11:21:12.974Z</time>
      </trkpt>
      <trkpt lat="54.334465" lon="10.535238">
        <ele>80.375618</ele>
        <time>2026-07-22T11:21:24.543Z</time>
      </trkpt>
      <trkpt lat="54.334036" lon="10.537377">
        <ele>90.522278</ele>
        <time>2026-07-22T11:22:00.664Z</time>
      </trkpt>
      <trkpt lat="54.333918" lon="10.537843">
        <ele>92.322335</ele>
        <time>2026-07-22T11:22:07.806Z</time>
      </trkpt>
      <trkpt lat="54.333689" lon="10.538497">
        <ele>94.097817</ele>
        <time>2026-07-22T11:22:15.858Z</time>
      </trkpt>
      <trkpt lat="54.333607" lon="10.538744">
        <ele>94.762724</ele>
        <time>2026-07-22T11:22:18.748Z</time>
      </trkpt>
      <trkpt lat="54.333294" lon="10.539648">
        <ele>97.751469</ele>
        <time>2026-07-22T11:22:31.546Z</time>
      </trkpt>
      <trkpt lat="54.333194" lon="10.540064">
        <ele>98.867532</ele>
        <time>2026-07-22T11:22:36.677Z</time>
      </trkpt>
      <trkpt lat="54.333148" lon="10.540637">
        <ele>99.869546</ele>
        <time>2026-07-22T11:22:42.344Z</time>
      </trkpt>
      <trkpt lat="54.333189" lon="10.544662">
        <ele>97.969046</ele>
        <time>2026-07-22T11:22:59.921Z</time>
      </trkpt>
      <trkpt lat="54.333166" lon="10.545244">
        <ele>97.498209</ele>
        <time>2026-07-22T11:23:02.250Z</time>
      </trkpt>
      <trkpt lat="54.333071" lon="10.545665">
        <ele>97.120241</ele>
        <time>2026-07-22T11:23:04.088Z</time>
      </trkpt>
      <trkpt lat="54.332383" lon="10.547882">
        <ele>95.236150</ele>
        <time>2026-07-22T11:23:14.497Z</time>
      </trkpt>
      <trkpt lat="54.331767" lon="10.549208">
        <ele>92.814231</ele>
        <time>2026-07-22T11:23:20.654Z</time>
      </trkpt>
      <trkpt lat="54.333264" lon="10.549868">
        <ele>94.138275</ele>
        <time>2026-07-22T11:23:38.536Z</time>
      </trkpt>
      <trkpt lat="54.334396" lon="10.549732">
        <ele>90.702457</ele>
        <time>2026-07-22T11:23:45.499Z</time>
      </trkpt>
      <trkpt lat="54.334993" lon="10.549709">
        <ele>87.499878</ele>
        <time>2026-07-22T11:23:48.834Z</time>
      </trkpt>
      <trkpt lat="54.335659" lon="10.549825">
        <ele>82.494961</ele>
        <time>2026-07-22T11:23:52.406Z</time>
      </trkpt>
      <trkpt lat="54.336665" lon="10.550136">
        <ele>74.754273</ele>
        <time>2026-07-22T11:23:57.843Z</time>
      </trkpt>
      <trkpt lat="54.337346" lon="10.550398">
        <ele>71.233834</ele>
        <time>2026-07-22T11:24:01.749Z</time>
      </trkpt>
      <trkpt lat="54.338079" lon="10.550929">
        <ele>69.829728</ele>
        <time>2026-07-22T11:24:07.440Z</time>
      </trkpt>
      <trkpt lat="54.338658" lon="10.551338">
        <ele>67.658055</ele>
        <time>2026-07-22T11:24:11.172Z</time>
      </trkpt>
      <trkpt lat="54.338983" lon="10.551516">
        <ele>66.223851</ele>
        <time>2026-07-22T11:24:13.153Z</time>
      </trkpt>
      <trkpt lat="54.339398" lon="10.551742">
        <ele>64.459438</ele>
        <time>2026-07-22T11:24:15.713Z</time>
      </trkpt>
      <trkpt lat="54.340034" lon="10.551753">
        <ele>61.416678</ele>
        <time>2026-07-22T11:24:19.333Z</time>
      </trkpt>
      <trkpt lat="54.340250" lon="10.551721">
        <ele>59.859475</ele>
        <time>2026-07-22T11:24:20.496Z</time>
      </trkpt>
      <trkpt lat="54.340625" lon="10.551742">
        <ele>56.713926</ele>
        <time>2026-07-22T11:24:22.459Z</time>
      </trkpt>
      <trkpt lat="54.340738" lon="10.551806">
        <ele>55.838306</ele>
        <time>2026-07-22T11:24:23.106Z</time>
      </trkpt>
      <trkpt lat="54.340834" lon="10.551927">
        <ele>55.100293</ele>
        <time>2026-07-22T11:24:23.771Z</time>
      </trkpt>
      <trkpt lat="54.340780" lon="10.552013">
        <ele>54.630787</ele>
        <time>2026-07-22T11:24:24.179Z</time>
      </trkpt>
      <trkpt lat="54.340629" lon="10.552486">
        <ele>52.355185</ele>
        <time>2026-07-22T11:24:25.851Z</time>
      </trkpt>
      <trkpt lat="54.340578" lon="10.552810">
        <ele>50.999734</ele>
        <time>2026-07-22T11:24:26.913Z</time>
      </trkpt>
      <trkpt lat="54.340597" lon="10.553169">
        <ele>49.613869</ele>
        <time>2026-07-22T11:24:28.059Z</time>
      </trkpt>
      <trkpt lat="54.340725" lon="10.553601">
        <ele>47.679088</ele>
        <time>2026-07-22T11:24:29.596Z</time>
      </trkpt>
      <trkpt lat="54.341090" lon="10.553877">
        <ele>44.458874</ele>
        <time>2026-07-22T11:24:31.693Z</time>
      </trkpt>
      <trkpt lat="54.341160" lon="10.553991">
        <ele>43.722736</ele>
        <time>2026-07-22T11:24:32.205Z</time>
      </trkpt>
      <trkpt lat="54.341767" lon="10.553891">
        <ele>39.932069</ele>
        <time>2026-07-22T11:24:35.569Z</time>
      </trkpt>
      <trkpt lat="54.341916" lon="10.554025">
        <ele>38.814710</ele>
        <time>2026-07-22T11:24:36.473Z</time>
      </trkpt>
      <trkpt lat="54.342041" lon="10.554254">
        <ele>37.576988</ele>
        <time>2026-07-22T11:24:37.462Z</time>
      </trkpt>
      <trkpt lat="54.342829" lon="10.555678">
        <ele>32.606933</ele>
        <time>2026-07-22T11:24:44.046Z</time>
      </trkpt>
      <trkpt lat="54.343522" lon="10.556029">
        <ele>33.221332</ele>
        <time>2026-07-22T11:24:52.611Z</time>
      </trkpt>
      <trkpt lat="54.343594" lon="10.556149">
        <ele>33.235855</ele>
        <time>2026-07-22T11:24:53.532Z</time>
      </trkpt>
      <trkpt lat="54.343629" lon="10.556225">
        <ele>33.244024</ele>
        <time>2026-07-22T11:24:54.700Z</time>
      </trkpt>
      <trkpt lat="54.343398" lon="10.556588">
        <ele>32.551073</ele>
        <time>2026-07-22T11:24:56.788Z</time>
      </trkpt>
      <trkpt lat="54.343111" lon="10.556973">
        <ele>30.987764</ele>
        <time>2026-07-22T11:24:58.870Z</time>
      </trkpt>
      <trkpt lat="54.342941" lon="10.557201">
        <ele>29.914345</ele>
        <time>2026-07-22T11:25:00.096Z</time>
      </trkpt>
      <trkpt lat="54.342719" lon="10.557432">
        <ele>28.692041</ele>
        <time>2026-07-22T11:25:01.571Z</time>
      </trkpt>
      <trkpt lat="54.342311" lon="10.557779">
        <ele>26.550084</ele>
        <time>2026-07-22T11:25:04.174Z</time>
      </trkpt>
      <trkpt lat="54.342151" lon="10.557961">
        <ele>25.818455</ele>
        <time>2026-07-22T11:25:05.298Z</time>
      </trkpt>
      <trkpt lat="54.342387" lon="10.560972">
        <ele>20.643805</ele>
        <time>2026-07-22T11:25:16.215Z</time>
      </trkpt>
      <trkpt lat="54.342622" lon="10.562263">
        <ele>21.008360</ele>
        <time>2026-07-22T11:25:24.509Z</time>
      </trkpt>
      <trkpt lat="54.342691" lon="10.564572">
        <ele>20.438745</ele>
        <time>2026-07-22T11:25:35.600Z</time>
      </trkpt>
      <trkpt lat="54.342723" lon="10.564788">
        <ele>20.150816</ele>
        <time>2026-07-22T11:25:36.376Z</time>
      </trkpt>
      <trkpt lat="54.342788" lon="10.564953">
        <ele>19.913354</ele>
        <time>2026-07-22T11:25:37.052Z</time>
      </trkpt>
      <trkpt lat="54.343116" lon="10.565430">
        <ele>19.880992</ele>
        <time>2026-07-22T11:25:40.656Z</time>
      </trkpt>
      <trkpt lat="54.343197" lon="10.565640">
        <ele>20.310071</ele>
        <time>2026-07-22T11:25:43.933Z</time>
      </trkpt>
      <trkpt lat="54.343331" lon="10.566121">
        <ele>21.045398</ele>
        <time>2026-07-22T11:25:48.713Z</time>
      </trkpt>
      <trkpt lat="54.343609" lon="10.566704">
        <ele>21.058787</ele>
        <time>2026-07-22T11:25:52.443Z</time>
      </trkpt>
      <trkpt lat="54.343708" lon="10.566860">
        <ele>20.963520</ele>
        <time>2026-07-22T11:25:53.399Z</time>
      </trkpt>
      <trkpt lat="54.343945" lon="10.567060">
        <ele>20.438120</ele>
        <time>2026-07-22T11:25:55.166Z</time>
      </trkpt>
      <trkpt lat="54.344084" lon="10.567074">
        <ele>19.969595</ele>
        <time>2026-07-22T11:25:56.023Z</time>
      </trkpt>
      <trkpt lat="54.344375" lon="10.567004">
        <ele>18.491737</ele>
        <time>2026-07-22T11:25:57.671Z</time>
      </trkpt>
      <trkpt lat="54.344781" lon="10.566715">
        <ele>16.131642</ele>
        <time>2026-07-22T11:26:00.101Z</time>
      </trkpt>
      <trkpt lat="54.345159" lon="10.566311">
        <ele>15.557192</ele>
        <time>2026-07-22T11:26:03.246Z</time>
      </trkpt>
      <trkpt lat="54.345362" lon="10.566171">
        <ele>16.352681</ele>
        <time>2026-07-22T11:26:07.389Z</time>
      </trkpt>
      <trkpt lat="54.345899" lon="10.565940">
        <ele>19.479222</ele>
        <time>2026-07-22T11:26:20.018Z</time>
      </trkpt>
      <trkpt lat="54.346400" lon="10.565797">
        <ele>22.244339</ele>
        <time>2026-07-22T11:26:31.354Z</time>
      </trkpt>
      <trkpt lat="54.347161" lon="10.565577">
        <ele>25.533442</ele>
        <time>2026-07-22T11:26:46.411Z</time>
      </trkpt>
      <trkpt lat="54.347786" lon="10.565240">
        <ele>25.845545</ele>
        <time>2026-07-22T11:26:52.878Z</time>
      </trkpt>
      <trkpt lat="54.349158" lon="10.563704">
        <ele>19.171374</ele>
        <time>2026-07-22T11:27:02.407Z</time>
      </trkpt>
      <trkpt lat="54.349233" lon="10.563633">
        <ele>18.789136</ele>
        <time>2026-07-22T11:27:02.894Z</time>
      </trkpt>
      <trkpt lat="54.349299" lon="10.563637">
        <ele>18.496613</ele>
        <time>2026-07-22T11:27:03.281Z</time>
      </trkpt>
      <trkpt lat="54.349356" lon="10.563737">
        <ele>18.215128</ele>
        <time>2026-07-22T11:27:03.779Z</time>
      </trkpt>
      <trkpt lat="54.350159" lon="10.566557">
        <ele>11.969998</ele>
        <time>2026-07-22T11:27:14.764Z</time>
      </trkpt>
      <trkpt lat="54.350290" lon="10.566876">
        <ele>11.400522</ele>
        <time>2026-07-22T11:27:16.223Z</time>
      </trkpt>
      <trkpt lat="54.351534" lon="10.569064">
        <ele>7.542009</ele>
        <time>2026-07-22T11:27:27.790Z</time>
      </trkpt>
      <trkpt lat="54.351676" lon="10.569610">
        <ele>7.003104</ele>
        <time>2026-07-22T11:27:30.230Z</time>
      </trkpt>
      <trkpt lat="54.351689" lon="10.569723">
        <ele>6.949444</ele>
        <time>2026-07-22T11:27:30.689Z</time>
      </trkpt>
      <trkpt lat="54.351695" lon="10.570052">
        <ele>6.825858</ele>
        <time>2026-07-22T11:27:32.184Z</time>
      </trkpt>
      <trkpt lat="54.351675" lon="10.570302">
        <ele>6.832382</ele>
        <time>2026-07-22T11:27:33.553Z</time>
      </trkpt>
      <trkpt lat="54.351471" lon="10.571346">
        <ele>7.217702</ele>
        <time>2026-07-22T11:27:40.302Z</time>
      </trkpt>
      <trkpt lat="54.351446" lon="10.571701">
        <ele>7.419252</ele>
        <time>2026-07-22T11:27:42.629Z</time>
      </trkpt>
      <trkpt lat="54.351489" lon="10.572223">
        <ele>7.766541</ele>
        <time>2026-07-22T11:27:46.106Z</time>
      </trkpt>
      <trkpt lat="54.351684" lon="10.573436">
        <ele>7.798925</ele>
        <time>2026-07-22T11:27:53.210Z</time>
      </trkpt>
      <trkpt lat="54.351706" lon="10.573838">
        <ele>7.040374</ele>
        <time>2026-07-22T11:27:54.586Z</time>
      </trkpt>
      <trkpt lat="54.351673" lon="10.574181">
        <ele>6.327874</ele>
        <time>2026-07-22T11:27:55.801Z</time>
      </trkpt>
      <trkpt lat="54.351613" lon="10.574476">
        <ele>5.794158</ele>
        <time>2026-07-22T11:27:56.923Z</time>
      </trkpt>
      <trkpt lat="54.351291" lon="10.575490">
        <ele>3.841191</ele>
        <time>2026-07-22T11:28:01.062Z</time>
      </trkpt>
      <trkpt lat="54.351113" lon="10.575768">
        <ele>3.443231</ele>
        <time>2026-07-22T11:28:02.689Z</time>
      </trkpt>
      <trkpt lat="54.350486" lon="10.576393">
        <ele>3.216333</ele>
        <time>2026-07-22T11:28:08.681Z</time>
      </trkpt>
      <trkpt lat="54.350374" lon="10.576599">
        <ele>3.212361</ele>
        <time>2026-07-22T11:28:10.150Z</time>
      </trkpt>
      <trkpt lat="54.350260" lon="10.576964">
        <ele>3.297032</ele>
        <time>2026-07-22T11:28:12.663Z</time>
      </trkpt>
      <trkpt lat="54.350149" lon="10.577454">
        <ele>3.328020</ele>
        <time>2026-07-22T11:28:15.547Z</time>
      </trkpt>
      <trkpt lat="54.350021" lon="10.577705">
        <ele>3.280462</ele>
        <time>2026-07-22T11:28:17.039Z</time>
      </trkpt>
      <trkpt lat="54.349482" lon="10.578250">
        <ele>3.413550</ele>
        <time>2026-07-22T11:28:22.889Z</time>
      </trkpt>
      <trkpt lat="54.349367" lon="10.578417">
        <ele>3.522993</ele>
        <time>2026-07-22T11:28:24.538Z</time>
      </trkpt>
      <trkpt lat="54.348985" lon="10.579116">
        <ele>4.014470</ele>
        <time>2026-07-22T11:28:30.903Z</time>
      </trkpt>
      <trkpt lat="54.348683" lon="10.579503">
        <ele>3.731149</ele>
        <time>2026-07-22T11:28:33.743Z</time>
      </trkpt>
      <trkpt lat="54.348644" lon="10.579620">
        <ele>3.560634</ele>
        <time>2026-07-22T11:28:34.248Z</time>
      </trkpt>
      <trkpt lat="54.348658" lon="10.579719">
        <ele>3.407344</ele>
        <time>2026-07-22T11:28:34.610Z</time>
      </trkpt>
      <trkpt lat="54.348703" lon="10.579824">
        <ele>3.211232</ele>
        <time>2026-07-22T11:28:35.077Z</time>
      </trkpt>
      <trkpt lat="54.348880" lon="10.580024">
        <ele>2.738261</ele>
        <time>2026-07-22T11:28:36.462Z</time>
      </trkpt>
      <trkpt lat="54.349006" lon="10.580088">
        <ele>2.521131</ele>
        <time>2026-07-22T11:28:37.342Z</time>
      </trkpt>
      <trkpt lat="54.349533" lon="10.580212">
        <ele>1.867914</ele>
        <time>2026-07-22T11:28:41.104Z</time>
      </trkpt>
      <trkpt lat="54.350422" lon="10.580718">
        <ele>1.873398</ele>
        <time>2026-07-22T11:28:49.609Z</time>
      </trkpt>
      <trkpt lat="54.350697" lon="10.580969">
        <ele>1.650076</ele>
        <time>2026-07-22T11:28:52.125Z</time>
      </trkpt>
      <trkpt lat="54.351112" lon="10.581579">
        <ele>0.894223</ele>
        <time>2026-07-22T11:28:55.886Z</time>
      </trkpt>
      <trkpt lat="54.351427" lon="10.582112">
        <ele>0.255364</ele>
        <time>2026-07-22T11:28:58.902Z</time>
      </trkpt>
      <trkpt lat="54.351551" lon="10.582391">
        <ele>0.062949</ele>
        <time>2026-07-22T11:29:00.572Z</time>
      </trkpt>
      <trkpt lat="54.351635" lon="10.582794">
        <ele>-0.213286</ele>
        <time>2026-07-22T11:29:02.319Z</time>
      </trkpt>
      <trkpt lat="54.351646" lon="10.582979">
        <ele>-0.292370</ele>
        <time>2026-07-22T11:29:03.431Z</time>
      </trkpt>
      <trkpt lat="54.351634" lon="10.583226">
        <ele>-0.281559</ele>
        <time>2026-07-22T11:29:05.383Z</time>
      </trkpt>
      <trkpt lat="54.351591" lon="10.583497">
        <ele>-0.279158</ele>
        <time>2026-07-22T11:29:07.493Z</time>
      </trkpt>
      <trkpt lat="54.351469" lon="10.583867">
        <ele>-0.325802</ele>
        <time>2026-07-22T11:29:10.215Z</time>
      </trkpt>
      <trkpt lat="54.351480" lon="10.584133">
        <ele>-0.332000</ele>
        <time>2026-07-22T11:29:11.782Z</time>
      </trkpt>
      <trkpt lat="54.351414" lon="10.584371">
        <ele>-0.302842</ele>
        <time>2026-07-22T11:29:13.083Z</time>
      </trkpt>
      <trkpt lat="54.350928" lon="10.586165">
        <ele>-0.367138</ele>
        <time>2026-07-22T11:29:23.265Z</time>
      </trkpt>
      <trkpt lat="54.350824" lon="10.586622">
        <ele>-0.319479</ele>
        <time>2026-07-22T11:29:26.254Z</time>
      </trkpt>
      <trkpt lat="54.350776" lon="10.586963">
        <ele>-0.427791</ele>
        <time>2026-07-22T11:29:27.650Z</time>
      </trkpt>
      <trkpt lat="54.350742" lon="10.587832">
        <ele>-0.678600</ele>
        <time>2026-07-22T11:29:31.743Z</time>
      </trkpt>
      <trkpt lat="54.350694" lon="10.588286">
        <ele>-0.670550</ele>
        <time>2026-07-22T11:29:34.187Z</time>
      </trkpt>
      <trkpt lat="54.350577" lon="10.588755">
        <ele>-0.508005</ele>
        <time>2026-07-22T11:29:37.269Z</time>
      </trkpt>
      <trkpt lat="54.350263" lon="10.589682">
        <ele>-0.217171</ele>
        <time>2026-07-22T11:29:43.654Z</time>
      </trkpt>
      <trkpt lat="54.350168" lon="10.590126">
        <ele>-0.199801</ele>
        <time>2026-07-22T11:29:46.018Z</time>
      </trkpt>
      <trkpt lat="54.350122" lon="10.590578">
        <ele>-0.178123</ele>
        <time>2026-07-22T11:29:48.425Z</time>
      </trkpt>
      <trkpt lat="54.350126" lon="10.591387">
        <ele>-0.025221</ele>
        <time>2026-07-22T11:29:53.027Z</time>
      </trkpt>
      <trkpt lat="54.350188" lon="10.592857">
        <ele>0.094542</ele>
        <time>2026-07-22T11:30:01.056Z</time>
      </trkpt>
      <trkpt lat="54.350237" lon="10.593373">
        <ele>0.100010</ele>
        <time>2026-07-22T11:30:03.746Z</time>
      </trkpt>
      <trkpt lat="54.350299" lon="10.593696">
        <ele>0.117708</ele>
        <time>2026-07-22T11:30:05.413Z</time>
      </trkpt>
      <trkpt lat="54.350477" lon="10.594146">
        <ele>0.273621</ele>
        <time>2026-07-22T11:30:08.628Z</time>
      </trkpt>
      <trkpt lat="54.350531" lon="10.594352">
        <ele>0.714351</ele>
        <time>2026-07-22T11:30:10.499Z</time>
      </trkpt>
      <trkpt lat="54.350751" lon="10.594587">
        <ele>1.795888</ele>
        <time>2026-07-22T11:30:17.066Z</time>
      </trkpt>
      <trkpt lat="54.350841" lon="10.594764">
        <ele>2.183878</ele>
        <time>2026-07-22T11:30:19.662Z</time>
      </trkpt>
      <trkpt lat="54.350906" lon="10.594959">
        <ele>2.242072</ele>
        <time>2026-07-22T11:30:21.132Z</time>
      </trkpt>
      <trkpt lat="54.350947" lon="10.595173">
        <ele>2.204966</ele>
        <time>2026-07-22T11:30:22.538Z</time>
      </trkpt>
      <trkpt lat="54.350966" lon="10.595456">
        <ele>2.110956</ele>
        <time>2026-07-22T11:30:24.398Z</time>
      </trkpt>
      <trkpt lat="54.350912" lon="10.598318">
        <ele>1.479564</ele>
        <time>2026-07-22T11:30:43.409Z</time>
      </trkpt>
      <trkpt lat="54.350985" lon="10.598512">
        <ele>1.404834</ele>
        <time>2026-07-22T11:30:44.435Z</time>
      </trkpt>
      <trkpt lat="54.350997" lon="10.599063">
        <ele>1.212176</ele>
        <time>2026-07-22T11:30:46.919Z</time>
      </trkpt>
      <trkpt lat="54.350951" lon="10.599484">
        <ele>1.104540</ele>
        <time>2026-07-22T11:30:48.966Z</time>
      </trkpt>
      <trkpt lat="54.350827" lon="10.599992">
        <ele>0.997784</ele>
        <time>2026-07-22T11:30:51.619Z</time>
      </trkpt>
      <trkpt lat="54.350653" lon="10.600349">
        <ele>0.899613</ele>
        <time>2026-07-22T11:30:53.873Z</time>
      </trkpt>
      <trkpt lat="54.350444" lon="10.600631">
        <ele>0.795363</ele>
        <time>2026-07-22T11:30:55.917Z</time>
      </trkpt>
      <trkpt lat="54.350254" lon="10.600815">
        <ele>0.581353</ele>
        <time>2026-07-22T11:30:57.752Z</time>
      </trkpt>
      <trkpt lat="54.350110" lon="10.600827">
        <ele>0.360808</ele>
        <time>2026-07-22T11:30:58.657Z</time>
      </trkpt>
      <trkpt lat="54.349917" lon="10.601072">
        <ele>0.054037</ele>
        <time>2026-07-22T11:31:01.044Z</time>
      </trkpt>
      <trkpt lat="54.349775" lon="10.601373">
        <ele>-0.017035</ele>
        <time>2026-07-22T11:31:03.907Z</time>
      </trkpt>
      <trkpt lat="54.349695" lon="10.601777">
        <ele>-0.057183</ele>
        <time>2026-07-22T11:31:06.728Z</time>
      </trkpt>
      <trkpt lat="54.349691" lon="10.602153">
        <ele>-0.023244</ele>
        <time>2026-07-22T11:31:09.461Z</time>
      </trkpt>
      <trkpt lat="54.349757" lon="10.602545">
        <ele>-0.046299</ele>
        <time>2026-07-22T11:31:12.298Z</time>
      </trkpt>
      <trkpt lat="54.349951" lon="10.603246">
        <ele>-0.228544</ele>
        <time>2026-07-22T11:31:17.180Z</time>
      </trkpt>
      <trkpt lat="54.350116" lon="10.603916">
        <ele>0.419252</ele>
        <time>2026-07-22T11:31:24.738Z</time>
      </trkpt>
      <trkpt lat="54.350157" lon="10.604121">
        <ele>0.376159</ele>
        <time>2026-07-22T11:31:25.854Z</time>
      </trkpt>
      <trkpt lat="54.350300" lon="10.604852">
        <ele>0.675293</ele>
        <time>2026-07-22T11:31:32.103Z</time>
      </trkpt>
      <trkpt lat="54.350096" lon="10.604944">
        <ele>1.080108</ele>
        <time>2026-07-22T11:31:35.846Z</time>
      </trkpt>
      <trkpt lat="54.349828" lon="10.604945">
        <ele>1.607240</ele>
        <time>2026-07-22T11:31:40.315Z</time>
      </trkpt>
      <trkpt lat="54.348992" lon="10.604574">
        <ele>3.326540</ele>
        <time>2026-07-22T11:31:55.190Z</time>
      </trkpt>
      <trkpt lat="54.348796" lon="10.604489">
        <ele>3.605611</ele>
        <time>2026-07-22T11:31:57.907Z</time>
      </trkpt>
      <trkpt lat="54.348244" lon="10.604213">
        <ele>4.939109</ele>
        <time>2026-07-22T11:32:08.462Z</time>
      </trkpt>
      <trkpt lat="54.348025" lon="10.604084">
        <ele>5.277226</ele>
        <time>2026-07-22T11:32:11.912Z</time>
      </trkpt>
      <trkpt lat="54.347679" lon="10.603877">
        <ele>5.597339</ele>
        <time>2026-07-22T11:32:17.134Z</time>
      </trkpt>
      <trkpt lat="54.347420" lon="10.603763">
        <ele>5.759969</ele>
        <time>2026-07-22T11:32:20.745Z</time>
      </trkpt>
      <trkpt lat="54.347168" lon="10.603715">
        <ele>5.644895</ele>
        <time>2026-07-22T11:32:23.615Z</time>
      </trkpt>
      <trkpt lat="54.346636" lon="10.603657">
        <ele>4.823243</ele>
        <time>2026-07-22T11:32:28.867Z</time>
      </trkpt>
      <trkpt lat="54.346359" lon="10.603667">
        <ele>4.158196</ele>
        <time>2026-07-22T11:32:31.373Z</time>
      </trkpt>
      <trkpt lat="54.345983" lon="10.603822">
        <ele>3.578178</ele>
        <time>2026-07-22T11:32:35.185Z</time>
      </trkpt>
      <trkpt lat="54.345375" lon="10.604122">
        <ele>3.420753</ele>
        <time>2026-07-22T11:32:42.629Z</time>
      </trkpt>
      <trkpt lat="54.345007" lon="10.604466">
        <ele>3.466156</ele>
        <time>2026-07-22T11:32:47.784Z</time>
      </trkpt>
      <trkpt lat="54.344837" lon="10.604585">
        <ele>3.404890</ele>
        <time>2026-07-22T11:32:49.893Z</time>
      </trkpt>
      <trkpt lat="54.344577" lon="10.604621">
        <ele>3.318273</ele>
        <time>2026-07-22T11:32:52.794Z</time>
      </trkpt>
      <trkpt lat="54.344517" lon="10.604698">
        <ele>3.315203</ele>
        <time>2026-07-22T11:32:53.441Z</time>
      </trkpt>
      <trkpt lat="54.342490" lon="10.604279">
        <ele>3.532227</ele>
        <time>2026-07-22T11:33:12.207Z</time>
      </trkpt>
      <trkpt lat="54.342368" lon="10.604255">
        <ele>3.565285</ele>
        <time>2026-07-22T11:33:13.447Z</time>
      </trkpt>
      <trkpt lat="54.342423" lon="10.604527">
        <ele>3.576527</ele>
        <time>2026-07-22T11:33:14.950Z</time>
      </trkpt>
      <trkpt lat="54.342423" lon="10.604860">
        <ele>3.517255</ele>
        <time>2026-07-22T11:33:16.575Z</time>
      </trkpt>
      <trkpt lat="54.342017" lon="10.606329">
        <ele>3.403272</ele>
        <time>2026-07-22T11:33:24.780Z</time>
      </trkpt>
      <trkpt lat="54.341932" lon="10.606749">
        <ele>3.400000</ele>
        <time>2026-07-22T11:33:27.055Z</time>
      </trkpt>
      <trkpt lat="54.341891" lon="10.607222">
        <ele>3.400000</ele>
        <time>2026-07-22T11:33:29.569Z</time>
      </trkpt>
      <trkpt lat="54.341877" lon="10.607751">
        <ele>3.411578</ele>
        <time>2026-07-22T11:33:32.272Z</time>
      </trkpt>
      <trkpt lat="54.341785" lon="10.609182">
        <ele>3.535538</ele>
        <time>2026-07-22T11:33:40.264Z</time>
      </trkpt>
      <trkpt lat="54.341699" lon="10.609919">
        <ele>3.110383</ele>
        <time>2026-07-22T11:33:43.493Z</time>
      </trkpt>
      <trkpt lat="54.341462" lon="10.610890">
        <ele>1.933268</ele>
        <time>2026-07-22T11:33:47.465Z</time>
      </trkpt>
      <trkpt lat="54.340875" lon="10.612888">
        <ele>0.145323</ele>
        <time>2026-07-22T11:33:56.600Z</time>
      </trkpt>
      <trkpt lat="54.340783" lon="10.613358">
        <ele>0.100000</ele>
        <time>2026-07-22T11:33:59.124Z</time>
      </trkpt>
      <trkpt lat="54.340725" lon="10.613838">
        <ele>0.121362</ele>
        <time>2026-07-22T11:34:01.764Z</time>
      </trkpt>
      <trkpt lat="54.340681" lon="10.614283">
        <ele>0.208949</ele>
        <time>2026-07-22T11:34:04.257Z</time>
      </trkpt>
      <trkpt lat="54.340704" lon="10.617387">
        <ele>1.118091</ele>
        <time>2026-07-22T11:34:22.778Z</time>
      </trkpt>
      <trkpt lat="54.340580" lon="10.618130">
        <ele>0.737727</ele>
        <time>2026-07-22T11:34:26.070Z</time>
      </trkpt>
      <trkpt lat="54.340454" lon="10.618585">
        <ele>0.610430</ele>
        <time>2026-07-22T11:34:28.449Z</time>
      </trkpt>
      <trkpt lat="54.340275" lon="10.619018">
        <ele>0.634534</ele>
        <time>2026-07-22T11:34:31.151Z</time>
      </trkpt>
      <trkpt lat="54.339623" lon="10.620227">
        <ele>0.933269</ele>
        <time>2026-07-22T11:34:40.845Z</time>
      </trkpt>
      <trkpt lat="54.339334" lon="10.620832">
        <ele>0.609149</ele>
        <time>2026-07-22T11:34:44.180Z</time>
      </trkpt>
      <trkpt lat="54.339129" lon="10.621484">
        <ele>0.321266</ele>
        <time>2026-07-22T11:34:47.557Z</time>
      </trkpt>
      <trkpt lat="54.339009" lon="10.622019">
        <ele>0.186265</ele>
        <time>2026-07-22T11:34:50.243Z</time>
      </trkpt>
      <trkpt lat="54.338453" lon="10.626836">
        <ele>-1.637902</ele>
        <time>2026-07-22T11:35:12.468Z</time>
      </trkpt>
      <trkpt lat="54.338378" lon="10.627707">
        <ele>-2.369124</ele>
        <time>2026-07-22T11:35:16.012Z</time>
      </trkpt>
      <trkpt lat="54.338385" lon="10.628610">
        <ele>-2.719253</ele>
        <time>2026-07-22T11:35:19.979Z</time>
      </trkpt>
      <trkpt lat="54.338508" lon="10.632700">
        <ele>-2.702681</ele>
        <time>2026-07-22T11:35:41.652Z</time>
      </trkpt>
      <trkpt lat="54.338533" lon="10.633018">
        <ele>-2.712422</ele>
        <time>2026-07-22T11:35:43.192Z</time>
      </trkpt>
      <trkpt lat="54.338615" lon="10.633481">
        <ele>-2.779200</ele>
        <time>2026-07-22T11:35:45.527Z</time>
      </trkpt>
      <trkpt lat="54.339243" lon="10.636092">
        <ele>-2.681191</ele>
        <time>2026-07-22T11:36:00.466Z</time>
      </trkpt>
      <trkpt lat="54.339355" lon="10.636481">
        <ele>-2.569726</ele>
        <time>2026-07-22T11:36:03.057Z</time>
      </trkpt>
      <trkpt lat="54.339624" lon="10.637248">
        <ele>-2.131274</ele>
        <time>2026-07-22T11:36:08.699Z</time>
      </trkpt>
      <trkpt lat="54.339693" lon="10.637570">
        <ele>-2.120466</ele>
        <time>2026-07-22T11:36:10.494Z</time>
      </trkpt>
      <trkpt lat="54.339912" lon="10.638321">
        <ele>-2.321022</ele>
        <time>2026-07-22T11:36:14.499Z</time>
      </trkpt>
      <trkpt lat="54.340037" lon="10.639050">
        <ele>-2.790780</ele>
        <time>2026-07-22T11:36:17.677Z</time>
      </trkpt>
      <trkpt lat="54.340069" lon="10.639678">
        <ele>-2.987139</ele>
        <time>2026-07-22T11:36:20.534Z</time>
      </trkpt>
      <trkpt lat="54.340055" lon="10.640217">
        <ele>-2.698306</ele>
        <time>2026-07-22T11:36:24.089Z</time>
      </trkpt>
      <trkpt lat="54.339979" lon="10.640849">
        <ele>-2.217763</ele>
        <time>2026-07-22T11:36:28.794Z</time>
      </trkpt>
      <trkpt lat="54.339866" lon="10.641337">
        <ele>-1.907305</ele>
        <time>2026-07-22T11:36:32.242Z</time>
      </trkpt>
      <trkpt lat="54.339659" lon="10.641919">
        <ele>-1.632209</ele>
        <time>2026-07-22T11:36:36.400Z</time>
      </trkpt>
      <trkpt lat="54.339459" lon="10.642334">
        <ele>-1.617974</ele>
        <time>2026-07-22T11:36:39.114Z</time>
      </trkpt>
      <trkpt lat="54.339276" lon="10.642617">
        <ele>-1.679316</ele>
        <time>2026-07-22T11:36:41.220Z</time>
      </trkpt>
      <trkpt lat="54.338990" lon="10.642989">
        <ele>-1.678205</ele>
        <time>2026-07-22T11:36:44.476Z</time>
      </trkpt>
      <trkpt lat="54.338427" lon="10.643569">
        <ele>-1.367866</ele>
        <time>2026-07-22T11:36:51.077Z</time>
      </trkpt>
      <trkpt lat="54.338436" lon="10.643692">
        <ele>-1.355745</ele>
        <time>2026-07-22T11:36:51.689Z</time>
      </trkpt>
      <trkpt lat="54.338447" lon="10.643725">
        <ele>-1.353976</ele>
        <time>2026-07-22T11:36:51.877Z</time>
      </trkpt>
      <trkpt lat="54.338458" lon="10.643758">
        <ele>-1.352206</ele>
        <time>2026-07-22T11:36:52.067Z</time>
      </trkpt>
      <trkpt lat="54.338456" lon="10.643819">
        <ele>-1.349361</ele>
        <time>2026-07-22T11:36:52.383Z</time>
      </trkpt>
      <trkpt lat="54.338299" lon="10.643959">
        <ele>-1.343294</ele>
        <time>2026-07-22T11:36:54.153Z</time>
      </trkpt>
      <trkpt lat="54.337540" lon="10.644721">
        <ele>-1.403582</ele>
        <time>2026-07-22T11:37:01.766Z</time>
      </trkpt>
      <trkpt lat="54.337062" lon="10.645047">
        <ele>-1.501579</ele>
        <time>2026-07-22T11:37:06.001Z</time>
      </trkpt>
      <trkpt lat="54.336599" lon="10.645173">
        <ele>-1.618131</ele>
        <time>2026-07-22T11:37:09.988Z</time>
      </trkpt>
      <trkpt lat="54.336045" lon="10.645170">
        <ele>-1.859233</ele>
        <time>2026-07-22T11:37:14.379Z</time>
      </trkpt>
      <trkpt lat="54.336020" lon="10.645169">
        <ele>-1.834242</ele>
        <time>2026-07-22T11:37:14.595Z</time>
      </trkpt>
      <trkpt lat="54.335920" lon="10.645164">
        <ele>-1.734265</ele>
        <time>2026-07-22T11:37:16.009Z</time>
      </trkpt>
      <trkpt lat="54.335894" lon="10.645164">
        <ele>-1.708282</ele>
        <time>2026-07-22T11:37:16.346Z</time>
      </trkpt>
      <trkpt lat="54.335496" lon="10.645185">
        <ele>-0.997861</ele>
        <time>2026-07-22T11:37:21.931Z</time>
      </trkpt>
      <trkpt lat="54.335313" lon="10.645246">
        <ele>-0.852018</ele>
        <time>2026-07-22T11:37:24.009Z</time>
      </trkpt>
      <trkpt lat="54.335280" lon="10.645259">
        <ele>-0.857795</ele>
        <time>2026-07-22T11:37:24.317Z</time>
      </trkpt>
      <trkpt lat="54.334737" lon="10.645662">
        <ele>-1.015005</ele>
        <time>2026-07-22T11:37:29.100Z</time>
      </trkpt>
      <trkpt lat="54.334487" lon="10.645794">
        <ele>-1.164653</ele>
        <time>2026-07-22T11:37:31.066Z</time>
      </trkpt>
      <trkpt lat="54.333810" lon="10.646235">
        <ele>-1.276664</ele>
        <time>2026-07-22T11:37:37.299Z</time>
      </trkpt>
      <trkpt lat="54.333064" lon="10.646897">
        <ele>-1.201790</ele>
        <time>2026-07-22T11:37:45.094Z</time>
      </trkpt>
      <trkpt lat="54.332106" lon="10.648017">
        <ele>-1.123098</ele>
        <time>2026-07-22T11:37:55.486Z</time>
      </trkpt>
      <trkpt lat="54.331411" lon="10.649005">
        <ele>-1.299734</ele>
        <time>2026-07-22T11:38:03.261Z</time>
      </trkpt>
      <trkpt lat="54.330731" lon="10.650060">
        <ele>-1.488987</ele>
        <time>2026-07-22T11:38:10.836Z</time>
      </trkpt>
      <trkpt lat="54.330025" lon="10.651288">
        <ele>-1.575525</ele>
        <time>2026-07-22T11:38:19.644Z</time>
      </trkpt>
      <trkpt lat="54.328491" lon="10.654344">
        <ele>-0.114405</ele>
        <time>2026-07-22T11:38:44.090Z</time>
      </trkpt>
      <trkpt lat="54.327767" lon="10.655727">
        <ele>0.404263</ele>
        <time>2026-07-22T11:38:55.020Z</time>
      </trkpt>
      <trkpt lat="54.326988" lon="10.657090">
        <ele>0.974458</ele>
        <time>2026-07-22T11:39:06.304Z</time>
      </trkpt>
      <trkpt lat="54.326263" lon="10.658193">
        <ele>1.165858</ele>
        <time>2026-07-22T11:39:14.999Z</time>
      </trkpt>
      <trkpt lat="54.325101" lon="10.659636">
        <ele>3.430099</ele>
        <time>2026-07-22T11:39:33.415Z</time>
      </trkpt>
      <trkpt lat="54.324814" lon="10.660036">
        <ele>4.183211</ele>
        <time>2026-07-22T11:39:38.893Z</time>
      </trkpt>
      <trkpt lat="54.324604" lon="10.660357">
        <ele>4.344177</ele>
        <time>2026-07-22T11:39:41.729Z</time>
      </trkpt>
      <trkpt lat="54.324457" lon="10.660683">
        <ele>4.108452</ele>
        <time>2026-07-22T11:39:43.559Z</time>
      </trkpt>
      <trkpt lat="54.324224" lon="10.661320">
        <ele>3.284634</ele>
        <time>2026-07-22T11:39:46.243Z</time>
      </trkpt>
      <trkpt lat="54.324182" lon="10.661594">
        <ele>4.084091</ele>
        <time>2026-07-22T11:39:49.903Z</time>
      </trkpt>
      <trkpt lat="54.324090" lon="10.661900">
        <ele>5.243338</ele>
        <time>2026-07-22T11:39:56.617Z</time>
      </trkpt>
      <trkpt lat="54.323985" lon="10.661887">
        <ele>5.657441</ele>
        <time>2026-07-22T11:39:58.155Z</time>
      </trkpt>
      <trkpt lat="54.323914" lon="10.661751">
        <ele>5.861504</ele>
        <time>2026-07-22T11:39:59.079Z</time>
      </trkpt>
      <trkpt lat="54.323818" lon="10.661805">
        <ele>5.979798</ele>
        <time>2026-07-22T11:40:00.222Z</time>
      </trkpt>
      <trkpt lat="54.322728" lon="10.661817">
        <ele>12.055369</ele>
        <time>2026-07-22T11:40:26.034Z</time>
      </trkpt>
      <trkpt lat="54.322439" lon="10.661828">
        <ele>12.308333</ele>
        <time>2026-07-22T11:40:28.400Z</time>
      </trkpt>
      <trkpt lat="54.321013" lon="10.661952">
        <ele>12.225649</ele>
        <time>2026-07-22T11:40:40.971Z</time>
      </trkpt>
      <trkpt lat="54.320978" lon="10.661957">
        <ele>12.237203</ele>
        <time>2026-07-22T11:40:41.250Z</time>
      </trkpt>
      <trkpt lat="54.320966" lon="10.660650">
        <ele>12.466660</ele>
        <time>2026-07-22T11:40:48.764Z</time>
      </trkpt>
      <trkpt lat="54.321000" lon="10.658497">
        <ele>11.991546</ele>
        <time>2026-07-22T11:40:58.938Z</time>
      </trkpt>
      <trkpt lat="54.320961" lon="10.657879">
        <ele>11.858111</ele>
        <time>2026-07-22T11:41:01.737Z</time>
      </trkpt>
      <trkpt lat="54.320937" lon="10.657742">
        <ele>11.994559</ele>
        <time>2026-07-22T11:41:02.695Z</time>
      </trkpt>
      <trkpt lat="54.320890" lon="10.657590">
        <ele>12.158663</ele>
        <time>2026-07-22T11:41:04.144Z</time>
      </trkpt>
      <trkpt lat="54.320468" lon="10.656754">
        <ele>13.853589</ele>
        <time>2026-07-22T11:41:14.423Z</time>
      </trkpt>
      <trkpt lat="54.320349" lon="10.656407">
        <ele>13.878357</ele>
        <time>2026-07-22T11:41:16.607Z</time>
      </trkpt>
      <trkpt lat="54.320390" lon="10.656364">
        <ele>13.848192</ele>
        <time>2026-07-22T11:41:17.516Z</time>
      </trkpt>
      <trkpt lat="54.320117" lon="10.655419">
        <ele>12.113050</ele>
        <time>2026-07-22T11:41:21.306Z</time>
      </trkpt>
      <trkpt lat="54.320093" lon="10.655302">
        <ele>11.909277</ele>
        <time>2026-07-22T11:41:21.755Z</time>
      </trkpt>
      <trkpt lat="54.319946" lon="10.654586">
        <ele>10.837070</ele>
        <time>2026-07-22T11:41:24.550Z</time>
      </trkpt>
      <trkpt lat="54.319801" lon="10.653902">
        <ele>10.353238</ele>
        <time>2026-07-22T11:41:27.607Z</time>
      </trkpt>
      <trkpt lat="54.319450" lon="10.652583">
        <ele>10.546242</ele>
        <time>2026-07-22T11:41:35.728Z</time>
      </trkpt>
      <trkpt lat="54.319286" lon="10.652708">
        <ele>10.645516</ele>
        <time>2026-07-22T11:41:37.697Z</time>
      </trkpt>
      <trkpt lat="54.319336" lon="10.652891">
        <ele>10.710546</ele>
        <time>2026-07-22T11:41:38.827Z</time>
      </trkpt>
      <trkpt lat="54.319375" lon="10.652925">
        <ele>10.756182</ele>
        <time>2026-07-22T11:41:39.277Z</time>
      </trkpt>
      <trkpt lat="54.319295" lon="10.652989">
        <ele>10.856639</ele>
        <time>2026-07-22T11:41:40.305Z</time>
      </trkpt>
      <trkpt lat="54.319207" lon="10.652978">
        <ele>10.957042</ele>
        <time>2026-07-22T11:41:41.411Z</time>
      </trkpt>
      <trkpt lat="54.319053" lon="10.653066">
        <ele>11.027584</ele>
        <time>2026-07-22T11:41:43.116Z</time>
      </trkpt>
      <trkpt lat="54.316897" lon="10.654808">
        <ele>9.754160</ele>
        <time>2026-07-22T11:42:01.961Z</time>
      </trkpt>
      <trkpt lat="54.316830" lon="10.654827">
        <ele>9.672147</ele>
        <time>2026-07-22T11:42:02.437Z</time>
      </trkpt>
      <trkpt lat="54.316472" lon="10.655342">
        <ele>8.863596</ele>
        <time>2026-07-22T11:42:05.610Z</time>
      </trkpt>
      <trkpt lat="54.316287" lon="10.655547">
        <ele>8.120821</ele>
        <time>2026-07-22T11:42:06.916Z</time>
      </trkpt>
      <trkpt lat="54.315631" lon="10.655884">
        <ele>5.697846</ele>
        <time>2026-07-22T11:42:10.991Z</time>
      </trkpt>
      <trkpt lat="54.314248" lon="10.657052">
        <ele>3.067313</ele>
        <time>2026-07-22T11:42:21.354Z</time>
      </trkpt>
      <trkpt lat="54.313851" lon="10.657185">
        <ele>3.293944</ele>
        <time>2026-07-22T11:42:26.060Z</time>
      </trkpt>
      <trkpt lat="54.313488" lon="10.657345">
        <ele>3.056856</ele>
        <time>2026-07-22T11:42:28.875Z</time>
      </trkpt>
      <trkpt lat="54.313016" lon="10.657354">
        <ele>1.981495</ele>
        <time>2026-07-22T11:42:31.921Z</time>
      </trkpt>
      <trkpt lat="54.312312" lon="10.657177">
        <ele>0.068484</ele>
        <time>2026-07-22T11:42:36.367Z</time>
      </trkpt>
      <trkpt lat="54.312036" lon="10.657044">
        <ele>-0.364644</ele>
        <time>2026-07-22T11:42:38.300Z</time>
      </trkpt>
      <trkpt lat="54.311144" lon="10.656100">
        <ele>-1.162412</ele>
        <time>2026-07-22T11:42:46.373Z</time>
      </trkpt>
      <trkpt lat="54.309927" lon="10.654369">
        <ele>-1.296596</ele>
        <time>2026-07-22T11:43:00.042Z</time>
      </trkpt>
      <trkpt lat="54.309466" lon="10.653799">
        <ele>-1.242889</ele>
        <time>2026-07-22T11:43:05.308Z</time>
      </trkpt>
      <trkpt lat="54.308839" lon="10.653152">
        <ele>-0.384292</ele>
        <time>2026-07-22T11:43:13.802Z</time>
      </trkpt>
      <trkpt lat="54.308582" lon="10.652943">
        <ele>0.078912</ele>
        <time>2026-07-22T11:43:17.644Z</time>
      </trkpt>
      <trkpt lat="54.307985" lon="10.652541">
        <ele>0.886672</ele>
        <time>2026-07-22T11:43:25.551Z</time>
      </trkpt>
      <trkpt lat="54.307444" lon="10.652304">
        <ele>0.233767</ele>
        <time>2026-07-22T11:43:29.493Z</time>
      </trkpt>
      <trkpt lat="54.307006" lon="10.652189">
        <ele>-0.574912</ele>
        <time>2026-07-22T11:43:32.317Z</time>
      </trkpt>
      <trkpt lat="54.307006" lon="10.652068">
        <ele>-0.630974</ele>
        <time>2026-07-22T11:43:33.246Z</time>
      </trkpt>
      <trkpt lat="54.306198" lon="10.651992">
        <ele>-0.600000</ele>
        <time>2026-07-22T11:43:40.529Z</time>
      </trkpt>
      <trkpt lat="54.305646" lon="10.652043">
        <ele>-0.587783</ele>
        <time>2026-07-22T11:43:45.427Z</time>
      </trkpt>
      <trkpt lat="54.304894" lon="10.652260">
        <ele>-0.351837</ele>
        <time>2026-07-22T11:43:53.027Z</time>
      </trkpt>
      <trkpt lat="54.304378" lon="10.652526">
        <ele>-0.506633</ele>
        <time>2026-07-22T11:43:57.390Z</time>
      </trkpt>
      <trkpt lat="54.303835" lon="10.652905">
        <ele>-0.787905</ele>
        <time>2026-07-22T11:44:02.080Z</time>
      </trkpt>
      <trkpt lat="54.303295" lon="10.653344">
        <ele>-0.989947</ele>
        <time>2026-07-22T11:44:06.985Z</time>
      </trkpt>
      <trkpt lat="54.302816" lon="10.653906">
        <ele>-1.009345</ele>
        <time>2026-07-22T11:44:11.982Z</time>
      </trkpt>
      <trkpt lat="54.302356" lon="10.654523">
        <ele>-1.114604</ele>
        <time>2026-07-22T11:44:16.991Z</time>
      </trkpt>
      <trkpt lat="54.301550" lon="10.655830">
        <ele>-1.560473</ele>
        <time>2026-07-22T11:44:25.884Z</time>
      </trkpt>
      <trkpt lat="54.300444" lon="10.657776">
        <ele>-0.899631</ele>
        <time>2026-07-22T11:44:41.775Z</time>
      </trkpt>
      <trkpt lat="54.300289" lon="10.658051">
        <ele>-0.798041</ele>
        <time>2026-07-22T11:44:44.024Z</time>
      </trkpt>
      <trkpt lat="54.299166" lon="10.660565">
        <ele>0.068714</ele>
        <time>2026-07-22T11:45:02.608Z</time>
      </trkpt>
      <trkpt lat="54.298663" lon="10.662013">
        <ele>0.201058</ele>
        <time>2026-07-22T11:45:11.448Z</time>
      </trkpt>
      <trkpt lat="54.298317" lon="10.663254">
        <ele>0.200148</ele>
        <time>2026-07-22T11:45:18.838Z</time>
      </trkpt>
      <trkpt lat="54.298014" lon="10.664467">
        <ele>-0.587713</ele>
        <time>2026-07-22T11:45:24.314Z</time>
      </trkpt>
      <trkpt lat="54.297798" lon="10.665479">
        <ele>0.168140</ele>
        <time>2026-07-22T11:45:31.564Z</time>
      </trkpt>
      <trkpt lat="54.297165" lon="10.669219">
        <ele>9.463383</ele>
        <time>2026-07-22T11:46:14.491Z</time>
      </trkpt>
      <trkpt lat="54.297223" lon="10.669253">
        <ele>9.742809</ele>
        <time>2026-07-22T11:46:15.897Z</time>
      </trkpt>
      <trkpt lat="54.297191" lon="10.669448">
        <ele>10.323683</ele>
        <time>2026-07-22T11:46:18.522Z</time>
      </trkpt>
      <trkpt lat="54.297205" lon="10.669759">
        <ele>11.100626</ele>
        <time>2026-07-22T11:46:22.225Z</time>
      </trkpt>
      <trkpt lat="54.296833" lon="10.672072">
        <ele>15.219540</ele>
        <time>2026-07-22T11:46:44.102Z</time>
      </trkpt>
      <trkpt lat="54.296093" lon="10.676381">
        <ele>23.620321</ele>
        <time>2026-07-22T11:47:27.631Z</time>
      </trkpt>
      <trkpt lat="54.295821" lon="10.677249">
        <ele>25.665672</ele>
        <time>2026-07-22T11:47:37.785Z</time>
      </trkpt>
      <trkpt lat="54.295476" lon="10.677887">
        <ele>27.180189</ele>
        <time>2026-07-22T11:47:45.868Z</time>
      </trkpt>
      <trkpt lat="54.295156" lon="10.678276">
        <ele>28.089119</ele>
        <time>2026-07-22T11:47:51.566Z</time>
      </trkpt>
      <trkpt lat="54.294800" lon="10.678532">
        <ele>28.806190</ele>
        <time>2026-07-22T11:47:56.993Z</time>
      </trkpt>
      <trkpt lat="54.294716" lon="10.678593">
        <ele>28.909129</ele>
        <time>2026-07-22T11:47:58.058Z</time>
      </trkpt>
      <trkpt lat="54.294930" lon="10.679150">
        <ele>28.734542</ele>
        <time>2026-07-22T11:48:00.953Z</time>
      </trkpt>
      <trkpt lat="54.295174" lon="10.680249">
        <ele>28.619792</ele>
        <time>2026-07-22T11:48:06.884Z</time>
      </trkpt>
      <trkpt lat="54.295263" lon="10.681001">
        <ele>28.722509</ele>
        <time>2026-07-22T11:48:11.034Z</time>
      </trkpt>
      <trkpt lat="54.295486" lon="10.684457">
        <ele>29.911189</ele>
        <time>2026-07-22T11:48:32.339Z</time>
      </trkpt>
      <trkpt lat="54.295515" lon="10.685116">
        <ele>29.441831</ele>
        <time>2026-07-22T11:48:35.115Z</time>
      </trkpt>
      <trkpt lat="54.295551" lon="10.686565">
        <ele>26.982418</ele>
        <time>2026-07-22T11:48:40.285Z</time>
      </trkpt>
      <trkpt lat="54.295675" lon="10.687000">
        <ele>26.697072</ele>
        <time>2026-07-22T11:48:42.333Z</time>
      </trkpt>
      <trkpt lat="54.295842" lon="10.687370">
        <ele>26.779760</ele>
        <time>2026-07-22T11:48:45.093Z</time>
      </trkpt>
      <trkpt lat="54.296055" lon="10.687670">
        <ele>27.043254</ele>
        <time>2026-07-22T11:48:47.933Z</time>
      </trkpt>
      <trkpt lat="54.296281" lon="10.687809">
        <ele>27.708484</ele>
        <time>2026-07-22T11:48:52.150Z</time>
      </trkpt>
      <trkpt lat="54.296334" lon="10.687813">
        <ele>27.762729</ele>
        <time>2026-07-22T11:48:52.932Z</time>
      </trkpt>
      <trkpt lat="54.296391" lon="10.687737">
        <ele>27.710230</ele>
        <time>2026-07-22T11:48:53.638Z</time>
      </trkpt>
      <trkpt lat="54.296542" lon="10.688450">
        <ele>27.005583</ele>
        <time>2026-07-22T11:48:56.486Z</time>
      </trkpt>
      <trkpt lat="54.296552" lon="10.688500">
        <ele>26.969997</ele>
        <time>2026-07-22T11:48:56.748Z</time>
      </trkpt>
      <trkpt lat="54.296580" lon="10.688610">
        <ele>26.889198</ele>
        <time>2026-07-22T11:48:57.383Z</time>
      </trkpt>
      <trkpt lat="54.296624" lon="10.688942">
        <ele>26.578183</ele>
        <time>2026-07-22T11:48:58.778Z</time>
      </trkpt>
      <trkpt lat="54.296629" lon="10.689383">
        <ele>25.800688</ele>
        <time>2026-07-22T11:49:00.327Z</time>
      </trkpt>
      <trkpt lat="54.296631" lon="10.689485">
        <ele>25.597743</ele>
        <time>2026-07-22T11:49:00.680Z</time>
      </trkpt>
      <trkpt lat="54.296628" lon="10.689868">
        <ele>24.901736</ele>
        <time>2026-07-22T11:49:02.031Z</time>
      </trkpt>
      <trkpt lat="54.296634" lon="10.691390">
        <ele>23.649767</ele>
        <time>2026-07-22T11:49:08.286Z</time>
      </trkpt>
      <trkpt lat="54.296617" lon="10.692259">
        <ele>23.677327</ele>
        <time>2026-07-22T11:49:12.607Z</time>
      </trkpt>
      <trkpt lat="54.296584" lon="10.692615">
        <ele>23.941155</ele>
        <time>2026-07-22T11:49:15.366Z</time>
      </trkpt>
      <trkpt lat="54.296542" lon="10.692994">
        <ele>24.445658</ele>
        <time>2026-07-22T11:49:18.461Z</time>
      </trkpt>
      <trkpt lat="54.296510" lon="10.693594">
        <ele>25.527982</ele>
        <time>2026-07-22T11:49:24.390Z</time>
      </trkpt>
      <trkpt lat="54.296468" lon="10.693755">
        <ele>25.871383</ele>
        <time>2026-07-22T11:49:26.128Z</time>
      </trkpt>
      <trkpt lat="54.296077" lon="10.694484">
        <ele>27.789117</ele>
        <time>2026-07-22T11:49:35.955Z</time>
      </trkpt>
      <trkpt lat="54.295890" lon="10.695280">
        <ele>29.239948</ele>
        <time>2026-07-22T11:49:43.885Z</time>
      </trkpt>
      <trkpt lat="54.295417" lon="10.697091">
        <ele>31.055642</ele>
        <time>2026-07-22T11:49:58.527Z</time>
      </trkpt>
      <trkpt lat="54.295352" lon="10.697614">
        <ele>31.278858</ele>
        <time>2026-07-22T11:50:01.846Z</time>
      </trkpt>
      <trkpt lat="54.295354" lon="10.698333">
        <ele>31.406226</ele>
        <time>2026-07-22T11:50:05.883Z</time>
      </trkpt>
      <trkpt lat="54.295662" lon="10.699707">
        <ele>31.654212</ele>
        <time>2026-07-22T11:50:14.013Z</time>
      </trkpt>
      <trkpt lat="54.295750" lon="10.699976">
        <ele>31.613997</ele>
        <time>2026-07-22T11:50:15.579Z</time>
      </trkpt>
      <trkpt lat="54.296033" lon="10.700658">
        <ele>31.511441</ele>
        <time>2026-07-22T11:50:19.685Z</time>
      </trkpt>
      <trkpt lat="54.296119" lon="10.701030">
        <ele>31.598516</ele>
        <time>2026-07-22T11:50:21.689Z</time>
      </trkpt>
      <trkpt lat="54.296535" lon="10.703481">
        <ele>33.409001</ele>
        <time>2026-07-22T11:50:39.499Z</time>
      </trkpt>
      <trkpt lat="54.296659" lon="10.704097">
        <ele>33.977628</ele>
        <time>2026-07-22T11:50:44.331Z</time>
      </trkpt>
      <trkpt lat="54.296940" lon="10.705192">
        <ele>34.747638</ele>
        <time>2026-07-22T11:50:52.467Z</time>
      </trkpt>
      <trkpt lat="54.297427" lon="10.706567">
        <ele>34.790121</ele>
        <time>2026-07-22T11:51:00.860Z</time>
      </trkpt>
      <trkpt lat="54.297541" lon="10.707090">
        <ele>34.667757</ele>
        <time>2026-07-22T11:51:03.453Z</time>
      </trkpt>
      <trkpt lat="54.297751" lon="10.708482">
        <ele>34.095354</ele>
        <time>2026-07-22T11:51:09.991Z</time>
      </trkpt>
      <trkpt lat="54.297806" lon="10.708888">
        <ele>33.888341</ele>
        <time>2026-07-22T11:51:11.764Z</time>
      </trkpt>
      <trkpt lat="54.297798" lon="10.709172">
        <ele>33.723858</ele>
        <time>2026-07-22T11:51:12.951Z</time>
      </trkpt>
      <trkpt lat="54.297747" lon="10.709561">
        <ele>33.633614</ele>
        <time>2026-07-22T11:51:14.924Z</time>
      </trkpt>
      <trkpt lat="54.297417" lon="10.711143">
        <ele>34.315018</ele>
        <time>2026-07-22T11:51:25.277Z</time>
      </trkpt>
      <trkpt lat="54.297316" lon="10.711445">
        <ele>34.513088</ele>
        <time>2026-07-22T11:51:27.591Z</time>
      </trkpt>
      <trkpt lat="54.297175" lon="10.711759">
        <ele>34.719590</ele>
        <time>2026-07-22T11:51:30.258Z</time>
      </trkpt>
      <trkpt lat="54.296673" lon="10.712674">
        <ele>34.745209</ele>
        <time>2026-07-22T11:51:36.779Z</time>
      </trkpt>
      <trkpt lat="54.296490" lon="10.713095">
        <ele>34.473312</ele>
        <time>2026-07-22T11:51:39.011Z</time>
      </trkpt>
      <trkpt lat="54.296384" lon="10.713451">
        <ele>34.131418</ele>
        <time>2026-07-22T11:51:40.632Z</time>
      </trkpt>
      <trkpt lat="54.296276" lon="10.714117">
        <ele>33.842990</ele>
        <time>2026-07-22T11:51:43.641Z</time>
      </trkpt>
      <trkpt lat="54.296209" lon="10.714295">
        <ele>33.910794</ele>
        <time>2026-07-22T11:51:44.788Z</time>
      </trkpt>
      <trkpt lat="54.295555" lon="10.714813">
        <ele>35.229149</ele>
        <time>2026-07-22T11:51:54.313Z</time>
      </trkpt>
      <trkpt lat="54.294858" lon="10.715277">
        <ele>37.475397</ele>
        <time>2026-07-22T11:52:06.721Z</time>
      </trkpt>
      <trkpt lat="54.294411" lon="10.715767">
        <ele>38.907596</ele>
        <time>2026-07-22T11:52:14.739Z</time>
      </trkpt>
      <trkpt lat="54.294050" lon="10.716259">
        <ele>40.168154</ele>
        <time>2026-07-22T11:52:23.565Z</time>
      </trkpt>
      <trkpt lat="54.293921" lon="10.716313">
        <ele>40.471482</ele>
        <time>2026-07-22T11:52:25.838Z</time>
      </trkpt>
      <trkpt lat="54.293752" lon="10.716251">
        <ele>40.776159</ele>
        <time>2026-07-22T11:52:28.654Z</time>
      </trkpt>
      <trkpt lat="54.293674" lon="10.716181">
        <ele>40.916989</ele>
        <time>2026-07-22T11:52:30.089Z</time>
      </trkpt>
      <trkpt lat="54.293326" lon="10.715869">
        <ele>41.569866</ele>
        <time>2026-07-22T11:52:36.435Z</time>
      </trkpt>
      <trkpt lat="54.293163" lon="10.715779">
        <ele>41.723035</ele>
        <time>2026-07-22T11:52:39.010Z</time>
      </trkpt>
      <trkpt lat="54.292348" lon="10.715453">
        <ele>42.316407</ele>
        <time>2026-07-22T11:52:49.977Z</time>
      </trkpt>
      <trkpt lat="54.292251" lon="10.715340">
        <ele>42.766491</ele>
        <time>2026-07-22T11:52:52.547Z</time>
      </trkpt>
      <trkpt lat="54.292127" lon="10.715308">
        <ele>42.990897</ele>
        <time>2026-07-22T11:52:54.975Z</time>
      </trkpt>
      <trkpt lat="54.292276" lon="10.715628">
        <ele>42.889191</ele>
        <time>2026-07-22T11:52:56.516Z</time>
      </trkpt>
      <trkpt lat="54.292396" lon="10.716000">
        <ele>42.686030</ele>
        <time>2026-07-22T11:52:58.523Z</time>
      </trkpt>
      <trkpt lat="54.292665" lon="10.717124">
        <ele>42.226879</ele>
        <time>2026-07-22T11:53:04.177Z</time>
      </trkpt>
      <trkpt lat="54.293197" lon="10.719077">
        <ele>39.874788</ele>
        <time>2026-07-22T11:53:12.514Z</time>
      </trkpt>
      <trkpt lat="54.293350" lon="10.719564">
        <ele>39.058966</ele>
        <time>2026-07-22T11:53:14.537Z</time>
      </trkpt>
      <trkpt lat="54.293525" lon="10.719998">
        <ele>38.081202</ele>
        <time>2026-07-22T11:53:16.415Z</time>
      </trkpt>
      <trkpt lat="54.294072" lon="10.721161">
        <ele>34.621231</ele>
        <time>2026-07-22T11:53:21.543Z</time>
      </trkpt>
      <trkpt lat="54.294364" lon="10.722061">
        <ele>31.146599</ele>
        <time>2026-07-22T11:53:24.860Z</time>
      </trkpt>
      <trkpt lat="54.295325" lon="10.724150">
        <ele>23.368212</ele>
        <time>2026-07-22T11:53:33.601Z</time>
      </trkpt>
      <trkpt lat="54.295434" lon="10.724586">
        <ele>23.018325</ele>
        <time>2026-07-22T11:53:35.848Z</time>
      </trkpt>
      <trkpt lat="54.295586" lon="10.724992">
        <ele>22.978813</ele>
        <time>2026-07-22T11:53:38.276Z</time>
      </trkpt>
      <trkpt lat="54.295799" lon="10.725693">
        <ele>22.689613</ele>
        <time>2026-07-22T11:53:41.872Z</time>
      </trkpt>
      <trkpt lat="54.296172" lon="10.726685">
        <ele>21.986402</ele>
        <time>2026-07-22T11:53:46.888Z</time>
      </trkpt>
      <trkpt lat="54.296267" lon="10.727137">
        <ele>21.622315</ele>
        <time>2026-07-22T11:53:48.863Z</time>
      </trkpt>
      <trkpt lat="54.296304" lon="10.727236">
        <ele>21.546752</ele>
        <time>2026-07-22T11:53:49.355Z</time>
      </trkpt>
      <trkpt lat="54.296439" lon="10.727428">
        <ele>21.353922</ele>
        <time>2026-07-22T11:53:50.634Z</time>
      </trkpt>
      <trkpt lat="54.296695" lon="10.728304">
        <ele>20.659505</ele>
        <time>2026-07-22T11:53:54.724Z</time>
      </trkpt>
      <trkpt lat="54.296744" lon="10.728573">
        <ele>20.323548</ele>
        <time>2026-07-22T11:53:55.768Z</time>
      </trkpt>
      <trkpt lat="54.297120" lon="10.730043">
        <ele>18.695631</ele>
        <time>2026-07-22T11:54:02.061Z</time>
      </trkpt>
      <trkpt lat="54.297205" lon="10.730369">
        <ele>19.120003</ele>
        <time>2026-07-22T11:54:04.209Z</time>
      </trkpt>
      <trkpt lat="54.297131" lon="10.730412">
        <ele>19.482726</ele>
        <time>2026-07-22T11:54:06.687Z</time>
      </trkpt>
      <trkpt lat="54.297067" lon="10.730372">
        <ele>20.084632</ele>
        <time>2026-07-22T11:54:09.322Z</time>
      </trkpt>
      <trkpt lat="54.296704" lon="10.730128">
        <ele>23.421734</ele>
        <time>2026-07-22T11:54:22.121Z</time>
      </trkpt>
      <trkpt lat="54.296556" lon="10.730004">
        <ele>24.608519</ele>
        <time>2026-07-22T11:54:26.990Z</time>
      </trkpt>
      <trkpt lat="54.296244" lon="10.729744">
        <ele>27.023417</ele>
        <time>2026-07-22T11:54:37.003Z</time>
      </trkpt>
      <trkpt lat="54.295837" lon="10.729980">
        <ele>29.480334</ele>
        <time>2026-07-22T11:54:48.450Z</time>
      </trkpt>
      <trkpt lat="54.295580" lon="10.730189">
        <ele>30.363713</ele>
        <time>2026-07-22T11:54:54.238Z</time>
      </trkpt>
      <trkpt lat="54.295352" lon="10.730362">
        <ele>30.584896</ele>
        <time>2026-07-22T11:54:56.851Z</time>
      </trkpt>
      <trkpt lat="54.294369" lon="10.731050">
        <ele>33.397334</ele>
        <time>2026-07-22T11:55:17.099Z</time>
      </trkpt>
      <trkpt lat="54.294305" lon="10.731092">
        <ele>33.525012</ele>
        <time>2026-07-22T11:55:18.225Z</time>
      </trkpt>
      <trkpt lat="54.293904" lon="10.731380">
        <ele>33.903811</ele>
        <time>2026-07-22T11:55:24.347Z</time>
      </trkpt>
      <trkpt lat="54.293811" lon="10.731526">
        <ele>33.987461</ele>
        <time>2026-07-22T11:55:26.061Z</time>
      </trkpt>
      <trkpt lat="54.293643" lon="10.732126">
        <ele>34.183393</ele>
        <time>2026-07-22T11:55:31.159Z</time>
      </trkpt>
      <trkpt lat="54.293584" lon="10.732261">
        <ele>34.176760</ele>
        <time>2026-07-22T11:55:32.444Z</time>
      </trkpt>
      <trkpt lat="54.293175" lon="10.732842">
        <ele>34.064534</ele>
        <time>2026-07-22T11:55:38.737Z</time>
      </trkpt>
      <trkpt lat="54.292853" lon="10.733988">
        <ele>33.357985</ele>
        <time>2026-07-22T11:55:46.494Z</time>
      </trkpt>
      <trkpt lat="54.292704" lon="10.734718">
        <ele>32.560423</ele>
        <time>2026-07-22T11:55:50.655Z</time>
      </trkpt>
      <trkpt lat="54.292686" lon="10.734824">
        <ele>32.736564</ele>
        <time>2026-07-22T11:55:51.764Z</time>
      </trkpt>
      <trkpt lat="54.292588" lon="10.735033">
        <ele>33.176027</ele>
        <time>2026-07-22T11:55:55.292Z</time>
      </trkpt>
      <trkpt lat="54.292363" lon="10.735279">
        <ele>34.129371</ele>
        <time>2026-07-22T11:56:01.066Z</time>
      </trkpt>
      <trkpt lat="54.292204" lon="10.735413">
        <ele>34.593067</ele>
        <time>2026-07-22T11:56:04.190Z</time>
      </trkpt>
      <trkpt lat="54.291550" lon="10.735788">
        <ele>35.980424</ele>
        <time>2026-07-22T11:56:15.706Z</time>
      </trkpt>
      <trkpt lat="54.291348" lon="10.736251">
        <ele>36.538028</ele>
        <time>2026-07-22T11:56:21.046Z</time>
      </trkpt>
      <trkpt lat="54.291263" lon="10.736533">
        <ele>36.948210</ele>
        <time>2026-07-22T11:56:24.419Z</time>
      </trkpt>
      <trkpt lat="54.291248" lon="10.736659">
        <ele>37.147284</ele>
        <time>2026-07-22T11:56:25.834Z</time>
      </trkpt>
      <trkpt lat="54.291246" lon="10.736920">
        <ele>37.481320</ele>
        <time>2026-07-22T11:56:28.611Z</time>
      </trkpt>
      <trkpt lat="54.291333" lon="10.738009">
        <ele>38.662738</ele>
        <time>2026-07-22T11:56:39.258Z</time>
      </trkpt>
      <trkpt lat="54.291336" lon="10.738470">
        <ele>38.937427</ele>
        <time>2026-07-22T11:56:43.122Z</time>
      </trkpt>
      <trkpt lat="54.291321" lon="10.738685">
        <ele>38.999583</ele>
        <time>2026-07-22T11:56:44.712Z</time>
      </trkpt>
      <trkpt lat="54.291283" lon="10.738835">
        <ele>38.995133</ele>
        <time>2026-07-22T11:56:45.815Z</time>
      </trkpt>
      <trkpt lat="54.291226" lon="10.738957">
        <ele>38.990879</ele>
        <time>2026-07-22T11:56:46.865Z</time>
      </trkpt>
      <trkpt lat="54.290876" lon="10.739372">
        <ele>38.910944</ele>
        <time>2026-07-22T11:56:51.984Z</time>
      </trkpt>
      <trkpt lat="54.290787" lon="10.739514">
        <ele>38.899456</ele>
        <time>2026-07-22T11:56:53.480Z</time>
      </trkpt>
      <trkpt lat="54.290684" lon="10.739768">
        <ele>38.887317</ele>
        <time>2026-07-22T11:56:55.642Z</time>
      </trkpt>
      <trkpt lat="54.290580" lon="10.740233">
        <ele>38.788924</ele>
        <time>2026-07-22T11:56:58.908Z</time>
      </trkpt>
      <trkpt lat="54.290537" lon="10.740322">
        <ele>38.757120</ele>
        <time>2026-07-22T11:56:59.652Z</time>
      </trkpt>
      <trkpt lat="54.290460" lon="10.740410">
        <ele>38.702444</ele>
        <time>2026-07-22T11:57:00.653Z</time>
      </trkpt>
      <trkpt lat="54.290047" lon="10.740692">
        <ele>38.287532</ele>
        <time>2026-07-22T11:57:05.398Z</time>
      </trkpt>
      <trkpt lat="54.289839" lon="10.740881">
        <ele>38.027273</ele>
        <time>2026-07-22T11:57:07.771Z</time>
      </trkpt>
      <trkpt lat="54.289067" lon="10.741766">
        <ele>37.431331</ele>
        <time>2026-07-22T11:57:17.878Z</time>
      </trkpt>
      <trkpt lat="54.288726" lon="10.742341">
        <ele>37.292247</ele>
        <time>2026-07-22T11:57:23.508Z</time>
      </trkpt>
      <trkpt lat="54.288038" lon="10.743879">
        <ele>35.886509</ele>
        <time>2026-07-22T11:57:34.890Z</time>
      </trkpt>
      <trkpt lat="54.287704" lon="10.744385">
        <ele>35.286203</ele>
        <time>2026-07-22T11:57:39.326Z</time>
      </trkpt>
      <trkpt lat="54.287383" lon="10.744686">
        <ele>35.190438</ele>
        <time>2026-07-22T11:57:43.621Z</time>
      </trkpt>
      <trkpt lat="54.287071" lon="10.744851">
        <ele>34.802943</ele>
        <time>2026-07-22T11:57:47.417Z</time>
      </trkpt>
      <trkpt lat="54.286365" lon="10.745353">
        <ele>32.376767</ele>
        <time>2026-07-22T11:57:54.000Z</time>
      </trkpt>
      <trkpt lat="54.286309" lon="10.745446">
        <ele>32.017337</ele>
        <time>2026-07-22T11:57:54.645Z</time>
      </trkpt>
      <trkpt lat="54.286266" lon="10.745684">
        <ele>31.281634</ele>
        <time>2026-07-22T11:57:55.815Z</time>
      </trkpt>
      <trkpt lat="54.286246" lon="10.747258">
        <ele>26.135430</ele>
        <time>2026-07-22T11:58:03.123Z</time>
      </trkpt>
      <trkpt lat="54.286156" lon="10.747564">
        <ele>25.246946</ele>
        <time>2026-07-22T11:58:04.770Z</time>
      </trkpt>
      <trkpt lat="54.285977" lon="10.747735">
        <ele>24.554056</ele>
        <time>2026-07-22T11:58:06.543Z</time>
      </trkpt>
      <trkpt lat="54.285766" lon="10.747811">
        <ele>24.097916</ele>
        <time>2026-07-22T11:58:08.562Z</time>
      </trkpt>
      <trkpt lat="54.285205" lon="10.747901">
        <ele>23.824431</ele>
        <time>2026-07-22T11:58:14.844Z</time>
      </trkpt>
      <trkpt lat="54.285073" lon="10.747970">
        <ele>23.831585</ele>
        <time>2026-07-22T11:58:16.620Z</time>
      </trkpt>
      <trkpt lat="54.284834" lon="10.748234">
        <ele>24.005004</ele>
        <time>2026-07-22T11:58:20.636Z</time>
      </trkpt>
      <trkpt lat="54.284698" lon="10.748335">
        <ele>24.140503</ele>
        <time>2026-07-22T11:58:22.635Z</time>
      </trkpt>
      <trkpt lat="54.284567" lon="10.748385">
        <ele>24.432964</ele>
        <time>2026-07-22T11:58:24.609Z</time>
      </trkpt>
      <trkpt lat="54.284284" lon="10.748376">
        <ele>25.457456</ele>
        <time>2026-07-22T11:58:30.719Z</time>
      </trkpt>
      <trkpt lat="54.284226" lon="10.748367">
        <ele>25.707374</ele>
        <time>2026-07-22T11:58:32.128Z</time>
      </trkpt>
      <trkpt lat="54.284040" lon="10.748309">
        <ele>26.505851</ele>
        <time>2026-07-22T11:58:36.686Z</time>
      </trkpt>
      <trkpt lat="54.283731" lon="10.748023">
        <ele>27.493018</ele>
        <time>2026-07-22T11:58:43.236Z</time>
      </trkpt>
      <trkpt lat="54.283592" lon="10.747967">
        <ele>27.690043</ele>
        <time>2026-07-22T11:58:45.242Z</time>
      </trkpt>
      <trkpt lat="54.283459" lon="10.748025">
        <ele>27.770965</ele>
        <time>2026-07-22T11:58:47.072Z</time>
      </trkpt>
      <trkpt lat="54.283375" lon="10.748170">
        <ele>27.834427</ele>
        <time>2026-07-22T11:58:48.707Z</time>
      </trkpt>
      <trkpt lat="54.283195" lon="10.748767">
        <ele>28.156051</ele>
        <time>2026-07-22T11:58:54.257Z</time>
      </trkpt>
      <trkpt lat="54.283045" lon="10.749011">
        <ele>28.296877</ele>
        <time>2026-07-22T11:58:56.862Z</time>
      </trkpt>
      <trkpt lat="54.282851" lon="10.749011">
        <ele>28.730137</ele>
        <time>2026-07-22T11:59:00.242Z</time>
      </trkpt>
      <trkpt lat="54.282581" lon="10.748912">
        <ele>29.731614</ele>
        <time>2026-07-22T11:59:06.425Z</time>
      </trkpt>
      <trkpt lat="54.282380" lon="10.748756">
        <ele>30.398355</ele>
        <time>2026-07-22T11:59:10.604Z</time>
      </trkpt>
      <trkpt lat="54.280509" lon="10.746644">
        <ele>36.783992</ele>
        <time>2026-07-22T11:59:52.617Z</time>
      </trkpt>
      <trkpt lat="54.280204" lon="10.746547">
        <ele>38.636202</ele>
        <time>2026-07-22T12:00:01.319Z</time>
      </trkpt>
      <trkpt lat="54.279643" lon="10.746635">
        <ele>41.669533</ele>
        <time>2026-07-22T12:00:15.451Z</time>
      </trkpt>
      <trkpt lat="54.279412" lon="10.746601">
        <ele>42.783467</ele>
        <time>2026-07-22T12:00:20.947Z</time>
      </trkpt>
      <trkpt lat="54.279016" lon="10.746445">
        <ele>44.560489</ele>
        <time>2026-07-22T12:00:30.201Z</time>
      </trkpt>
      <trkpt lat="54.278669" lon="10.746384">
        <ele>45.833163</ele>
        <time>2026-07-22T12:00:37.493Z</time>
      </trkpt>
      <trkpt lat="54.278185" lon="10.746458">
        <ele>46.722343</ele>
        <time>2026-07-22T12:00:45.399Z</time>
      </trkpt>
      <trkpt lat="54.277954" lon="10.746456">
        <ele>47.180200</ele>
        <time>2026-07-22T12:00:49.279Z</time>
      </trkpt>
      <trkpt lat="54.277775" lon="10.746414">
        <ele>47.521181</ele>
        <time>2026-07-22T12:00:52.341Z</time>
      </trkpt>
      <trkpt lat="54.276701" lon="10.745845">
        <ele>50.125870</ele>
        <time>2026-07-22T12:01:12.208Z</time>
      </trkpt>
      <trkpt lat="54.275785" lon="10.745550">
        <ele>52.940660</ele>
        <time>2026-07-22T12:01:30.465Z</time>
      </trkpt>
      <trkpt lat="54.275498" lon="10.745505">
        <ele>53.266514</ele>
        <time>2026-07-22T12:01:35.044Z</time>
      </trkpt>
      <trkpt lat="54.274983" lon="10.745593">
        <ele>52.920191</ele>
        <time>2026-07-22T12:01:40.344Z</time>
      </trkpt>
      <trkpt lat="54.274711" lon="10.745684">
        <ele>52.698285</ele>
        <time>2026-07-22T12:01:43.343Z</time>
      </trkpt>
      <trkpt lat="54.274467" lon="10.745816">
        <ele>52.481722</ele>
        <time>2026-07-22T12:01:46.096Z</time>
      </trkpt>
      <trkpt lat="54.274024" lon="10.746145">
        <ele>51.837377</ele>
        <time>2026-07-22T12:01:50.972Z</time>
      </trkpt>
      <trkpt lat="54.273836" lon="10.746247">
        <ele>51.418917</ele>
        <time>2026-07-22T12:01:52.800Z</time>
      </trkpt>
      <trkpt lat="54.273367" lon="10.746428">
        <ele>50.465617</ele>
        <time>2026-07-22T12:01:57.301Z</time>
      </trkpt>
      <trkpt lat="54.273114" lon="10.746461">
        <ele>50.305346</ele>
        <time>2026-07-22T12:02:00.000Z</time>
      </trkpt>
      <trkpt lat="54.272854" lon="10.746336">
        <ele>50.633439</ele>
        <time>2026-07-22T12:02:03.906Z</time>
      </trkpt>
      <trkpt lat="54.272463" lon="10.745977">
        <ele>52.233080</ele>
        <time>2026-07-22T12:02:13.279Z</time>
      </trkpt>
      <trkpt lat="54.271983" lon="10.745477">
        <ele>55.483336</ele>
        <time>2026-07-22T12:02:28.206Z</time>
      </trkpt>
      <trkpt lat="54.271527" lon="10.744947">
        <ele>58.594750</ele>
        <time>2026-07-22T12:02:42.433Z</time>
      </trkpt>
      <trkpt lat="54.271370" lon="10.744794">
        <ele>59.574762</ele>
        <time>2026-07-22T12:02:47.011Z</time>
      </trkpt>
      <trkpt lat="54.271228" lon="10.744707">
        <ele>60.354479</ele>
        <time>2026-07-22T12:02:50.657Z</time>
      </trkpt>
      <trkpt lat="54.271073" lon="10.744683">
        <ele>60.964066</ele>
        <time>2026-07-22T12:02:54.147Z</time>
      </trkpt>
      <trkpt lat="54.270187" lon="10.744758">
        <ele>63.944928</ele>
        <time>2026-07-22T12:03:12.082Z</time>
      </trkpt>
      <trkpt lat="54.269584" lon="10.744747">
        <ele>65.361992</ele>
        <time>2026-07-22T12:03:22.595Z</time>
      </trkpt>
      <trkpt lat="54.269273" lon="10.744791">
        <ele>65.892502</ele>
        <time>2026-07-22T12:03:27.744Z</time>
      </trkpt>
      <trkpt lat="54.269068" lon="10.744737">
        <ele>66.185291</ele>
        <time>2026-07-22T12:03:30.946Z</time>
      </trkpt>
      <trkpt lat="54.268675" lon="10.744452">
        <ele>66.694658</ele>
        <time>2026-07-22T12:03:37.281Z</time>
      </trkpt>
      <trkpt lat="54.268585" lon="10.744440">
        <ele>66.796584</ele>
        <time>2026-07-22T12:03:38.628Z</time>
      </trkpt>
      <trkpt lat="54.268292" lon="10.744525">
        <ele>67.169344</ele>
        <time>2026-07-22T12:03:42.933Z</time>
      </trkpt>
      <trkpt lat="54.268155" lon="10.744523">
        <ele>67.443481</ele>
        <time>2026-07-22T12:03:45.226Z</time>
      </trkpt>
      <trkpt lat="54.268030" lon="10.744476">
        <ele>67.820217</ele>
        <time>2026-07-22T12:03:47.952Z</time>
      </trkpt>
      <trkpt lat="54.267895" lon="10.744438">
        <ele>68.234290</ele>
        <time>2026-07-22T12:03:50.807Z</time>
      </trkpt>
      <trkpt lat="54.267685" lon="10.744292">
        <ele>68.663117</ele>
        <time>2026-07-22T12:03:54.448Z</time>
      </trkpt>
      <trkpt lat="54.267448" lon="10.744025">
        <ele>68.863090</ele>
        <time>2026-07-22T12:03:58.220Z</time>
      </trkpt>
      <trkpt lat="54.267313" lon="10.743647">
        <ele>68.899999</ele>
        <time>2026-07-22T12:04:01.525Z</time>
      </trkpt>
      <trkpt lat="54.267112" lon="10.743475">
        <ele>68.884850</ele>
        <time>2026-07-22T12:04:04.247Z</time>
      </trkpt>
      <trkpt lat="54.266746" lon="10.743578">
        <ele>68.762880</ele>
        <time>2026-07-22T12:04:08.495Z</time>
      </trkpt>
      <trkpt lat="54.266360" lon="10.743836">
        <ele>68.281306</ele>
        <time>2026-07-22T12:04:12.738Z</time>
      </trkpt>
      <trkpt lat="54.265824" lon="10.743990">
        <ele>67.293806</ele>
        <time>2026-07-22T12:04:17.930Z</time>
      </trkpt>
      <trkpt lat="54.265643" lon="10.744119">
        <ele>66.999579</ele>
        <time>2026-07-22T12:04:19.749Z</time>
      </trkpt>
      <trkpt lat="54.265329" lon="10.744134">
        <ele>66.979808</ele>
        <time>2026-07-22T12:04:23.662Z</time>
      </trkpt>
      <trkpt lat="54.264679" lon="10.744169">
        <ele>67.916084</ele>
        <time>2026-07-22T12:04:33.810Z</time>
      </trkpt>
      <trkpt lat="54.264298" lon="10.744238">
        <ele>68.648752</ele>
        <time>2026-07-22T12:04:40.346Z</time>
      </trkpt>
      <trkpt lat="54.264163" lon="10.744344">
        <ele>69.027859</ele>
        <time>2026-07-22T12:04:43.075Z</time>
      </trkpt>
      <trkpt lat="54.264094" lon="10.744441">
        <ele>69.328811</ele>
        <time>2026-07-22T12:04:44.832Z</time>
      </trkpt>
      <trkpt lat="54.264056" lon="10.744567">
        <ele>69.623307</ele>
        <time>2026-07-22T12:04:46.523Z</time>
      </trkpt>
      <trkpt lat="54.264033" lon="10.744745">
        <ele>70.029769</ele>
        <time>2026-07-22T12:04:48.816Z</time>
      </trkpt>
      <trkpt lat="54.264043" lon="10.745282">
        <ele>71.433320</ele>
        <time>2026-07-22T12:04:55.946Z</time>
      </trkpt>
      <trkpt lat="54.264029" lon="10.745481">
        <ele>71.993570</ele>
        <time>2026-07-22T12:04:58.781Z</time>
      </trkpt>
      <trkpt lat="54.263983" lon="10.745680">
        <ele>72.631970</ele>
        <time>2026-07-22T12:05:01.892Z</time>
      </trkpt>
      <trkpt lat="54.263891" lon="10.745874">
        <ele>73.401834</ele>
        <time>2026-07-22T12:05:05.506Z</time>
      </trkpt>
      <trkpt lat="54.263702" lon="10.746166">
        <ele>74.769753</ele>
        <time>2026-07-22T12:05:11.913Z</time>
      </trkpt>
      <trkpt lat="54.263424" lon="10.746511">
        <ele>76.376474</ele>
        <time>2026-07-22T12:05:20.084Z</time>
      </trkpt>
      <trkpt lat="54.262457" lon="10.745537">
        <ele>77.811578</ele>
        <time>2026-07-22T12:05:33.294Z</time>
      </trkpt>
      <trkpt lat="54.262036" lon="10.745199">
        <ele>78.491550</ele>
        <time>2026-07-22T12:05:39.020Z</time>
      </trkpt>
      <trkpt lat="54.261874" lon="10.745140">
        <ele>78.704962</ele>
        <time>2026-07-22T12:05:41.128Z</time>
      </trkpt>
      <trkpt lat="54.261433" lon="10.745086">
        <ele>79.327559</ele>
        <time>2026-07-22T12:05:46.525Z</time>
      </trkpt>
      <trkpt lat="54.261280" lon="10.745019">
        <ele>79.658104</ele>
        <time>2026-07-22T12:05:48.524Z</time>
      </trkpt>
      <trkpt lat="54.260777" lon="10.744579">
        <ele>81.159622</ele>
        <time>2026-07-22T12:05:57.254Z</time>
      </trkpt>
      <trkpt lat="54.260500" lon="10.744397">
        <ele>82.444642</ele>
        <time>2026-07-22T12:06:03.008Z</time>
      </trkpt>
      <trkpt lat="54.260174" lon="10.744247">
        <ele>84.157653</ele>
        <time>2026-07-22T12:06:10.195Z</time>
      </trkpt>
      <trkpt lat="54.259710" lon="10.744096">
        <ele>86.151320</ele>
        <time>2026-07-22T12:06:19.525Z</time>
      </trkpt>
      <trkpt lat="54.259210" lon="10.744055">
        <ele>86.579162</ele>
        <time>2026-07-22T12:06:24.960Z</time>
      </trkpt>
      <trkpt lat="54.259304" lon="10.743453">
        <ele>85.808533</ele>
        <time>2026-07-22T12:06:27.238Z</time>
      </trkpt>
      <trkpt lat="54.259357" lon="10.742903">
        <ele>85.497677</ele>
        <time>2026-07-22T12:06:29.740Z</time>
      </trkpt>
      <trkpt lat="54.259378" lon="10.742396">
        <ele>85.368082</ele>
        <time>2026-07-22T12:06:32.031Z</time>
      </trkpt>
      <trkpt lat="54.259324" lon="10.741455">
        <ele>85.385328</ele>
        <time>2026-07-22T12:06:37.113Z</time>
      </trkpt>
      <trkpt lat="54.259204" lon="10.740760">
        <ele>85.229614</ele>
        <time>2026-07-22T12:06:40.763Z</time>
      </trkpt>
      <trkpt lat="54.258955" lon="10.739721">
        <ele>84.077824</ele>
        <time>2026-07-22T12:06:45.145Z</time>
      </trkpt>
      <trkpt lat="54.258816" lon="10.739008">
        <ele>83.220468</ele>
        <time>2026-07-22T12:06:47.980Z</time>
      </trkpt>
      <trkpt lat="54.258797" lon="10.738799">
        <ele>83.122273</ele>
        <time>2026-07-22T12:06:48.962Z</time>
      </trkpt>
      <trkpt lat="54.258823" lon="10.738333">
        <ele>83.178226</ele>
        <time>2026-07-22T12:06:51.707Z</time>
      </trkpt>
      <trkpt lat="54.259339" lon="10.735779">
        <ele>83.286412</ele>
        <time>2026-07-22T12:07:06.311Z</time>
      </trkpt>
      <trkpt lat="54.259558" lon="10.733986">
        <ele>82.200269</ele>
        <time>2026-07-22T12:07:14.051Z</time>
      </trkpt>
      <trkpt lat="54.259836" lon="10.731736">
        <ele>80.780227</ele>
        <time>2026-07-22T12:07:23.740Z</time>
      </trkpt>
      <trkpt lat="54.259971" lon="10.730491">
        <ele>81.083731</ele>
        <time>2026-07-22T12:07:31.189Z</time>
      </trkpt>
      <trkpt lat="54.260002" lon="10.729811">
        <ele>81.205120</ele>
        <time>2026-07-22T12:07:35.041Z</time>
      </trkpt>
      <trkpt lat="54.259994" lon="10.729334">
        <ele>81.279839</ele>
        <time>2026-07-22T12:07:37.645Z</time>
      </trkpt>
      <trkpt lat="54.259953" lon="10.728636">
        <ele>81.314758</ele>
        <time>2026-07-22T12:07:41.325Z</time>
      </trkpt>
      <trkpt lat="54.259874" lon="10.728059">
        <ele>81.388415</ele>
        <time>2026-07-22T12:07:44.595Z</time>
      </trkpt>
      <trkpt lat="54.259754" lon="10.727443">
        <ele>81.474203</ele>
        <time>2026-07-22T12:07:48.105Z</time>
      </trkpt>
      <trkpt lat="54.259604" lon="10.726851">
        <ele>81.847630</ele>
        <time>2026-07-22T12:07:52.680Z</time>
      </trkpt>
      <trkpt lat="54.259334" lon="10.725848">
        <ele>82.100196</ele>
        <time>2026-07-22T12:07:58.787Z</time>
      </trkpt>
      <trkpt lat="54.259226" lon="10.725338">
        <ele>82.182263</ele>
        <time>2026-07-22T12:08:01.900Z</time>
      </trkpt>
      <trkpt lat="54.259149" lon="10.724787">
        <ele>82.222781</ele>
        <time>2026-07-22T12:08:04.819Z</time>
      </trkpt>
      <trkpt lat="54.259121" lon="10.724326">
        <ele>82.384377</ele>
        <time>2026-07-22T12:08:07.629Z</time>
      </trkpt>
      <trkpt lat="54.259127" lon="10.723870">
        <ele>82.432537</ele>
        <time>2026-07-22T12:08:10.378Z</time>
      </trkpt>
      <trkpt lat="54.259226" lon="10.721911">
        <ele>82.238763</ele>
        <time>2026-07-22T12:08:19.479Z</time>
      </trkpt>
      <trkpt lat="54.259276" lon="10.720848">
        <ele>83.868140</ele>
        <time>2026-07-22T12:08:30.493Z</time>
      </trkpt>
      <trkpt lat="54.259584" lon="10.716320">
        <ele>79.196637</ele>
        <time>2026-07-22T12:08:48.208Z</time>
      </trkpt>
      <trkpt lat="54.259619" lon="10.715803">
        <ele>78.535112</ele>
        <time>2026-07-22T12:08:50.207Z</time>
      </trkpt>
      <trkpt lat="54.259697" lon="10.714628">
        <ele>76.757708</ele>
        <time>2026-07-22T12:08:54.529Z</time>
      </trkpt>
      <trkpt lat="54.259809" lon="10.713857">
        <ele>75.914209</ele>
        <time>2026-07-22T12:08:57.646Z</time>
      </trkpt>
      <trkpt lat="54.259898" lon="10.713416">
        <ele>75.566738</ele>
        <time>2026-07-22T12:08:59.604Z</time>
      </trkpt>
      <trkpt lat="54.260021" lon="10.713015">
        <ele>75.500559</ele>
        <time>2026-07-22T12:09:01.785Z</time>
      </trkpt>
      <trkpt lat="54.260183" lon="10.712603">
        <ele>75.567329</ele>
        <time>2026-07-22T12:09:04.534Z</time>
      </trkpt>
      <trkpt lat="54.260448" lon="10.712043">
        <ele>75.915314</ele>
        <time>2026-07-22T12:09:09.658Z</time>
      </trkpt>
      <trkpt lat="54.260830" lon="10.711505">
        <ele>74.373989</ele>
        <time>2026-07-22T12:09:12.614Z</time>
      </trkpt>
      <trkpt lat="54.260927" lon="10.711409">
        <ele>73.959313</ele>
        <time>2026-07-22T12:09:13.248Z</time>
      </trkpt>
      <trkpt lat="54.261972" lon="10.710460">
        <ele>72.623717</ele>
        <time>2026-07-22T12:09:25.528Z</time>
      </trkpt>
      <trkpt lat="54.262225" lon="10.710179">
        <ele>72.502817</ele>
        <time>2026-07-22T12:09:29.084Z</time>
      </trkpt>
      <trkpt lat="54.262489" lon="10.709769">
        <ele>72.375971</ele>
        <time>2026-07-22T12:09:33.151Z</time>
      </trkpt>
      <trkpt lat="54.262581" lon="10.709523">
        <ele>72.385342</ele>
        <time>2026-07-22T12:09:34.867Z</time>
      </trkpt>
      <trkpt lat="54.262728" lon="10.709132">
        <ele>73.010303</ele>
        <time>2026-07-22T12:09:40.186Z</time>
      </trkpt>
      <trkpt lat="54.262858" lon="10.708598">
        <ele>73.495790</ele>
        <time>2026-07-22T12:09:46.907Z</time>
      </trkpt>
      <trkpt lat="54.262282" lon="10.708518">
        <ele>71.773735</ele>
        <time>2026-07-22T12:09:50.258Z</time>
      </trkpt>
      <trkpt lat="54.262019" lon="10.708407">
        <ele>71.195788</ele>
        <time>2026-07-22T12:09:52.103Z</time>
      </trkpt>
      <trkpt lat="54.261521" lon="10.707924">
        <ele>70.234311</ele>
        <time>2026-07-22T12:09:55.891Z</time>
      </trkpt>
      <trkpt lat="54.261290" lon="10.707683">
        <ele>70.346116</ele>
        <time>2026-07-22T12:09:59.121Z</time>
      </trkpt>
      <trkpt lat="54.261184" lon="10.707573">
        <ele>70.152161</ele>
        <time>2026-07-22T12:09:59.999Z</time>
      </trkpt>
      <trkpt lat="54.260704" lon="10.706563">
        <ele>68.101809</ele>
        <time>2026-07-22T12:10:04.682Z</time>
      </trkpt>
      <trkpt lat="54.260623" lon="10.706399">
        <ele>68.174079</ele>
        <time>2026-07-22T12:10:05.824Z</time>
      </trkpt>
      <trkpt lat="54.260466" lon="10.706195">
        <ele>68.444804</ele>
        <time>2026-07-22T12:10:08.634Z</time>
      </trkpt>
      <trkpt lat="54.260157" lon="10.705987">
        <ele>69.023381</ele>
        <time>2026-07-22T12:10:12.762Z</time>
      </trkpt>
      <trkpt lat="54.259572" lon="10.705610">
        <ele>70.322777</ele>
        <time>2026-07-22T12:10:21.626Z</time>
      </trkpt>
      <trkpt lat="54.259432" lon="10.705484">
        <ele>70.661232</ele>
        <time>2026-07-22T12:10:23.843Z</time>
      </trkpt>
      <trkpt lat="54.259307" lon="10.705309">
        <ele>70.980898</ele>
        <time>2026-07-22T12:10:25.985Z</time>
      </trkpt>
      <trkpt lat="54.259105" lon="10.704891">
        <ele>71.354234</ele>
        <time>2026-07-22T12:10:29.873Z</time>
      </trkpt>
      <trkpt lat="54.258881" lon="10.704221">
        <ele>71.572260</ele>
        <time>2026-07-22T12:10:34.433Z</time>
      </trkpt>
      <trkpt lat="54.258833" lon="10.703999">
        <ele>71.588702</ele>
        <time>2026-07-22T12:10:35.561Z</time>
      </trkpt>
      <trkpt lat="54.258724" lon="10.702924">
        <ele>71.445367</ele>
        <time>2026-07-22T12:10:40.883Z</time>
      </trkpt>
      <trkpt lat="54.258690" lon="10.702771">
        <ele>71.518481</ele>
        <time>2026-07-22T12:10:41.792Z</time>
      </trkpt>
      <trkpt lat="54.258644" lon="10.702643">
        <ele>71.605277</ele>
        <time>2026-07-22T12:10:42.795Z</time>
      </trkpt>
      <trkpt lat="54.258207" lon="10.701826">
        <ele>73.044443</ele>
        <time>2026-07-22T12:10:52.318Z</time>
      </trkpt>
      <trkpt lat="54.257902" lon="10.701349">
        <ele>73.539218</ele>
        <time>2026-07-22T12:10:58.840Z</time>
      </trkpt>
      <trkpt lat="54.257477" lon="10.700934">
        <ele>73.349633</ele>
        <time>2026-07-22T12:11:04.131Z</time>
      </trkpt>
      <trkpt lat="54.257317" lon="10.700746">
        <ele>73.118389</ele>
        <time>2026-07-22T12:11:05.993Z</time>
      </trkpt>
      <trkpt lat="54.257232" lon="10.700597">
        <ele>72.960355</ele>
        <time>2026-07-22T12:11:07.279Z</time>
      </trkpt>
      <trkpt lat="54.257116" lon="10.700165">
        <ele>73.019806</ele>
        <time>2026-07-22T12:11:10.732Z</time>
      </trkpt>
      <trkpt lat="54.256433" lon="10.696545">
        <ele>74.474826</ele>
        <time>2026-07-22T12:11:41.225Z</time>
      </trkpt>
      <trkpt lat="54.256117" lon="10.695023">
        <ele>74.619409</ele>
        <time>2026-07-22T12:11:53.046Z</time>
      </trkpt>
      <trkpt lat="54.255322" lon="10.690959">
        <ele>75.469174</ele>
        <time>2026-07-22T12:12:25.551Z</time>
      </trkpt>
      <trkpt lat="54.255255" lon="10.690790">
        <ele>75.477105</ele>
        <time>2026-07-22T12:12:26.959Z</time>
      </trkpt>
      <trkpt lat="54.255164" lon="10.690650">
        <ele>75.434164</ele>
        <time>2026-07-22T12:12:28.350Z</time>
      </trkpt>
      <trkpt lat="54.255014" lon="10.690522">
        <ele>75.383502</ele>
        <time>2026-07-22T12:12:30.224Z</time>
      </trkpt>
      <trkpt lat="54.254784" lon="10.690190">
        <ele>75.340826</ele>
        <time>2026-07-22T12:12:33.757Z</time>
      </trkpt>
      <trkpt lat="54.254693" lon="10.689825">
        <ele>75.440181</ele>
        <time>2026-07-22T12:12:36.781Z</time>
      </trkpt>
      <trkpt lat="54.254608" lon="10.688976">
        <ele>76.009696</ele>
        <time>2026-07-22T12:12:44.227Z</time>
      </trkpt>
      <trkpt lat="54.254270" lon="10.687694">
        <ele>77.121720</ele>
        <time>2026-07-22T12:12:57.253Z</time>
      </trkpt>
      <trkpt lat="54.254187" lon="10.687489">
        <ele>77.224314</ele>
        <time>2026-07-22T12:12:58.883Z</time>
      </trkpt>
      <trkpt lat="54.253953" lon="10.687022">
        <ele>77.375656</ele>
        <time>2026-07-22T12:13:03.910Z</time>
      </trkpt>
      <trkpt lat="54.253873" lon="10.686783">
        <ele>77.396254</ele>
        <time>2026-07-22T12:13:05.875Z</time>
      </trkpt>
      <trkpt lat="54.253815" lon="10.686507">
        <ele>77.382821</ele>
        <time>2026-07-22T12:13:07.825Z</time>
      </trkpt>
      <trkpt lat="54.253817" lon="10.686015">
        <ele>77.265550</ele>
        <time>2026-07-22T12:13:11.162Z</time>
      </trkpt>
      <trkpt lat="54.253972" lon="10.685171">
        <ele>76.898206</ele>
        <time>2026-07-22T12:13:16.596Z</time>
      </trkpt>
      <trkpt lat="54.253996" lon="10.685038">
        <ele>76.992286</ele>
        <time>2026-07-22T12:13:17.745Z</time>
      </trkpt>
      <trkpt lat="54.254066" lon="10.684613">
        <ele>77.579025</ele>
        <time>2026-07-22T12:13:21.661Z</time>
      </trkpt>
      <trkpt lat="54.254076" lon="10.684171">
        <ele>78.191985</ele>
        <time>2026-07-22T12:13:25.346Z</time>
      </trkpt>
      <trkpt lat="54.254058" lon="10.684032">
        <ele>78.379384</ele>
        <time>2026-07-22T12:13:26.591Z</time>
      </trkpt>
      <trkpt lat="54.253892" lon="10.683546">
        <ele>78.959139</ele>
        <time>2026-07-22T12:13:31.016Z</time>
      </trkpt>
      <trkpt lat="54.253759" lon="10.682764">
        <ele>79.441123</ele>
        <time>2026-07-22T12:13:36.541Z</time>
      </trkpt>
      <trkpt lat="54.253745" lon="10.682310">
        <ele>79.466752</ele>
        <time>2026-07-22T12:13:38.874Z</time>
      </trkpt>
      <trkpt lat="54.253805" lon="10.681500">
        <ele>79.140529</ele>
        <time>2026-07-22T12:13:42.597Z</time>
      </trkpt>
      <trkpt lat="54.253865" lon="10.680434">
        <ele>77.852117</ele>
        <time>2026-07-22T12:13:46.749Z</time>
      </trkpt>
      <trkpt lat="54.254038" lon="10.679157">
        <ele>74.541554</ele>
        <time>2026-07-22T12:13:51.125Z</time>
      </trkpt>
      <trkpt lat="54.254019" lon="10.678896">
        <ele>74.085297</ele>
        <time>2026-07-22T12:13:52.065Z</time>
      </trkpt>
      <trkpt lat="54.253966" lon="10.678650">
        <ele>73.863966</ele>
        <time>2026-07-22T12:13:53.103Z</time>
      </trkpt>
      <trkpt lat="54.253672" lon="10.677515">
        <ele>74.078932</ele>
        <time>2026-07-22T12:14:00.204Z</time>
      </trkpt>
      <trkpt lat="54.253485" lon="10.676635">
        <ele>74.976964</ele>
        <time>2026-07-22T12:14:07.526Z</time>
      </trkpt>
      <trkpt lat="54.253357" lon="10.676393">
        <ele>75.152702</ele>
        <time>2026-07-22T12:14:09.740Z</time>
      </trkpt>
      <trkpt lat="54.253119" lon="10.675743">
        <ele>75.193192</ele>
        <time>2026-07-22T12:14:13.568Z</time>
      </trkpt>
      <trkpt lat="54.252699" lon="10.674959">
        <ele>75.133581</ele>
        <time>2026-07-22T12:14:18.960Z</time>
      </trkpt>
      <trkpt lat="54.252539" lon="10.674695">
        <ele>75.216080</ele>
        <time>2026-07-22T12:14:21.205Z</time>
      </trkpt>
      <trkpt lat="54.252296" lon="10.674488">
        <ele>75.438344</ele>
        <time>2026-07-22T12:14:24.186Z</time>
      </trkpt>
      <trkpt lat="54.252045" lon="10.674442">
        <ele>75.799552</ele>
        <time>2026-07-22T12:14:27.269Z</time>
      </trkpt>
      <trkpt lat="54.251852" lon="10.674460">
        <ele>76.103783</ele>
        <time>2026-07-22T12:14:29.751Z</time>
      </trkpt>
      <trkpt lat="54.250645" lon="10.674786">
        <ele>78.194717</ele>
        <time>2026-07-22T12:14:45.438Z</time>
      </trkpt>
      <trkpt lat="54.250382" lon="10.674753">
        <ele>79.024276</ele>
        <time>2026-07-22T12:14:50.232Z</time>
      </trkpt>
      <trkpt lat="54.250229" lon="10.674661">
        <ele>79.475003</ele>
        <time>2026-07-22T12:14:52.595Z</time>
      </trkpt>
      <trkpt lat="54.249583" lon="10.673945">
        <ele>80.819688</ele>
        <time>2026-07-22T12:15:02.853Z</time>
      </trkpt>
      <trkpt lat="54.248890" lon="10.673364">
        <ele>81.117285</ele>
        <time>2026-07-22T12:15:10.267Z</time>
      </trkpt>
      <trkpt lat="54.248756" lon="10.673149">
        <ele>80.753385</ele>
        <time>2026-07-22T12:15:11.466Z</time>
      </trkpt>
      <trkpt lat="54.248679" lon="10.672951">
        <ele>80.357518</ele>
        <time>2026-07-22T12:15:12.318Z</time>
      </trkpt>
      <trkpt lat="54.248654" lon="10.672806">
        <ele>80.066551</ele>
        <time>2026-07-22T12:15:12.848Z</time>
      </trkpt>
      <trkpt lat="54.248653" lon="10.672588">
        <ele>79.667166</ele>
        <time>2026-07-22T12:15:13.613Z</time>
      </trkpt>
      <trkpt lat="54.248881" lon="10.670609">
        <ele>76.348436</ele>
        <time>2026-07-22T12:15:20.861Z</time>
      </trkpt>
      <trkpt lat="54.248943" lon="10.669842">
        <ele>76.480416</ele>
        <time>2026-07-22T12:15:26.703Z</time>
      </trkpt>
      <trkpt lat="54.248269" lon="10.670150">
        <ele>73.973285</ele>
        <time>2026-07-22T12:15:30.738Z</time>
      </trkpt>
      <trkpt lat="54.247602" lon="10.670540">
        <ele>73.321918</ele>
        <time>2026-07-22T12:15:35.930Z</time>
      </trkpt>
      <trkpt lat="54.246900" lon="10.670772">
        <ele>74.633400</ele>
        <time>2026-07-22T12:15:46.032Z</time>
      </trkpt>
      <trkpt lat="54.246163" lon="10.670883">
        <ele>74.713258</ele>
        <time>2026-07-22T12:15:52.327Z</time>
      </trkpt>
      <trkpt lat="54.245571" lon="10.670901">
        <ele>75.622626</ele>
        <time>2026-07-22T12:16:00.087Z</time>
      </trkpt>
      <trkpt lat="54.245235" lon="10.670858">
        <ele>76.346720</ele>
        <time>2026-07-22T12:16:05.069Z</time>
      </trkpt>
      <trkpt lat="54.244894" lon="10.670428">
        <ele>76.920544</ele>
        <time>2026-07-22T12:16:10.058Z</time>
      </trkpt>
      <trkpt lat="54.244453" lon="10.669802">
        <ele>77.122531</ele>
        <time>2026-07-22T12:16:15.482Z</time>
      </trkpt>
      <trkpt lat="54.243981" lon="10.669398">
        <ele>77.550442</ele>
        <time>2026-07-22T12:16:21.141Z</time>
      </trkpt>
      <trkpt lat="54.243715" lon="10.669338">
        <ele>78.086566</ele>
        <time>2026-07-22T12:16:24.838Z</time>
      </trkpt>
      <trkpt lat="54.242983" lon="10.669615">
        <ele>80.183549</ele>
        <time>2026-07-22T12:16:36.749Z</time>
      </trkpt>
      <trkpt lat="54.242346" lon="10.669888">
        <ele>81.968737</ele>
        <time>2026-07-22T12:16:46.638Z</time>
      </trkpt>
      <trkpt lat="54.241709" lon="10.670343">
        <ele>84.631143</ele>
        <time>2026-07-22T12:16:59.251Z</time>
      </trkpt>
      <trkpt lat="54.240972" lon="10.671158">
        <ele>88.509451</ele>
        <time>2026-07-22T12:17:16.618Z</time>
      </trkpt>
      <trkpt lat="54.240355" lon="10.671948">
        <ele>90.695550</ele>
        <time>2026-07-22T12:17:28.918Z</time>
      </trkpt>
      <trkpt lat="54.240069" lon="10.672514">
        <ele>90.812132</ele>
        <time>2026-07-22T12:17:32.441Z</time>
      </trkpt>
      <trkpt lat="54.239933" lon="10.673287">
        <ele>92.482515</ele>
        <time>2026-07-22T12:17:40.715Z</time>
      </trkpt>
      <trkpt lat="54.239919" lon="10.673905">
        <ele>94.431013</ele>
        <time>2026-07-22T12:17:49.050Z</time>
      </trkpt>
      <trkpt lat="54.239833" lon="10.674548">
        <ele>96.107037</ele>
        <time>2026-07-22T12:17:56.542Z</time>
      </trkpt>
      <trkpt lat="54.239703" lon="10.674849">
        <ele>96.743542</ele>
        <time>2026-07-22T12:18:00.063Z</time>
      </trkpt>
      <trkpt lat="54.239482" lon="10.675175">
        <ele>97.175382</ele>
        <time>2026-07-22T12:18:03.795Z</time>
      </trkpt>
      <trkpt lat="54.239011" lon="10.675540">
        <ele>96.902102</ele>
        <time>2026-07-22T12:18:07.689Z</time>
      </trkpt>
      <trkpt lat="54.238263" lon="10.676256">
        <ele>96.296471</ele>
        <time>2026-07-22T12:18:14.249Z</time>
      </trkpt>
      <trkpt lat="54.237671" lon="10.676668">
        <ele>95.808929</ele>
        <time>2026-07-22T12:18:19.173Z</time>
      </trkpt>
      <trkpt lat="54.237360" lon="10.676840">
        <ele>95.590952</ele>
        <time>2026-07-22T12:18:21.678Z</time>
      </trkpt>
      <trkpt lat="54.237019" lon="10.676986">
        <ele>95.298973</ele>
        <time>2026-07-22T12:18:24.330Z</time>
      </trkpt>
      <trkpt lat="54.236561" lon="10.676989">
        <ele>94.876973</ele>
        <time>2026-07-22T12:18:27.698Z</time>
      </trkpt>
      <trkpt lat="54.236114" lon="10.676924">
        <ele>94.445543</ele>
        <time>2026-07-22T12:18:30.925Z</time>
      </trkpt>
      <trkpt lat="54.235007" lon="10.676466">
        <ele>96.170972</ele>
        <time>2026-07-22T12:18:45.388Z</time>
      </trkpt>
      <trkpt lat="54.234600" lon="10.676148">
        <ele>97.391590</ele>
        <time>2026-07-22T12:18:52.662Z</time>
      </trkpt>
      <trkpt lat="54.233998" lon="10.675375">
        <ele>98.000225</ele>
        <time>2026-07-22T12:19:00.645Z</time>
      </trkpt>
      <trkpt lat="54.233196" lon="10.674465">
        <ele>96.586827</ele>
        <time>2026-07-22T12:19:07.194Z</time>
      </trkpt>
      <trkpt lat="54.232580" lon="10.673310">
        <ele>96.002383</ele>
        <time>2026-07-22T12:19:14.393Z</time>
      </trkpt>
      <trkpt lat="54.232468" lon="10.673044">
        <ele>95.924781</ele>
        <time>2026-07-22T12:19:15.983Z</time>
      </trkpt>
      <trkpt lat="54.232397" lon="10.672859">
        <ele>95.899370</ele>
        <time>2026-07-22T12:19:17.089Z</time>
      </trkpt>
      <trkpt lat="54.232353" lon="10.672737">
        <ele>95.847063</ele>
        <time>2026-07-22T12:19:17.781Z</time>
      </trkpt>
      <trkpt lat="54.231715" lon="10.670629">
        <ele>94.532301</ele>
        <time>2026-07-22T12:19:28.178Z</time>
      </trkpt>
      <trkpt lat="54.231364" lon="10.669968">
        <ele>93.026317</ele>
        <time>2026-07-22T12:19:31.365Z</time>
      </trkpt>
      <trkpt lat="54.231267" lon="10.669637">
        <ele>92.056738</ele>
        <time>2026-07-22T12:19:32.617Z</time>
      </trkpt>
      <trkpt lat="54.231114" lon="10.668598">
        <ele>88.851846</ele>
        <time>2026-07-22T12:19:36.109Z</time>
      </trkpt>
      <trkpt lat="54.231080" lon="10.668333">
        <ele>88.177870</ele>
        <time>2026-07-22T12:19:37.129Z</time>
      </trkpt>
      <trkpt lat="54.230872" lon="10.666938">
        <ele>84.351324</ele>
        <time>2026-07-22T12:19:41.916Z</time>
      </trkpt>
      <trkpt lat="54.230837" lon="10.666166">
        <ele>84.081775</ele>
        <time>2026-07-22T12:19:45.695Z</time>
      </trkpt>
      <trkpt lat="54.230847" lon="10.665953">
        <ele>83.945380</ele>
        <time>2026-07-22T12:19:46.617Z</time>
      </trkpt>
      <trkpt lat="54.231103" lon="10.665016">
        <ele>82.932900</ele>
        <time>2026-07-22T12:19:50.747Z</time>
      </trkpt>
      <trkpt lat="54.231186" lon="10.664600">
        <ele>81.977459</ele>
        <time>2026-07-22T12:19:52.289Z</time>
      </trkpt>
      <trkpt lat="54.231006" lon="10.664318">
        <ele>81.037940</ele>
        <time>2026-07-22T12:19:53.601Z</time>
      </trkpt>
      <trkpt lat="54.230745" lon="10.664621">
        <ele>81.561001</ele>
        <time>2026-07-22T12:19:59.382Z</time>
      </trkpt>
      <trkpt lat="54.229841" lon="10.665517">
        <ele>82.678842</ele>
        <time>2026-07-22T12:20:10.690Z</time>
      </trkpt>
      <trkpt lat="54.225970" lon="10.668944">
        <ele>93.106847</ele>
        <time>2026-07-22T12:21:15.033Z</time>
      </trkpt>
      <trkpt lat="54.225871" lon="10.669015">
        <ele>93.238958</ele>
        <time>2026-07-22T12:21:16.036Z</time>
      </trkpt>
      <trkpt lat="54.224416" lon="10.669828">
        <ele>94.782345</ele>
        <time>2026-07-22T12:21:33.360Z</time>
      </trkpt>
      <trkpt lat="54.223338" lon="10.670085">
        <ele>97.647497</ele>
        <time>2026-07-22T12:21:50.093Z</time>
      </trkpt>
      <trkpt lat="54.222459" lon="10.670059">
        <ele>98.371978</ele>
        <time>2026-07-22T12:21:59.938Z</time>
      </trkpt>
      <trkpt lat="54.221581" lon="10.669690">
        <ele>96.089300</ele>
        <time>2026-07-22T12:22:05.623Z</time>
      </trkpt>
      <trkpt lat="54.219858" lon="10.668374">
        <ele>90.376346</ele>
        <time>2026-07-22T12:22:17.224Z</time>
      </trkpt>
      <trkpt lat="54.218874" lon="10.667728">
        <ele>85.688222</ele>
        <time>2026-07-22T12:22:23.251Z</time>
      </trkpt>
      <trkpt lat="54.218279" lon="10.667399">
        <ele>86.497356</ele>
        <time>2026-07-22T12:22:31.287Z</time>
      </trkpt>
      <trkpt lat="54.217341" lon="10.667399">
        <ele>86.171299</ele>
        <time>2026-07-22T12:22:38.750Z</time>
      </trkpt>
      <trkpt lat="54.216623" lon="10.667742">
        <ele>87.453198</ele>
        <time>2026-07-22T12:22:48.568Z</time>
      </trkpt>
      <trkpt lat="54.215750" lon="10.668454">
        <ele>89.984335</ele>
        <time>2026-07-22T12:23:03.093Z</time>
      </trkpt>
      <trkpt lat="54.214011" lon="10.670926">
        <ele>99.091195</ele>
        <time>2026-07-22T12:23:45.568Z</time>
      </trkpt>
      <trkpt lat="54.213311" lon="10.671658">
        <ele>100.832699</ele>
        <time>2026-07-22T12:23:56.929Z</time>
      </trkpt>
      <trkpt lat="54.212580" lon="10.672205">
        <ele>101.601430</ele>
        <time>2026-07-22T12:24:06.084Z</time>
      </trkpt>
      <trkpt lat="54.212302" lon="10.672351">
        <ele>101.294718</ele>
        <time>2026-07-22T12:24:08.059Z</time>
      </trkpt>
      <trkpt lat="54.211519" lon="10.672634">
        <ele>100.146262</ele>
        <time>2026-07-22T12:24:13.625Z</time>
      </trkpt>
      <trkpt lat="54.211014" lon="10.672715">
        <ele>99.696000</ele>
        <time>2026-07-22T12:24:17.600Z</time>
      </trkpt>
      <trkpt lat="54.209529" lon="10.672622">
        <ele>94.228062</ele>
        <time>2026-07-22T12:24:26.382Z</time>
      </trkpt>
      <trkpt lat="54.209102" lon="10.672555">
        <ele>92.877199</ele>
        <time>2026-07-22T12:24:29.000Z</time>
      </trkpt>
      <trkpt lat="54.208840" lon="10.672625">
        <ele>92.332061</ele>
        <time>2026-07-22T12:24:30.724Z</time>
      </trkpt>
      <trkpt lat="54.208534" lon="10.672522">
        <ele>91.939076</ele>
        <time>2026-07-22T12:24:32.965Z</time>
      </trkpt>
      <trkpt lat="54.207999" lon="10.672525">
        <ele>91.962520</ele>
        <time>2026-07-22T12:24:37.658Z</time>
      </trkpt>
      <trkpt lat="54.207903" lon="10.672475">
        <ele>92.030979</ele>
        <time>2026-07-22T12:24:38.740Z</time>
      </trkpt>
      <trkpt lat="54.207689" lon="10.672487">
        <ele>92.708927</ele>
        <time>2026-07-22T12:24:42.174Z</time>
      </trkpt>
      <trkpt lat="54.207193" lon="10.672634">
        <ele>95.209326</ele>
        <time>2026-07-22T12:24:53.456Z</time>
      </trkpt>
      <trkpt lat="54.207185" lon="10.672546">
        <ele>95.125877</ele>
        <time>2026-07-22T12:24:54.020Z</time>
      </trkpt>
      <trkpt lat="54.207178" lon="10.672461">
        <ele>95.045444</ele>
        <time>2026-07-22T12:24:54.351Z</time>
      </trkpt>
      <trkpt lat="54.207129" lon="10.672413">
        <ele>94.954967</ele>
        <time>2026-07-22T12:24:54.676Z</time>
      </trkpt>
      <trkpt lat="54.207123" lon="10.672303">
        <ele>94.849480</ele>
        <time>2026-07-22T12:24:55.039Z</time>
      </trkpt>
      <trkpt lat="54.207112" lon="10.672095">
        <ele>94.626288</ele>
        <time>2026-07-22T12:24:55.780Z</time>
      </trkpt>
      <trkpt lat="54.207452" lon="10.667473">
        <ele>95.931056</ele>
        <time>2026-07-22T12:25:23.665Z</time>
      </trkpt>
      <trkpt lat="54.207585" lon="10.666026">
        <ele>96.748034</ele>
        <time>2026-07-22T12:25:33.724Z</time>
      </trkpt>
      <trkpt lat="54.207558" lon="10.665026">
        <ele>95.891591</ele>
        <time>2026-07-22T12:25:37.756Z</time>
      </trkpt>
      <trkpt lat="54.207487" lon="10.664223">
        <ele>93.846359</ele>
        <time>2026-07-22T12:25:40.503Z</time>
      </trkpt>
      <trkpt lat="54.207263" lon="10.663259">
        <ele>90.664535</ele>
        <time>2026-07-22T12:25:43.878Z</time>
      </trkpt>
      <trkpt lat="54.207119" lon="10.662738">
        <ele>89.577897</ele>
        <time>2026-07-22T12:25:45.900Z</time>
      </trkpt>
      <trkpt lat="54.206772" lon="10.661402">
        <ele>88.181296</ele>
        <time>2026-07-22T12:25:51.865Z</time>
      </trkpt>
      <trkpt lat="54.206545" lon="10.660646">
        <ele>87.245735</ele>
        <time>2026-07-22T12:25:55.228Z</time>
      </trkpt>
      <trkpt lat="54.205649" lon="10.658418">
        <ele>83.475982</ele>
        <time>2026-07-22T12:26:05.301Z</time>
      </trkpt>
      <trkpt lat="54.205501" lon="10.657937">
        <ele>82.645419</ele>
        <time>2026-07-22T12:26:07.291Z</time>
      </trkpt>
      <trkpt lat="54.205258" lon="10.656522">
        <ele>81.177351</ele>
        <time>2026-07-22T12:26:13.172Z</time>
      </trkpt>
      <trkpt lat="54.205097" lon="10.656018">
        <ele>80.529126</ele>
        <time>2026-07-22T12:26:15.370Z</time>
      </trkpt>
      <trkpt lat="54.204786" lon="10.655290">
        <ele>79.847252</ele>
        <time>2026-07-22T12:26:19.009Z</time>
      </trkpt>
      <trkpt lat="54.203921" lon="10.653571">
        <ele>81.085605</ele>
        <time>2026-07-22T12:26:34.315Z</time>
      </trkpt>
      <trkpt lat="54.203904" lon="10.653535">
        <ele>81.086346</ele>
        <time>2026-07-22T12:26:34.631Z</time>
      </trkpt>
      <trkpt lat="54.203631" lon="10.652972">
        <ele>80.682381</ele>
        <time>2026-07-22T12:26:39.064Z</time>
      </trkpt>
      <trkpt lat="54.203541" lon="10.652807">
        <ele>80.509215</ele>
        <time>2026-07-22T12:26:40.351Z</time>
      </trkpt>
      <trkpt lat="54.203476" lon="10.652745">
        <ele>80.421850</ele>
        <time>2026-07-22T12:26:41.084Z</time>
      </trkpt>
      <trkpt lat="54.203157" lon="10.652002">
        <ele>79.886533</ele>
        <time>2026-07-22T12:26:46.645Z</time>
      </trkpt>
      <trkpt lat="54.202978" lon="10.651739">
        <ele>79.878972</ele>
        <time>2026-07-22T12:26:50.024Z</time>
      </trkpt>
      <trkpt lat="54.202907" lon="10.651686">
        <ele>79.700335</ele>
        <time>2026-07-22T12:26:50.796Z</time>
      </trkpt>
      <trkpt lat="54.202708" lon="10.651635">
        <ele>78.859895</ele>
        <time>2026-07-22T12:26:52.408Z</time>
      </trkpt>
      <trkpt lat="54.202162" lon="10.651918">
        <ele>76.633231</ele>
        <time>2026-07-22T12:26:57.242Z</time>
      </trkpt>
      <trkpt lat="54.201977" lon="10.651932">
        <ele>76.037831</ele>
        <time>2026-07-22T12:26:58.855Z</time>
      </trkpt>
      <trkpt lat="54.201784" lon="10.651886">
        <ele>75.488279</ele>
        <time>2026-07-22T12:27:00.598Z</time>
      </trkpt>
      <trkpt lat="54.201526" lon="10.651674">
        <ele>74.710819</ele>
        <time>2026-07-22T12:27:03.155Z</time>
      </trkpt>
      <trkpt lat="54.201388" lon="10.651445">
        <ele>74.243863</ele>
        <time>2026-07-22T12:27:04.910Z</time>
      </trkpt>
      <trkpt lat="54.200987" lon="10.650598">
        <ele>72.894153</ele>
        <time>2026-07-22T12:27:10.895Z</time>
      </trkpt>
      <trkpt lat="54.200831" lon="10.650407">
        <ele>72.471431</ele>
        <time>2026-07-22T12:27:12.729Z</time>
      </trkpt>
      <trkpt lat="54.200643" lon="10.650272">
        <ele>71.938621</ele>
        <time>2026-07-22T12:27:14.527Z</time>
      </trkpt>
      <trkpt lat="54.200574" lon="10.650329">
        <ele>71.725473</ele>
        <time>2026-07-22T12:27:15.280Z</time>
      </trkpt>
      <trkpt lat="54.200450" lon="10.650302">
        <ele>71.377794</ele>
        <time>2026-07-22T12:27:16.087Z</time>
      </trkpt>
      <trkpt lat="54.199869" lon="10.650185">
        <ele>68.035408</ele>
        <time>2026-07-22T12:27:19.313Z</time>
      </trkpt>
      <trkpt lat="54.199424" lon="10.650282">
        <ele>65.628343</ele>
        <time>2026-07-22T12:27:21.819Z</time>
      </trkpt>
      <trkpt lat="54.199178" lon="10.650332">
        <ele>64.441982</ele>
        <time>2026-07-22T12:27:23.228Z</time>
      </trkpt>
      <trkpt lat="54.198833" lon="10.650324">
        <ele>63.002981</ele>
        <time>2026-07-22T12:27:25.259Z</time>
      </trkpt>
      <trkpt lat="54.198695" lon="10.650276">
        <ele>62.419868</ele>
        <time>2026-07-22T12:27:26.082Z</time>
      </trkpt>
      <trkpt lat="54.198534" lon="10.650129">
        <ele>61.307874</ele>
        <time>2026-07-22T12:27:27.110Z</time>
      </trkpt>
      <trkpt lat="54.198495" lon="10.650082">
        <ele>60.986188</ele>
        <time>2026-07-22T12:27:27.366Z</time>
      </trkpt>
      <trkpt lat="54.198167" lon="10.649564">
        <ele>56.672989</ele>
        <time>2026-07-22T12:27:29.656Z</time>
      </trkpt>
      <trkpt lat="54.197580" lon="10.649096">
        <ele>53.647451</ele>
        <time>2026-07-22T12:27:33.375Z</time>
      </trkpt>
      <trkpt lat="54.197448" lon="10.648864">
        <ele>53.175015</ele>
        <time>2026-07-22T12:27:34.666Z</time>
      </trkpt>
      <trkpt lat="54.197294" lon="10.648460">
        <ele>52.142362</ele>
        <time>2026-07-22T12:27:36.513Z</time>
      </trkpt>
      <trkpt lat="54.197283" lon="10.648433">
        <ele>52.051529</ele>
        <time>2026-07-22T12:27:36.616Z</time>
      </trkpt>
      <trkpt lat="54.196896" lon="10.647400">
        <ele>43.450472</ele>
        <time>2026-07-22T12:27:40.234Z</time>
      </trkpt>
      <trkpt lat="54.196455" lon="10.646224">
        <ele>38.662923</ele>
        <time>2026-07-22T12:27:44.773Z</time>
      </trkpt>
      <trkpt lat="54.196302" lon="10.645884">
        <ele>37.505616</ele>
        <time>2026-07-22T12:27:46.225Z</time>
      </trkpt>
      <trkpt lat="54.196157" lon="10.645682">
        <ele>36.739650</ele>
        <time>2026-07-22T12:27:47.318Z</time>
      </trkpt>
      <trkpt lat="54.195962" lon="10.645486">
        <ele>35.953808</ele>
        <time>2026-07-22T12:27:48.673Z</time>
      </trkpt>
      <trkpt lat="54.194547" lon="10.644618">
        <ele>32.389727</ele>
        <time>2026-07-22T12:27:58.175Z</time>
      </trkpt>
      <trkpt lat="54.193953" lon="10.644232">
        <ele>33.358964</ele>
        <time>2026-07-22T12:28:06.580Z</time>
      </trkpt>
      <trkpt lat="54.193745" lon="10.644022">
        <ele>34.097549</ele>
        <time>2026-07-22T12:28:10.656Z</time>
      </trkpt>
      <trkpt lat="54.193460" lon="10.643545">
        <ele>35.372761</ele>
        <time>2026-07-22T12:28:17.512Z</time>
      </trkpt>
      <trkpt lat="54.192943" lon="10.642566">
        <ele>37.124284</ele>
        <time>2026-07-22T12:28:28.582Z</time>
      </trkpt>
      <trkpt lat="54.192787" lon="10.642112">
        <ele>37.506637</ele>
        <time>2026-07-22T12:28:31.964Z</time>
      </trkpt>
      <trkpt lat="54.192623" lon="10.640933">
        <ele>38.516550</ele>
        <time>2026-07-22T12:28:40.304Z</time>
      </trkpt>
      <trkpt lat="54.192543" lon="10.640698">
        <ele>39.768565</ele>
        <time>2026-07-22T12:28:44.834Z</time>
      </trkpt>
      <trkpt lat="54.192356" lon="10.640387">
        <ele>42.473335</ele>
        <time>2026-07-22T12:28:53.751Z</time>
      </trkpt>
      <trkpt lat="54.192024" lon="10.640156">
        <ele>46.797906</ele>
        <time>2026-07-22T12:29:09.450Z</time>
      </trkpt>
      <trkpt lat="54.191548" lon="10.639968">
        <ele>50.092798</ele>
        <time>2026-07-22T12:29:20.093Z</time>
      </trkpt>
      <trkpt lat="54.191381" lon="10.639804">
        <ele>51.020300</ele>
        <time>2026-07-22T12:29:24.276Z</time>
      </trkpt>
      <trkpt lat="54.191267" lon="10.639643">
        <ele>51.625118</ele>
        <time>2026-07-22T12:29:26.860Z</time>
      </trkpt>
      <trkpt lat="54.191074" lon="10.639344">
        <ele>52.654623</ele>
        <time>2026-07-22T12:29:30.361Z</time>
      </trkpt>
      <trkpt lat="54.190867" lon="10.639029">
        <ele>55.049023</ele>
        <time>2026-07-22T12:29:40.370Z</time>
      </trkpt>
      <trkpt lat="54.190372" lon="10.638419">
        <ele>59.220161</ele>
        <time>2026-07-22T12:29:55.723Z</time>
      </trkpt>
      <trkpt lat="54.190142" lon="10.638125">
        <ele>60.101739</ele>
        <time>2026-07-22T12:30:00.204Z</time>
      </trkpt>
      <trkpt lat="54.189990" lon="10.637914">
        <ele>60.452193</ele>
        <time>2026-07-22T12:30:02.544Z</time>
      </trkpt>
      <trkpt lat="54.189818" lon="10.637602">
        <ele>60.843190</ele>
        <time>2026-07-22T12:30:05.847Z</time>
      </trkpt>
      <trkpt lat="54.189651" lon="10.637165">
        <ele>61.083229</ele>
        <time>2026-07-22T12:30:09.240Z</time>
      </trkpt>
      <trkpt lat="54.189567" lon="10.636833">
        <ele>60.794256</ele>
        <time>2026-07-22T12:30:10.677Z</time>
      </trkpt>
      <trkpt lat="54.189499" lon="10.636479">
        <ele>60.338629</ele>
        <time>2026-07-22T12:30:12.114Z</time>
      </trkpt>
      <trkpt lat="54.189353" lon="10.635254">
        <ele>58.159405</ele>
        <time>2026-07-22T12:30:16.589Z</time>
      </trkpt>
      <trkpt lat="54.189302" lon="10.634972">
        <ele>58.042633</ele>
        <time>2026-07-22T12:30:17.835Z</time>
      </trkpt>
      <trkpt lat="54.188559" lon="10.632220">
        <ele>60.832368</ele>
        <time>2026-07-22T12:30:40.633Z</time>
      </trkpt>
      <trkpt lat="54.188364" lon="10.631415">
        <ele>60.978804</ele>
        <time>2026-07-22T12:30:45.633Z</time>
      </trkpt>
      <trkpt lat="54.187724" lon="10.628528">
        <ele>55.314685</ele>
        <time>2026-07-22T12:30:56.632Z</time>
      </trkpt>
      <trkpt lat="54.187574" lon="10.628027">
        <ele>54.243697</ele>
        <time>2026-07-22T12:30:58.664Z</time>
      </trkpt>
      <trkpt lat="54.187426" lon="10.627758">
        <ele>53.235944</ele>
        <time>2026-07-22T12:30:59.882Z</time>
      </trkpt>
      <trkpt lat="54.186599" lon="10.626745">
        <ele>47.890568</ele>
        <time>2026-07-22T12:31:08.092Z</time>
      </trkpt>
      <trkpt lat="54.186475" lon="10.626518">
        <ele>46.408630</ele>
        <time>2026-07-22T12:31:09.456Z</time>
      </trkpt>
      <trkpt lat="54.186301" lon="10.626024">
        <ele>43.399757</ele>
        <time>2026-07-22T12:31:11.938Z</time>
      </trkpt>
      <trkpt lat="54.185832" lon="10.623881">
        <ele>34.958086</ele>
        <time>2026-07-22T12:31:22.408Z</time>
      </trkpt>
      <trkpt lat="54.185711" lon="10.623469">
        <ele>34.158803</ele>
        <time>2026-07-22T12:31:24.829Z</time>
      </trkpt>
      <trkpt lat="54.185640" lon="10.623270">
        <ele>33.895208</ele>
        <time>2026-07-22T12:31:26.139Z</time>
      </trkpt>
      <trkpt lat="54.185436" lon="10.622894">
        <ele>33.518234</ele>
        <time>2026-07-22T12:31:29.113Z</time>
      </trkpt>
      <trkpt lat="54.185035" lon="10.622441">
        <ele>33.552293</ele>
        <time>2026-07-22T12:31:35.586Z</time>
      </trkpt>
      <trkpt lat="54.184228" lon="10.621691">
        <ele>32.642193</ele>
        <time>2026-07-22T12:31:42.328Z</time>
      </trkpt>
      <trkpt lat="54.184055" lon="10.621487">
        <ele>31.886398</ele>
        <time>2026-07-22T12:31:43.570Z</time>
      </trkpt>
      <trkpt lat="54.183538" lon="10.620505">
        <ele>28.077507</ele>
        <time>2026-07-22T12:31:47.946Z</time>
      </trkpt>
      <trkpt lat="54.183218" lon="10.619907">
        <ele>25.577354</ele>
        <time>2026-07-22T12:31:50.571Z</time>
      </trkpt>
      <trkpt lat="54.182588" lon="10.620531">
        <ele>25.400000</ele>
        <time>2026-07-22T12:31:57.109Z</time>
      </trkpt>
      <trkpt lat="54.182247" lon="10.620833">
        <ele>25.531221</ele>
        <time>2026-07-22T12:32:00.560Z</time>
      </trkpt>
      <trkpt lat="54.181920" lon="10.621113">
        <ele>26.924440</ele>
        <time>2026-07-22T12:32:07.551Z</time>
      </trkpt>
      <trkpt lat="54.181604" lon="10.621624">
        <ele>28.323575</ele>
        <time>2026-07-22T12:32:14.617Z</time>
      </trkpt>
      <trkpt lat="54.181562" lon="10.621697">
        <ele>28.514230</ele>
        <time>2026-07-22T12:32:15.657Z</time>
      </trkpt>
      <trkpt lat="54.181409" lon="10.621921">
        <ele>29.079658</ele>
        <time>2026-07-22T12:32:18.949Z</time>
      </trkpt>
      <trkpt lat="54.181242" lon="10.622064">
        <ele>29.277094</ele>
        <time>2026-07-22T12:32:21.218Z</time>
      </trkpt>
      <trkpt lat="54.180789" lon="10.622360">
        <ele>28.850752</ele>
        <time>2026-07-22T12:32:24.751Z</time>
      </trkpt>
      <trkpt lat="54.180652" lon="10.622472">
        <ele>28.552375</ele>
        <time>2026-07-22T12:32:25.775Z</time>
      </trkpt>
      <trkpt lat="54.180267" lon="10.622781">
        <ele>27.460929</ele>
        <time>2026-07-22T12:32:28.397Z</time>
      </trkpt>
      <trkpt lat="54.179972" lon="10.623005">
        <ele>26.999177</ele>
        <time>2026-07-22T12:32:30.639Z</time>
      </trkpt>
      <trkpt lat="54.179733" lon="10.623105">
        <ele>27.050782</ele>
        <time>2026-07-22T12:32:33.018Z</time>
      </trkpt>
      <trkpt lat="54.179607" lon="10.623109">
        <ele>27.077951</ele>
        <time>2026-07-22T12:32:34.949Z</time>
      </trkpt>
      <trkpt lat="54.179076" lon="10.623160">
        <ele>27.090556</ele>
        <time>2026-07-22T12:32:39.384Z</time>
      </trkpt>
      <trkpt lat="54.178737" lon="10.623269">
        <ele>27.434617</ele>
        <time>2026-07-22T12:32:43.486Z</time>
      </trkpt>
      <trkpt lat="54.177638" lon="10.623968">
        <ele>28.172584</ele>
        <time>2026-07-22T12:32:55.015Z</time>
      </trkpt>
      <trkpt lat="54.177467" lon="10.624039">
        <ele>28.874883</ele>
        <time>2026-07-22T12:32:58.691Z</time>
      </trkpt>
      <trkpt lat="54.177393" lon="10.624055">
        <ele>29.341701</ele>
        <time>2026-07-22T12:33:00.592Z</time>
      </trkpt>
      <trkpt lat="54.176975" lon="10.624048">
        <ele>31.701914</ele>
        <time>2026-07-22T12:33:10.944Z</time>
      </trkpt>
      <trkpt lat="54.176763" lon="10.623963">
        <ele>31.962199</ele>
        <time>2026-07-22T12:33:12.692Z</time>
      </trkpt>
      <trkpt lat="54.176449" lon="10.623706">
        <ele>31.623792</ele>
        <time>2026-07-22T12:33:15.215Z</time>
      </trkpt>
      <trkpt lat="54.176252" lon="10.623449">
        <ele>31.501206</ele>
        <time>2026-07-22T12:33:17.208Z</time>
      </trkpt>
      <trkpt lat="54.176059" lon="10.623141">
        <ele>31.439091</ele>
        <time>2026-07-22T12:33:19.375Z</time>
      </trkpt>
      <trkpt lat="54.175799" lon="10.622559">
        <ele>31.658833</ele>
        <time>2026-07-22T12:33:23.615Z</time>
      </trkpt>
      <trkpt lat="54.175443" lon="10.621934">
        <ele>32.857688</ele>
        <time>2026-07-22T12:33:30.661Z</time>
      </trkpt>
      <trkpt lat="54.174657" lon="10.620800">
        <ele>37.976592</ele>
        <time>2026-07-22T12:33:52.392Z</time>
      </trkpt>
      <trkpt lat="54.174396" lon="10.620226">
        <ele>42.500213</ele>
        <time>2026-07-22T12:34:07.458Z</time>
      </trkpt>
      <trkpt lat="54.174256" lon="10.619884">
        <ele>44.919981</ele>
        <time>2026-07-22T12:34:16.217Z</time>
      </trkpt>
      <trkpt lat="54.174094" lon="10.619584">
        <ele>45.684655</ele>
        <time>2026-07-22T12:34:19.536Z</time>
      </trkpt>
      <trkpt lat="54.173945" lon="10.619381">
        <ele>46.009499</ele>
        <time>2026-07-22T12:34:21.818Z</time>
      </trkpt>
      <trkpt lat="54.173661" lon="10.619128">
        <ele>46.692319</ele>
        <time>2026-07-22T12:34:26.255Z</time>
      </trkpt>
      <trkpt lat="54.173381" lon="10.618962">
        <ele>47.683337</ele>
        <time>2026-07-22T12:34:31.470Z</time>
      </trkpt>
      <trkpt lat="54.173000" lon="10.618916">
        <ele>49.081034</ele>
        <time>2026-07-22T12:34:38.006Z</time>
      </trkpt>
      <trkpt lat="54.172565" lon="10.619177">
        <ele>50.978800</ele>
        <time>2026-07-22T12:34:47.661Z</time>
      </trkpt>
      <trkpt lat="54.171953" lon="10.619413">
        <ele>51.580589</ele>
        <time>2026-07-22T12:34:53.566Z</time>
      </trkpt>
      <trkpt lat="54.171476" lon="10.619498">
        <ele>52.751734</ele>
        <time>2026-07-22T12:35:00.647Z</time>
      </trkpt>
      <trkpt lat="54.170897" lon="10.619445">
        <ele>55.433366</ele>
        <time>2026-07-22T12:35:12.502Z</time>
      </trkpt>
      <trkpt lat="54.169175" lon="10.619001">
        <ele>65.107570</ele>
        <time>2026-07-22T12:35:51.796Z</time>
      </trkpt>
      <trkpt lat="54.168858" lon="10.618857">
        <ele>65.907014</ele>
        <time>2026-07-22T12:35:56.410Z</time>
      </trkpt>
      <trkpt lat="54.168377" lon="10.618559">
        <ele>65.511982</ele>
        <time>2026-07-22T12:36:00.411Z</time>
      </trkpt>
      <trkpt lat="54.168075" lon="10.618303">
        <ele>64.428877</ele>
        <time>2026-07-22T12:36:02.381Z</time>
      </trkpt>
      <trkpt lat="54.167365" lon="10.617595">
        <ele>63.460947</ele>
        <time>2026-07-22T12:36:08.360Z</time>
      </trkpt>
      <trkpt lat="54.166978" lon="10.617111">
        <ele>62.665407</ele>
        <time>2026-07-22T12:36:11.634Z</time>
      </trkpt>
      <trkpt lat="54.166476" lon="10.616301">
        <ele>61.086445</ele>
        <time>2026-07-22T12:36:16.078Z</time>
      </trkpt>
      <trkpt lat="54.166293" lon="10.615961">
        <ele>60.400895</ele>
        <time>2026-07-22T12:36:17.784Z</time>
      </trkpt>
      <trkpt lat="54.165554" lon="10.614584">
        <ele>57.603690</ele>
        <time>2026-07-22T12:36:24.668Z</time>
      </trkpt>
      <trkpt lat="54.164682" lon="10.612959">
        <ele>54.406379</ele>
        <time>2026-07-22T12:36:32.898Z</time>
      </trkpt>
      <trkpt lat="54.164168" lon="10.612001">
        <ele>52.520494</ele>
        <time>2026-07-22T12:36:37.746Z</time>
      </trkpt>
      <trkpt lat="54.163911" lon="10.611648">
        <ele>51.044784</ele>
        <time>2026-07-22T12:36:39.637Z</time>
      </trkpt>
      <trkpt lat="54.163613" lon="10.611308">
        <ele>49.109284</ele>
        <time>2026-07-22T12:36:41.639Z</time>
      </trkpt>
      <trkpt lat="54.163089" lon="10.611030">
        <ele>46.284431</ele>
        <time>2026-07-22T12:36:44.715Z</time>
      </trkpt>
      <trkpt lat="54.162132" lon="10.610846">
        <ele>42.123346</ele>
        <time>2026-07-22T12:36:50.300Z</time>
      </trkpt>
      <trkpt lat="54.161527" lon="10.610828">
        <ele>39.692726</ele>
        <time>2026-07-22T12:36:53.872Z</time>
      </trkpt>
      <trkpt lat="54.160608" lon="10.611045">
        <ele>35.036226</ele>
        <time>2026-07-22T12:37:01.351Z</time>
      </trkpt>
      <trkpt lat="54.159838" lon="10.611156">
        <ele>31.583239</ele>
        <time>2026-07-22T12:37:07.714Z</time>
      </trkpt>
      <trkpt lat="54.159294" lon="10.611171">
        <ele>30.507518</ele>
        <time>2026-07-22T12:37:12.862Z</time>
      </trkpt>
      <trkpt lat="54.159012" lon="10.611110">
        <ele>30.477133</ele>
        <time>2026-07-22T12:37:16.241Z</time>
      </trkpt>
      <trkpt lat="54.158741" lon="10.610995">
        <ele>30.902161</ele>
        <time>2026-07-22T12:37:20.748Z</time>
      </trkpt>
      <trkpt lat="54.158336" lon="10.610795">
        <ele>32.681807</ele>
        <time>2026-07-22T12:37:28.582Z</time>
      </trkpt>
      <trkpt lat="54.158115" lon="10.610685">
        <ele>34.060671</ele>
        <time>2026-07-22T12:37:34.962Z</time>
      </trkpt>
      <trkpt lat="54.156005" lon="10.609626">
        <ele>39.764122</ele>
        <time>2026-07-22T12:38:07.895Z</time>
      </trkpt>
      <trkpt lat="54.155979" lon="10.609613">
        <ele>39.803136</ele>
        <time>2026-07-22T12:38:08.218Z</time>
      </trkpt>
      <trkpt lat="54.155335" lon="10.609291">
        <ele>40.015509</ele>
        <time>2026-07-22T12:38:14.434Z</time>
      </trkpt>
      <trkpt lat="54.155277" lon="10.609260">
        <ele>40.031001</ele>
        <time>2026-07-22T12:38:14.994Z</time>
      </trkpt>
      <trkpt lat="54.155077" lon="10.609153">
        <ele>40.265678</ele>
        <time>2026-07-22T12:38:17.345Z</time>
      </trkpt>
      <trkpt lat="54.154739" lon="10.608960">
        <ele>41.014427</ele>
        <time>2026-07-22T12:38:22.450Z</time>
      </trkpt>
      <trkpt lat="54.154547" lon="10.608889">
        <ele>41.236938</ele>
        <time>2026-07-22T12:38:24.686Z</time>
      </trkpt>
      <trkpt lat="54.154479" lon="10.608867">
        <ele>41.249298</ele>
        <time>2026-07-22T12:38:25.513Z</time>
      </trkpt>
      <trkpt lat="54.154235" lon="10.608829">
        <ele>40.808011</ele>
        <time>2026-07-22T12:38:27.373Z</time>
      </trkpt>
      <trkpt lat="54.154090" lon="10.608812">
        <ele>39.940217</ele>
        <time>2026-07-22T12:38:28.145Z</time>
      </trkpt>
      <trkpt lat="54.153680" lon="10.608925">
        <ele>36.591869</ele>
        <time>2026-07-22T12:38:30.317Z</time>
      </trkpt>
      <trkpt lat="54.153340" lon="10.609008">
        <ele>35.556135</ele>
        <time>2026-07-22T12:38:32.531Z</time>
      </trkpt>
      <trkpt lat="54.152832" lon="10.609110">
        <ele>34.933659</ele>
        <time>2026-07-22T12:38:36.152Z</time>
      </trkpt>
      <trkpt lat="54.152535" lon="10.609128">
        <ele>34.902685</ele>
        <time>2026-07-22T12:38:38.805Z</time>
      </trkpt>
      <trkpt lat="54.152419" lon="10.609120">
        <ele>34.902437</ele>
        <time>2026-07-22T12:38:40.162Z</time>
      </trkpt>
      <trkpt lat="54.152031" lon="10.609024">
        <ele>34.331135</ele>
        <time>2026-07-22T12:38:42.790Z</time>
      </trkpt>
      <trkpt lat="54.151569" lon="10.608734">
        <ele>33.667269</ele>
        <time>2026-07-22T12:38:46.294Z</time>
      </trkpt>
      <trkpt lat="54.151106" lon="10.608344">
        <ele>32.748641</ele>
        <time>2026-07-22T12:38:49.710Z</time>
      </trkpt>
      <trkpt lat="54.150984" lon="10.608227">
        <ele>32.676356</ele>
        <time>2026-07-22T12:38:50.767Z</time>
      </trkpt>
      <trkpt lat="54.150654" lon="10.607900">
        <ele>32.672028</ele>
        <time>2026-07-22T12:38:54.799Z</time>
      </trkpt>
      <trkpt lat="54.150243" lon="10.607477">
        <ele>32.127983</ele>
        <time>2026-07-22T12:38:58.199Z</time>
      </trkpt>
      <trkpt lat="54.150038" lon="10.607161">
        <ele>31.511786</ele>
        <time>2026-07-22T12:38:59.948Z</time>
      </trkpt>
      <trkpt lat="54.149965" lon="10.606982">
        <ele>31.261511</ele>
        <time>2026-07-22T12:39:00.768Z</time>
      </trkpt>
      <trkpt lat="54.149660" lon="10.607240">
        <ele>30.775674</ele>
        <time>2026-07-22T12:39:03.208Z</time>
      </trkpt>
      <trkpt lat="54.149329" lon="10.607372">
        <ele>30.074764</ele>
        <time>2026-07-22T12:39:05.458Z</time>
      </trkpt>
      <trkpt lat="54.149253" lon="10.607394">
        <ele>29.821433</ele>
        <time>2026-07-22T12:39:05.930Z</time>
      </trkpt>
      <trkpt lat="54.148981" lon="10.607434">
        <ele>28.706977</ele>
        <time>2026-07-22T12:39:07.503Z</time>
      </trkpt>
      <trkpt lat="54.148862" lon="10.607441">
        <ele>28.305171</ele>
        <time>2026-07-22T12:39:08.199Z</time>
      </trkpt>
      <trkpt lat="54.148836" lon="10.607444">
        <ele>28.222605</ele>
        <time>2026-07-22T12:39:08.356Z</time>
      </trkpt>
      <trkpt lat="54.148707" lon="10.607479">
        <ele>27.907207</ele>
        <time>2026-07-22T12:39:09.194Z</time>
      </trkpt>
      <trkpt lat="54.148600" lon="10.607580">
        <ele>27.918878</ele>
        <time>2026-07-22T12:39:10.289Z</time>
      </trkpt>
      <trkpt lat="54.148369" lon="10.607912">
        <ele>28.329725</ele>
        <time>2026-07-22T12:39:13.949Z</time>
      </trkpt>
      <trkpt lat="54.147894" lon="10.608654">
        <ele>30.055855</ele>
        <time>2026-07-22T12:39:23.825Z</time>
      </trkpt>
      <trkpt lat="54.147698" lon="10.608963">
        <ele>31.093289</ele>
        <time>2026-07-22T12:39:28.801Z</time>
      </trkpt>
      <trkpt lat="54.147660" lon="10.609023">
        <ele>31.286255</ele>
        <time>2026-07-22T12:39:29.802Z</time>
      </trkpt>
      <trkpt lat="54.147631" lon="10.609070">
        <ele>31.435326</ele>
        <time>2026-07-22T12:39:30.570Z</time>
      </trkpt>
      <trkpt lat="54.147309" lon="10.609584">
        <ele>32.635163</ele>
        <time>2026-07-22T12:39:37.871Z</time>
      </trkpt>
      <trkpt lat="54.147033" lon="10.610026">
        <ele>32.171469</ele>
        <time>2026-07-22T12:39:40.522Z</time>
      </trkpt>
      <trkpt lat="54.146733" lon="10.610489">
        <ele>30.284159</ele>
        <time>2026-07-22T12:39:42.797Z</time>
      </trkpt>
      <trkpt lat="54.146589" lon="10.610632">
        <ele>29.772460</ele>
        <time>2026-07-22T12:39:43.734Z</time>
      </trkpt>
      <trkpt lat="54.145978" lon="10.610762">
        <ele>30.200058</ele>
        <time>2026-07-22T12:39:51.899Z</time>
      </trkpt>
      <trkpt lat="54.145656" lon="10.610828">
        <ele>29.577498</ele>
        <time>2026-07-22T12:39:53.819Z</time>
      </trkpt>
      <trkpt lat="54.145399" lon="10.610880">
        <ele>30.045572</ele>
        <time>2026-07-22T12:39:58.044Z</time>
      </trkpt>
      <trkpt lat="54.145144" lon="10.610932">
        <ele>30.310955</ele>
        <time>2026-07-22T12:40:01.075Z</time>
      </trkpt>
      <trkpt lat="54.144239" lon="10.611116">
        <ele>29.844762</ele>
        <time>2026-07-22T12:40:07.926Z</time>
      </trkpt>
      <trkpt lat="54.144024" lon="10.611249">
        <ele>30.648449</ele>
        <time>2026-07-22T12:40:12.564Z</time>
      </trkpt>
      <trkpt lat="54.143793" lon="10.611495">
        <ele>31.303152</ele>
        <time>2026-07-22T12:40:17.353Z</time>
      </trkpt>
      <trkpt lat="54.143219" lon="10.612118">
        <ele>30.607526</ele>
        <time>2026-07-22T12:40:21.992Z</time>
      </trkpt>
      <trkpt lat="54.143093" lon="10.612219">
        <ele>30.391155</ele>
        <time>2026-07-22T12:40:22.917Z</time>
      </trkpt>
      <trkpt lat="54.142696" lon="10.612403">
        <ele>29.721290</ele>
        <time>2026-07-22T12:40:25.717Z</time>
      </trkpt>
      <trkpt lat="54.142267" lon="10.612598">
        <ele>29.319465</ele>
        <time>2026-07-22T12:40:28.960Z</time>
      </trkpt>
      <trkpt lat="54.142048" lon="10.612832">
        <ele>29.847579</ele>
        <time>2026-07-22T12:40:32.476Z</time>
      </trkpt>
      <trkpt lat="54.141728" lon="10.613210">
        <ele>32.226309</ele>
        <time>2026-07-22T12:40:42.470Z</time>
      </trkpt>
      <trkpt lat="54.141310" lon="10.613964">
        <ele>34.241634</ele>
        <time>2026-07-22T12:40:52.606Z</time>
      </trkpt>
      <trkpt lat="54.140981" lon="10.614468">
        <ele>34.351551</ele>
        <time>2026-07-22T12:40:57.080Z</time>
      </trkpt>
      <trkpt lat="54.140570" lon="10.614921">
        <ele>33.093625</ele>
        <time>2026-07-22T12:41:00.096Z</time>
      </trkpt>
      <trkpt lat="54.140292" lon="10.615164">
        <ele>31.800171</ele>
        <time>2026-07-22T12:41:01.883Z</time>
      </trkpt>
      <trkpt lat="54.140031" lon="10.615357">
        <ele>31.489961</ele>
        <time>2026-07-22T12:41:03.864Z</time>
      </trkpt>
      <trkpt lat="54.139814" lon="10.615419">
        <ele>31.725918</ele>
        <time>2026-07-22T12:41:07.183Z</time>
      </trkpt>
      <trkpt lat="54.139701" lon="10.615396">
        <ele>31.699159</ele>
        <time>2026-07-22T12:41:08.183Z</time>
      </trkpt>
      <trkpt lat="54.139550" lon="10.615345">
        <ele>31.368302</ele>
        <time>2026-07-22T12:41:09.119Z</time>
      </trkpt>
      <trkpt lat="54.139183" lon="10.615133">
        <ele>30.285193</ele>
        <time>2026-07-22T12:41:11.424Z</time>
      </trkpt>
      <trkpt lat="54.138935" lon="10.615047">
        <ele>30.943493</ele>
        <time>2026-07-22T12:41:15.881Z</time>
      </trkpt>
      <trkpt lat="54.138848" lon="10.614988">
        <ele>31.337470</ele>
        <time>2026-07-22T12:41:17.679Z</time>
      </trkpt>
      <trkpt lat="54.138780" lon="10.614816">
        <ele>31.811326</ele>
        <time>2026-07-22T12:41:20.199Z</time>
      </trkpt>
      <trkpt lat="54.138716" lon="10.614429">
        <ele>32.569712</ele>
        <time>2026-07-22T12:41:24.079Z</time>
      </trkpt>
      <trkpt lat="54.138601" lon="10.613960">
        <ele>33.392693</ele>
        <time>2026-07-22T12:41:28.195Z</time>
      </trkpt>
      <trkpt lat="54.138520" lon="10.613701">
        <ele>33.919301</ele>
        <time>2026-07-22T12:41:31.617Z</time>
      </trkpt>
      <trkpt lat="54.138039" lon="10.612580">
        <ele>36.487519</ele>
        <time>2026-07-22T12:41:44.462Z</time>
      </trkpt>
      <trkpt lat="54.137854" lon="10.611962">
        <ele>38.844946</ele>
        <time>2026-07-22T12:41:53.846Z</time>
      </trkpt>
      <trkpt lat="54.137764" lon="10.611571">
        <ele>40.434517</ele>
        <time>2026-07-22T12:42:00.242Z</time>
      </trkpt>
      <trkpt lat="54.137747" lon="10.611494">
        <ele>40.696705</ele>
        <time>2026-07-22T12:42:01.312Z</time>
      </trkpt>
      <trkpt lat="54.137654" lon="10.611007">
        <ele>41.904874</ele>
        <time>2026-07-22T12:42:06.635Z</time>
      </trkpt>
      <trkpt lat="54.137571" lon="10.610480">
        <ele>42.950220</ele>
        <time>2026-07-22T12:42:12.455Z</time>
      </trkpt>
      <trkpt lat="54.137528" lon="10.610221">
        <ele>42.946706</ele>
        <time>2026-07-22T12:42:13.790Z</time>
      </trkpt>
      <trkpt lat="54.137378" lon="10.609303">
        <ele>41.713906</ele>
        <time>2026-07-22T12:42:17.366Z</time>
      </trkpt>
      <trkpt lat="54.137345" lon="10.608959">
        <ele>40.935618</ele>
        <time>2026-07-22T12:42:18.504Z</time>
      </trkpt>
      <trkpt lat="54.137327" lon="10.608711">
        <ele>40.989898</ele>
        <time>2026-07-22T12:42:20.563Z</time>
      </trkpt>
      <trkpt lat="54.137254" lon="10.607635">
        <ele>41.509080</ele>
        <time>2026-07-22T12:42:29.211Z</time>
      </trkpt>
      <trkpt lat="54.137201" lon="10.607320">
        <ele>41.904143</ele>
        <time>2026-07-22T12:42:32.705Z</time>
      </trkpt>
      <trkpt lat="54.137115" lon="10.607028">
        <ele>42.428622</ele>
        <time>2026-07-22T12:42:36.401Z</time>
      </trkpt>
      <trkpt lat="54.137103" lon="10.606978">
        <ele>42.527668</ele>
        <time>2026-07-22T12:42:37.042Z</time>
      </trkpt>
      <trkpt lat="54.137049" lon="10.606787">
        <ele>42.916419</ele>
        <time>2026-07-22T12:42:39.629Z</time>
      </trkpt>
      <trkpt lat="54.136895" lon="10.606929">
        <ele>42.921087</ele>
        <time>2026-07-22T12:42:42.018Z</time>
      </trkpt>
      <trkpt lat="54.136227" lon="10.607786">
        <ele>39.221767</ele>
        <time>2026-07-22T12:42:46.727Z</time>
      </trkpt>
      <trkpt lat="54.135654" lon="10.608519">
        <ele>36.918526</ele>
        <time>2026-07-22T12:42:51.090Z</time>
      </trkpt>
      <trkpt lat="54.135300" lon="10.609002">
        <ele>36.196002</ele>
        <time>2026-07-22T12:42:54.341Z</time>
      </trkpt>
      <trkpt lat="54.135120" lon="10.609164">
        <ele>35.655338</ele>
        <time>2026-07-22T12:42:55.598Z</time>
      </trkpt>
      <trkpt lat="54.135029" lon="10.609231">
        <ele>35.317391</ele>
        <time>2026-07-22T12:42:56.186Z</time>
      </trkpt>
      <trkpt lat="54.134548" lon="10.609594">
        <ele>33.622043</ele>
        <time>2026-07-22T12:43:00.797Z</time>
      </trkpt>
      <trkpt lat="54.133991" lon="10.610015">
        <ele>32.026017</ele>
        <time>2026-07-22T12:43:06.215Z</time>
      </trkpt>
      <trkpt lat="54.133631" lon="10.610276">
        <ele>32.273140</ele>
        <time>2026-07-22T12:43:11.598Z</time>
      </trkpt>
      <trkpt lat="54.133423" lon="10.610592">
        <ele>32.647756</ele>
        <time>2026-07-22T12:43:16.437Z</time>
      </trkpt>
      <trkpt lat="54.132768" lon="10.612266">
        <ele>30.679918</ele>
        <time>2026-07-22T12:43:27.696Z</time>
      </trkpt>
      <trkpt lat="54.132596" lon="10.612695">
        <ele>31.313547</ele>
        <time>2026-07-22T12:43:33.275Z</time>
      </trkpt>
      <trkpt lat="54.131990" lon="10.613921">
        <ele>34.028767</ele>
        <time>2026-07-22T12:43:47.912Z</time>
      </trkpt>
      <trkpt lat="54.131977" lon="10.613947">
        <ele>34.101265</ele>
        <time>2026-07-22T12:43:48.278Z</time>
      </trkpt>
      <trkpt lat="54.131270" lon="10.615407">
        <ele>39.972147</ele>
        <time>2026-07-22T12:44:12.398Z</time>
      </trkpt>
      <trkpt lat="54.131158" lon="10.615643">
        <ele>40.845935</ele>
        <time>2026-07-22T12:44:16.821Z</time>
      </trkpt>
      <trkpt lat="54.131135" lon="10.615697">
        <ele>41.016897</ele>
        <time>2026-07-22T12:44:17.562Z</time>
      </trkpt>
      <trkpt lat="54.130989" lon="10.616034">
        <ele>41.436778</ele>
        <time>2026-07-22T12:44:20.242Z</time>
      </trkpt>
      <trkpt lat="54.130866" lon="10.616340">
        <ele>41.383582</ele>
        <time>2026-07-22T12:44:22.066Z</time>
      </trkpt>
      <trkpt lat="54.130508" lon="10.616018">
        <ele>41.111189</ele>
        <time>2026-07-22T12:44:25.101Z</time>
      </trkpt>
      <trkpt lat="54.130437" lon="10.615952">
        <ele>41.058976</ele>
        <time>2026-07-22T12:44:25.728Z</time>
      </trkpt>
      <trkpt lat="54.130038" lon="10.615623">
        <ele>40.571910</ele>
        <time>2026-07-22T12:44:28.856Z</time>
      </trkpt>
      <trkpt lat="54.129831" lon="10.615447">
        <ele>40.680150</ele>
        <time>2026-07-22T12:44:31.142Z</time>
      </trkpt>
      <trkpt lat="54.129247" lon="10.614961">
        <ele>42.132883</ele>
        <time>2026-07-22T12:44:40.917Z</time>
      </trkpt>
      <trkpt lat="54.129069" lon="10.614811">
        <ele>42.086173</ele>
        <time>2026-07-22T12:44:43.177Z</time>
      </trkpt>
      <trkpt lat="54.128595" lon="10.614393">
        <ele>39.949663</ele>
        <time>2026-07-22T12:44:46.200Z</time>
      </trkpt>
      <trkpt lat="54.128373" lon="10.614203">
        <ele>40.018774</ele>
        <time>2026-07-22T12:44:48.376Z</time>
      </trkpt>
      <trkpt lat="54.128335" lon="10.614167">
        <ele>40.228837</ele>
        <time>2026-07-22T12:44:49.171Z</time>
      </trkpt>
      <trkpt lat="54.128124" lon="10.613990">
        <ele>41.273492</ele>
        <time>2026-07-22T12:44:54.931Z</time>
      </trkpt>
      <trkpt lat="54.127672" lon="10.613572">
        <ele>43.057158</ele>
        <time>2026-07-22T12:45:03.355Z</time>
      </trkpt>
      <trkpt lat="54.127653" lon="10.613660">
        <ele>43.212238</ele>
        <time>2026-07-22T12:45:04.276Z</time>
      </trkpt>
      <trkpt lat="54.126691" lon="10.612677">
        <ele>46.321355</ele>
        <time>2026-07-22T12:45:25.228Z</time>
      </trkpt>
      <trkpt lat="54.126464" lon="10.612545">
        <ele>47.139510</ele>
        <time>2026-07-22T12:45:30.133Z</time>
      </trkpt>
      <trkpt lat="54.126070" lon="10.612504">
        <ele>48.845162</ele>
        <time>2026-07-22T12:45:39.289Z</time>
      </trkpt>
      <trkpt lat="54.125927" lon="10.612481">
        <ele>49.364011</ele>
        <time>2026-07-22T12:45:42.232Z</time>
      </trkpt>
      <trkpt lat="54.125718" lon="10.612467">
        <ele>49.995270</ele>
        <time>2026-07-22T12:45:46.140Z</time>
      </trkpt>
      <trkpt lat="54.125433" lon="10.612390">
        <ele>50.914726</ele>
        <time>2026-07-22T12:45:51.690Z</time>
      </trkpt>
      <trkpt lat="54.125314" lon="10.612313">
        <ele>51.433348</ele>
        <time>2026-07-22T12:45:54.687Z</time>
      </trkpt>
      <trkpt lat="54.124663" lon="10.611758">
        <ele>55.263290</ele>
        <time>2026-07-22T12:46:13.041Z</time>
      </trkpt>
      <trkpt lat="54.124533" lon="10.611666">
        <ele>55.809622</ele>
        <time>2026-07-22T12:46:15.936Z</time>
      </trkpt>
      <trkpt lat="54.124330" lon="10.611538">
        <ele>55.966336</ele>
        <time>2026-07-22T12:46:18.900Z</time>
      </trkpt>
      <trkpt lat="54.123916" lon="10.611380">
        <ele>55.770455</ele>
        <time>2026-07-22T12:46:23.534Z</time>
      </trkpt>
      <trkpt lat="54.123581" lon="10.611341">
        <ele>55.385048</ele>
        <time>2026-07-22T12:46:26.940Z</time>
      </trkpt>
      <trkpt lat="54.123176" lon="10.611387">
        <ele>54.767719</ele>
        <time>2026-07-22T12:46:30.957Z</time>
      </trkpt>
      <trkpt lat="54.122920" lon="10.611467">
        <ele>54.247292</ele>
        <time>2026-07-22T12:46:33.415Z</time>
      </trkpt>
      <trkpt lat="54.122131" lon="10.611892">
        <ele>52.847099</ele>
        <time>2026-07-22T12:46:41.542Z</time>
      </trkpt>
      <trkpt lat="54.122123" lon="10.611795">
        <ele>52.736071</ele>
        <time>2026-07-22T12:46:42.039Z</time>
      </trkpt>
      <trkpt lat="54.122105" lon="10.611682">
        <ele>52.602536</ele>
        <time>2026-07-22T12:46:42.453Z</time>
      </trkpt>
      <trkpt lat="54.121905" lon="10.611777">
        <ele>52.369177</ele>
        <time>2026-07-22T12:46:43.952Z</time>
      </trkpt>
      <trkpt lat="54.121545" lon="10.611929">
        <ele>52.401200</ele>
        <time>2026-07-22T12:46:47.481Z</time>
      </trkpt>
      <trkpt lat="54.121222" lon="10.612055">
        <ele>52.581689</ele>
        <time>2026-07-22T12:46:50.811Z</time>
      </trkpt>
      <trkpt lat="54.121057" lon="10.612067">
        <ele>52.759699</ele>
        <time>2026-07-22T12:46:52.934Z</time>
      </trkpt>
      <trkpt lat="54.120768" lon="10.612171">
        <ele>52.982236</ele>
        <time>2026-07-22T12:46:56.256Z</time>
      </trkpt>
      <trkpt lat="54.120525" lon="10.612291">
        <ele>52.824266</ele>
        <time>2026-07-22T12:46:58.046Z</time>
      </trkpt>
      <trkpt lat="54.120393" lon="10.612367">
        <ele>52.846039</ele>
        <time>2026-07-22T12:46:59.194Z</time>
      </trkpt>
      <trkpt lat="54.120189" lon="10.612430">
        <ele>53.130402</ele>
        <time>2026-07-22T12:47:02.051Z</time>
      </trkpt>
      <trkpt lat="54.120053" lon="10.612547">
        <ele>53.485866</ele>
        <time>2026-07-22T12:47:04.240Z</time>
      </trkpt>
      <trkpt lat="54.119453" lon="10.612769">
        <ele>54.650508</ele>
        <time>2026-07-22T12:47:12.750Z</time>
      </trkpt>
      <trkpt lat="54.119343" lon="10.612806">
        <ele>54.706013</ele>
        <time>2026-07-22T12:47:13.718Z</time>
      </trkpt>
      <trkpt lat="54.119218" lon="10.612850">
        <ele>54.646018</ele>
        <time>2026-07-22T12:47:14.675Z</time>
      </trkpt>
      <trkpt lat="54.119141" lon="10.612875">
        <ele>54.643047</ele>
        <time>2026-07-22T12:47:15.360Z</time>
      </trkpt>
      <trkpt lat="54.118734" lon="10.612974">
        <ele>54.984567</ele>
        <time>2026-07-22T12:47:19.832Z</time>
      </trkpt>
      <trkpt lat="54.118329" lon="10.613006">
        <ele>55.268196</ele>
        <time>2026-07-22T12:47:23.980Z</time>
      </trkpt>
      <trkpt lat="54.117918" lon="10.612952">
        <ele>55.939376</ele>
        <time>2026-07-22T12:47:35.068Z</time>
      </trkpt>
      <trkpt lat="54.117220" lon="10.612679">
        <ele>56.614556</ele>
        <time>2026-07-22T12:47:42.949Z</time>
      </trkpt>
      <trkpt lat="54.116640" lon="10.612379">
        <ele>57.354526</ele>
        <time>2026-07-22T12:47:49.873Z</time>
      </trkpt>
      <trkpt lat="54.116350" lon="10.612114">
        <ele>57.889334</ele>
        <time>2026-07-22T12:47:54.630Z</time>
      </trkpt>
      <trkpt lat="54.115627" lon="10.611599">
        <ele>57.112971</ele>
        <time>2026-07-22T12:48:00.211Z</time>
      </trkpt>
      <trkpt lat="54.115037" lon="10.611302">
        <ele>56.539613</ele>
        <time>2026-07-22T12:48:04.796Z</time>
      </trkpt>
      <trkpt lat="54.114680" lon="10.611237">
        <ele>56.500529</ele>
        <time>2026-07-22T12:48:07.911Z</time>
      </trkpt>
      <trkpt lat="54.114548" lon="10.611168">
        <ele>56.527588</ele>
        <time>2026-07-22T12:48:09.149Z</time>
      </trkpt>
      <trkpt lat="54.111907" lon="10.610850">
        <ele>57.254591</ele>
        <time>2026-07-22T12:48:34.820Z</time>
      </trkpt>
      <trkpt lat="54.110886" lon="10.610746">
        <ele>54.468542</ele>
        <time>2026-07-22T12:48:41.137Z</time>
      </trkpt>
      <trkpt lat="54.110130" lon="10.610750">
        <ele>53.101679</ele>
        <time>2026-07-22T12:48:46.298Z</time>
      </trkpt>
      <trkpt lat="54.110002" lon="10.610803">
        <ele>52.538580</ele>
        <time>2026-07-22T12:48:47.077Z</time>
      </trkpt>
      <trkpt lat="54.109887" lon="10.610805">
        <ele>52.047561</ele>
        <time>2026-07-22T12:48:47.719Z</time>
      </trkpt>
      <trkpt lat="54.109388" lon="10.610820">
        <ele>50.126877</ele>
        <time>2026-07-22T12:48:50.645Z</time>
      </trkpt>
      <trkpt lat="54.109144" lon="10.610816">
        <ele>49.618450</ele>
        <time>2026-07-22T12:48:52.257Z</time>
      </trkpt>
      <trkpt lat="54.108915" lon="10.610822">
        <ele>49.306136</ele>
        <time>2026-07-22T12:48:53.916Z</time>
      </trkpt>
      <trkpt lat="54.108893" lon="10.610823">
        <ele>49.278556</ele>
        <time>2026-07-22T12:48:54.073Z</time>
      </trkpt>
      <trkpt lat="54.108416" lon="10.610847">
        <ele>48.658375</ele>
        <time>2026-07-22T12:48:57.374Z</time>
      </trkpt>
      <trkpt lat="54.108102" lon="10.610916">
        <ele>48.582759</ele>
        <time>2026-07-22T12:48:59.953Z</time>
      </trkpt>
      <trkpt lat="54.107765" lon="10.611128">
        <ele>49.074904</ele>
        <time>2026-07-22T12:49:04.842Z</time>
      </trkpt>
      <trkpt lat="54.107714" lon="10.611164">
        <ele>49.138541</ele>
        <time>2026-07-22T12:49:05.425Z</time>
      </trkpt>
      <trkpt lat="54.107298" lon="10.611463">
        <ele>48.607983</ele>
        <time>2026-07-22T12:49:08.684Z</time>
      </trkpt>
      <trkpt lat="54.106942" lon="10.611677">
        <ele>47.187093</ele>
        <time>2026-07-22T12:49:10.896Z</time>
      </trkpt>
      <trkpt lat="54.106857" lon="10.611722">
        <ele>46.830584</ele>
        <time>2026-07-22T12:49:11.402Z</time>
      </trkpt>
      <trkpt lat="54.106692" lon="10.611784">
        <ele>46.289519</ele>
        <time>2026-07-22T12:49:12.414Z</time>
      </trkpt>
      <trkpt lat="54.106228" lon="10.611782">
        <ele>45.385737</ele>
        <time>2026-07-22T12:49:15.591Z</time>
      </trkpt>
      <trkpt lat="54.105991" lon="10.611859">
        <ele>44.839381</ele>
        <time>2026-07-22T12:49:17.148Z</time>
      </trkpt>
      <trkpt lat="54.105464" lon="10.611923">
        <ele>42.969656</ele>
        <time>2026-07-22T12:49:20.283Z</time>
      </trkpt>
      <trkpt lat="54.105395" lon="10.611936">
        <ele>42.781391</ele>
        <time>2026-07-22T12:49:20.719Z</time>
      </trkpt>
      <trkpt lat="54.104754" lon="10.612005">
        <ele>41.296692</ele>
        <time>2026-07-22T12:49:24.959Z</time>
      </trkpt>
      <trkpt lat="54.104036" lon="10.612097">
        <ele>38.440831</ele>
        <time>2026-07-22T12:49:29.145Z</time>
      </trkpt>
      <trkpt lat="54.099587" lon="10.612654">
        <ele>22.713622</ele>
        <time>2026-07-22T12:49:55.790Z</time>
      </trkpt>
      <trkpt lat="54.099591" lon="10.612753">
        <ele>22.569443</ele>
        <time>2026-07-22T12:49:56.855Z</time>
      </trkpt>
      <trkpt lat="54.099185" lon="10.612781">
        <ele>22.626979</ele>
        <time>2026-07-22T12:50:00.518Z</time>
      </trkpt>
      <trkpt lat="54.099041" lon="10.612796">
        <ele>22.953802</ele>
        <time>2026-07-22T12:50:03.673Z</time>
      </trkpt>
      <trkpt lat="54.097194" lon="10.613044">
        <ele>28.723585</ele>
        <time>2026-07-22T12:50:34.494Z</time>
      </trkpt>
      <trkpt lat="54.095710" lon="10.613210">
        <ele>29.206673</ele>
        <time>2026-07-22T12:50:48.133Z</time>
      </trkpt>
      <trkpt lat="54.095430" lon="10.613254">
        <ele>29.239873</ele>
        <time>2026-07-22T12:50:51.064Z</time>
      </trkpt>
      <trkpt lat="54.095225" lon="10.613347">
        <ele>29.188373</ele>
        <time>2026-07-22T12:50:52.551Z</time>
      </trkpt>
      <trkpt lat="54.094843" lon="10.613617">
        <ele>29.447033</ele>
        <time>2026-07-22T12:50:57.413Z</time>
      </trkpt>
      <trkpt lat="54.094148" lon="10.614229">
        <ele>29.194907</ele>
        <time>2026-07-22T12:51:03.595Z</time>
      </trkpt>
      <trkpt lat="54.093995" lon="10.614365">
        <ele>29.289654</ele>
        <time>2026-07-22T12:51:05.555Z</time>
      </trkpt>
      <trkpt lat="54.093860" lon="10.614480">
        <ele>29.435191</ele>
        <time>2026-07-22T12:51:07.578Z</time>
      </trkpt>
      <trkpt lat="54.093194" lon="10.615083">
        <ele>26.740210</ele>
        <time>2026-07-22T12:51:12.051Z</time>
      </trkpt>
      <trkpt lat="54.093020" lon="10.615327">
        <ele>25.885866</ele>
        <time>2026-07-22T12:51:13.324Z</time>
      </trkpt>
      <trkpt lat="54.092949" lon="10.615434">
        <ele>25.644600</ele>
        <time>2026-07-22T12:51:13.930Z</time>
      </trkpt>
      <trkpt lat="54.092350" lon="10.616278">
        <ele>26.497138</ele>
        <time>2026-07-22T12:51:23.262Z</time>
      </trkpt>
      <trkpt lat="54.091986" lon="10.616710">
        <ele>26.985516</ele>
        <time>2026-07-22T12:51:28.854Z</time>
      </trkpt>
      <trkpt lat="54.091692" lon="10.616908">
        <ele>26.790364</ele>
        <time>2026-07-22T12:51:31.040Z</time>
      </trkpt>
      <trkpt lat="54.091452" lon="10.617063">
        <ele>26.947206</ele>
        <time>2026-07-22T12:51:33.577Z</time>
      </trkpt>
      <trkpt lat="54.090937" lon="10.617393">
        <ele>28.737810</ele>
        <time>2026-07-22T12:51:43.094Z</time>
      </trkpt>
      <trkpt lat="54.090703" lon="10.617542">
        <ele>29.600596</ele>
        <time>2026-07-22T12:51:47.996Z</time>
      </trkpt>
      <trkpt lat="54.090487" lon="10.617680">
        <ele>29.947728</ele>
        <time>2026-07-22T12:51:50.338Z</time>
      </trkpt>
      <trkpt lat="54.089579" lon="10.618680">
        <ele>31.117576</ele>
        <time>2026-07-22T12:52:02.864Z</time>
      </trkpt>
      <trkpt lat="54.089221" lon="10.618921">
        <ele>31.936353</ele>
        <time>2026-07-22T12:52:07.672Z</time>
      </trkpt>
      <trkpt lat="54.088347" lon="10.619250">
        <ele>38.141255</ele>
        <time>2026-07-22T12:52:31.418Z</time>
      </trkpt>
      <trkpt lat="54.088322" lon="10.619260">
        <ele>38.308695</ele>
        <time>2026-07-22T12:52:31.963Z</time>
      </trkpt>
      <trkpt lat="54.087223" lon="10.619664">
        <ele>42.265566</ele>
        <time>2026-07-22T12:52:51.207Z</time>
      </trkpt>
      <trkpt lat="54.084212" lon="10.619623">
        <ele>49.701719</ele>
        <time>2026-07-22T12:53:35.600Z</time>
      </trkpt>
      <trkpt lat="54.083434" lon="10.619924">
        <ele>52.590466</ele>
        <time>2026-07-22T12:53:50.121Z</time>
      </trkpt>
      <trkpt lat="54.081484" lon="10.620879">
        <ele>54.734632</ele>
        <time>2026-07-22T12:54:12.920Z</time>
      </trkpt>
      <trkpt lat="54.081204" lon="10.621095">
        <ele>55.349332</ele>
        <time>2026-07-22T12:54:17.234Z</time>
      </trkpt>
      <trkpt lat="54.080653" lon="10.621659">
        <ele>56.987571</ele>
        <time>2026-07-22T12:54:27.296Z</time>
      </trkpt>
      <trkpt lat="54.080447" lon="10.621812">
        <ele>57.040448</ele>
        <time>2026-07-22T12:54:29.174Z</time>
      </trkpt>
      <trkpt lat="54.080072" lon="10.622012">
        <ele>56.533563</ele>
        <time>2026-07-22T12:54:31.887Z</time>
      </trkpt>
      <trkpt lat="54.079456" lon="10.622142">
        <ele>56.031083</ele>
        <time>2026-07-22T12:54:36.706Z</time>
      </trkpt>
      <trkpt lat="54.079357" lon="10.622161">
        <ele>55.907610</ele>
        <time>2026-07-22T12:54:37.383Z</time>
      </trkpt>
      <trkpt lat="54.078721" lon="10.622269">
        <ele>54.838971</ele>
        <time>2026-07-22T12:54:41.661Z</time>
      </trkpt>
      <trkpt lat="54.078213" lon="10.622409">
        <ele>54.598234</ele>
        <time>2026-07-22T12:54:45.718Z</time>
      </trkpt>
      <trkpt lat="54.076916" lon="10.622928">
        <ele>56.107866</ele>
        <time>2026-07-22T12:55:01.572Z</time>
      </trkpt>
      <trkpt lat="54.076605" lon="10.623228">
        <ele>56.576597</ele>
        <time>2026-07-22T12:55:05.899Z</time>
      </trkpt>
      <trkpt lat="54.076009" lon="10.624039">
        <ele>57.286067</ele>
        <time>2026-07-22T12:55:14.206Z</time>
      </trkpt>
      <trkpt lat="54.075752" lon="10.624472">
        <ele>57.507964</ele>
        <time>2026-07-22T12:55:17.911Z</time>
      </trkpt>
      <trkpt lat="54.075296" lon="10.625371">
        <ele>57.862727</ele>
        <time>2026-07-22T12:55:25.398Z</time>
      </trkpt>
      <trkpt lat="54.075186" lon="10.625645">
        <ele>57.553533</ele>
        <time>2026-07-22T12:55:26.649Z</time>
      </trkpt>
      <trkpt lat="54.075079" lon="10.626006">
        <ele>57.300953</ele>
        <time>2026-07-22T12:55:28.307Z</time>
      </trkpt>
      <trkpt lat="54.074897" lon="10.626968">
        <ele>57.644096</ele>
        <time>2026-07-22T12:55:34.746Z</time>
      </trkpt>
      <trkpt lat="54.074885" lon="10.627039">
        <ele>57.653617</ele>
        <time>2026-07-22T12:55:35.110Z</time>
      </trkpt>
      <trkpt lat="54.074784" lon="10.627638">
        <ele>57.767271</ele>
        <time>2026-07-22T12:55:38.176Z</time>
      </trkpt>
      <trkpt lat="54.074696" lon="10.628260">
        <ele>58.819138</ele>
        <time>2026-07-22T12:55:44.765Z</time>
      </trkpt>
      <trkpt lat="54.074672" lon="10.628768">
        <ele>59.112385</ele>
        <time>2026-07-22T12:55:48.176Z</time>
      </trkpt>
      <trkpt lat="54.074672" lon="10.628809">
        <ele>59.072212</ele>
        <time>2026-07-22T12:55:48.355Z</time>
      </trkpt>
      <trkpt lat="54.074672" lon="10.629354">
        <ele>58.305380</ele>
        <time>2026-07-22T12:55:50.383Z</time>
      </trkpt>
      <trkpt lat="54.074570" lon="10.629650">
        <ele>57.385046</ele>
        <time>2026-07-22T12:55:51.536Z</time>
      </trkpt>
      <trkpt lat="54.074509" lon="10.629800">
        <ele>56.800783</ele>
        <time>2026-07-22T12:55:52.121Z</time>
      </trkpt>
      <trkpt lat="54.074344" lon="10.630073">
        <ele>55.394046</ele>
        <time>2026-07-22T12:55:53.364Z</time>
      </trkpt>
      <trkpt lat="54.074127" lon="10.630403">
        <ele>54.291211</ele>
        <time>2026-07-22T12:55:55.056Z</time>
      </trkpt>
      <trkpt lat="54.074007" lon="10.630593">
        <ele>53.972440</ele>
        <time>2026-07-22T12:55:56.398Z</time>
      </trkpt>
      <trkpt lat="54.073893" lon="10.630796">
        <ele>53.779892</ele>
        <time>2026-07-22T12:55:57.601Z</time>
      </trkpt>
      <trkpt lat="54.073820" lon="10.630949">
        <ele>53.733487</ele>
        <time>2026-07-22T12:55:58.379Z</time>
      </trkpt>
      <trkpt lat="54.073722" lon="10.631338">
        <ele>53.725577</ele>
        <time>2026-07-22T12:56:00.925Z</time>
      </trkpt>
      <trkpt lat="54.073672" lon="10.631671">
        <ele>53.509879</ele>
        <time>2026-07-22T12:56:02.563Z</time>
      </trkpt>
      <trkpt lat="54.073505" lon="10.632567">
        <ele>52.197235</ele>
        <time>2026-07-22T12:56:05.950Z</time>
      </trkpt>
      <trkpt lat="54.073328" lon="10.633121">
        <ele>52.704941</ele>
        <time>2026-07-22T12:56:10.809Z</time>
      </trkpt>
      <trkpt lat="54.073000" lon="10.633776">
        <ele>53.637403</ele>
        <time>2026-07-22T12:56:17.679Z</time>
      </trkpt>
      <trkpt lat="54.072012" lon="10.635003">
        <ele>54.413623</ele>
        <time>2026-07-22T12:56:30.509Z</time>
      </trkpt>
      <trkpt lat="54.070809" lon="10.636480">
        <ele>52.986308</ele>
        <time>2026-07-22T12:56:41.348Z</time>
      </trkpt>
      <trkpt lat="54.070549" lon="10.636749">
        <ele>52.639790</ele>
        <time>2026-07-22T12:56:43.529Z</time>
      </trkpt>
      <trkpt lat="54.068766" lon="10.637729">
        <ele>51.947771</ele>
        <time>2026-07-22T12:56:58.597Z</time>
      </trkpt>
      <trkpt lat="54.068378" lon="10.637941">
        <ele>52.610803</ele>
        <time>2026-07-22T12:57:04.390Z</time>
      </trkpt>
      <trkpt lat="54.067934" lon="10.638319">
        <ele>52.836679</ele>
        <time>2026-07-22T12:57:09.280Z</time>
      </trkpt>
      <trkpt lat="54.067597" lon="10.638730">
        <ele>52.597233</ele>
        <time>2026-07-22T12:57:12.531Z</time>
      </trkpt>
      <trkpt lat="54.067405" lon="10.639022">
        <ele>52.412159</ele>
        <time>2026-07-22T12:57:14.496Z</time>
      </trkpt>
      <trkpt lat="54.067280" lon="10.639267">
        <ele>52.211556</ele>
        <time>2026-07-22T12:57:15.918Z</time>
      </trkpt>
      <trkpt lat="54.066389" lon="10.641177">
        <ele>49.834758</ele>
        <time>2026-07-22T12:57:25.560Z</time>
      </trkpt>
      <trkpt lat="54.065223" lon="10.643704">
        <ele>47.779251</ele>
        <time>2026-07-22T12:57:39.326Z</time>
      </trkpt>
      <trkpt lat="54.064779" lon="10.644431">
        <ele>46.783937</ele>
        <time>2026-07-22T12:57:43.528Z</time>
      </trkpt>
      <trkpt lat="54.064095" lon="10.645424">
        <ele>45.125563</ele>
        <time>2026-07-22T12:57:49.435Z</time>
      </trkpt>
      <trkpt lat="54.063851" lon="10.645771">
        <ele>45.360096</ele>
        <time>2026-07-22T12:57:53.027Z</time>
      </trkpt>
      <trkpt lat="54.063632" lon="10.646033">
        <ele>45.828624</ele>
        <time>2026-07-22T12:57:56.832Z</time>
      </trkpt>
      <trkpt lat="54.062455" lon="10.647283">
        <ele>47.853769</ele>
        <time>2026-07-22T12:58:13.950Z</time>
      </trkpt>
      <trkpt lat="54.061412" lon="10.648180">
        <ele>48.555403</ele>
        <time>2026-07-22T12:58:26.112Z</time>
      </trkpt>
      <trkpt lat="54.058439" lon="10.650556">
        <ele>47.340568</ele>
        <time>2026-07-22T12:58:52.664Z</time>
      </trkpt>
      <trkpt lat="54.058179" lon="10.650762">
        <ele>47.354727</ele>
        <time>2026-07-22T12:58:55.584Z</time>
      </trkpt>
      <trkpt lat="54.056722" lon="10.651537">
        <ele>46.296235</ele>
        <time>2026-07-22T12:59:07.674Z</time>
      </trkpt>
      <trkpt lat="54.054379" lon="10.652876">
        <ele>37.833205</ele>
        <time>2026-07-22T12:59:22.407Z</time>
      </trkpt>
      <trkpt lat="54.053827" lon="10.653155">
        <ele>36.618220</ele>
        <time>2026-07-22T12:59:26.212Z</time>
      </trkpt>
      <trkpt lat="54.051561" lon="10.654018">
        <ele>33.590157</ele>
        <time>2026-07-22T12:59:42.584Z</time>
      </trkpt>
      <trkpt lat="54.051169" lon="10.654194">
        <ele>32.971917</ele>
        <time>2026-07-22T12:59:45.417Z</time>
      </trkpt>
      <trkpt lat="54.050648" lon="10.654558">
        <ele>31.884971</ele>
        <time>2026-07-22T12:59:49.087Z</time>
      </trkpt>
      <trkpt lat="54.050319" lon="10.654886">
        <ele>31.564447</ele>
        <time>2026-07-22T12:59:52.147Z</time>
      </trkpt>
      <trkpt lat="54.050048" lon="10.655215">
        <ele>31.128874</ele>
        <time>2026-07-22T12:59:54.484Z</time>
      </trkpt>
      <trkpt lat="54.048888" lon="10.656816">
        <ele>26.849443</ele>
        <time>2026-07-22T13:00:03.761Z</time>
      </trkpt>
      <trkpt lat="54.048506" lon="10.657323">
        <ele>25.242292</ele>
        <time>2026-07-22T13:00:06.651Z</time>
      </trkpt>
      <trkpt lat="54.048092" lon="10.657725">
        <ele>24.220057</ele>
        <time>2026-07-22T13:00:09.624Z</time>
      </trkpt>
      <trkpt lat="54.047517" lon="10.658090">
        <ele>26.028997</ele>
        <time>2026-07-22T13:00:20.904Z</time>
      </trkpt>
      <trkpt lat="54.045875" lon="10.659087">
        <ele>28.215993</ele>
        <time>2026-07-22T13:00:41.194Z</time>
      </trkpt>
      <trkpt lat="54.045464" lon="10.659293">
        <ele>28.008614</ele>
        <time>2026-07-22T13:00:44.415Z</time>
      </trkpt>
      <trkpt lat="54.045237" lon="10.659356">
        <ele>27.863044</ele>
        <time>2026-07-22T13:00:46.315Z</time>
      </trkpt>
      <trkpt lat="54.044868" lon="10.659395">
        <ele>27.435920</ele>
        <time>2026-07-22T13:00:48.952Z</time>
      </trkpt>
      <trkpt lat="54.043405" lon="10.659269">
        <ele>26.542334</ele>
        <time>2026-07-22T13:01:00.410Z</time>
      </trkpt>
      <trkpt lat="54.042864" lon="10.659194">
        <ele>25.761746</ele>
        <time>2026-07-22T13:01:04.164Z</time>
      </trkpt>
      <trkpt lat="54.042918" lon="10.659482">
        <ele>25.426520</ele>
        <time>2026-07-22T13:01:05.314Z</time>
      </trkpt>
      <trkpt lat="54.042799" lon="10.659413">
        <ele>25.225009</ele>
        <time>2026-07-22T13:01:06.136Z</time>
      </trkpt>
      <trkpt lat="54.042627" lon="10.659259">
        <ele>25.420232</ele>
        <time>2026-07-22T13:01:08.292Z</time>
      </trkpt>
      <trkpt lat="54.042595" lon="10.659223">
        <ele>25.488526</ele>
        <time>2026-07-22T13:01:08.995Z</time>
      </trkpt>
      <trkpt lat="54.042453" lon="10.659195">
        <ele>25.810047</ele>
        <time>2026-07-22T13:01:11.616Z</time>
      </trkpt>
      <trkpt lat="54.041748" lon="10.659099">
        <ele>25.519293</ele>
        <time>2026-07-22T13:01:17.210Z</time>
      </trkpt>
      <trkpt lat="54.040721" lon="10.659020">
        <ele>22.835682</ele>
        <time>2026-07-22T13:01:23.641Z</time>
      </trkpt>
      <trkpt lat="54.040536" lon="10.659031">
        <ele>22.485988</ele>
        <time>2026-07-22T13:01:24.843Z</time>
      </trkpt>
      <trkpt lat="54.040307" lon="10.659113">
        <ele>22.317740</ele>
        <time>2026-07-22T13:01:26.691Z</time>
      </trkpt>
      <trkpt lat="54.039227" lon="10.659758">
        <ele>22.341265</ele>
        <time>2026-07-22T13:01:36.356Z</time>
      </trkpt>
      <trkpt lat="54.038697" lon="10.660042">
        <ele>23.696286</ele>
        <time>2026-07-22T13:01:45.463Z</time>
      </trkpt>
      <trkpt lat="54.037715" lon="10.660480">
        <ele>24.101625</ele>
        <time>2026-07-22T13:01:55.277Z</time>
      </trkpt>
      <trkpt lat="54.037094" lon="10.660654">
        <ele>24.371872</ele>
        <time>2026-07-22T13:02:01.287Z</time>
      </trkpt>
      <trkpt lat="54.036981" lon="10.660700">
        <ele>24.557487</ele>
        <time>2026-07-22T13:02:02.786Z</time>
      </trkpt>
      <trkpt lat="54.036501" lon="10.660879">
        <ele>25.615790</ele>
        <time>2026-07-22T13:02:10.084Z</time>
      </trkpt>
      <trkpt lat="54.035655" lon="10.661230">
        <ele>25.772621</ele>
        <time>2026-07-22T13:02:17.948Z</time>
      </trkpt>
      <trkpt lat="54.034088" lon="10.662129">
        <ele>25.009905</ele>
        <time>2026-07-22T13:02:31.157Z</time>
      </trkpt>
      <trkpt lat="54.034039" lon="10.662023">
        <ele>25.030317</ele>
        <time>2026-07-22T13:02:31.741Z</time>
      </trkpt>
      <trkpt lat="54.034148" lon="10.661703">
        <ele>25.147419</ele>
        <time>2026-07-22T13:02:34.274Z</time>
      </trkpt>
      <trkpt lat="54.034191" lon="10.661361">
        <ele>25.104779</ele>
        <time>2026-07-22T13:02:36.406Z</time>
      </trkpt>
      <trkpt lat="54.033688" lon="10.661241">
        <ele>24.144218</ele>
        <time>2026-07-22T13:02:39.656Z</time>
      </trkpt>
      <trkpt lat="54.031751" lon="10.660327">
        <ele>20.984710</ele>
        <time>2026-07-22T13:02:53.484Z</time>
      </trkpt>
      <trkpt lat="54.031484" lon="10.660214">
        <ele>20.504196</ele>
        <time>2026-07-22T13:02:55.310Z</time>
      </trkpt>
      <trkpt lat="54.031137" lon="10.660167">
        <ele>20.078746</ele>
        <time>2026-07-22T13:02:57.672Z</time>
      </trkpt>
      <trkpt lat="54.029897" lon="10.660181">
        <ele>20.847346</ele>
        <time>2026-07-22T13:03:10.968Z</time>
      </trkpt>
      <trkpt lat="54.029581" lon="10.660202">
        <ele>21.317748</ele>
        <time>2026-07-22T13:03:15.140Z</time>
      </trkpt>
      <trkpt lat="54.028824" lon="10.660662">
        <ele>21.774353</ele>
        <time>2026-07-22T13:03:23.310Z</time>
      </trkpt>
      <trkpt lat="54.028733" lon="10.660684">
        <ele>21.759528</ele>
        <time>2026-07-22T13:03:24.031Z</time>
      </trkpt>
      <trkpt lat="54.028344" lon="10.660764">
        <ele>21.496747</ele>
        <time>2026-07-22T13:03:27.102Z</time>
      </trkpt>
      <trkpt lat="54.028298" lon="10.660771">
        <ele>21.412213</ele>
        <time>2026-07-22T13:03:27.428Z</time>
      </trkpt>
      <trkpt lat="54.027884" lon="10.660717">
        <ele>20.548897</ele>
        <time>2026-07-22T13:03:30.085Z</time>
      </trkpt>
      <trkpt lat="54.027795" lon="10.660654">
        <ele>20.505546</ele>
        <time>2026-07-22T13:03:30.837Z</time>
      </trkpt>
      <trkpt lat="54.027577" lon="10.660504">
        <ele>20.266299</ele>
        <time>2026-07-22T13:03:33.097Z</time>
      </trkpt>
      <trkpt lat="54.026828" lon="10.659894">
        <ele>17.598740</ele>
        <time>2026-07-22T13:03:38.007Z</time>
      </trkpt>
      <trkpt lat="54.026738" lon="10.659803">
        <ele>17.579673</ele>
        <time>2026-07-22T13:03:38.950Z</time>
      </trkpt>
      <trkpt lat="54.026150" lon="10.659147">
        <ele>18.760766</ele>
        <time>2026-07-22T13:03:49.001Z</time>
      </trkpt>
      <trkpt lat="54.025986" lon="10.658952">
        <ele>18.632783</ele>
        <time>2026-07-22T13:03:50.415Z</time>
      </trkpt>
      <trkpt lat="54.025587" lon="10.658527">
        <ele>17.735880</ele>
        <time>2026-07-22T13:03:53.487Z</time>
      </trkpt>
      <trkpt lat="54.025377" lon="10.658393">
        <ele>17.407834</ele>
        <time>2026-07-22T13:03:55.048Z</time>
      </trkpt>
      <trkpt lat="54.025050" lon="10.658283">
        <ele>17.015765</ele>
        <time>2026-07-22T13:03:57.486Z</time>
      </trkpt>
      <trkpt lat="54.024816" lon="10.658286">
        <ele>16.766265</ele>
        <time>2026-07-22T13:03:59.195Z</time>
      </trkpt>
      <trkpt lat="54.024425" lon="10.658359">
        <ele>16.284206</ele>
        <time>2026-07-22T13:04:01.933Z</time>
      </trkpt>
      <trkpt lat="54.020873" lon="10.659289">
        <ele>19.736690</ele>
        <time>2026-07-22T13:04:42.239Z</time>
      </trkpt>
      <trkpt lat="54.020081" lon="10.659418">
        <ele>21.358106</ele>
        <time>2026-07-22T13:04:53.317Z</time>
      </trkpt>
      <trkpt lat="54.019433" lon="10.659295">
        <ele>22.268074</ele>
        <time>2026-07-22T13:05:01.393Z</time>
      </trkpt>
      <trkpt lat="54.019195" lon="10.659185">
        <ele>22.419474</ele>
        <time>2026-07-22T13:05:04.023Z</time>
      </trkpt>
      <trkpt lat="54.018907" lon="10.658981">
        <ele>22.272687</ele>
        <time>2026-07-22T13:05:06.444Z</time>
      </trkpt>
      <trkpt lat="54.018783" lon="10.658897">
        <ele>22.102584</ele>
        <time>2026-07-22T13:05:07.354Z</time>
      </trkpt>
      <trkpt lat="54.018241" lon="10.658385">
        <ele>21.360666</ele>
        <time>2026-07-22T13:05:11.758Z</time>
      </trkpt>
      <trkpt lat="54.017692" lon="10.657814">
        <ele>21.154270</ele>
        <time>2026-07-22T13:05:17.105Z</time>
      </trkpt>
      <trkpt lat="54.017326" lon="10.657521">
        <ele>21.452344</ele>
        <time>2026-07-22T13:05:21.502Z</time>
      </trkpt>
      <trkpt lat="54.016650" lon="10.657096">
        <ele>21.117902</ele>
        <time>2026-07-22T13:05:27.172Z</time>
      </trkpt>
      <trkpt lat="54.016064" lon="10.656990">
        <ele>21.089082</ele>
        <time>2026-07-22T13:05:32.225Z</time>
      </trkpt>
      <trkpt lat="54.014973" lon="10.657074">
        <ele>22.945203</ele>
        <time>2026-07-22T13:05:46.923Z</time>
      </trkpt>
      <trkpt lat="54.014933" lon="10.656931">
        <ele>23.062636</ele>
        <time>2026-07-22T13:05:47.990Z</time>
      </trkpt>
      <trkpt lat="54.014856" lon="10.656855">
        <ele>23.081758</ele>
        <time>2026-07-22T13:05:48.788Z</time>
      </trkpt>
      <trkpt lat="54.014767" lon="10.656865">
        <ele>23.100919</ele>
        <time>2026-07-22T13:05:49.445Z</time>
      </trkpt>
      <trkpt lat="54.014696" lon="10.656957">
        <ele>23.169298</ele>
        <time>2026-07-22T13:05:50.296Z</time>
      </trkpt>
      <trkpt lat="54.014668" lon="10.657097">
        <ele>23.262690</ele>
        <time>2026-07-22T13:05:51.434Z</time>
      </trkpt>
      <trkpt lat="54.014071" lon="10.657203">
        <ele>24.178609</ele>
        <time>2026-07-22T13:05:59.239Z</time>
      </trkpt>
      <trkpt lat="54.013297" lon="10.657346">
        <ele>24.328147</ele>
        <time>2026-07-22T13:06:06.286Z</time>
      </trkpt>
      <trkpt lat="54.012808" lon="10.657330">
        <ele>24.602939</ele>
        <time>2026-07-22T13:06:11.254Z</time>
      </trkpt>
      <trkpt lat="54.012524" lon="10.657321">
        <ele>24.786467</ele>
        <time>2026-07-22T13:06:14.230Z</time>
      </trkpt>
      <trkpt lat="54.012034" lon="10.657186">
        <ele>25.000723</ele>
        <time>2026-07-22T13:06:19.203Z</time>
      </trkpt>
      <trkpt lat="54.011565" lon="10.656977">
        <ele>25.213745</ele>
        <time>2026-07-22T13:06:24.085Z</time>
      </trkpt>
      <trkpt lat="54.011138" lon="10.656716">
        <ele>25.498144</ele>
        <time>2026-07-22T13:06:28.812Z</time>
      </trkpt>
      <trkpt lat="54.010703" lon="10.656378">
        <ele>25.780098</ele>
        <time>2026-07-22T13:06:33.862Z</time>
      </trkpt>
      <trkpt lat="54.009925" lon="10.655612">
        <ele>25.950761</ele>
        <time>2026-07-22T13:06:42.241Z</time>
      </trkpt>
      <trkpt lat="54.009378" lon="10.655034">
        <ele>25.542793</ele>
        <time>2026-07-22T13:06:47.079Z</time>
      </trkpt>
      <trkpt lat="54.008942" lon="10.654770">
        <ele>25.539339</ele>
        <time>2026-07-22T13:06:51.208Z</time>
      </trkpt>
      <trkpt lat="54.008158" lon="10.654419">
        <ele>26.084965</ele>
        <time>2026-07-22T13:06:59.908Z</time>
      </trkpt>
      <trkpt lat="54.007518" lon="10.654319">
        <ele>26.388080</ele>
        <time>2026-07-22T13:07:06.270Z</time>
      </trkpt>
      <trkpt lat="54.006900" lon="10.654360">
        <ele>26.485034</ele>
        <time>2026-07-22T13:07:11.985Z</time>
      </trkpt>
      <trkpt lat="54.005993" lon="10.654751">
        <ele>26.304204</ele>
        <time>2026-07-22T13:07:19.991Z</time>
      </trkpt>
      <trkpt lat="54.003495" lon="10.656462">
        <ele>26.096887</ele>
        <time>2026-07-22T13:07:43.357Z</time>
      </trkpt>
      <trkpt lat="53.998421" lon="10.659848">
        <ele>24.985511</ele>
        <time>2026-07-22T13:08:29.773Z</time>
      </trkpt>
      <trkpt lat="53.997984" lon="10.660061">
        <ele>23.908125</ele>
        <time>2026-07-22T13:08:32.642Z</time>
      </trkpt>
      <trkpt lat="53.996882" lon="10.660376">
        <ele>21.102619</ele>
        <time>2026-07-22T13:08:39.703Z</time>
      </trkpt>
      <trkpt lat="53.996392" lon="10.660369">
        <ele>20.034427</ele>
        <time>2026-07-22T13:08:42.825Z</time>
      </trkpt>
      <trkpt lat="53.996070" lon="10.660437">
        <ele>19.900000</ele>
        <time>2026-07-22T13:08:45.600Z</time>
      </trkpt>
      <trkpt lat="53.996048" lon="10.660562">
        <ele>19.906411</ele>
        <time>2026-07-22T13:08:46.288Z</time>
      </trkpt>
      <trkpt lat="53.995992" lon="10.660651">
        <ele>19.917720</ele>
        <time>2026-07-22T13:08:46.987Z</time>
      </trkpt>
      <trkpt lat="53.995752" lon="10.661001">
        <ele>20.014033</ele>
        <time>2026-07-22T13:08:50.055Z</time>
      </trkpt>
      <trkpt lat="53.994602" lon="10.662209">
        <ele>21.031533</ele>
        <time>2026-07-22T13:09:04.457Z</time>
      </trkpt>
      <trkpt lat="53.994342" lon="10.662430">
        <ele>21.526339</ele>
        <time>2026-07-22T13:09:08.365Z</time>
      </trkpt>
      <trkpt lat="53.994171" lon="10.662513">
        <ele>21.907502</ele>
        <time>2026-07-22T13:09:10.800Z</time>
      </trkpt>
      <trkpt lat="53.993718" lon="10.662792">
        <ele>23.013524</ele>
        <time>2026-07-22T13:09:17.997Z</time>
      </trkpt>
      <trkpt lat="53.993527" lon="10.662975">
        <ele>23.199741</ele>
        <time>2026-07-22T13:09:20.121Z</time>
      </trkpt>
      <trkpt lat="53.993150" lon="10.663376">
        <ele>23.454606</ele>
        <time>2026-07-22T13:09:24.646Z</time>
      </trkpt>
      <trkpt lat="53.992705" lon="10.663706">
        <ele>24.299218</ele>
        <time>2026-07-22T13:09:31.085Z</time>
      </trkpt>
      <trkpt lat="53.992343" lon="10.663907">
        <ele>24.988035</ele>
        <time>2026-07-22T13:09:36.247Z</time>
      </trkpt>
      <trkpt lat="53.991972" lon="10.664238">
        <ele>25.604054</ele>
        <time>2026-07-22T13:09:41.391Z</time>
      </trkpt>
      <trkpt lat="53.991870" lon="10.664371">
        <ele>25.715145</ele>
        <time>2026-07-22T13:09:43.088Z</time>
      </trkpt>
      <trkpt lat="53.991699" lon="10.664677">
        <ele>25.756606</ele>
        <time>2026-07-22T13:09:45.212Z</time>
      </trkpt>
      <trkpt lat="53.991610" lon="10.664836">
        <ele>25.705924</ele>
        <time>2026-07-22T13:09:46.239Z</time>
      </trkpt>
      <trkpt lat="53.991520" lon="10.664997">
        <ele>25.639542</ele>
        <time>2026-07-22T13:09:47.177Z</time>
      </trkpt>
      <trkpt lat="53.991085" lon="10.665265">
        <ele>25.661205</ele>
        <time>2026-07-22T13:09:51.393Z</time>
      </trkpt>
      <trkpt lat="53.991031" lon="10.665349">
        <ele>25.697402</ele>
        <time>2026-07-22T13:09:52.125Z</time>
      </trkpt>
      <trkpt lat="53.990767" lon="10.665180">
        <ele>25.827083</ele>
        <time>2026-07-22T13:09:55.371Z</time>
      </trkpt>
      <trkpt lat="53.990689" lon="10.665140">
        <ele>25.725272</ele>
        <time>2026-07-22T13:09:56.002Z</time>
      </trkpt>
      <trkpt lat="53.990230" lon="10.664907">
        <ele>24.282586</ele>
        <time>2026-07-22T13:09:58.856Z</time>
      </trkpt>
      <trkpt lat="53.989915" lon="10.664597">
        <ele>23.753110</ele>
        <time>2026-07-22T13:10:01.324Z</time>
      </trkpt>
      <trkpt lat="53.989712" lon="10.664298">
        <ele>23.898614</ele>
        <time>2026-07-22T13:10:04.580Z</time>
      </trkpt>
      <trkpt lat="53.989168" lon="10.663244">
        <ele>24.873813</ele>
        <time>2026-07-22T13:10:14.103Z</time>
      </trkpt>
      <trkpt lat="53.988793" lon="10.662538">
        <ele>26.019727</ele>
        <time>2026-07-22T13:10:22.182Z</time>
      </trkpt>
      <trkpt lat="53.988521" lon="10.662153">
        <ele>26.176347</ele>
        <time>2026-07-22T13:10:25.783Z</time>
      </trkpt>
      <trkpt lat="53.987999" lon="10.661563">
        <ele>25.477889</ele>
        <time>2026-07-22T13:10:30.221Z</time>
      </trkpt>
      <trkpt lat="53.987746" lon="10.661390">
        <ele>24.985221</ele>
        <time>2026-07-22T13:10:32.022Z</time>
      </trkpt>
      <trkpt lat="53.987390" lon="10.661171">
        <ele>24.226997</ele>
        <time>2026-07-22T13:10:34.508Z</time>
      </trkpt>
      <trkpt lat="53.986997" lon="10.661030">
        <ele>23.739516</ele>
        <time>2026-07-22T13:10:37.344Z</time>
      </trkpt>
      <trkpt lat="53.985427" lon="10.660615">
        <ele>23.216476</ele>
        <time>2026-07-22T13:10:50.426Z</time>
      </trkpt>
      <trkpt lat="53.984653" lon="10.660355">
        <ele>23.196104</ele>
        <time>2026-07-22T13:10:57.720Z</time>
      </trkpt>
      <trkpt lat="53.983780" lon="10.659858">
        <ele>22.280130</ele>
        <time>2026-07-22T13:11:04.361Z</time>
      </trkpt>
      <trkpt lat="53.982025" lon="10.658679">
        <ele>21.368718</ele>
        <time>2026-07-22T13:11:19.518Z</time>
      </trkpt>
      <trkpt lat="53.981182" lon="10.658276">
        <ele>20.353662</ele>
        <time>2026-07-22T13:11:25.749Z</time>
      </trkpt>
      <trkpt lat="53.977271" lon="10.656862">
        <ele>20.054473</ele>
        <time>2026-07-22T13:12:00.581Z</time>
      </trkpt>
      <trkpt lat="53.976300" lon="10.656504">
        <ele>20.894661</ele>
        <time>2026-07-22T13:12:11.554Z</time>
      </trkpt>
      <trkpt lat="53.975904" lon="10.656299">
        <ele>21.130235</ele>
        <time>2026-07-22T13:12:16.008Z</time>
      </trkpt>
      <trkpt lat="53.975609" lon="10.656071">
        <ele>20.877208</ele>
        <time>2026-07-22T13:12:18.360Z</time>
      </trkpt>
      <trkpt lat="53.974911" lon="10.655533">
        <ele>19.836956</ele>
        <time>2026-07-22T13:12:23.757Z</time>
      </trkpt>
      <trkpt lat="53.974572" lon="10.655346">
        <ele>19.008462</ele>
        <time>2026-07-22T13:12:26.026Z</time>
      </trkpt>
      <trkpt lat="53.974281" lon="10.655237">
        <ele>18.307625</ele>
        <time>2026-07-22T13:12:27.933Z</time>
      </trkpt>
      <trkpt lat="53.974011" lon="10.655190">
        <ele>17.718076</ele>
        <time>2026-07-22T13:12:29.721Z</time>
      </trkpt>
      <trkpt lat="53.973568" lon="10.655193">
        <ele>16.845410</ele>
        <time>2026-07-22T13:12:32.654Z</time>
      </trkpt>
      <trkpt lat="53.972490" lon="10.655631">
        <ele>13.797787</ele>
        <time>2026-07-22T13:12:39.480Z</time>
      </trkpt>
      <trkpt lat="53.971649" lon="10.656010">
        <ele>14.520748</ele>
        <time>2026-07-22T13:12:49.247Z</time>
      </trkpt>
      <trkpt lat="53.971328" lon="10.656077">
        <ele>15.362463</ele>
        <time>2026-07-22T13:12:54.439Z</time>
      </trkpt>
      <trkpt lat="53.971044" lon="10.656062">
        <ele>15.914099</ele>
        <time>2026-07-22T13:12:58.169Z</time>
      </trkpt>
      <trkpt lat="53.970707" lon="10.655971">
        <ele>16.568372</ele>
        <time>2026-07-22T13:13:02.866Z</time>
      </trkpt>
      <trkpt lat="53.970297" lon="10.655684">
        <ele>17.200319</ele>
        <time>2026-07-22T13:13:08.236Z</time>
      </trkpt>
      <trkpt lat="53.969590" lon="10.655016">
        <ele>18.341776</ele>
        <time>2026-07-22T13:13:18.170Z</time>
      </trkpt>
      <trkpt lat="53.969185" lon="10.654836">
        <ele>19.126479</ele>
        <time>2026-07-22T13:13:24.087Z</time>
      </trkpt>
      <trkpt lat="53.968970" lon="10.654760">
        <ele>19.352915</ele>
        <time>2026-07-22T13:13:26.270Z</time>
      </trkpt>
      <trkpt lat="53.968552" lon="10.654766">
        <ele>20.006720</ele>
        <time>2026-07-22T13:13:31.685Z</time>
      </trkpt>
      <trkpt lat="53.968134" lon="10.654896">
        <ele>20.781255</ele>
        <time>2026-07-22T13:13:37.347Z</time>
      </trkpt>
      <trkpt lat="53.967714" lon="10.655196">
        <ele>21.372593</ele>
        <time>2026-07-22T13:13:42.726Z</time>
      </trkpt>
      <trkpt lat="53.967602" lon="10.655541">
        <ele>21.302432</ele>
        <time>2026-07-22T13:13:45.092Z</time>
      </trkpt>
      <trkpt lat="53.967601" lon="10.655853">
        <ele>20.589736</ele>
        <time>2026-07-22T13:13:46.521Z</time>
      </trkpt>
      <trkpt lat="53.967587" lon="10.656351">
        <ele>20.474819</ele>
        <time>2026-07-22T13:13:50.788Z</time>
      </trkpt>
      <trkpt lat="53.967575" lon="10.656784">
        <ele>20.155013</ele>
        <time>2026-07-22T13:13:53.144Z</time>
      </trkpt>
      <trkpt lat="53.967549" lon="10.657345">
        <ele>20.337149</ele>
        <time>2026-07-22T13:13:57.792Z</time>
      </trkpt>
      <trkpt lat="53.967511" lon="10.657553">
        <ele>20.576382</ele>
        <time>2026-07-22T13:13:59.961Z</time>
      </trkpt>
      <trkpt lat="53.967343" lon="10.658099">
        <ele>21.556935</ele>
        <time>2026-07-22T13:14:07.059Z</time>
      </trkpt>
      <trkpt lat="53.967236" lon="10.658525">
        <ele>22.030266</ele>
        <time>2026-07-22T13:14:11.546Z</time>
      </trkpt>
      <trkpt lat="53.967208" lon="10.659015">
        <ele>22.014629</ele>
        <time>2026-07-22T13:14:15.043Z</time>
      </trkpt>
      <trkpt lat="53.967256" lon="10.659444">
        <ele>21.713906</ele>
        <time>2026-07-22T13:14:17.554Z</time>
      </trkpt>
      <trkpt lat="53.967332" lon="10.659702">
        <ele>21.311938</ele>
        <time>2026-07-22T13:14:19.235Z</time>
      </trkpt>
      <trkpt lat="53.967604" lon="10.660502">
        <ele>19.291790</ele>
        <time>2026-07-22T13:14:23.782Z</time>
      </trkpt>
      <trkpt lat="53.967631" lon="10.660580">
        <ele>19.096637</ele>
        <time>2026-07-22T13:14:24.244Z</time>
      </trkpt>
      <trkpt lat="53.967917" lon="10.661415">
        <ele>18.531854</ele>
        <time>2026-07-22T13:14:30.253Z</time>
      </trkpt>
      <trkpt lat="53.968044" lon="10.661914">
        <ele>18.363291</ele>
        <time>2026-07-22T13:14:33.768Z</time>
      </trkpt>
      <trkpt lat="53.968131" lon="10.662399">
        <ele>18.034374</ele>
        <time>2026-07-22T13:14:36.867Z</time>
      </trkpt>
      <trkpt lat="53.968183" lon="10.662957">
        <ele>17.769516</ele>
        <time>2026-07-22T13:14:40.411Z</time>
      </trkpt>
      <trkpt lat="53.968174" lon="10.663376">
        <ele>17.582732</ele>
        <time>2026-07-22T13:14:42.967Z</time>
      </trkpt>
      <trkpt lat="53.968122" lon="10.663848">
        <ele>17.598274</ele>
        <time>2026-07-22T13:14:46.835Z</time>
      </trkpt>
      <trkpt lat="53.968004" lon="10.664402">
        <ele>16.929063</ele>
        <time>2026-07-22T13:14:49.073Z</time>
      </trkpt>
      <trkpt lat="53.967863" lon="10.664817">
        <ele>16.401811</ele>
        <time>2026-07-22T13:14:50.934Z</time>
      </trkpt>
      <trkpt lat="53.967682" lon="10.665200">
        <ele>15.907299</ele>
        <time>2026-07-22T13:14:52.917Z</time>
      </trkpt>
      <trkpt lat="53.967573" lon="10.665378">
        <ele>15.653205</ele>
        <time>2026-07-22T13:14:53.937Z</time>
      </trkpt>
      <trkpt lat="53.967172" lon="10.665825">
        <ele>14.486114</ele>
        <time>2026-07-22T13:14:56.983Z</time>
      </trkpt>
      <trkpt lat="53.967017" lon="10.665945">
        <ele>13.958221</ele>
        <time>2026-07-22T13:14:58.030Z</time>
      </trkpt>
      <trkpt lat="53.966607" lon="10.666168">
        <ele>12.472680</ele>
        <time>2026-07-22T13:15:00.600Z</time>
      </trkpt>
      <trkpt lat="53.965350" lon="10.666798">
        <ele>9.453858</ele>
        <time>2026-07-22T13:15:08.973Z</time>
      </trkpt>
      <trkpt lat="53.965125" lon="10.667010">
        <ele>9.468354</ele>
        <time>2026-07-22T13:15:11.563Z</time>
      </trkpt>
      <trkpt lat="53.964835" lon="10.667390">
        <ele>9.985932</ele>
        <time>2026-07-22T13:15:16.150Z</time>
      </trkpt>
      <trkpt lat="53.964705" lon="10.667554">
        <ele>10.217290</ele>
        <time>2026-07-22T13:15:18.276Z</time>
      </trkpt>
      <trkpt lat="53.964246" lon="10.668081">
        <ele>11.221973</ele>
        <time>2026-07-22T13:15:25.572Z</time>
      </trkpt>
      <trkpt lat="53.964045" lon="10.668260">
        <ele>11.719283</ele>
        <time>2026-07-22T13:15:28.756Z</time>
      </trkpt>
      <trkpt lat="53.963786" lon="10.668413">
        <ele>12.464141</ele>
        <time>2026-07-22T13:15:32.865Z</time>
      </trkpt>
      <trkpt lat="53.959957" lon="10.669775">
        <ele>27.049978</ele>
        <time>2026-07-22T13:16:42.982Z</time>
      </trkpt>
      <trkpt lat="53.959920" lon="10.669787">
        <ele>27.129180</ele>
        <time>2026-07-22T13:16:43.566Z</time>
      </trkpt>
      <trkpt lat="53.959466" lon="10.669987">
        <ele>28.221103</ele>
        <time>2026-07-22T13:16:49.735Z</time>
      </trkpt>
      <trkpt lat="53.958672" lon="10.670271">
        <ele>32.063990</ele>
        <time>2026-07-22T13:17:06.875Z</time>
      </trkpt>
      <trkpt lat="53.958535" lon="10.670224">
        <ele>32.343357</ele>
        <time>2026-07-22T13:17:08.642Z</time>
      </trkpt>
      <trkpt lat="53.958414" lon="10.670134">
        <ele>32.559949</ele>
        <time>2026-07-22T13:17:10.142Z</time>
      </trkpt>
      <trkpt lat="53.957795" lon="10.669745">
        <ele>33.966195</ele>
        <time>2026-07-22T13:17:19.512Z</time>
      </trkpt>
      <trkpt lat="53.957332" lon="10.669453">
        <ele>34.614776</ele>
        <time>2026-07-22T13:17:25.411Z</time>
      </trkpt>
      <trkpt lat="53.957007" lon="10.669394">
        <ele>35.128418</ele>
        <time>2026-07-22T13:17:29.551Z</time>
      </trkpt>
      <trkpt lat="53.956290" lon="10.669372">
        <ele>36.619225</ele>
        <time>2026-07-22T13:17:39.402Z</time>
      </trkpt>
      <trkpt lat="53.956060" lon="10.669397">
        <ele>37.198540</ele>
        <time>2026-07-22T13:17:43.745Z</time>
      </trkpt>
      <trkpt lat="53.955875" lon="10.669511">
        <ele>37.656762</ele>
        <time>2026-07-22T13:17:47.269Z</time>
      </trkpt>
      <trkpt lat="53.955487" lon="10.669868">
        <ele>38.382362</ele>
        <time>2026-07-22T13:17:54.352Z</time>
      </trkpt>
      <trkpt lat="53.955176" lon="10.670051">
        <ele>38.777597</ele>
        <time>2026-07-22T13:17:59.281Z</time>
      </trkpt>
      <trkpt lat="53.954672" lon="10.670235">
        <ele>39.127912</ele>
        <time>2026-07-22T13:18:06.379Z</time>
      </trkpt>
      <trkpt lat="53.954502" lon="10.670374">
        <ele>39.169854</ele>
        <time>2026-07-22T13:18:08.603Z</time>
      </trkpt>
      <trkpt lat="53.953702" lon="10.671224">
        <ele>39.445698</ele>
        <time>2026-07-22T13:18:17.778Z</time>
      </trkpt>
      <trkpt lat="53.953372" lon="10.671492">
        <ele>39.265692</ele>
        <time>2026-07-22T13:18:20.705Z</time>
      </trkpt>
      <trkpt lat="53.952847" lon="10.671712">
        <ele>38.865568</ele>
        <time>2026-07-22T13:18:24.575Z</time>
      </trkpt>
      <trkpt lat="53.951408" lon="10.672334">
        <ele>43.792042</ele>
        <time>2026-07-22T13:18:50.276Z</time>
      </trkpt>
      <trkpt lat="53.951085" lon="10.672612">
        <ele>44.931782</ele>
        <time>2026-07-22T13:18:56.182Z</time>
      </trkpt>
      <trkpt lat="53.950846" lon="10.673008">
        <ele>45.460913</ele>
        <time>2026-07-22T13:19:00.670Z</time>
      </trkpt>
      <trkpt lat="53.950086" lon="10.674699">
        <ele>45.022522</ele>
        <time>2026-07-22T13:19:10.900Z</time>
      </trkpt>
      <trkpt lat="53.949492" lon="10.675790">
        <ele>43.199285</ele>
        <time>2026-07-22T13:19:16.496Z</time>
      </trkpt>
      <trkpt lat="53.948878" lon="10.676727">
        <ele>43.027356</ele>
        <time>2026-07-22T13:19:23.468Z</time>
      </trkpt>
      <trkpt lat="53.948271" lon="10.677807">
        <ele>44.189417</ele>
        <time>2026-07-22T13:19:34.089Z</time>
      </trkpt>
      <trkpt lat="53.947781" lon="10.678418">
        <ele>45.829553</ele>
        <time>2026-07-22T13:19:43.670Z</time>
      </trkpt>
      <trkpt lat="53.947565" lon="10.678583">
        <ele>46.715355</ele>
        <time>2026-07-22T13:19:47.926Z</time>
      </trkpt>
      <trkpt lat="53.947267" lon="10.678698">
        <ele>48.046366</ele>
        <time>2026-07-22T13:19:53.873Z</time>
      </trkpt>
      <trkpt lat="53.946595" lon="10.678856">
        <ele>51.246347</ele>
        <time>2026-07-22T13:20:07.879Z</time>
      </trkpt>
      <trkpt lat="53.943182" lon="10.679462">
        <ele>65.670386</ele>
        <time>2026-07-22T13:21:13.863Z</time>
      </trkpt>
      <trkpt lat="53.942447" lon="10.679684">
        <ele>63.037142</ele>
        <time>2026-07-22T13:21:18.198Z</time>
      </trkpt>
      <trkpt lat="53.942292" lon="10.678620">
        <ele>62.994321</ele>
        <time>2026-07-22T13:21:26.258Z</time>
      </trkpt>
      <trkpt lat="53.941946" lon="10.677338">
        <ele>62.946176</ele>
        <time>2026-07-22T13:21:36.354Z</time>
      </trkpt>
      <trkpt lat="53.941889" lon="10.677005">
        <ele>62.997168</ele>
        <time>2026-07-22T13:21:38.404Z</time>
      </trkpt>
      <trkpt lat="53.941776" lon="10.676035">
        <ele>63.536588</ele>
        <time>2026-07-22T13:21:47.482Z</time>
      </trkpt>
      <trkpt lat="53.941610" lon="10.675079">
        <ele>63.417247</ele>
        <time>2026-07-22T13:21:54.103Z</time>
      </trkpt>
      <trkpt lat="53.941411" lon="10.674104">
        <ele>63.558146</ele>
        <time>2026-07-22T13:22:01.554Z</time>
      </trkpt>
      <trkpt lat="53.941303" lon="10.672362">
        <ele>65.373943</ele>
        <time>2026-07-22T13:22:18.920Z</time>
      </trkpt>
      <trkpt lat="53.941162" lon="10.671595">
        <ele>65.859319</ele>
        <time>2026-07-22T13:22:25.841Z</time>
      </trkpt>
      <trkpt lat="53.941141" lon="10.671275">
        <ele>65.861737</ele>
        <time>2026-07-22T13:22:28.114Z</time>
      </trkpt>
      <trkpt lat="53.941174" lon="10.669808">
        <ele>65.026252</ele>
        <time>2026-07-22T13:22:37.052Z</time>
      </trkpt>
      <trkpt lat="53.941147" lon="10.669086">
        <ele>64.952792</ele>
        <time>2026-07-22T13:22:41.759Z</time>
      </trkpt>
      <trkpt lat="53.941119" lon="10.668817">
        <ele>65.137471</ele>
        <time>2026-07-22T13:22:44.713Z</time>
      </trkpt>
      <trkpt lat="53.940933" lon="10.667728">
        <ele>66.203765</ele>
        <time>2026-07-22T13:22:55.336Z</time>
      </trkpt>
      <trkpt lat="53.940718" lon="10.666465">
        <ele>67.394674</ele>
        <time>2026-07-22T13:23:07.441Z</time>
      </trkpt>
      <trkpt lat="53.940699" lon="10.666232">
        <ele>67.557754</ele>
        <time>2026-07-22T13:23:09.560Z</time>
      </trkpt>
      <trkpt lat="53.940706" lon="10.665963">
        <ele>67.714814</ele>
        <time>2026-07-22T13:23:11.921Z</time>
      </trkpt>
      <trkpt lat="53.940777" lon="10.665670">
        <ele>67.886471</ele>
        <time>2026-07-22T13:23:14.605Z</time>
      </trkpt>
      <trkpt lat="53.940967" lon="10.665236">
        <ele>68.102739</ele>
        <time>2026-07-22T13:23:19.001Z</time>
      </trkpt>
      <trkpt lat="53.941112" lon="10.664801">
        <ele>68.265810</ele>
        <time>2026-07-22T13:23:22.865Z</time>
      </trkpt>
      <trkpt lat="53.941156" lon="10.664537">
        <ele>68.364833</ele>
        <time>2026-07-22T13:23:25.018Z</time>
      </trkpt>
      <trkpt lat="53.941145" lon="10.664247">
        <ele>68.523369</ele>
        <time>2026-07-22T13:23:27.466Z</time>
      </trkpt>
      <trkpt lat="53.940789" lon="10.662642">
        <ele>70.146288</ele>
        <time>2026-07-22T13:23:43.829Z</time>
      </trkpt>
      <trkpt lat="53.940636" lon="10.660902">
        <ele>70.845051</ele>
        <time>2026-07-22T13:23:58.171Z</time>
      </trkpt>
      <trkpt lat="53.940566" lon="10.660539">
        <ele>70.732309</ele>
        <time>2026-07-22T13:24:00.568Z</time>
      </trkpt>
      <trkpt lat="53.940286" lon="10.659649">
        <ele>69.788648</ele>
        <time>2026-07-22T13:24:06.392Z</time>
      </trkpt>
      <trkpt lat="53.940123" lon="10.659323">
        <ele>69.252302</ele>
        <time>2026-07-22T13:24:08.723Z</time>
      </trkpt>
      <trkpt lat="53.939571" lon="10.658715">
        <ele>66.884908</ele>
        <time>2026-07-22T13:24:14.376Z</time>
      </trkpt>
      <trkpt lat="53.939383" lon="10.658389">
        <ele>65.804552</ele>
        <time>2026-07-22T13:24:16.617Z</time>
      </trkpt>
      <trkpt lat="53.939282" lon="10.658110">
        <ele>65.051628</ele>
        <time>2026-07-22T13:24:18.218Z</time>
      </trkpt>
      <trkpt lat="53.939161" lon="10.657505">
        <ele>64.093210</ele>
        <time>2026-07-22T13:24:21.689Z</time>
      </trkpt>
      <trkpt lat="53.939153" lon="10.657397">
        <ele>63.936945</ele>
        <time>2026-07-22T13:24:22.323Z</time>
      </trkpt>
      <trkpt lat="53.938954" lon="10.656607">
        <ele>62.094588</ele>
        <time>2026-07-22T13:24:26.648Z</time>
      </trkpt>
      <trkpt lat="53.938808" lon="10.655999">
        <ele>60.582611</ele>
        <time>2026-07-22T13:24:29.923Z</time>
      </trkpt>
      <trkpt lat="53.938721" lon="10.655435">
        <ele>59.019557</ele>
        <time>2026-07-22T13:24:31.896Z</time>
      </trkpt>
      <trkpt lat="53.938481" lon="10.654865">
        <ele>56.810073</ele>
        <time>2026-07-22T13:24:34.175Z</time>
      </trkpt>
      <trkpt lat="53.937552" lon="10.653690">
        <ele>52.117980</ele>
        <time>2026-07-22T13:24:40.951Z</time>
      </trkpt>
      <trkpt lat="53.937326" lon="10.653325">
        <ele>51.446394</ele>
        <time>2026-07-22T13:24:43.001Z</time>
      </trkpt>
      <trkpt lat="53.937251" lon="10.652947">
        <ele>51.270017</ele>
        <time>2026-07-22T13:24:44.744Z</time>
      </trkpt>
      <trkpt lat="53.937200" lon="10.651764">
        <ele>51.814536</ele>
        <time>2026-07-22T13:24:52.415Z</time>
      </trkpt>
      <trkpt lat="53.937122" lon="10.651544">
        <ele>52.018708</ele>
        <time>2026-07-22T13:24:54.335Z</time>
      </trkpt>
      <trkpt lat="53.936948" lon="10.651424">
        <ele>52.271491</ele>
        <time>2026-07-22T13:24:56.701Z</time>
      </trkpt>
      <trkpt lat="53.936765" lon="10.651392">
        <ele>52.495893</ele>
        <time>2026-07-22T13:24:58.845Z</time>
      </trkpt>
      <trkpt lat="53.936367" lon="10.651415">
        <ele>52.871630</ele>
        <time>2026-07-22T13:25:03.257Z</time>
      </trkpt>
      <trkpt lat="53.936263" lon="10.651304">
        <ele>52.935614</ele>
        <time>2026-07-22T13:25:04.520Z</time>
      </trkpt>
      <trkpt lat="53.935124" lon="10.648785">
        <ele>54.598976</ele>
        <time>2026-07-22T13:25:25.102Z</time>
      </trkpt>
      <trkpt lat="53.934726" lon="10.647844">
        <ele>55.052813</ele>
        <time>2026-07-22T13:25:32.596Z</time>
      </trkpt>
      <trkpt lat="53.933560" lon="10.644747">
        <ele>47.053221</ele>
        <time>2026-07-22T13:25:45.431Z</time>
      </trkpt>
      <trkpt lat="53.933415" lon="10.644423">
        <ele>46.019869</ele>
        <time>2026-07-22T13:25:46.802Z</time>
      </trkpt>
      <trkpt lat="53.933265" lon="10.644225">
        <ele>45.225464</ele>
        <time>2026-07-22T13:25:47.900Z</time>
      </trkpt>
      <trkpt lat="53.933148" lon="10.644147">
        <ele>44.734942</ele>
        <time>2026-07-22T13:25:48.649Z</time>
      </trkpt>
      <trkpt lat="53.932909" lon="10.644102">
        <ele>44.016987</ele>
        <time>2026-07-22T13:25:50.122Z</time>
      </trkpt>
      <trkpt lat="53.932714" lon="10.644009">
        <ele>43.502791</ele>
        <time>2026-07-22T13:25:51.403Z</time>
      </trkpt>
      <trkpt lat="53.932599" lon="10.643808">
        <ele>43.151395</ele>
        <time>2026-07-22T13:25:52.473Z</time>
      </trkpt>
      <trkpt lat="53.932558" lon="10.643681">
        <ele>42.984476</ele>
        <time>2026-07-22T13:25:53.047Z</time>
      </trkpt>
      <trkpt lat="53.932530" lon="10.643412">
        <ele>42.719866</ele>
        <time>2026-07-22T13:25:54.165Z</time>
      </trkpt>
      <trkpt lat="53.932405" lon="10.641582">
        <ele>41.300618</ele>
        <time>2026-07-22T13:26:01.792Z</time>
      </trkpt>
      <trkpt lat="53.932249" lon="10.640553">
        <ele>40.487073</ele>
        <time>2026-07-22T13:26:06.197Z</time>
      </trkpt>
      <trkpt lat="53.932151" lon="10.640135">
        <ele>40.135965</ele>
        <time>2026-07-22T13:26:08.084Z</time>
      </trkpt>
      <trkpt lat="53.931993" lon="10.638947">
        <ele>39.506912</ele>
        <time>2026-07-22T13:26:13.441Z</time>
      </trkpt>
      <trkpt lat="53.931866" lon="10.638491">
        <ele>39.293930</ele>
        <time>2026-07-22T13:26:15.690Z</time>
      </trkpt>
      <trkpt lat="53.931801" lon="10.638344">
        <ele>39.212668</ele>
        <time>2026-07-22T13:26:16.521Z</time>
      </trkpt>
      <trkpt lat="53.931258" lon="10.637291">
        <ele>38.692682</ele>
        <time>2026-07-22T13:26:22.931Z</time>
      </trkpt>
      <trkpt lat="53.931207" lon="10.637075">
        <ele>38.595535</ele>
        <time>2026-07-22T13:26:23.978Z</time>
      </trkpt>
      <trkpt lat="53.930851" lon="10.634482">
        <ele>37.331932</ele>
        <time>2026-07-22T13:26:35.798Z</time>
      </trkpt>
      <trkpt lat="53.930135" lon="10.634707">
        <ele>37.343613</ele>
        <time>2026-07-22T13:26:42.165Z</time>
      </trkpt>
      <trkpt lat="53.929128" lon="10.635107">
        <ele>38.279608</ele>
        <time>2026-07-22T13:26:54.001Z</time>
      </trkpt>
      <trkpt lat="53.927860" lon="10.635752">
        <ele>36.594182</ele>
        <time>2026-07-22T13:27:03.280Z</time>
      </trkpt>
      <trkpt lat="53.927220" lon="10.636152">
        <ele>35.555689</ele>
        <time>2026-07-22T13:27:08.048Z</time>
      </trkpt>
      <trkpt lat="53.927097" lon="10.636262">
        <ele>35.266091</ele>
        <time>2026-07-22T13:27:08.948Z</time>
      </trkpt>
      <trkpt lat="53.927068" lon="10.636138">
        <ele>35.067364</ele>
        <time>2026-07-22T13:27:09.419Z</time>
      </trkpt>
      <trkpt lat="53.925070" lon="10.637536">
        <ele>31.078891</ele>
        <time>2026-07-22T13:27:23.891Z</time>
      </trkpt>
      <trkpt lat="53.923627" lon="10.638513">
        <ele>27.711525</ele>
        <time>2026-07-22T13:27:33.986Z</time>
      </trkpt>
      <trkpt lat="53.922772" lon="10.638927">
        <ele>25.986437</ele>
        <time>2026-07-22T13:27:39.864Z</time>
      </trkpt>
      <trkpt lat="53.921921" lon="10.639274">
        <ele>24.004482</ele>
        <time>2026-07-22T13:27:45.513Z</time>
      </trkpt>
      <trkpt lat="53.921369" lon="10.639443">
        <ele>22.797155</ele>
        <time>2026-07-22T13:27:49.132Z</time>
      </trkpt>
      <trkpt lat="53.920821" lon="10.639552">
        <ele>21.649997</ele>
        <time>2026-07-22T13:27:52.752Z</time>
      </trkpt>
      <trkpt lat="53.919752" lon="10.639686">
        <ele>20.843536</ele>
        <time>2026-07-22T13:28:00.823Z</time>
      </trkpt>
      <trkpt lat="53.918799" lon="10.639683">
        <ele>20.833314</ele>
        <time>2026-07-22T13:28:09.647Z</time>
      </trkpt>
      <trkpt lat="53.917708" lon="10.639566">
        <ele>18.901773</ele>
        <time>2026-07-22T13:28:16.968Z</time>
      </trkpt>
      <trkpt lat="53.916704" lon="10.639473">
        <ele>17.166762</ele>
        <time>2026-07-22T13:28:23.719Z</time>
      </trkpt>
      <trkpt lat="53.916042" lon="10.639466">
        <ele>16.682455</ele>
        <time>2026-07-22T13:28:28.805Z</time>
      </trkpt>
      <trkpt lat="53.915311" lon="10.639541">
        <ele>16.003637</ele>
        <time>2026-07-22T13:28:34.273Z</time>
      </trkpt>
      <trkpt lat="53.914551" lon="10.639697">
        <ele>15.347814</ele>
        <time>2026-07-22T13:28:39.908Z</time>
      </trkpt>
      <trkpt lat="53.913266" lon="10.640138">
        <ele>15.728595</ele>
        <time>2026-07-22T13:28:52.581Z</time>
      </trkpt>
      <trkpt lat="53.912025" lon="10.640542">
        <ele>16.611221</ele>
        <time>2026-07-22T13:29:06.460Z</time>
      </trkpt>
      <trkpt lat="53.911153" lon="10.640624">
        <ele>15.201364</ele>
        <time>2026-07-22T13:29:12.247Z</time>
      </trkpt>
      <trkpt lat="53.909374" lon="10.640401">
        <ele>15.068474</ele>
        <time>2026-07-22T13:29:27.856Z</time>
      </trkpt>
      <trkpt lat="53.908523" lon="10.640337">
        <ele>16.283452</ele>
        <time>2026-07-22T13:29:38.518Z</time>
      </trkpt>
      <trkpt lat="53.907855" lon="10.640400">
        <ele>16.943592</ele>
        <time>2026-07-22T13:29:46.256Z</time>
      </trkpt>
      <trkpt lat="53.907061" lon="10.640557">
        <ele>16.655379</ele>
        <time>2026-07-22T13:29:52.542Z</time>
      </trkpt>
      <trkpt lat="53.906560" lon="10.640624">
        <ele>16.745099</ele>
        <time>2026-07-22T13:29:57.314Z</time>
      </trkpt>
      <trkpt lat="53.905915" lon="10.640630">
        <ele>17.327101</ele>
        <time>2026-07-22T13:30:04.616Z</time>
      </trkpt>
      <trkpt lat="53.905473" lon="10.640546">
        <ele>17.259759</ele>
        <time>2026-07-22T13:30:08.546Z</time>
      </trkpt>
      <trkpt lat="53.905057" lon="10.640408">
        <ele>16.964353</ele>
        <time>2026-07-22T13:30:11.642Z</time>
      </trkpt>
      <trkpt lat="53.905043" lon="10.640529">
        <ele>16.945242</ele>
        <time>2026-07-22T13:30:12.426Z</time>
      </trkpt>
      <trkpt lat="53.905198" lon="10.640585">
        <ele>17.058159</ele>
        <time>2026-07-22T13:30:14.897Z</time>
      </trkpt>
      <trkpt lat="53.905407" lon="10.640641">
        <ele>17.196052</ele>
        <time>2026-07-22T13:30:17.933Z</time>
      </trkpt>
      <trkpt lat="53.905198" lon="10.640585">
        <ele>17.074086</ele>
        <time>2026-07-22T13:30:20.158Z</time>
      </trkpt>
      <trkpt lat="53.905043" lon="10.640529">
        <ele>16.892993</ele>
        <time>2026-07-22T13:30:21.669Z</time>
      </trkpt>
      <trkpt lat="53.904971" lon="10.640835">
        <ele>17.048246</ele>
        <time>2026-07-22T13:30:24.600Z</time>
      </trkpt>
      <trkpt lat="53.904818" lon="10.641145">
        <ele>17.434818</ele>
        <time>2026-07-22T13:30:28.742Z</time>
      </trkpt>
      <trkpt lat="53.904680" lon="10.641300">
        <ele>17.556421</ele>
        <time>2026-07-22T13:30:30.626Z</time>
      </trkpt>
      <trkpt lat="53.903986" lon="10.641519">
        <ele>18.451639</ele>
        <time>2026-07-22T13:30:41.543Z</time>
      </trkpt>
      <trkpt lat="53.903591" lon="10.641642">
        <ele>18.632724</ele>
        <time>2026-07-22T13:30:46.785Z</time>
      </trkpt>
      <trkpt lat="53.902910" lon="10.641922">
        <ele>19.256301</ele>
        <time>2026-07-22T13:30:56.733Z</time>
      </trkpt>
      <trkpt lat="53.902539" lon="10.642151">
        <ele>19.905284</ele>
        <time>2026-07-22T13:31:03.447Z</time>
      </trkpt>
      <trkpt lat="53.902272" lon="10.642356">
        <ele>20.084920</ele>
        <time>2026-07-22T13:31:06.313Z</time>
      </trkpt>
      <trkpt lat="53.901986" lon="10.642647">
        <ele>20.081619</ele>
        <time>2026-07-22T13:31:09.172Z</time>
      </trkpt>
      <trkpt lat="53.901802" lon="10.642833">
        <ele>20.098333</ele>
        <time>2026-07-22T13:31:10.878Z</time>
      </trkpt>
      <trkpt lat="53.901660" lon="10.643038">
        <ele>20.313356</ele>
        <time>2026-07-22T13:31:13.343Z</time>
      </trkpt>
      <trkpt lat="53.901430" lon="10.643360">
        <ele>20.833793</ele>
        <time>2026-07-22T13:31:17.414Z</time>
      </trkpt>
      <trkpt lat="53.901166" lon="10.643820">
        <ele>21.188798</ele>
        <time>2026-07-22T13:31:21.613Z</time>
      </trkpt>
      <trkpt lat="53.901011" lon="10.644113">
        <ele>21.335208</ele>
        <time>2026-07-22T13:31:23.723Z</time>
      </trkpt>
      <trkpt lat="53.900598" lon="10.644848">
        <ele>22.093440</ele>
        <time>2026-07-22T13:31:31.036Z</time>
      </trkpt>
      <trkpt lat="53.900394" lon="10.645096">
        <ele>22.401139</ele>
        <time>2026-07-22T13:31:33.987Z</time>
      </trkpt>
      <trkpt lat="53.900032" lon="10.645411">
        <ele>22.963869</ele>
        <time>2026-07-22T13:31:38.848Z</time>
      </trkpt>
      <trkpt lat="53.899541" lon="10.645717">
        <ele>24.110882</ele>
        <time>2026-07-22T13:31:46.533Z</time>
      </trkpt>
      <trkpt lat="53.898544" lon="10.646114">
        <ele>23.831332</ele>
        <time>2026-07-22T13:31:54.771Z</time>
      </trkpt>
      <trkpt lat="53.898288" lon="10.646233">
        <ele>24.141595</ele>
        <time>2026-07-22T13:31:58.220Z</time>
      </trkpt>
      <trkpt lat="53.898155" lon="10.646283">
        <ele>24.162576</ele>
        <time>2026-07-22T13:31:59.656Z</time>
      </trkpt>
      <trkpt lat="53.898050" lon="10.646266">
        <ele>24.078836</ele>
        <time>2026-07-22T13:32:00.354Z</time>
      </trkpt>
      <trkpt lat="53.897962" lon="10.646177">
        <ele>24.127276</ele>
        <time>2026-07-22T13:32:01.080Z</time>
      </trkpt>
      <trkpt lat="53.897865" lon="10.646371">
        <ele>24.313401</ele>
        <time>2026-07-22T13:32:03.377Z</time>
      </trkpt>
      <trkpt lat="53.897809" lon="10.646432">
        <ele>24.400663</ele>
        <time>2026-07-22T13:32:04.404Z</time>
      </trkpt>
      <trkpt lat="53.897270" lon="10.646683">
        <ele>25.115856</ele>
        <time>2026-07-22T13:32:10.834Z</time>
      </trkpt>
      <trkpt lat="53.896490" lon="10.646841">
        <ele>26.246097</ele>
        <time>2026-07-22T13:32:20.349Z</time>
      </trkpt>
      <trkpt lat="53.895392" lon="10.647248">
        <ele>28.633052</ele>
        <time>2026-07-22T13:32:36.360Z</time>
      </trkpt>
      <trkpt lat="53.894778" lon="10.647509">
        <ele>29.319149</ele>
        <time>2026-07-22T13:32:43.444Z</time>
      </trkpt>
      <trkpt lat="53.894684" lon="10.647536">
        <ele>29.327551</ele>
        <time>2026-07-22T13:32:44.754Z</time>
      </trkpt>
      <trkpt lat="53.894202" lon="10.647644">
        <ele>29.318008</ele>
        <time>2026-07-22T13:32:48.702Z</time>
      </trkpt>
      <trkpt lat="53.892894" lon="10.647838">
        <ele>28.840529</ele>
        <time>2026-07-22T13:33:00.184Z</time>
      </trkpt>
      <trkpt lat="53.892278" lon="10.647893">
        <ele>26.252841</ele>
        <time>2026-07-22T13:33:03.724Z</time>
      </trkpt>
      <trkpt lat="53.891822" lon="10.647997">
        <ele>22.950779</ele>
        <time>2026-07-22T13:33:06.170Z</time>
      </trkpt>
      <trkpt lat="53.891725" lon="10.648033">
        <ele>22.412793</ele>
        <time>2026-07-22T13:33:06.710Z</time>
      </trkpt>
      <trkpt lat="53.890958" lon="10.648399">
        <ele>20.220551</ele>
        <time>2026-07-22T13:33:11.782Z</time>
      </trkpt>
      <trkpt lat="53.890220" lon="10.648882">
        <ele>18.484838</ele>
        <time>2026-07-22T13:33:16.924Z</time>
      </trkpt>
      <trkpt lat="53.889956" lon="10.649055">
        <ele>17.779360</ele>
        <time>2026-07-22T13:33:18.699Z</time>
      </trkpt>
      <trkpt lat="53.889755" lon="10.649186">
        <ele>17.225304</ele>
        <time>2026-07-22T13:33:20.012Z</time>
      </trkpt>
      <trkpt lat="53.889553" lon="10.649304">
        <ele>17.325397</ele>
        <time>2026-07-22T13:33:22.508Z</time>
      </trkpt>
      <trkpt lat="53.888972" lon="10.649674">
        <ele>18.140760</ele>
        <time>2026-07-22T13:33:30.094Z</time>
      </trkpt>
      <trkpt lat="53.888663" lon="10.649936">
        <ele>18.286770</ele>
        <time>2026-07-22T13:33:33.445Z</time>
      </trkpt>
      <trkpt lat="53.888219" lon="10.650354">
        <ele>18.381155</ele>
        <time>2026-07-22T13:33:38.025Z</time>
      </trkpt>
      <trkpt lat="53.888099" lon="10.650472">
        <ele>18.499140</ele>
        <time>2026-07-22T13:33:39.679Z</time>
      </trkpt>
      <trkpt lat="53.888040" lon="10.650530">
        <ele>18.593680</ele>
        <time>2026-07-22T13:33:40.584Z</time>
      </trkpt>
      <trkpt lat="53.887853" lon="10.650706">
        <ele>18.711515</ele>
        <time>2026-07-22T13:33:43.098Z</time>
      </trkpt>
      <trkpt lat="53.887811" lon="10.650742">
        <ele>18.670944</ele>
        <time>2026-07-22T13:33:43.440Z</time>
      </trkpt>
      <trkpt lat="53.887410" lon="10.651124">
        <ele>17.754084</ele>
        <time>2026-07-22T13:33:46.405Z</time>
      </trkpt>
      <trkpt lat="53.887063" lon="10.651453">
        <ele>16.563520</ele>
        <time>2026-07-22T13:33:48.843Z</time>
      </trkpt>
      <trkpt lat="53.886879" lon="10.651630">
        <ele>15.974817</ele>
        <time>2026-07-22T13:33:50.092Z</time>
      </trkpt>
      <trkpt lat="53.886713" lon="10.651787">
        <ele>15.783171</ele>
        <time>2026-07-22T13:33:51.702Z</time>
      </trkpt>
      <trkpt lat="53.886580" lon="10.651859">
        <ele>15.931925</ele>
        <time>2026-07-22T13:33:53.351Z</time>
      </trkpt>
      <trkpt lat="53.886402" lon="10.651892">
        <ele>16.196871</ele>
        <time>2026-07-22T13:33:55.536Z</time>
      </trkpt>
      <trkpt lat="53.886304" lon="10.651870">
        <ele>16.364769</ele>
        <time>2026-07-22T13:33:56.876Z</time>
      </trkpt>
      <trkpt lat="53.886214" lon="10.651819">
        <ele>16.658334</ele>
        <time>2026-07-22T13:33:58.419Z</time>
      </trkpt>
      <trkpt lat="53.886117" lon="10.651826">
        <ele>16.958708</ele>
        <time>2026-07-22T13:34:00.166Z</time>
      </trkpt>
      <trkpt lat="53.886051" lon="10.651794">
        <ele>17.076990</ele>
        <time>2026-07-22T13:34:01.332Z</time>
      </trkpt>
      <trkpt lat="53.886001" lon="10.652016">
        <ele>17.181797</ele>
        <time>2026-07-22T13:34:03.355Z</time>
      </trkpt>
      <trkpt lat="53.885926" lon="10.652258">
        <ele>16.826807</ele>
        <time>2026-07-22T13:34:04.774Z</time>
      </trkpt>
      <trkpt lat="53.885704" lon="10.652659">
        <ele>15.741171</ele>
        <time>2026-07-22T13:34:07.526Z</time>
      </trkpt>
      <trkpt lat="53.885543" lon="10.652881">
        <ele>15.799251</ele>
        <time>2026-07-22T13:34:10.301Z</time>
      </trkpt>
      <trkpt lat="53.885482" lon="10.652856">
        <ele>15.881081</ele>
        <time>2026-07-22T13:34:11.327Z</time>
      </trkpt>
      <trkpt lat="53.885261" lon="10.653131">
        <ele>16.390841</ele>
        <time>2026-07-22T13:34:15.928Z</time>
      </trkpt>
      <trkpt lat="53.885140" lon="10.653351">
        <ele>16.682198</ele>
        <time>2026-07-22T13:34:18.728Z</time>
      </trkpt>
      <trkpt lat="53.884882" lon="10.653660">
        <ele>17.096622</ele>
        <time>2026-07-22T13:34:23.512Z</time>
      </trkpt>
      <trkpt lat="53.884607" lon="10.653975">
        <ele>17.565876</ele>
        <time>2026-07-22T13:34:28.615Z</time>
      </trkpt>
      <trkpt lat="53.884433" lon="10.654174">
        <ele>18.141824</ele>
        <time>2026-07-22T13:34:32.904Z</time>
      </trkpt>
      <trkpt lat="53.884189" lon="10.654478">
        <ele>18.612947</ele>
        <time>2026-07-22T13:34:37.529Z</time>
      </trkpt>
      <trkpt lat="53.883362" lon="10.655425">
        <ele>19.960857</ele>
        <time>2026-07-22T13:34:49.889Z</time>
      </trkpt>
      <trkpt lat="53.882632" lon="10.656208">
        <ele>18.770399</ele>
        <time>2026-07-22T13:34:55.850Z</time>
      </trkpt>
      <trkpt lat="53.882308" lon="10.656577">
        <ele>18.051783</ele>
        <time>2026-07-22T13:34:58.446Z</time>
      </trkpt>
      <trkpt lat="53.881918" lon="10.657020">
        <ele>17.335529</ele>
        <time>2026-07-22T13:35:01.823Z</time>
      </trkpt>
      <trkpt lat="53.881547" lon="10.657442">
        <ele>15.943179</ele>
        <time>2026-07-22T13:35:04.432Z</time>
      </trkpt>
      <trkpt lat="53.880604" lon="10.658434">
        <ele>14.272284</ele>
        <time>2026-07-22T13:35:12.401Z</time>
      </trkpt>
      <trkpt lat="53.880441" lon="10.658599">
        <ele>13.770494</ele>
        <time>2026-07-22T13:35:13.519Z</time>
      </trkpt>
      <trkpt lat="53.880280" lon="10.658763">
        <ele>13.313248</ele>
        <time>2026-07-22T13:35:14.764Z</time>
      </trkpt>
      <trkpt lat="53.880117" lon="10.658865">
        <ele>13.020220</ele>
        <time>2026-07-22T13:35:15.927Z</time>
      </trkpt>
      <trkpt lat="53.880077" lon="10.658900">
        <ele>12.946799</ele>
        <time>2026-07-22T13:35:16.239Z</time>
      </trkpt>
      <trkpt lat="53.879880" lon="10.659095">
        <ele>12.937948</ele>
        <time>2026-07-22T13:35:18.055Z</time>
      </trkpt>
      <trkpt lat="53.879805" lon="10.659213">
        <ele>13.437305</ele>
        <time>2026-07-22T13:35:19.929Z</time>
      </trkpt>
      <trkpt lat="53.879513" lon="10.659486">
        <ele>15.478766</ele>
        <time>2026-07-22T13:35:28.458Z</time>
      </trkpt>
      <trkpt lat="53.879475" lon="10.659567">
        <ele>15.786096</ele>
        <time>2026-07-22T13:35:29.978Z</time>
      </trkpt>
      <trkpt lat="53.879326" lon="10.659714">
        <ele>16.600952</ele>
        <time>2026-07-22T13:35:33.511Z</time>
      </trkpt>
      <trkpt lat="53.878094" lon="10.661156">
        <ele>14.279099</ele>
        <time>2026-07-22T13:35:43.593Z</time>
      </trkpt>
      <trkpt lat="53.877738" lon="10.661585">
        <ele>14.852364</ele>
        <time>2026-07-22T13:35:49.120Z</time>
      </trkpt>
      <trkpt lat="53.877613" lon="10.661735">
        <ele>15.150009</ele>
        <time>2026-07-22T13:35:51.427Z</time>
      </trkpt>
      <trkpt lat="53.877050" lon="10.662406">
        <ele>16.178031</ele>
        <time>2026-07-22T13:36:00.331Z</time>
      </trkpt>
      <trkpt lat="53.876408" lon="10.663142">
        <ele>15.302500</ele>
        <time>2026-07-22T13:36:05.714Z</time>
      </trkpt>
      <trkpt lat="53.876092" lon="10.663457">
        <ele>14.911377</ele>
        <time>2026-07-22T13:36:08.319Z</time>
      </trkpt>
      <trkpt lat="53.876049" lon="10.663538">
        <ele>14.899575</ele>
        <time>2026-07-22T13:36:08.818Z</time>
      </trkpt>
      <trkpt lat="53.875540" lon="10.663993">
        <ele>15.458296</ele>
        <time>2026-07-22T13:36:15.783Z</time>
      </trkpt>
      <trkpt lat="53.875495" lon="10.664033">
        <ele>15.479741</ele>
        <time>2026-07-22T13:36:16.385Z</time>
      </trkpt>
      <trkpt lat="53.875426" lon="10.664020">
        <ele>15.509046</ele>
        <time>2026-07-22T13:36:16.993Z</time>
      </trkpt>
      <trkpt lat="53.875357" lon="10.664120">
        <ele>15.467530</ele>
        <time>2026-07-22T13:36:17.670Z</time>
      </trkpt>
      <trkpt lat="53.875278" lon="10.664213">
        <ele>15.336389</ele>
        <time>2026-07-22T13:36:18.316Z</time>
      </trkpt>
      <trkpt lat="53.875233" lon="10.664272">
        <ele>15.258824</ele>
        <time>2026-07-22T13:36:18.717Z</time>
      </trkpt>
      <trkpt lat="53.874643" lon="10.664870">
        <ele>13.998160</ele>
        <time>2026-07-22T13:36:23.320Z</time>
      </trkpt>
      <trkpt lat="53.874371" lon="10.665116">
        <ele>13.505993</ele>
        <time>2026-07-22T13:36:25.378Z</time>
      </trkpt>
      <trkpt lat="53.874276" lon="10.665153">
        <ele>13.454263</ele>
        <time>2026-07-22T13:36:26.158Z</time>
      </trkpt>
      <trkpt lat="53.874034" lon="10.665382">
        <ele>13.533745</ele>
        <time>2026-07-22T13:36:28.802Z</time>
      </trkpt>
      <trkpt lat="53.873976" lon="10.665472">
        <ele>13.696131</ele>
        <time>2026-07-22T13:36:29.699Z</time>
      </trkpt>
      <trkpt lat="53.873829" lon="10.665597">
        <ele>14.051888</ele>
        <time>2026-07-22T13:36:32.435Z</time>
      </trkpt>
      <trkpt lat="53.873545" lon="10.665842">
        <ele>14.415549</ele>
        <time>2026-07-22T13:36:36.440Z</time>
      </trkpt>
      <trkpt lat="53.872821" lon="10.666467">
        <ele>14.188584</ele>
        <time>2026-07-22T13:36:42.977Z</time>
      </trkpt>
      <trkpt lat="53.872041" lon="10.667149">
        <ele>13.465719</ele>
        <time>2026-07-22T13:36:49.571Z</time>
      </trkpt>
      <trkpt lat="53.871726" lon="10.667424">
        <ele>12.837220</ele>
        <time>2026-07-22T13:36:51.918Z</time>
      </trkpt>
      <trkpt lat="53.871332" lon="10.667825">
        <ele>12.333804</ele>
        <time>2026-07-22T13:36:56.510Z</time>
      </trkpt>
      <trkpt lat="53.871051" lon="10.668169">
        <ele>12.571616</ele>
        <time>2026-07-22T13:37:01.682Z</time>
      </trkpt>
      <trkpt lat="53.870986" lon="10.668242">
        <ele>12.550182</ele>
        <time>2026-07-22T13:37:03.091Z</time>
      </trkpt>
      <trkpt lat="53.870950" lon="10.668292">
        <ele>12.537389</ele>
        <time>2026-07-22T13:37:03.758Z</time>
      </trkpt>
      <trkpt lat="53.870479" lon="10.668950">
        <ele>10.812523</ele>
        <time>2026-07-22T13:37:08.901Z</time>
      </trkpt>
      <trkpt lat="53.870444" lon="10.669006">
        <ele>10.833473</ele>
        <time>2026-07-22T13:37:09.526Z</time>
      </trkpt>
      <trkpt lat="53.870320" lon="10.669230">
        <ele>11.462044</ele>
        <time>2026-07-22T13:37:14.065Z</time>
      </trkpt>
      <trkpt lat="53.870244" lon="10.669355">
        <ele>12.100873</ele>
        <time>2026-07-22T13:37:17.356Z</time>
      </trkpt>
      <trkpt lat="53.870092" lon="10.669606">
        <ele>12.891432</ele>
        <time>2026-07-22T13:37:22.192Z</time>
      </trkpt>
      <trkpt lat="53.869426" lon="10.670850">
        <ele>12.340002</ele>
        <time>2026-07-22T13:37:32.804Z</time>
      </trkpt>
      <trkpt lat="53.869379" lon="10.670910">
        <ele>12.232802</ele>
        <time>2026-07-22T13:37:33.558Z</time>
      </trkpt>
      <trkpt lat="53.869344" lon="10.670950">
        <ele>12.155892</ele>
        <time>2026-07-22T13:37:34.024Z</time>
      </trkpt>
      <trkpt lat="53.869065" lon="10.671359">
        <ele>10.234132</ele>
        <time>2026-07-22T13:37:37.004Z</time>
      </trkpt>
      <trkpt lat="53.868825" lon="10.671775">
        <ele>7.618496</ele>
        <time>2026-07-22T13:37:39.508Z</time>
      </trkpt>
      <trkpt lat="53.868279" lon="10.672471">
        <ele>10.932736</ele>
        <time>2026-07-22T13:37:57.378Z</time>
      </trkpt>
      <trkpt lat="53.868235" lon="10.672508">
        <ele>11.073791</ele>
        <time>2026-07-22T13:37:58.441Z</time>
      </trkpt>
      <trkpt lat="53.868167" lon="10.672576">
        <ele>11.158347</ele>
        <time>2026-07-22T13:37:59.991Z</time>
      </trkpt>
      <trkpt lat="53.868088" lon="10.672627">
        <ele>11.248890</ele>
        <time>2026-07-22T13:38:00.927Z</time>
      </trkpt>
      <trkpt lat="53.867768" lon="10.672981">
        <ele>10.325607</ele>
        <time>2026-07-22T13:38:04.345Z</time>
      </trkpt>
      <trkpt lat="53.867728" lon="10.673024">
        <ele>10.198945</ele>
        <time>2026-07-22T13:38:04.811Z</time>
      </trkpt>
      <trkpt lat="53.867633" lon="10.673122">
        <ele>9.647585</ele>
        <time>2026-07-22T13:38:05.482Z</time>
      </trkpt>
      <trkpt lat="53.867566" lon="10.673196">
        <ele>9.088752</ele>
        <time>2026-07-22T13:38:05.904Z</time>
      </trkpt>
      <trkpt lat="53.867525" lon="10.673262">
        <ele>8.693654</ele>
        <time>2026-07-22T13:38:06.319Z</time>
      </trkpt>
      <trkpt lat="53.867243" lon="10.673650">
        <ele>5.999181</ele>
        <time>2026-07-22T13:38:09.052Z</time>
      </trkpt>
      <trkpt lat="53.867194" lon="10.673715">
        <ele>5.656195</ele>
        <time>2026-07-22T13:38:09.418Z</time>
      </trkpt>
      <trkpt lat="53.867106" lon="10.673835">
        <ele>5.189718</ele>
        <time>2026-07-22T13:38:10.137Z</time>
      </trkpt>
      <trkpt lat="53.866743" lon="10.674154">
        <ele>4.179959</ele>
        <time>2026-07-22T13:38:12.663Z</time>
      </trkpt>
      <trkpt lat="53.866572" lon="10.674262">
        <ele>4.431703</ele>
        <time>2026-07-22T13:38:15.318Z</time>
      </trkpt>
      <trkpt lat="53.866506" lon="10.674307">
        <ele>4.499130</ele>
        <time>2026-07-22T13:38:16.337Z</time>
      </trkpt>
      <trkpt lat="53.866443" lon="10.674366">
        <ele>4.551471</ele>
        <time>2026-07-22T13:38:17.147Z</time>
      </trkpt>
      <trkpt lat="53.866371" lon="10.674380">
        <ele>4.604177</ele>
        <time>2026-07-22T13:38:17.680Z</time>
      </trkpt>
      <trkpt lat="53.866332" lon="10.674416">
        <ele>4.652728</ele>
        <time>2026-07-22T13:38:18.019Z</time>
      </trkpt>
      <trkpt lat="53.866326" lon="10.674470">
        <ele>4.723793</ele>
        <time>2026-07-22T13:38:18.292Z</time>
      </trkpt>
      <trkpt lat="53.866218" lon="10.674423">
        <ele>4.968331</ele>
        <time>2026-07-22T13:38:19.705Z</time>
      </trkpt>
      <trkpt lat="53.866129" lon="10.674482">
        <ele>5.302212</ele>
        <time>2026-07-22T13:38:21.762Z</time>
      </trkpt>
      <trkpt lat="53.866109" lon="10.674512">
        <ele>5.489817</ele>
        <time>2026-07-22T13:38:22.416Z</time>
      </trkpt>
      <trkpt lat="53.865939" lon="10.674545">
        <ele>6.692062</ele>
        <time>2026-07-22T13:38:27.060Z</time>
      </trkpt>
      <trkpt lat="53.865817" lon="10.674514">
        <ele>7.248912</ele>
        <time>2026-07-22T13:38:30.189Z</time>
      </trkpt>
      <trkpt lat="53.865715" lon="10.674481">
        <ele>7.706847</ele>
        <time>2026-07-22T13:38:31.953Z</time>
      </trkpt>
      <trkpt lat="53.865229" lon="10.674342">
        <ele>6.059991</ele>
        <time>2026-07-22T13:38:36.140Z</time>
      </trkpt>
      <trkpt lat="53.865010" lon="10.674252">
        <ele>5.597415</ele>
        <time>2026-07-22T13:38:38.136Z</time>
      </trkpt>
      <trkpt lat="53.864181" lon="10.673985">
        <ele>6.603195</ele>
        <time>2026-07-22T13:38:50.861Z</time>
      </trkpt>
      <trkpt lat="53.864012" lon="10.673922">
        <ele>7.404502</ele>
        <time>2026-07-22T13:38:56.158Z</time>
      </trkpt>
      <trkpt lat="53.863282" lon="10.673705">
        <ele>8.102362</ele>
        <time>2026-07-22T13:39:06.194Z</time>
      </trkpt>
      <trkpt lat="53.863058" lon="10.673615">
        <ele>7.576913</ele>
        <time>2026-07-22T13:39:08.316Z</time>
      </trkpt>
      <trkpt lat="53.862857" lon="10.673552">
        <ele>6.962054</ele>
        <time>2026-07-22T13:39:10.094Z</time>
      </trkpt>
      <trkpt lat="53.861914" lon="10.673233">
        <ele>5.545014</ele>
        <time>2026-07-22T13:39:19.548Z</time>
      </trkpt>
      <trkpt lat="53.861797" lon="10.673249">
        <ele>5.465589</ele>
        <time>2026-07-22T13:39:20.878Z</time>
      </trkpt>
      <trkpt lat="53.861508" lon="10.673175">
        <ele>5.602643</ele>
        <time>2026-07-22T13:39:24.539Z</time>
      </trkpt>
      <trkpt lat="53.861497" lon="10.673270">
        <ele>5.918910</ele>
        <time>2026-07-22T13:39:25.293Z</time>
      </trkpt>
      <trkpt lat="53.861491" lon="10.673345">
        <ele>6.166161</ele>
        <time>2026-07-22T13:39:26.228Z</time>
      </trkpt>
      <trkpt lat="53.861386" lon="10.673446">
        <ele>6.831394</ele>
        <time>2026-07-22T13:39:30.011Z</time>
      </trkpt>
      <trkpt lat="53.861281" lon="10.673532">
        <ele>7.432183</ele>
        <time>2026-07-22T13:39:33.164Z</time>
      </trkpt>
      <trkpt lat="53.861210" lon="10.673654">
        <ele>7.944055</ele>
        <time>2026-07-22T13:39:34.468Z</time>
      </trkpt>
      <trkpt lat="53.860468" lon="10.674269">
        <ele>7.999405</ele>
        <time>2026-07-22T13:39:42.230Z</time>
      </trkpt>
      <trkpt lat="53.860174" lon="10.674509">
        <ele>7.630615</ele>
        <time>2026-07-22T13:39:44.409Z</time>
      </trkpt>
      <trkpt lat="53.860133" lon="10.674543">
        <ele>7.694838</ele>
        <time>2026-07-22T13:39:44.798Z</time>
      </trkpt>
      <trkpt lat="53.859621" lon="10.674970">
        <ele>8.574004</ele>
        <time>2026-07-22T13:39:52.370Z</time>
      </trkpt>
      <trkpt lat="53.859555" lon="10.675021">
        <ele>8.669709</ele>
        <time>2026-07-22T13:39:53.374Z</time>
      </trkpt>
      <trkpt lat="53.859128" lon="10.675367">
        <ele>9.144547</ele>
        <time>2026-07-22T13:39:58.461Z</time>
      </trkpt>
      <trkpt lat="53.858989" lon="10.675486">
        <ele>9.360990</ele>
        <time>2026-07-22T13:40:00.731Z</time>
      </trkpt>
      <trkpt lat="53.858489" lon="10.675921">
        <ele>8.334132</ele>
        <time>2026-07-22T13:40:04.356Z</time>
      </trkpt>
      <trkpt lat="53.858351" lon="10.676042">
        <ele>8.227684</ele>
        <time>2026-07-22T13:40:05.843Z</time>
      </trkpt>
      <trkpt lat="53.858246" lon="10.676183">
        <ele>8.290135</ele>
        <time>2026-07-22T13:40:07.121Z</time>
      </trkpt>
      <trkpt lat="53.857721" lon="10.676637">
        <ele>8.220937</ele>
        <time>2026-07-22T13:40:12.924Z</time>
      </trkpt>
      <trkpt lat="53.857653" lon="10.676791">
        <ele>7.915045</ele>
        <time>2026-07-22T13:40:13.587Z</time>
      </trkpt>
      <trkpt lat="53.857604" lon="10.676984">
        <ele>7.414964</ele>
        <time>2026-07-22T13:40:14.274Z</time>
      </trkpt>
      <trkpt lat="53.857408" lon="10.677362">
        <ele>6.192231</ele>
        <time>2026-07-22T13:40:16.049Z</time>
      </trkpt>
      <trkpt lat="53.857277" lon="10.677676">
        <ele>4.956872</ele>
        <time>2026-07-22T13:40:17.304Z</time>
      </trkpt>
      <trkpt lat="53.857020" lon="10.678608">
        <ele>1.792213</ele>
        <time>2026-07-22T13:40:20.599Z</time>
      </trkpt>
      <trkpt lat="53.856810" lon="10.679442">
        <ele>2.576712</ele>
        <time>2026-07-22T13:40:29.334Z</time>
      </trkpt>
      <trkpt lat="53.856761" lon="10.679641">
        <ele>3.093030</ele>
        <time>2026-07-22T13:40:31.275Z</time>
      </trkpt>
      <trkpt lat="53.856658" lon="10.679848">
        <ele>3.884335</ele>
        <time>2026-07-22T13:40:34.820Z</time>
      </trkpt>
      <trkpt lat="53.856595" lon="10.680112">
        <ele>5.070591</ele>
        <time>2026-07-22T13:40:39.622Z</time>
      </trkpt>
      <trkpt lat="53.856557" lon="10.680195">
        <ele>5.203434</ele>
        <time>2026-07-22T13:40:41.026Z</time>
      </trkpt>
      <trkpt lat="53.856493" lon="10.680299">
        <ele>5.093130</ele>
        <time>2026-07-22T13:40:41.994Z</time>
      </trkpt>
      <trkpt lat="53.856226" lon="10.680635">
        <ele>3.438765</ele>
        <time>2026-07-22T13:40:43.812Z</time>
      </trkpt>
      <trkpt lat="53.856030" lon="10.680776">
        <ele>1.845264</ele>
        <time>2026-07-22T13:40:44.930Z</time>
      </trkpt>
      <trkpt lat="53.855806" lon="10.680858">
        <ele>1.241453</ele>
        <time>2026-07-22T13:40:46.318Z</time>
      </trkpt>
      <trkpt lat="53.855290" lon="10.681028">
        <ele>5.162815</ele>
        <time>2026-07-22T13:41:01.866Z</time>
      </trkpt>
      <trkpt lat="53.854998" lon="10.681125">
        <ele>6.434898</ele>
        <time>2026-07-22T13:41:07.441Z</time>
      </trkpt>
      <trkpt lat="53.854091" lon="10.681406">
        <ele>7.404571</ele>
        <time>2026-07-22T13:41:17.530Z</time>
      </trkpt>
      <trkpt lat="53.853370" lon="10.681528">
        <ele>8.106404</ele>
        <time>2026-07-22T13:41:25.664Z</time>
      </trkpt>
      <trkpt lat="53.853298" lon="10.681549">
        <ele>8.145341</ele>
        <time>2026-07-22T13:41:26.639Z</time>
      </trkpt>
      <trkpt lat="53.853227" lon="10.681663">
        <ele>8.195713</ele>
        <time>2026-07-22T13:41:27.877Z</time>
      </trkpt>
      <trkpt lat="53.852978" lon="10.681758">
        <ele>8.364041</ele>
        <time>2026-07-22T13:41:30.433Z</time>
      </trkpt>
      <trkpt lat="53.852224" lon="10.682022">
        <ele>9.830755</ele>
        <time>2026-07-22T13:41:41.171Z</time>
      </trkpt>
      <trkpt lat="53.851950" lon="10.682121">
        <ele>10.083921</ele>
        <time>2026-07-22T13:41:44.110Z</time>
      </trkpt>
      <trkpt lat="53.851715" lon="10.682113">
        <ele>10.145715</ele>
        <time>2026-07-22T13:41:46.426Z</time>
      </trkpt>
      <trkpt lat="53.851537" lon="10.682099">
        <ele>10.095297</ele>
        <time>2026-07-22T13:41:47.839Z</time>
      </trkpt>
      <trkpt lat="53.851433" lon="10.682078">
        <ele>10.032835</ele>
        <time>2026-07-22T13:41:48.587Z</time>
      </trkpt>
      <trkpt lat="53.851272" lon="10.681992">
        <ele>10.181984</ele>
        <time>2026-07-22T13:41:50.218Z</time>
      </trkpt>
      <trkpt lat="53.851204" lon="10.682005">
        <ele>10.266208</ele>
        <time>2026-07-22T13:41:51.196Z</time>
      </trkpt>
      <trkpt lat="53.851061" lon="10.682139">
        <ele>10.737436</ele>
        <time>2026-07-22T13:41:54.022Z</time>
      </trkpt>
      <trkpt lat="53.850971" lon="10.682373">
        <ele>10.981496</ele>
        <time>2026-07-22T13:41:56.473Z</time>
      </trkpt>
      <trkpt lat="53.850937" lon="10.682402">
        <ele>10.977754</ele>
        <time>2026-07-22T13:41:56.795Z</time>
      </trkpt>
      <trkpt lat="53.850685" lon="10.682550">
        <ele>10.665109</ele>
        <time>2026-07-22T13:41:58.520Z</time>
      </trkpt>
      <trkpt lat="53.849072" lon="10.683079">
        <ele>9.243024</ele>
        <time>2026-07-22T13:42:10.793Z</time>
      </trkpt>
      <trkpt lat="53.848727" lon="10.683197">
        <ele>10.198243</ele>
        <time>2026-07-22T13:42:17.048Z</time>
      </trkpt>
      <trkpt lat="53.848189" lon="10.683381">
        <ele>10.375183</ele>
        <time>2026-07-22T13:42:21.861Z</time>
      </trkpt>
      <trkpt lat="53.847551" lon="10.683595">
        <ele>9.977582</ele>
        <time>2026-07-22T13:42:26.756Z</time>
      </trkpt>
      <trkpt lat="53.846843" lon="10.683761">
        <ele>11.023265</ele>
        <time>2026-07-22T13:42:35.850Z</time>
      </trkpt>
      <trkpt lat="53.846846" lon="10.683861">
        <ele>11.023265</ele>
        <time>2026-07-22T13:42:37.101Z</time>
      </trkpt>
      <trkpt lat="53.846871" lon="10.684005">
        <ele>11.023265</ele>
        <time>2026-07-22T13:42:39.321Z</time>
      </trkpt>
      <trkpt lat="53.846882" lon="10.684099">
        <ele>11.023265</ele>
        <time>2026-07-22T13:42:40.592Z</time>
      </trkpt>
    </trkseg>
  </trk>
</gpx>