<?xml version='1.0' encoding='UTF-8'?>
<gpx version="1.1" creator="https://www.komoot.de" xmlns="http://www.topografix.com/GPX/1/1" xmlns:xsi="http://www.w3.org/2001/XMLSchema-instance" xsi:schemaLocation="http://www.topografix.com/GPX/1/1 http://www.topografix.com/GPX/1/1/gpx.xsd">
  <metadata>
    <name>HL-Zarrentin-Mölln-HL</name>
    <author>
      <link href="https://www.komoot.de">
        <text>komoot</text>
        <type>text/html</type>
      </link>
    </author>
  </metadata>
  <wpt lat="53.839479" lon="10.678983">
    <name>Radweg durch die Felder</name>
    <sym>Flag, Blue</sym>
  </wpt>
  <wpt lat="53.740810" lon="10.702669">
    <name>Blick auf den Klosterberg und den Fernmeldeturm</name>
    <sym>Flag, Blue</sym>
  </wpt>
  <wpt lat="53.663733" lon="10.918764">
    <name>Baumgesäumte Straße zwischen Kittlitz und Dargow</name>
    <sym>Flag, Blue</sym>
  </wpt>
  <wpt lat="53.539013" lon="10.699322">
    <name>Talhänge bei Göttin</name>
    <sym>Flag, Blue</sym>
  </wpt>
  <wpt lat="53.570402" lon="10.598816">
    <name>Staatsforst Lübeck</name>
    <sym>Flag, Blue</sym>
  </wpt>
  <wpt lat="53.658047" lon="10.632945">
    <name>Pantener Moorweiher und Umgebung</name>
    <sym>Flag, Blue</sym>
  </wpt>
  <wpt lat="53.786312" lon="10.672428">
    <name>Klempauer Hofsee</name>
    <sym>Flag, Blue</sym>
  </wpt>
  <wpt lat="53.808058" lon="10.682039">
    <name>Wulfsdorf–Beidendorf Landstraße</name>
    <sym>Flag, Blue</sym>
  </wpt>
  <wpt lat="53.836880" lon="10.677105">
    <name>Glatte Asphaltstraße im LSG Ringstedtenhof</name>
    <sym>Flag, Blue</sym>
  </wpt>
  <trk>
    <name>HL-Zarrentin-Mölln-HL</name>
    <type>racebike</type>
    <trkseg>
      <trkpt lat="53.839440" lon="10.679188">
        <ele>12.990536</ele>
        <time>2026-07-22T08:20:16.478Z</time>
      </trkpt>
      <trkpt lat="53.838309" lon="10.678573">
        <ele>12.903809</ele>
        <time>2026-07-22T08:20:30.322Z</time>
      </trkpt>
      <trkpt lat="53.838034" lon="10.678355">
        <ele>12.911887</ele>
        <time>2026-07-22T08:20:33.868Z</time>
      </trkpt>
      <trkpt lat="53.837760" lon="10.678047">
        <ele>12.850243</ele>
        <time>2026-07-22T08:20:38.131Z</time>
      </trkpt>
      <trkpt lat="53.837243" lon="10.677476">
        <ele>11.580332</ele>
        <time>2026-07-22T08:20:43.372Z</time>
      </trkpt>
      <trkpt lat="53.836849" lon="10.677122">
        <ele>11.178672</ele>
        <time>2026-07-22T08:20:47.804Z</time>
      </trkpt>
      <trkpt lat="53.836788" lon="10.677094">
        <ele>11.187522</ele>
        <time>2026-07-22T08:20:48.572Z</time>
      </trkpt>
      <trkpt lat="53.834729" lon="10.676710">
        <ele>13.381924</ele>
        <time>2026-07-22T08:21:20.344Z</time>
      </trkpt>
      <trkpt lat="53.834006" lon="10.676575">
        <ele>13.880763</ele>
        <time>2026-07-22T08:21:30.652Z</time>
      </trkpt>
      <trkpt lat="53.832405" lon="10.676267">
        <ele>14.159839</ele>
        <time>2026-07-22T08:21:50.409Z</time>
      </trkpt>
      <trkpt lat="53.832058" lon="10.676289">
        <ele>14.541838</ele>
        <time>2026-07-22T08:21:56.153Z</time>
      </trkpt>
      <trkpt lat="53.830998" lon="10.676394">
        <ele>14.814713</ele>
        <time>2026-07-22T08:22:09.393Z</time>
      </trkpt>
      <trkpt lat="53.830777" lon="10.676357">
        <ele>14.889926</ele>
        <time>2026-07-22T08:22:12.436Z</time>
      </trkpt>
      <trkpt lat="53.829363" lon="10.675924">
        <ele>15.390010</ele>
        <time>2026-07-22T08:22:30.923Z</time>
      </trkpt>
      <trkpt lat="53.828299" lon="10.675599">
        <ele>15.442955</ele>
        <time>2026-07-22T08:22:44.134Z</time>
      </trkpt>
      <trkpt lat="53.828109" lon="10.675507">
        <ele>15.298402</ele>
        <time>2026-07-22T08:22:46.014Z</time>
      </trkpt>
      <trkpt lat="53.827936" lon="10.675350">
        <ele>15.181190</ele>
        <time>2026-07-22T08:22:48.013Z</time>
      </trkpt>
      <trkpt lat="53.827788" lon="10.675067">
        <ele>15.196901</ele>
        <time>2026-07-22T08:22:50.955Z</time>
      </trkpt>
      <trkpt lat="53.827683" lon="10.674673">
        <ele>15.287368</ele>
        <time>2026-07-22T08:22:54.289Z</time>
      </trkpt>
      <trkpt lat="53.827494" lon="10.673699">
        <ele>15.367121</ele>
        <time>2026-07-22T08:23:01.782Z</time>
      </trkpt>
      <trkpt lat="53.827448" lon="10.673566">
        <ele>15.330019</ele>
        <time>2026-07-22T08:23:02.743Z</time>
      </trkpt>
      <trkpt lat="53.827270" lon="10.673297">
        <ele>15.017607</ele>
        <time>2026-07-22T08:23:05.004Z</time>
      </trkpt>
      <trkpt lat="53.827042" lon="10.673161">
        <ele>14.379229</ele>
        <time>2026-07-22T08:23:07.038Z</time>
      </trkpt>
      <trkpt lat="53.826918" lon="10.673164">
        <ele>13.866664</ele>
        <time>2026-07-22T08:23:08.021Z</time>
      </trkpt>
      <trkpt lat="53.825981" lon="10.673725">
        <ele>9.062627</ele>
        <time>2026-07-22T08:23:15.512Z</time>
      </trkpt>
      <trkpt lat="53.825792" lon="10.673746">
        <ele>8.368452</ele>
        <time>2026-07-22T08:23:17.013Z</time>
      </trkpt>
      <trkpt lat="53.825682" lon="10.673710">
        <ele>8.042828</ele>
        <time>2026-07-22T08:23:17.956Z</time>
      </trkpt>
      <trkpt lat="53.825581" lon="10.673648">
        <ele>7.885022</ele>
        <time>2026-07-22T08:23:18.926Z</time>
      </trkpt>
      <trkpt lat="53.825288" lon="10.673348">
        <ele>7.663461</ele>
        <time>2026-07-22T08:23:22.479Z</time>
      </trkpt>
      <trkpt lat="53.824887" lon="10.672682">
        <ele>8.256928</ele>
        <time>2026-07-22T08:23:31.140Z</time>
      </trkpt>
      <trkpt lat="53.824493" lon="10.672235">
        <ele>9.186584</ele>
        <time>2026-07-22T08:23:39.730Z</time>
      </trkpt>
      <trkpt lat="53.824243" lon="10.672055">
        <ele>9.655775</ele>
        <time>2026-07-22T08:23:44.508Z</time>
      </trkpt>
      <trkpt lat="53.823743" lon="10.671890">
        <ele>9.967370</ele>
        <time>2026-07-22T08:23:51.808Z</time>
      </trkpt>
      <trkpt lat="53.821859" lon="10.671647">
        <ele>9.902555</ele>
        <time>2026-07-22T08:24:13.841Z</time>
      </trkpt>
      <trkpt lat="53.821691" lon="10.671716">
        <ele>9.886588</ele>
        <time>2026-07-22T08:24:15.759Z</time>
      </trkpt>
      <trkpt lat="53.821332" lon="10.671990">
        <ele>9.809338</ele>
        <time>2026-07-22T08:24:20.212Z</time>
      </trkpt>
      <trkpt lat="53.820864" lon="10.672147">
        <ele>9.784926</ele>
        <time>2026-07-22T08:24:25.757Z</time>
      </trkpt>
      <trkpt lat="53.820191" lon="10.672459">
        <ele>9.561785</ele>
        <time>2026-07-22T08:24:33.488Z</time>
      </trkpt>
      <trkpt lat="53.819623" lon="10.672530">
        <ele>9.109737</ele>
        <time>2026-07-22T08:24:39.174Z</time>
      </trkpt>
      <trkpt lat="53.819156" lon="10.672684">
        <ele>8.807467</ele>
        <time>2026-07-22T08:24:44.120Z</time>
      </trkpt>
      <trkpt lat="53.818376" lon="10.672877">
        <ele>8.428641</ele>
        <time>2026-07-22T08:24:52.718Z</time>
      </trkpt>
      <trkpt lat="53.817400" lon="10.672979">
        <ele>7.465328</ele>
        <time>2026-07-22T08:25:02.131Z</time>
      </trkpt>
      <trkpt lat="53.817183" lon="10.673070">
        <ele>7.535847</ele>
        <time>2026-07-22T08:25:05.003Z</time>
      </trkpt>
      <trkpt lat="53.816728" lon="10.673385">
        <ele>8.099263</ele>
        <time>2026-07-22T08:25:12.697Z</time>
      </trkpt>
      <trkpt lat="53.816075" lon="10.674019">
        <ele>8.917490</ele>
        <time>2026-07-22T08:25:24.462Z</time>
      </trkpt>
      <trkpt lat="53.815999" lon="10.674138">
        <ele>8.939750</ele>
        <time>2026-07-22T08:25:25.690Z</time>
      </trkpt>
      <trkpt lat="53.815849" lon="10.674576">
        <ele>8.734662</ele>
        <time>2026-07-22T08:25:28.623Z</time>
      </trkpt>
      <trkpt lat="53.815589" lon="10.675911">
        <ele>8.536276</ele>
        <time>2026-07-22T08:25:37.928Z</time>
      </trkpt>
      <trkpt lat="53.815535" lon="10.676156">
        <ele>8.637569</ele>
        <time>2026-07-22T08:25:40.261Z</time>
      </trkpt>
      <trkpt lat="53.815478" lon="10.676313">
        <ele>8.735423</ele>
        <time>2026-07-22T08:25:41.920Z</time>
      </trkpt>
      <trkpt lat="53.814880" lon="10.676958">
        <ele>10.205545</ele>
        <time>2026-07-22T08:25:55.082Z</time>
      </trkpt>
      <trkpt lat="53.814750" lon="10.677128">
        <ele>10.559925</ele>
        <time>2026-07-22T08:25:58.208Z</time>
      </trkpt>
      <trkpt lat="53.814651" lon="10.677329">
        <ele>10.526136</ele>
        <time>2026-07-22T08:26:00.603Z</time>
      </trkpt>
      <trkpt lat="53.814251" lon="10.678377">
        <ele>8.144288</ele>
        <time>2026-07-22T08:26:06.480Z</time>
      </trkpt>
      <trkpt lat="53.814136" lon="10.678616">
        <ele>7.309751</ele>
        <time>2026-07-22T08:26:07.877Z</time>
      </trkpt>
      <trkpt lat="53.813918" lon="10.678972">
        <ele>5.993261</ele>
        <time>2026-07-22T08:26:10.168Z</time>
      </trkpt>
      <trkpt lat="53.813694" lon="10.679212">
        <ele>5.718857</ele>
        <time>2026-07-22T08:26:12.690Z</time>
      </trkpt>
      <trkpt lat="53.813637" lon="10.679262">
        <ele>5.891678</ele>
        <time>2026-07-22T08:26:13.706Z</time>
      </trkpt>
      <trkpt lat="53.811483" lon="10.681201">
        <ele>12.327109</ele>
        <time>2026-07-22T08:27:04.678Z</time>
      </trkpt>
      <trkpt lat="53.811312" lon="10.681327">
        <ele>12.433439</ele>
        <time>2026-07-22T08:27:06.692Z</time>
      </trkpt>
      <trkpt lat="53.811194" lon="10.681393">
        <ele>12.456933</ele>
        <time>2026-07-22T08:27:08.043Z</time>
      </trkpt>
      <trkpt lat="53.810600" lon="10.681548">
        <ele>12.959289</ele>
        <time>2026-07-22T08:27:17.186Z</time>
      </trkpt>
      <trkpt lat="53.810231" lon="10.681821">
        <ele>13.011600</ele>
        <time>2026-07-22T08:27:22.286Z</time>
      </trkpt>
      <trkpt lat="53.809815" lon="10.682269">
        <ele>12.283826</ele>
        <time>2026-07-22T08:27:26.642Z</time>
      </trkpt>
      <trkpt lat="53.809549" lon="10.682723">
        <ele>12.025858</ele>
        <time>2026-07-22T08:27:30.983Z</time>
      </trkpt>
      <trkpt lat="53.809392" lon="10.683015">
        <ele>11.542470</ele>
        <time>2026-07-22T08:27:32.917Z</time>
      </trkpt>
      <trkpt lat="53.809269" lon="10.683234">
        <ele>11.309964</ele>
        <time>2026-07-22T08:27:34.568Z</time>
      </trkpt>
      <trkpt lat="53.808923" lon="10.683708">
        <ele>11.693009</ele>
        <time>2026-07-22T08:27:41.529Z</time>
      </trkpt>
      <trkpt lat="53.808578" lon="10.684122">
        <ele>12.025062</ele>
        <time>2026-07-22T08:27:47.597Z</time>
      </trkpt>
      <trkpt lat="53.808430" lon="10.684231">
        <ele>11.975354</ele>
        <time>2026-07-22T08:27:49.442Z</time>
      </trkpt>
      <trkpt lat="53.808129" lon="10.684374">
        <ele>11.687627</ele>
        <time>2026-07-22T08:27:52.518Z</time>
      </trkpt>
      <trkpt lat="53.807738" lon="10.684464">
        <ele>11.335655</ele>
        <time>2026-07-22T08:27:56.219Z</time>
      </trkpt>
      <trkpt lat="53.807495" lon="10.684514">
        <ele>11.512127</ele>
        <time>2026-07-22T08:27:59.984Z</time>
      </trkpt>
      <trkpt lat="53.805785" lon="10.684946">
        <ele>13.783140</ele>
        <time>2026-07-22T08:28:28.646Z</time>
      </trkpt>
      <trkpt lat="53.805585" lon="10.684996">
        <ele>13.387137</ele>
        <time>2026-07-22T08:28:30.364Z</time>
      </trkpt>
      <trkpt lat="53.805152" lon="10.685145">
        <ele>11.548202</ele>
        <time>2026-07-22T08:28:33.701Z</time>
      </trkpt>
      <trkpt lat="53.804965" lon="10.685403">
        <ele>11.087387</ele>
        <time>2026-07-22T08:28:35.941Z</time>
      </trkpt>
      <trkpt lat="53.804853" lon="10.685728">
        <ele>11.103061</ele>
        <time>2026-07-22T08:28:38.454Z</time>
      </trkpt>
      <trkpt lat="53.804277" lon="10.687788">
        <ele>12.849457</ele>
        <time>2026-07-22T08:29:01.010Z</time>
      </trkpt>
      <trkpt lat="53.803999" lon="10.688894">
        <ele>12.371780</ele>
        <time>2026-07-22T08:29:07.932Z</time>
      </trkpt>
      <trkpt lat="53.803908" lon="10.689440">
        <ele>12.395671</ele>
        <time>2026-07-22T08:29:12.119Z</time>
      </trkpt>
      <trkpt lat="53.803904" lon="10.689566">
        <ele>12.445461</ele>
        <time>2026-07-22T08:29:13.106Z</time>
      </trkpt>
      <trkpt lat="53.803879" lon="10.690391">
        <ele>12.908464</ele>
        <time>2026-07-22T08:29:20.480Z</time>
      </trkpt>
      <trkpt lat="53.803872" lon="10.690660">
        <ele>13.069488</ele>
        <time>2026-07-22T08:29:23.039Z</time>
      </trkpt>
      <trkpt lat="53.803856" lon="10.691327">
        <ele>13.321088</ele>
        <time>2026-07-22T08:29:30.090Z</time>
      </trkpt>
      <trkpt lat="53.803885" lon="10.691788">
        <ele>13.603370</ele>
        <time>2026-07-22T08:29:35.476Z</time>
      </trkpt>
      <trkpt lat="53.804014" lon="10.692317">
        <ele>14.003629</ele>
        <time>2026-07-22T08:29:42.192Z</time>
      </trkpt>
      <trkpt lat="53.804105" lon="10.692836">
        <ele>14.382720</ele>
        <time>2026-07-22T08:29:48.529Z</time>
      </trkpt>
      <trkpt lat="53.803899" lon="10.693149">
        <ele>14.562096</ele>
        <time>2026-07-22T08:29:52.429Z</time>
      </trkpt>
      <trkpt lat="53.803855" lon="10.693407">
        <ele>14.591390</ele>
        <time>2026-07-22T08:29:54.373Z</time>
      </trkpt>
      <trkpt lat="53.803862" lon="10.697143">
        <ele>13.976341</ele>
        <time>2026-07-22T08:30:18.899Z</time>
      </trkpt>
      <trkpt lat="53.803892" lon="10.697330">
        <ele>13.940215</ele>
        <time>2026-07-22T08:30:20.063Z</time>
      </trkpt>
      <trkpt lat="53.803794" lon="10.697422">
        <ele>13.911215</ele>
        <time>2026-07-22T08:30:21.267Z</time>
      </trkpt>
      <trkpt lat="53.803582" lon="10.697483">
        <ele>13.956959</ele>
        <time>2026-07-22T08:30:23.840Z</time>
      </trkpt>
      <trkpt lat="53.803260" lon="10.697578">
        <ele>14.270001</ele>
        <time>2026-07-22T08:30:29.160Z</time>
      </trkpt>
      <trkpt lat="53.803129" lon="10.697569">
        <ele>14.361102</ele>
        <time>2026-07-22T08:30:31.112Z</time>
      </trkpt>
      <trkpt lat="53.802384" lon="10.697204">
        <ele>14.320554</ele>
        <time>2026-07-22T08:30:40.289Z</time>
      </trkpt>
      <trkpt lat="53.801986" lon="10.696988">
        <ele>13.680164</ele>
        <time>2026-07-22T08:30:44.009Z</time>
      </trkpt>
      <trkpt lat="53.801796" lon="10.696802">
        <ele>13.243088</ele>
        <time>2026-07-22T08:30:45.945Z</time>
      </trkpt>
      <trkpt lat="53.801448" lon="10.696257">
        <ele>12.734262</ele>
        <time>2026-07-22T08:30:50.450Z</time>
      </trkpt>
      <trkpt lat="53.801156" lon="10.695868">
        <ele>12.637503</ele>
        <time>2026-07-22T08:30:54.639Z</time>
      </trkpt>
      <trkpt lat="53.799328" lon="10.693972">
        <ele>13.916651</ele>
        <time>2026-07-22T08:31:24.716Z</time>
      </trkpt>
      <trkpt lat="53.798557" lon="10.693165">
        <ele>13.629016</ele>
        <time>2026-07-22T08:31:34.444Z</time>
      </trkpt>
      <trkpt lat="53.796416" lon="10.690929">
        <ele>13.279288</ele>
        <time>2026-07-22T08:32:03.256Z</time>
      </trkpt>
      <trkpt lat="53.795899" lon="10.690408">
        <ele>13.036288</ele>
        <time>2026-07-22T08:32:09.706Z</time>
      </trkpt>
      <trkpt lat="53.795528" lon="10.690091">
        <ele>13.141962</ele>
        <time>2026-07-22T08:32:14.941Z</time>
      </trkpt>
      <trkpt lat="53.794854" lon="10.689685">
        <ele>13.997576</ele>
        <time>2026-07-22T08:32:26.249Z</time>
      </trkpt>
      <trkpt lat="53.794313" lon="10.689359">
        <ele>14.675695</ele>
        <time>2026-07-22T08:32:35.330Z</time>
      </trkpt>
      <trkpt lat="53.793987" lon="10.689256">
        <ele>14.842729</ele>
        <time>2026-07-22T08:32:39.801Z</time>
      </trkpt>
      <trkpt lat="53.792943" lon="10.689185">
        <ele>14.690719</ele>
        <time>2026-07-22T08:32:51.596Z</time>
      </trkpt>
      <trkpt lat="53.792770" lon="10.689024">
        <ele>14.602345</ele>
        <time>2026-07-22T08:32:53.698Z</time>
      </trkpt>
      <trkpt lat="53.792214" lon="10.688256">
        <ele>14.319619</ele>
        <time>2026-07-22T08:33:01.491Z</time>
      </trkpt>
      <trkpt lat="53.791715" lon="10.687692">
        <ele>14.408571</ele>
        <time>2026-07-22T08:33:09.060Z</time>
      </trkpt>
      <trkpt lat="53.791295" lon="10.687000">
        <ele>14.615086</ele>
        <time>2026-07-22T08:33:16.595Z</time>
      </trkpt>
      <trkpt lat="53.791231" lon="10.686924">
        <ele>14.654450</ele>
        <time>2026-07-22T08:33:17.585Z</time>
      </trkpt>
      <trkpt lat="53.791111" lon="10.686858">
        <ele>14.681661</ele>
        <time>2026-07-22T08:33:19.105Z</time>
      </trkpt>
      <trkpt lat="53.790940" lon="10.686829">
        <ele>14.652255</ele>
        <time>2026-07-22T08:33:21.104Z</time>
      </trkpt>
      <trkpt lat="53.790788" lon="10.686901">
        <ele>14.784004</ele>
        <time>2026-07-22T08:33:24.038Z</time>
      </trkpt>
      <trkpt lat="53.790366" lon="10.687251">
        <ele>15.082685</ele>
        <time>2026-07-22T08:33:32.686Z</time>
      </trkpt>
      <trkpt lat="53.789666" lon="10.687921">
        <ele>15.285428</ele>
        <time>2026-07-22T08:33:46.470Z</time>
      </trkpt>
      <trkpt lat="53.788442" lon="10.689382">
        <ele>15.440239</ele>
        <time>2026-07-22T08:34:10.838Z</time>
      </trkpt>
      <trkpt lat="53.788403" lon="10.689422">
        <ele>15.545582</ele>
        <time>2026-07-22T08:34:11.763Z</time>
      </trkpt>
      <trkpt lat="53.788484" lon="10.689820">
        <ele>16.009383</ele>
        <time>2026-07-22T08:34:17.100Z</time>
      </trkpt>
      <trkpt lat="53.788515" lon="10.690220">
        <ele>16.110523</ele>
        <time>2026-07-22T08:34:19.804Z</time>
      </trkpt>
      <trkpt lat="53.788491" lon="10.690964">
        <ele>16.078473</ele>
        <time>2026-07-22T08:34:24.661Z</time>
      </trkpt>
      <trkpt lat="53.788268" lon="10.692104">
        <ele>16.647465</ele>
        <time>2026-07-22T08:34:34.835Z</time>
      </trkpt>
      <trkpt lat="53.788237" lon="10.692501">
        <ele>17.049479</ele>
        <time>2026-07-22T08:34:39.098Z</time>
      </trkpt>
      <trkpt lat="53.788297" lon="10.693347">
        <ele>18.225263</ele>
        <time>2026-07-22T08:34:49.155Z</time>
      </trkpt>
      <trkpt lat="53.788322" lon="10.693512">
        <ele>18.329401</ele>
        <time>2026-07-22T08:34:50.716Z</time>
      </trkpt>
      <trkpt lat="53.788413" lon="10.693602">
        <ele>18.347271</ele>
        <time>2026-07-22T08:34:52.028Z</time>
      </trkpt>
      <trkpt lat="53.788653" lon="10.694614">
        <ele>18.034133</ele>
        <time>2026-07-22T08:34:58.624Z</time>
      </trkpt>
      <trkpt lat="53.788874" lon="10.695415">
        <ele>18.014395</ele>
        <time>2026-07-22T08:35:04.934Z</time>
      </trkpt>
      <trkpt lat="53.789004" lon="10.695770">
        <ele>18.111507</ele>
        <time>2026-07-22T08:35:08.268Z</time>
      </trkpt>
      <trkpt lat="53.789317" lon="10.696424">
        <ele>18.380596</ele>
        <time>2026-07-22T08:35:15.248Z</time>
      </trkpt>
      <trkpt lat="53.789742" lon="10.697144">
        <ele>17.635684</ele>
        <time>2026-07-22T08:35:20.765Z</time>
      </trkpt>
      <trkpt lat="53.790429" lon="10.698244">
        <ele>17.118057</ele>
        <time>2026-07-22T08:35:30.855Z</time>
      </trkpt>
      <trkpt lat="53.790436" lon="10.698332">
        <ele>17.110210</ele>
        <time>2026-07-22T08:35:31.450Z</time>
      </trkpt>
      <trkpt lat="53.790544" lon="10.698534">
        <ele>17.082729</ele>
        <time>2026-07-22T08:35:33.293Z</time>
      </trkpt>
      <trkpt lat="53.790846" lon="10.698907">
        <ele>16.860826</ele>
        <time>2026-07-22T08:35:37.233Z</time>
      </trkpt>
      <trkpt lat="53.791052" lon="10.699067">
        <ele>16.575610</ele>
        <time>2026-07-22T08:35:39.437Z</time>
      </trkpt>
      <trkpt lat="53.791533" lon="10.699304">
        <ele>15.840034</ele>
        <time>2026-07-22T08:35:43.913Z</time>
      </trkpt>
      <trkpt lat="53.791462" lon="10.699688">
        <ele>16.297019</ele>
        <time>2026-07-22T08:35:48.437Z</time>
      </trkpt>
      <trkpt lat="53.791459" lon="10.699818">
        <ele>16.402125</ele>
        <time>2026-07-22T08:35:49.944Z</time>
      </trkpt>
      <trkpt lat="53.791493" lon="10.699943">
        <ele>16.513302</ele>
        <time>2026-07-22T08:35:51.305Z</time>
      </trkpt>
      <trkpt lat="53.792070" lon="10.700893">
        <ele>16.645423</ele>
        <time>2026-07-22T08:36:01.095Z</time>
      </trkpt>
      <trkpt lat="53.792095" lon="10.701017">
        <ele>16.598513</ele>
        <time>2026-07-22T08:36:01.855Z</time>
      </trkpt>
      <trkpt lat="53.792026" lon="10.701170">
        <ele>16.562090</ele>
        <time>2026-07-22T08:36:03.505Z</time>
      </trkpt>
      <trkpt lat="53.790858" lon="10.701591">
        <ele>17.028791</ele>
        <time>2026-07-22T08:36:24.859Z</time>
      </trkpt>
      <trkpt lat="53.789319" lon="10.702099">
        <ele>16.593421</ele>
        <time>2026-07-22T08:36:49.008Z</time>
      </trkpt>
      <trkpt lat="53.785215" lon="10.703372">
        <ele>10.950089</ele>
        <time>2026-07-22T08:37:44.498Z</time>
      </trkpt>
      <trkpt lat="53.784558" lon="10.703424">
        <ele>11.123759</ele>
        <time>2026-07-22T08:37:55.920Z</time>
      </trkpt>
      <trkpt lat="53.784042" lon="10.703456">
        <ele>11.466606</ele>
        <time>2026-07-22T08:38:05.806Z</time>
      </trkpt>
      <trkpt lat="53.783704" lon="10.703562">
        <ele>10.850749</ele>
        <time>2026-07-22T08:38:08.817Z</time>
      </trkpt>
      <trkpt lat="53.783377" lon="10.703818">
        <ele>9.717125</ele>
        <time>2026-07-22T08:38:11.754Z</time>
      </trkpt>
      <trkpt lat="53.783080" lon="10.703907">
        <ele>8.569703</ele>
        <time>2026-07-22T08:38:14.054Z</time>
      </trkpt>
      <trkpt lat="53.782955" lon="10.703971">
        <ele>8.329709</ele>
        <time>2026-07-22T08:38:15.707Z</time>
      </trkpt>
      <trkpt lat="53.782308" lon="10.704233">
        <ele>8.596199</ele>
        <time>2026-07-22T08:38:27.812Z</time>
      </trkpt>
      <trkpt lat="53.781199" lon="10.704584">
        <ele>9.207356</ele>
        <time>2026-07-22T08:38:48.077Z</time>
      </trkpt>
      <trkpt lat="53.779246" lon="10.705140">
        <ele>10.533511</ele>
        <time>2026-07-22T08:39:24.065Z</time>
      </trkpt>
      <trkpt lat="53.777076" lon="10.705917">
        <ele>14.199997</ele>
        <time>2026-07-22T08:40:11.825Z</time>
      </trkpt>
      <trkpt lat="53.774906" lon="10.706695">
        <ele>17.876246</ele>
        <time>2026-07-22T08:40:59.660Z</time>
      </trkpt>
      <trkpt lat="53.774645" lon="10.706708">
        <ele>18.182723</ele>
        <time>2026-07-22T08:41:04.909Z</time>
      </trkpt>
      <trkpt lat="53.774335" lon="10.706641">
        <ele>18.435315</ele>
        <time>2026-07-22T08:41:10.482Z</time>
      </trkpt>
      <trkpt lat="53.774242" lon="10.706562">
        <ele>18.550379</ele>
        <time>2026-07-22T08:41:12.521Z</time>
      </trkpt>
      <trkpt lat="53.774211" lon="10.706630">
        <ele>18.614062</ele>
        <time>2026-07-22T08:41:13.430Z</time>
      </trkpt>
      <trkpt lat="53.774154" lon="10.706666">
        <ele>18.813441</ele>
        <time>2026-07-22T08:41:14.655Z</time>
      </trkpt>
      <trkpt lat="53.771099" lon="10.707263">
        <ele>28.871558</ele>
        <time>2026-07-22T08:42:23.517Z</time>
      </trkpt>
      <trkpt lat="53.770995" lon="10.707380">
        <ele>29.121682</ele>
        <time>2026-07-22T08:42:26.101Z</time>
      </trkpt>
      <trkpt lat="53.770841" lon="10.707334">
        <ele>29.346865</ele>
        <time>2026-07-22T08:42:28.626Z</time>
      </trkpt>
      <trkpt lat="53.769861" lon="10.707536">
        <ele>29.624743</ele>
        <time>2026-07-22T08:42:41.138Z</time>
      </trkpt>
      <trkpt lat="53.769028" lon="10.707458">
        <ele>28.775972</ele>
        <time>2026-07-22T08:42:49.237Z</time>
      </trkpt>
      <trkpt lat="53.768789" lon="10.707292">
        <ele>28.487112</ele>
        <time>2026-07-22T08:42:51.590Z</time>
      </trkpt>
      <trkpt lat="53.767976" lon="10.706350">
        <ele>27.824625</ele>
        <time>2026-07-22T08:43:01.815Z</time>
      </trkpt>
      <trkpt lat="53.767755" lon="10.706087">
        <ele>27.876161</ele>
        <time>2026-07-22T08:43:05.290Z</time>
      </trkpt>
      <trkpt lat="53.767476" lon="10.705758">
        <ele>28.652882</ele>
        <time>2026-07-22T08:43:11.894Z</time>
      </trkpt>
      <trkpt lat="53.767126" lon="10.705354">
        <ele>30.032208</ele>
        <time>2026-07-22T08:43:21.243Z</time>
      </trkpt>
      <trkpt lat="53.766953" lon="10.705167">
        <ele>30.753971</ele>
        <time>2026-07-22T08:43:26.426Z</time>
      </trkpt>
      <trkpt lat="53.766527" lon="10.704866">
        <ele>32.085177</ele>
        <time>2026-07-22T08:43:36.372Z</time>
      </trkpt>
      <trkpt lat="53.765667" lon="10.704684">
        <ele>33.396551</ele>
        <time>2026-07-22T08:43:50.957Z</time>
      </trkpt>
      <trkpt lat="53.764868" lon="10.704550">
        <ele>32.214119</ele>
        <time>2026-07-22T08:43:58.178Z</time>
      </trkpt>
      <trkpt lat="53.764659" lon="10.704470">
        <ele>31.963242</ele>
        <time>2026-07-22T08:44:00.152Z</time>
      </trkpt>
      <trkpt lat="53.764554" lon="10.704231">
        <ele>32.087414</ele>
        <time>2026-07-22T08:44:02.314Z</time>
      </trkpt>
      <trkpt lat="53.764601" lon="10.703827">
        <ele>32.561659</ele>
        <time>2026-07-22T08:44:07.886Z</time>
      </trkpt>
      <trkpt lat="53.764970" lon="10.702348">
        <ele>33.275943</ele>
        <time>2026-07-22T08:44:20.877Z</time>
      </trkpt>
      <trkpt lat="53.764985" lon="10.702193">
        <ele>33.301203</ele>
        <time>2026-07-22T08:44:22.066Z</time>
      </trkpt>
      <trkpt lat="53.764972" lon="10.702054">
        <ele>33.315681</ele>
        <time>2026-07-22T08:44:23.088Z</time>
      </trkpt>
      <trkpt lat="53.764817" lon="10.701674">
        <ele>33.404624</ele>
        <time>2026-07-22T08:44:26.466Z</time>
      </trkpt>
      <trkpt lat="53.764670" lon="10.701428">
        <ele>33.513633</ele>
        <time>2026-07-22T08:44:29.438Z</time>
      </trkpt>
      <trkpt lat="53.764035" lon="10.700701">
        <ele>34.059693</ele>
        <time>2026-07-22T08:44:40.448Z</time>
      </trkpt>
      <trkpt lat="53.759647" lon="10.695883">
        <ele>34.396737</ele>
        <time>2026-07-22T08:45:43.370Z</time>
      </trkpt>
      <trkpt lat="53.759465" lon="10.695688">
        <ele>34.381882</ele>
        <time>2026-07-22T08:45:46.020Z</time>
      </trkpt>
      <trkpt lat="53.755477" lon="10.691308">
        <ele>33.482601</ele>
        <time>2026-07-22T08:46:39.790Z</time>
      </trkpt>
      <trkpt lat="53.755399" lon="10.691000">
        <ele>33.400962</ele>
        <time>2026-07-22T08:46:41.940Z</time>
      </trkpt>
      <trkpt lat="53.755291" lon="10.690703">
        <ele>33.297843</ele>
        <time>2026-07-22T08:46:44.108Z</time>
      </trkpt>
      <trkpt lat="53.755133" lon="10.690501">
        <ele>33.171759</ele>
        <time>2026-07-22T08:46:46.142Z</time>
      </trkpt>
      <trkpt lat="53.752610" lon="10.688277">
        <ele>30.492581</ele>
        <time>2026-07-22T08:47:14.164Z</time>
      </trkpt>
      <trkpt lat="53.751834" lon="10.688295">
        <ele>29.695091</ele>
        <time>2026-07-22T08:47:21.559Z</time>
      </trkpt>
      <trkpt lat="53.751024" lon="10.688371">
        <ele>29.707486</ele>
        <time>2026-07-22T08:47:31.776Z</time>
      </trkpt>
      <trkpt lat="53.750485" lon="10.688363">
        <ele>29.929651</ele>
        <time>2026-07-22T08:47:38.693Z</time>
      </trkpt>
      <trkpt lat="53.750071" lon="10.688147">
        <ele>30.372442</ele>
        <time>2026-07-22T08:47:45.221Z</time>
      </trkpt>
      <trkpt lat="53.749402" lon="10.687636">
        <ele>31.762137</ele>
        <time>2026-07-22T08:47:58.549Z</time>
      </trkpt>
      <trkpt lat="53.749118" lon="10.687509">
        <ele>32.200756</ele>
        <time>2026-07-22T08:48:03.510Z</time>
      </trkpt>
      <trkpt lat="53.748901" lon="10.687516">
        <ele>32.488788</ele>
        <time>2026-07-22T08:48:07.030Z</time>
      </trkpt>
      <trkpt lat="53.748581" lon="10.687796">
        <ele>32.897924</ele>
        <time>2026-07-22T08:48:12.572Z</time>
      </trkpt>
      <trkpt lat="53.748397" lon="10.687820">
        <ele>33.089802</ele>
        <time>2026-07-22T08:48:15.300Z</time>
      </trkpt>
      <trkpt lat="53.748060" lon="10.687701">
        <ele>33.420785</ele>
        <time>2026-07-22T08:48:20.370Z</time>
      </trkpt>
      <trkpt lat="53.747836" lon="10.687676">
        <ele>33.744772</ele>
        <time>2026-07-22T08:48:24.029Z</time>
      </trkpt>
      <trkpt lat="53.747716" lon="10.687762">
        <ele>34.027633</ele>
        <time>2026-07-22T08:48:26.367Z</time>
      </trkpt>
      <trkpt lat="53.747597" lon="10.688082">
        <ele>34.734793</ele>
        <time>2026-07-22T08:48:30.863Z</time>
      </trkpt>
      <trkpt lat="53.747309" lon="10.689499">
        <ele>38.725182</ele>
        <time>2026-07-22T08:48:54.355Z</time>
      </trkpt>
      <trkpt lat="53.747179" lon="10.689875">
        <ele>40.402310</ele>
        <time>2026-07-22T08:49:03.051Z</time>
      </trkpt>
      <trkpt lat="53.746935" lon="10.690345">
        <ele>42.952737</ele>
        <time>2026-07-22T08:49:15.929Z</time>
      </trkpt>
      <trkpt lat="53.746707" lon="10.690941">
        <ele>45.206390</ele>
        <time>2026-07-22T08:49:28.573Z</time>
      </trkpt>
      <trkpt lat="53.745773" lon="10.693794">
        <ele>44.287157</ele>
        <time>2026-07-22T08:49:49.212Z</time>
      </trkpt>
      <trkpt lat="53.745494" lon="10.694573">
        <ele>42.300737</ele>
        <time>2026-07-22T08:49:53.355Z</time>
      </trkpt>
      <trkpt lat="53.745196" lon="10.695511">
        <ele>41.443950</ele>
        <time>2026-07-22T08:49:59.345Z</time>
      </trkpt>
      <trkpt lat="53.745027" lon="10.695882">
        <ele>41.332948</ele>
        <time>2026-07-22T08:50:02.509Z</time>
      </trkpt>
      <trkpt lat="53.744786" lon="10.696141">
        <ele>41.496000</ele>
        <time>2026-07-22T08:50:06.391Z</time>
      </trkpt>
      <trkpt lat="53.744484" lon="10.696346">
        <ele>41.791551</ele>
        <time>2026-07-22T08:50:11.045Z</time>
      </trkpt>
      <trkpt lat="53.744158" lon="10.696459">
        <ele>42.524866</ele>
        <time>2026-07-22T08:50:17.441Z</time>
      </trkpt>
      <trkpt lat="53.743777" lon="10.697112">
        <ele>44.113636</ele>
        <time>2026-07-22T08:50:29.062Z</time>
      </trkpt>
      <trkpt lat="53.741374" lon="10.701640">
        <ele>55.728191</ele>
        <time>2026-07-22T08:51:48.497Z</time>
      </trkpt>
      <trkpt lat="53.740904" lon="10.702448">
        <ele>59.268016</ele>
        <time>2026-07-22T08:52:08.409Z</time>
      </trkpt>
      <trkpt lat="53.740797" lon="10.702649">
        <ele>60.051917</ele>
        <time>2026-07-22T08:52:12.602Z</time>
      </trkpt>
      <trkpt lat="53.740514" lon="10.703180">
        <ele>61.722510</ele>
        <time>2026-07-22T08:52:23.100Z</time>
      </trkpt>
      <trkpt lat="53.739870" lon="10.704147">
        <ele>63.815175</ele>
        <time>2026-07-22T08:52:39.763Z</time>
      </trkpt>
      <trkpt lat="53.738739" lon="10.705666">
        <ele>67.320960</ele>
        <time>2026-07-22T08:53:10.013Z</time>
      </trkpt>
      <trkpt lat="53.738181" lon="10.706404">
        <ele>64.652840</ele>
        <time>2026-07-22T08:53:15.462Z</time>
      </trkpt>
      <trkpt lat="53.737679" lon="10.706997">
        <ele>60.747851</ele>
        <time>2026-07-22T08:53:19.861Z</time>
      </trkpt>
      <trkpt lat="53.737130" lon="10.707642">
        <ele>58.455446</ele>
        <time>2026-07-22T08:53:25.437Z</time>
      </trkpt>
      <trkpt lat="53.736329" lon="10.708427">
        <ele>53.715270</ele>
        <time>2026-07-22T08:53:32.357Z</time>
      </trkpt>
      <trkpt lat="53.735962" lon="10.708693">
        <ele>51.843032</ele>
        <time>2026-07-22T08:53:35.357Z</time>
      </trkpt>
      <trkpt lat="53.735245" lon="10.709095">
        <ele>50.284429</ele>
        <time>2026-07-22T08:53:42.117Z</time>
      </trkpt>
      <trkpt lat="53.735078" lon="10.709240">
        <ele>49.898978</ele>
        <time>2026-07-22T08:53:43.749Z</time>
      </trkpt>
      <trkpt lat="53.734921" lon="10.709416">
        <ele>49.482132</ele>
        <time>2026-07-22T08:53:45.357Z</time>
      </trkpt>
      <trkpt lat="53.734286" lon="10.710459">
        <ele>47.365752</ele>
        <time>2026-07-22T08:53:52.850Z</time>
      </trkpt>
      <trkpt lat="53.734210" lon="10.710594">
        <ele>47.253922</ele>
        <time>2026-07-22T08:53:54.052Z</time>
      </trkpt>
      <trkpt lat="53.734150" lon="10.710684">
        <ele>47.172552</ele>
        <time>2026-07-22T08:53:55.001Z</time>
      </trkpt>
      <trkpt lat="53.733885" lon="10.711082">
        <ele>46.773914</ele>
        <time>2026-07-22T08:53:58.366Z</time>
      </trkpt>
      <trkpt lat="53.733769" lon="10.711209">
        <ele>46.551191</ele>
        <time>2026-07-22T08:53:59.597Z</time>
      </trkpt>
      <trkpt lat="53.733629" lon="10.711312">
        <ele>46.188487</ele>
        <time>2026-07-22T08:54:00.933Z</time>
      </trkpt>
      <trkpt lat="53.733341" lon="10.711448">
        <ele>45.341348</ele>
        <time>2026-07-22T08:54:03.428Z</time>
      </trkpt>
      <trkpt lat="53.733081" lon="10.711571">
        <ele>44.285295</ele>
        <time>2026-07-22T08:54:05.520Z</time>
      </trkpt>
      <trkpt lat="53.732466" lon="10.712136">
        <ele>41.512535</ele>
        <time>2026-07-22T08:54:10.941Z</time>
      </trkpt>
      <trkpt lat="53.732378" lon="10.712233">
        <ele>41.267350</ele>
        <time>2026-07-22T08:54:11.971Z</time>
      </trkpt>
      <trkpt lat="53.731816" lon="10.712871">
        <ele>41.572753</ele>
        <time>2026-07-22T08:54:21.178Z</time>
      </trkpt>
      <trkpt lat="53.731487" lon="10.713104">
        <ele>41.403047</ele>
        <time>2026-07-22T08:54:25.154Z</time>
      </trkpt>
      <trkpt lat="53.730930" lon="10.713457">
        <ele>40.311639</ele>
        <time>2026-07-22T08:54:30.380Z</time>
      </trkpt>
      <trkpt lat="53.730735" lon="10.713691">
        <ele>39.648037</ele>
        <time>2026-07-22T08:54:32.552Z</time>
      </trkpt>
      <trkpt lat="53.730726" lon="10.713703">
        <ele>39.582600</ele>
        <time>2026-07-22T08:54:32.641Z</time>
      </trkpt>
      <trkpt lat="53.730715" lon="10.713722">
        <ele>39.492820</ele>
        <time>2026-07-22T08:54:32.761Z</time>
      </trkpt>
      <trkpt lat="53.730496" lon="10.714077">
        <ele>37.532721</ele>
        <time>2026-07-22T08:54:34.906Z</time>
      </trkpt>
      <trkpt lat="53.730396" lon="10.714212">
        <ele>36.918093</ele>
        <time>2026-07-22T08:54:35.857Z</time>
      </trkpt>
      <trkpt lat="53.730150" lon="10.714504">
        <ele>36.399357</ele>
        <time>2026-07-22T08:54:38.713Z</time>
      </trkpt>
      <trkpt lat="53.730052" lon="10.714572">
        <ele>36.402524</ele>
        <time>2026-07-22T08:54:39.932Z</time>
      </trkpt>
      <trkpt lat="53.729538" lon="10.714893">
        <ele>37.747599</ele>
        <time>2026-07-22T08:54:50.963Z</time>
      </trkpt>
      <trkpt lat="53.729504" lon="10.714925">
        <ele>37.862185</ele>
        <time>2026-07-22T08:54:51.887Z</time>
      </trkpt>
      <trkpt lat="53.729278" lon="10.715149">
        <ele>38.752709</ele>
        <time>2026-07-22T08:54:58.220Z</time>
      </trkpt>
      <trkpt lat="53.729049" lon="10.715512">
        <ele>39.607296</ele>
        <time>2026-07-22T08:55:04.507Z</time>
      </trkpt>
      <trkpt lat="53.728501" lon="10.716638">
        <ele>41.864254</ele>
        <time>2026-07-22T08:55:21.972Z</time>
      </trkpt>
      <trkpt lat="53.728074" lon="10.717525">
        <ele>43.118834</ele>
        <time>2026-07-22T08:55:33.937Z</time>
      </trkpt>
      <trkpt lat="53.727594" lon="10.718207">
        <ele>44.514547</ele>
        <time>2026-07-22T08:55:45.816Z</time>
      </trkpt>
      <trkpt lat="53.727247" lon="10.718595">
        <ele>45.618748</ele>
        <time>2026-07-22T08:55:54.228Z</time>
      </trkpt>
      <trkpt lat="53.727032" lon="10.718732">
        <ele>46.293585</ele>
        <time>2026-07-22T08:55:59.111Z</time>
      </trkpt>
      <trkpt lat="53.726697" lon="10.718879">
        <ele>47.260268</ele>
        <time>2026-07-22T08:56:06.323Z</time>
      </trkpt>
      <trkpt lat="53.725797" lon="10.719111">
        <ele>49.285565</ele>
        <time>2026-07-22T08:56:23.984Z</time>
      </trkpt>
      <trkpt lat="53.724940" lon="10.719531">
        <ele>49.959973</ele>
        <time>2026-07-22T08:56:36.760Z</time>
      </trkpt>
      <trkpt lat="53.724283" lon="10.720153">
        <ele>49.165309</ele>
        <time>2026-07-22T08:56:43.894Z</time>
      </trkpt>
      <trkpt lat="53.724079" lon="10.720442">
        <ele>48.724327</ele>
        <time>2026-07-22T08:56:46.267Z</time>
      </trkpt>
      <trkpt lat="53.723476" lon="10.722381">
        <ele>47.138247</ele>
        <time>2026-07-22T08:56:58.665Z</time>
      </trkpt>
      <trkpt lat="53.723259" lon="10.722925">
        <ele>46.899577</ele>
        <time>2026-07-22T08:57:02.759Z</time>
      </trkpt>
      <trkpt lat="53.723019" lon="10.723428">
        <ele>46.708273</ele>
        <time>2026-07-22T08:57:06.797Z</time>
      </trkpt>
      <trkpt lat="53.722593" lon="10.725014">
        <ele>46.331359</ele>
        <time>2026-07-22T08:57:18.131Z</time>
      </trkpt>
      <trkpt lat="53.722186" lon="10.727575">
        <ele>43.680239</ele>
        <time>2026-07-22T08:57:32.439Z</time>
      </trkpt>
      <trkpt lat="53.721642" lon="10.731991">
        <ele>28.808665</ele>
        <time>2026-07-22T08:57:52.172Z</time>
      </trkpt>
      <trkpt lat="53.721521" lon="10.732958">
        <ele>26.590162</ele>
        <time>2026-07-22T08:57:56.782Z</time>
      </trkpt>
      <trkpt lat="53.721487" lon="10.733734">
        <ele>25.954225</ele>
        <time>2026-07-22T08:58:01.136Z</time>
      </trkpt>
      <trkpt lat="53.721288" lon="10.733789">
        <ele>25.914743</ele>
        <time>2026-07-22T08:58:03.651Z</time>
      </trkpt>
      <trkpt lat="53.715350" lon="10.733911">
        <ele>28.428594</ele>
        <time>2026-07-22T08:59:22.318Z</time>
      </trkpt>
      <trkpt lat="53.712881" lon="10.733963">
        <ele>27.926932</ele>
        <time>2026-07-22T08:59:49.778Z</time>
      </trkpt>
      <trkpt lat="53.712804" lon="10.733955">
        <ele>28.002512</ele>
        <time>2026-07-22T08:59:51.060Z</time>
      </trkpt>
      <trkpt lat="53.712713" lon="10.733947">
        <ele>28.085457</ele>
        <time>2026-07-22T08:59:52.701Z</time>
      </trkpt>
      <trkpt lat="53.712675" lon="10.733944">
        <ele>28.117141</ele>
        <time>2026-07-22T08:59:53.300Z</time>
      </trkpt>
      <trkpt lat="53.712523" lon="10.733955">
        <ele>28.247888</ele>
        <time>2026-07-22T08:59:55.284Z</time>
      </trkpt>
      <trkpt lat="53.712198" lon="10.734007">
        <ele>28.887106</ele>
        <time>2026-07-22T09:00:00.629Z</time>
      </trkpt>
      <trkpt lat="53.712198" lon="10.734073">
        <ele>29.013327</ele>
        <time>2026-07-22T09:00:01.547Z</time>
      </trkpt>
      <trkpt lat="53.712200" lon="10.734162">
        <ele>29.183656</ele>
        <time>2026-07-22T09:00:02.983Z</time>
      </trkpt>
      <trkpt lat="53.712201" lon="10.734249">
        <ele>29.415081</ele>
        <time>2026-07-22T09:00:04.603Z</time>
      </trkpt>
      <trkpt lat="53.712205" lon="10.734479">
        <ele>30.165604</ele>
        <time>2026-07-22T09:00:11.517Z</time>
      </trkpt>
      <trkpt lat="53.712208" lon="10.734645">
        <ele>30.554992</ele>
        <time>2026-07-22T09:00:15.843Z</time>
      </trkpt>
      <trkpt lat="53.712209" lon="10.734880">
        <ele>30.766348</ele>
        <time>2026-07-22T09:00:18.705Z</time>
      </trkpt>
      <trkpt lat="53.711972" lon="10.734849">
        <ele>30.830809</ele>
        <time>2026-07-22T09:00:21.978Z</time>
      </trkpt>
      <trkpt lat="53.711700" lon="10.735926">
        <ele>32.352571</ele>
        <time>2026-07-22T09:00:35.576Z</time>
      </trkpt>
      <trkpt lat="53.711623" lon="10.736216">
        <ele>32.730048</ele>
        <time>2026-07-22T09:00:38.725Z</time>
      </trkpt>
      <trkpt lat="53.711578" lon="10.736387">
        <ele>33.221408</ele>
        <time>2026-07-22T09:00:41.079Z</time>
      </trkpt>
      <trkpt lat="53.711329" lon="10.737298">
        <ele>37.172884</ele>
        <time>2026-07-22T09:01:02.029Z</time>
      </trkpt>
      <trkpt lat="53.710957" lon="10.738592">
        <ele>40.274437</ele>
        <time>2026-07-22T09:01:22.243Z</time>
      </trkpt>
      <trkpt lat="53.710816" lon="10.739049">
        <ele>40.295066</ele>
        <time>2026-07-22T09:01:25.392Z</time>
      </trkpt>
      <trkpt lat="53.710726" lon="10.739433">
        <ele>40.112744</ele>
        <time>2026-07-22T09:01:27.972Z</time>
      </trkpt>
      <trkpt lat="53.710613" lon="10.740096">
        <ele>39.892913</ele>
        <time>2026-07-22T09:01:32.192Z</time>
      </trkpt>
      <trkpt lat="53.710502" lon="10.740788">
        <ele>39.629424</ele>
        <time>2026-07-22T09:01:36.533Z</time>
      </trkpt>
      <trkpt lat="53.710384" lon="10.741381">
        <ele>39.471268</ele>
        <time>2026-07-22T09:01:41.146Z</time>
      </trkpt>
      <trkpt lat="53.710041" lon="10.743161">
        <ele>38.154879</ele>
        <time>2026-07-22T09:01:51.482Z</time>
      </trkpt>
      <trkpt lat="53.709884" lon="10.743558">
        <ele>38.032326</ele>
        <time>2026-07-22T09:01:54.645Z</time>
      </trkpt>
      <trkpt lat="53.709271" lon="10.744289">
        <ele>38.181557</ele>
        <time>2026-07-22T09:02:03.887Z</time>
      </trkpt>
      <trkpt lat="53.707968" lon="10.745756">
        <ele>37.578339</ele>
        <time>2026-07-22T09:02:21.018Z</time>
      </trkpt>
      <trkpt lat="53.707713" lon="10.745937">
        <ele>37.277117</ele>
        <time>2026-07-22T09:02:23.717Z</time>
      </trkpt>
      <trkpt lat="53.707406" lon="10.746024">
        <ele>36.758833</ele>
        <time>2026-07-22T09:02:26.524Z</time>
      </trkpt>
      <trkpt lat="53.707096" lon="10.746260">
        <ele>35.967051</ele>
        <time>2026-07-22T09:02:29.402Z</time>
      </trkpt>
      <trkpt lat="53.706725" lon="10.746716">
        <ele>34.491023</ele>
        <time>2026-07-22T09:02:33.123Z</time>
      </trkpt>
      <trkpt lat="53.706489" lon="10.747067">
        <ele>33.371524</ele>
        <time>2026-07-22T09:02:35.652Z</time>
      </trkpt>
      <trkpt lat="53.706203" lon="10.747809">
        <ele>31.312871</ele>
        <time>2026-07-22T09:02:39.731Z</time>
      </trkpt>
      <trkpt lat="53.706109" lon="10.747976">
        <ele>30.437588</ele>
        <time>2026-07-22T09:02:40.814Z</time>
      </trkpt>
      <trkpt lat="53.705842" lon="10.748368">
        <ele>27.436028</ele>
        <time>2026-07-22T09:02:43.244Z</time>
      </trkpt>
      <trkpt lat="53.705604" lon="10.748644">
        <ele>26.487032</ele>
        <time>2026-07-22T09:02:45.620Z</time>
      </trkpt>
      <trkpt lat="53.704970" lon="10.749259">
        <ele>25.425018</ele>
        <time>2026-07-22T09:02:52.347Z</time>
      </trkpt>
      <trkpt lat="53.704536" lon="10.749760">
        <ele>25.572833</ele>
        <time>2026-07-22T09:03:00.040Z</time>
      </trkpt>
      <trkpt lat="53.704231" lon="10.750041">
        <ele>24.988486</ele>
        <time>2026-07-22T09:03:02.882Z</time>
      </trkpt>
      <trkpt lat="53.703510" lon="10.750477">
        <ele>25.011201</ele>
        <time>2026-07-22T09:03:12.965Z</time>
      </trkpt>
      <trkpt lat="53.703240" lon="10.750674">
        <ele>25.055543</ele>
        <time>2026-07-22T09:03:17.109Z</time>
      </trkpt>
      <trkpt lat="53.702959" lon="10.750968">
        <ele>24.294758</ele>
        <time>2026-07-22T09:03:19.854Z</time>
      </trkpt>
      <trkpt lat="53.702669" lon="10.751312">
        <ele>23.664629</ele>
        <time>2026-07-22T09:03:22.787Z</time>
      </trkpt>
      <trkpt lat="53.701945" lon="10.752075">
        <ele>26.575839</ele>
        <time>2026-07-22T09:03:47.145Z</time>
      </trkpt>
      <trkpt lat="53.701435" lon="10.752764">
        <ele>28.510358</ele>
        <time>2026-07-22T09:04:04.157Z</time>
      </trkpt>
      <trkpt lat="53.701112" lon="10.753252">
        <ele>28.981969</ele>
        <time>2026-07-22T09:04:11.962Z</time>
      </trkpt>
      <trkpt lat="53.700316" lon="10.754285">
        <ele>33.604437</ele>
        <time>2026-07-22T09:04:44.245Z</time>
      </trkpt>
      <trkpt lat="53.700226" lon="10.754288">
        <ele>33.807690</ele>
        <time>2026-07-22T09:04:46.567Z</time>
      </trkpt>
      <trkpt lat="53.700205" lon="10.754805">
        <ele>33.041667</ele>
        <time>2026-07-22T09:04:50.146Z</time>
      </trkpt>
      <trkpt lat="53.699920" lon="10.756225">
        <ele>26.557594</ele>
        <time>2026-07-22T09:04:59.140Z</time>
      </trkpt>
      <trkpt lat="53.699594" lon="10.758921">
        <ele>16.999161</ele>
        <time>2026-07-22T09:05:16.391Z</time>
      </trkpt>
      <trkpt lat="53.699509" lon="10.760937">
        <ele>6.903912</ele>
        <time>2026-07-22T09:05:28.243Z</time>
      </trkpt>
      <trkpt lat="53.699500" lon="10.761189">
        <ele>6.157197</ele>
        <time>2026-07-22T09:05:29.454Z</time>
      </trkpt>
      <trkpt lat="53.699496" lon="10.761310">
        <ele>5.975584</ele>
        <time>2026-07-22T09:05:30.075Z</time>
      </trkpt>
      <trkpt lat="53.699464" lon="10.762183">
        <ele>5.056772</ele>
        <time>2026-07-22T09:05:34.727Z</time>
      </trkpt>
      <trkpt lat="53.699450" lon="10.762906">
        <ele>4.919763</ele>
        <time>2026-07-22T09:05:39.506Z</time>
      </trkpt>
      <trkpt lat="53.699423" lon="10.763721">
        <ele>5.000037</ele>
        <time>2026-07-22T09:05:45.379Z</time>
      </trkpt>
      <trkpt lat="53.699418" lon="10.763821">
        <ele>5.019862</ele>
        <time>2026-07-22T09:05:46.172Z</time>
      </trkpt>
      <trkpt lat="53.699393" lon="10.764045">
        <ele>5.070136</ele>
        <time>2026-07-22T09:05:47.948Z</time>
      </trkpt>
      <trkpt lat="53.699372" lon="10.764192">
        <ele>5.072332</ele>
        <time>2026-07-22T09:05:49.040Z</time>
      </trkpt>
      <trkpt lat="53.699329" lon="10.764482">
        <ele>5.015987</ele>
        <time>2026-07-22T09:05:51.060Z</time>
      </trkpt>
      <trkpt lat="53.699220" lon="10.764883">
        <ele>4.975577</ele>
        <time>2026-07-22T09:05:53.975Z</time>
      </trkpt>
      <trkpt lat="53.698994" lon="10.765628">
        <ele>4.715959</ele>
        <time>2026-07-22T09:05:59.175Z</time>
      </trkpt>
      <trkpt lat="53.698872" lon="10.766144">
        <ele>4.761228</ele>
        <time>2026-07-22T09:06:02.761Z</time>
      </trkpt>
      <trkpt lat="53.698842" lon="10.766482">
        <ele>5.302771</ele>
        <time>2026-07-22T09:06:07.414Z</time>
      </trkpt>
      <trkpt lat="53.698917" lon="10.766929">
        <ele>6.161939</ele>
        <time>2026-07-22T09:06:13.658Z</time>
      </trkpt>
      <trkpt lat="53.699033" lon="10.767275">
        <ele>6.673959</ele>
        <time>2026-07-22T09:06:17.934Z</time>
      </trkpt>
      <trkpt lat="53.699022" lon="10.767407">
        <ele>6.769298</ele>
        <time>2026-07-22T09:06:19.483Z</time>
      </trkpt>
      <trkpt lat="53.699076" lon="10.767547">
        <ele>6.885469</ele>
        <time>2026-07-22T09:06:21.397Z</time>
      </trkpt>
      <trkpt lat="53.699123" lon="10.767740">
        <ele>7.080573</ele>
        <time>2026-07-22T09:06:23.985Z</time>
      </trkpt>
      <trkpt lat="53.699145" lon="10.768085">
        <ele>7.454573</ele>
        <time>2026-07-22T09:06:28.681Z</time>
      </trkpt>
      <trkpt lat="53.699109" lon="10.768774">
        <ele>8.000866</ele>
        <time>2026-07-22T09:06:37.448Z</time>
      </trkpt>
      <trkpt lat="53.699033" lon="10.770118">
        <ele>7.148442</ele>
        <time>2026-07-22T09:06:48.073Z</time>
      </trkpt>
      <trkpt lat="53.699107" lon="10.770104">
        <ele>7.125495</ele>
        <time>2026-07-22T09:06:49.323Z</time>
      </trkpt>
      <trkpt lat="53.699127" lon="10.770153">
        <ele>7.233518</ele>
        <time>2026-07-22T09:06:50.051Z</time>
      </trkpt>
      <trkpt lat="53.699146" lon="10.770188">
        <ele>7.364954</ele>
        <time>2026-07-22T09:06:50.752Z</time>
      </trkpt>
      <trkpt lat="53.699228" lon="10.770201">
        <ele>7.750009</ele>
        <time>2026-07-22T09:06:53.351Z</time>
      </trkpt>
      <trkpt lat="53.699221" lon="10.770335">
        <ele>8.122342</ele>
        <time>2026-07-22T09:06:57.345Z</time>
      </trkpt>
      <trkpt lat="53.699132" lon="10.771677">
        <ele>13.181242</ele>
        <time>2026-07-22T09:07:23.452Z</time>
      </trkpt>
      <trkpt lat="53.699128" lon="10.771740">
        <ele>13.414371</ele>
        <time>2026-07-22T09:07:24.665Z</time>
      </trkpt>
      <trkpt lat="53.699104" lon="10.772195">
        <ele>14.911660</ele>
        <time>2026-07-22T09:07:32.493Z</time>
      </trkpt>
      <trkpt lat="53.699075" lon="10.772652">
        <ele>16.452260</ele>
        <time>2026-07-22T09:07:40.528Z</time>
      </trkpt>
      <trkpt lat="53.699052" lon="10.773079">
        <ele>17.988931</ele>
        <time>2026-07-22T09:07:49.161Z</time>
      </trkpt>
      <trkpt lat="53.699040" lon="10.773281">
        <ele>18.422612</ele>
        <time>2026-07-22T09:07:51.670Z</time>
      </trkpt>
      <trkpt lat="53.699032" lon="10.773409">
        <ele>18.649573</ele>
        <time>2026-07-22T09:07:53.390Z</time>
      </trkpt>
      <trkpt lat="53.699025" lon="10.773532">
        <ele>18.740136</ele>
        <time>2026-07-22T09:07:55.066Z</time>
      </trkpt>
      <trkpt lat="53.699026" lon="10.773617">
        <ele>18.802446</ele>
        <time>2026-07-22T09:07:56.097Z</time>
      </trkpt>
      <trkpt lat="53.699027" lon="10.773702">
        <ele>18.864755</ele>
        <time>2026-07-22T09:07:56.998Z</time>
      </trkpt>
      <trkpt lat="53.699040" lon="10.773858">
        <ele>18.960482</ele>
        <time>2026-07-22T09:07:58.518Z</time>
      </trkpt>
      <trkpt lat="53.699008" lon="10.774377">
        <ele>19.231756</ele>
        <time>2026-07-22T09:08:04.672Z</time>
      </trkpt>
      <trkpt lat="53.699024" lon="10.774525">
        <ele>19.292785</ele>
        <time>2026-07-22T09:08:06.285Z</time>
      </trkpt>
      <trkpt lat="53.699231" lon="10.774579">
        <ele>19.218353</ele>
        <time>2026-07-22T09:08:09.448Z</time>
      </trkpt>
      <trkpt lat="53.699183" lon="10.775253">
        <ele>17.963029</ele>
        <time>2026-07-22T09:08:12.818Z</time>
      </trkpt>
      <trkpt lat="53.699163" lon="10.775617">
        <ele>16.341944</ele>
        <time>2026-07-22T09:08:14.356Z</time>
      </trkpt>
      <trkpt lat="53.699111" lon="10.776763">
        <ele>9.373102</ele>
        <time>2026-07-22T09:08:20.930Z</time>
      </trkpt>
      <trkpt lat="53.699040" lon="10.777317">
        <ele>7.297717</ele>
        <time>2026-07-22T09:08:24.518Z</time>
      </trkpt>
      <trkpt lat="53.698988" lon="10.777544">
        <ele>6.351300</ele>
        <time>2026-07-22T09:08:25.982Z</time>
      </trkpt>
      <trkpt lat="53.698813" lon="10.778276">
        <ele>3.615998</ele>
        <time>2026-07-22T09:08:30.928Z</time>
      </trkpt>
      <trkpt lat="53.698724" lon="10.778560">
        <ele>2.854394</ele>
        <time>2026-07-22T09:08:32.963Z</time>
      </trkpt>
      <trkpt lat="53.697823" lon="10.782163">
        <ele>3.998838</ele>
        <time>2026-07-22T09:09:14.854Z</time>
      </trkpt>
      <trkpt lat="53.697759" lon="10.782421">
        <ele>4.156747</ele>
        <time>2026-07-22T09:09:17.536Z</time>
      </trkpt>
      <trkpt lat="53.697724" lon="10.782592">
        <ele>4.616872</ele>
        <time>2026-07-22T09:09:20.502Z</time>
      </trkpt>
      <trkpt lat="53.697640" lon="10.783060">
        <ele>6.330719</ele>
        <time>2026-07-22T09:09:32.124Z</time>
      </trkpt>
      <trkpt lat="53.697558" lon="10.783261">
        <ele>7.047655</ele>
        <time>2026-07-22T09:09:36.355Z</time>
      </trkpt>
      <trkpt lat="53.697476" lon="10.783371">
        <ele>7.400119</ele>
        <time>2026-07-22T09:09:39.301Z</time>
      </trkpt>
      <trkpt lat="53.697410" lon="10.783398">
        <ele>7.612915</ele>
        <time>2026-07-22T09:09:41.013Z</time>
      </trkpt>
      <trkpt lat="53.696969" lon="10.783316">
        <ele>7.840780</ele>
        <time>2026-07-22T09:09:48.347Z</time>
      </trkpt>
      <trkpt lat="53.696555" lon="10.783210">
        <ele>8.467167</ele>
        <time>2026-07-22T09:09:55.640Z</time>
      </trkpt>
      <trkpt lat="53.696080" lon="10.783159">
        <ele>8.922650</ele>
        <time>2026-07-22T09:10:02.585Z</time>
      </trkpt>
      <trkpt lat="53.695527" lon="10.783342">
        <ele>9.862522</ele>
        <time>2026-07-22T09:10:12.232Z</time>
      </trkpt>
      <trkpt lat="53.695405" lon="10.783403">
        <ele>10.163666</ele>
        <time>2026-07-22T09:10:14.519Z</time>
      </trkpt>
      <trkpt lat="53.695210" lon="10.783641">
        <ele>11.354388</ele>
        <time>2026-07-22T09:10:20.716Z</time>
      </trkpt>
      <trkpt lat="53.695025" lon="10.784069">
        <ele>14.279656</ele>
        <time>2026-07-22T09:10:35.246Z</time>
      </trkpt>
      <trkpt lat="53.694803" lon="10.784755">
        <ele>17.528697</ele>
        <time>2026-07-22T09:10:51.256Z</time>
      </trkpt>
      <trkpt lat="53.694412" lon="10.785751">
        <ele>20.392773</ele>
        <time>2026-07-22T09:11:08.358Z</time>
      </trkpt>
      <trkpt lat="53.694299" lon="10.785950">
        <ele>20.917092</ele>
        <time>2026-07-22T09:11:12.182Z</time>
      </trkpt>
      <trkpt lat="53.694235" lon="10.786058">
        <ele>21.176265</ele>
        <time>2026-07-22T09:11:13.867Z</time>
      </trkpt>
      <trkpt lat="53.693968" lon="10.786486">
        <ele>22.150208</ele>
        <time>2026-07-22T09:11:20.726Z</time>
      </trkpt>
      <trkpt lat="53.693786" lon="10.786715">
        <ele>23.188447</ele>
        <time>2026-07-22T09:11:26.846Z</time>
      </trkpt>
      <trkpt lat="53.693405" lon="10.787193">
        <ele>26.138462</ele>
        <time>2026-07-22T09:11:41.464Z</time>
      </trkpt>
      <trkpt lat="53.693249" lon="10.787389">
        <ele>27.842837</ele>
        <time>2026-07-22T09:11:50.386Z</time>
      </trkpt>
      <trkpt lat="53.693103" lon="10.787572">
        <ele>29.449679</ele>
        <time>2026-07-22T09:11:57.944Z</time>
      </trkpt>
      <trkpt lat="53.692714" lon="10.788080">
        <ele>32.556537</ele>
        <time>2026-07-22T09:12:13.599Z</time>
      </trkpt>
      <trkpt lat="53.692360" lon="10.788560">
        <ele>34.435810</ele>
        <time>2026-07-22T09:12:24.359Z</time>
      </trkpt>
      <trkpt lat="53.692281" lon="10.788750">
        <ele>35.004056</ele>
        <time>2026-07-22T09:12:28.122Z</time>
      </trkpt>
      <trkpt lat="53.692227" lon="10.789423">
        <ele>36.719580</ele>
        <time>2026-07-22T09:12:40.298Z</time>
      </trkpt>
      <trkpt lat="53.692177" lon="10.790291">
        <ele>37.943979</ele>
        <time>2026-07-22T09:12:52.631Z</time>
      </trkpt>
      <trkpt lat="53.692169" lon="10.790426">
        <ele>38.045737</ele>
        <time>2026-07-22T09:12:54.206Z</time>
      </trkpt>
      <trkpt lat="53.692074" lon="10.792015">
        <ele>38.791360</ele>
        <time>2026-07-22T09:13:11.601Z</time>
      </trkpt>
      <trkpt lat="53.692039" lon="10.792617">
        <ele>39.063881</ele>
        <time>2026-07-22T09:13:18.203Z</time>
      </trkpt>
      <trkpt lat="53.691943" lon="10.794256">
        <ele>40.290467</ele>
        <time>2026-07-22T09:13:38.476Z</time>
      </trkpt>
      <trkpt lat="53.691826" lon="10.796193">
        <ele>39.679204</ele>
        <time>2026-07-22T09:13:54.982Z</time>
      </trkpt>
      <trkpt lat="53.691712" lon="10.798136">
        <ele>40.848174</ele>
        <time>2026-07-22T09:14:18.070Z</time>
      </trkpt>
      <trkpt lat="53.691670" lon="10.798840">
        <ele>40.780604</ele>
        <time>2026-07-22T09:14:24.177Z</time>
      </trkpt>
      <trkpt lat="53.691640" lon="10.799323">
        <ele>41.171475</ele>
        <time>2026-07-22T09:14:30.158Z</time>
      </trkpt>
      <trkpt lat="53.691507" lon="10.801501">
        <ele>45.192465</ele>
        <time>2026-07-22T09:15:04.735Z</time>
      </trkpt>
      <trkpt lat="53.691488" lon="10.801817">
        <ele>45.300737</ele>
        <time>2026-07-22T09:15:07.877Z</time>
      </trkpt>
      <trkpt lat="53.691453" lon="10.802380">
        <ele>45.035634</ele>
        <time>2026-07-22T09:15:12.411Z</time>
      </trkpt>
      <trkpt lat="53.691426" lon="10.802827">
        <ele>44.993913</ele>
        <time>2026-07-22T09:15:15.381Z</time>
      </trkpt>
      <trkpt lat="53.691328" lon="10.804423">
        <ele>45.798886</ele>
        <time>2026-07-22T09:15:33.479Z</time>
      </trkpt>
      <trkpt lat="53.691278" lon="10.805248">
        <ele>47.009287</ele>
        <time>2026-07-22T09:15:45.442Z</time>
      </trkpt>
      <trkpt lat="53.691275" lon="10.805307">
        <ele>47.103972</ele>
        <time>2026-07-22T09:15:46.293Z</time>
      </trkpt>
      <trkpt lat="53.691216" lon="10.806309">
        <ele>48.818718</ele>
        <time>2026-07-22T09:16:01.470Z</time>
      </trkpt>
      <trkpt lat="53.691039" lon="10.808618">
        <ele>53.020445</ele>
        <time>2026-07-22T09:16:37.806Z</time>
      </trkpt>
      <trkpt lat="53.690927" lon="10.809723">
        <ele>52.760186</ele>
        <time>2026-07-22T09:16:47.703Z</time>
      </trkpt>
      <trkpt lat="53.690801" lon="10.811100">
        <ele>50.573410</ele>
        <time>2026-07-22T09:16:57.355Z</time>
      </trkpt>
      <trkpt lat="53.690514" lon="10.814163">
        <ele>51.029052</ele>
        <time>2026-07-22T09:17:29.461Z</time>
      </trkpt>
      <trkpt lat="53.690360" lon="10.815776">
        <ele>50.264504</ele>
        <time>2026-07-22T09:17:43.248Z</time>
      </trkpt>
      <trkpt lat="53.690424" lon="10.815784">
        <ele>50.182276</ele>
        <time>2026-07-22T09:17:43.882Z</time>
      </trkpt>
      <trkpt lat="53.690331" lon="10.816791">
        <ele>49.209517</ele>
        <time>2026-07-22T09:17:49.234Z</time>
      </trkpt>
      <trkpt lat="53.689970" lon="10.820727">
        <ele>50.503772</ele>
        <time>2026-07-22T09:18:31.743Z</time>
      </trkpt>
      <trkpt lat="53.689962" lon="10.823054">
        <ele>51.359659</ele>
        <time>2026-07-22T09:18:57.103Z</time>
      </trkpt>
      <trkpt lat="53.689987" lon="10.823326">
        <ele>51.367949</ele>
        <time>2026-07-22T09:18:59.774Z</time>
      </trkpt>
      <trkpt lat="53.690006" lon="10.828148">
        <ele>49.306106</ele>
        <time>2026-07-22T09:19:40.789Z</time>
      </trkpt>
      <trkpt lat="53.690062" lon="10.828712">
        <ele>49.118811</ele>
        <time>2026-07-22T09:19:45.738Z</time>
      </trkpt>
      <trkpt lat="53.690212" lon="10.829405">
        <ele>48.982600</ele>
        <time>2026-07-22T09:19:52.487Z</time>
      </trkpt>
      <trkpt lat="53.690774" lon="10.831565">
        <ele>48.320335</ele>
        <time>2026-07-22T09:20:13.153Z</time>
      </trkpt>
      <trkpt lat="53.692394" lon="10.837482">
        <ele>47.167004</ele>
        <time>2026-07-22T09:20:55.702Z</time>
      </trkpt>
      <trkpt lat="53.692536" lon="10.838138">
        <ele>47.544387</ele>
        <time>2026-07-22T09:21:01.865Z</time>
      </trkpt>
      <trkpt lat="53.692632" lon="10.839795">
        <ele>48.951916</ele>
        <time>2026-07-22T09:21:17.824Z</time>
      </trkpt>
      <trkpt lat="53.692799" lon="10.842684">
        <ele>53.569071</ele>
        <time>2026-07-22T09:21:53.678Z</time>
      </trkpt>
      <trkpt lat="53.693354" lon="10.853331">
        <ele>56.572165</ele>
        <time>2026-07-22T09:23:18.189Z</time>
      </trkpt>
      <trkpt lat="53.693339" lon="10.853520">
        <ele>56.573629</ele>
        <time>2026-07-22T09:23:19.472Z</time>
      </trkpt>
      <trkpt lat="53.693398" lon="10.854471">
        <ele>56.265138</ele>
        <time>2026-07-22T09:23:25.447Z</time>
      </trkpt>
      <trkpt lat="53.693795" lon="10.859413">
        <ele>52.648100</ele>
        <time>2026-07-22T09:23:53.447Z</time>
      </trkpt>
      <trkpt lat="53.693835" lon="10.860510">
        <ele>51.065289</ele>
        <time>2026-07-22T09:23:59.003Z</time>
      </trkpt>
      <trkpt lat="53.693822" lon="10.860936">
        <ele>50.283505</ele>
        <time>2026-07-22T09:24:01.063Z</time>
      </trkpt>
      <trkpt lat="53.693723" lon="10.862254">
        <ele>47.638149</ele>
        <time>2026-07-22T09:24:07.315Z</time>
      </trkpt>
      <trkpt lat="53.693523" lon="10.864390">
        <ele>45.363342</ele>
        <time>2026-07-22T09:24:23.870Z</time>
      </trkpt>
      <trkpt lat="53.693460" lon="10.864371">
        <ele>45.243167</ele>
        <time>2026-07-22T09:24:24.742Z</time>
      </trkpt>
      <trkpt lat="53.693318" lon="10.865932">
        <ele>43.682298</ele>
        <time>2026-07-22T09:24:32.890Z</time>
      </trkpt>
      <trkpt lat="53.692972" lon="10.865961">
        <ele>44.338303</ele>
        <time>2026-07-22T09:24:40.161Z</time>
      </trkpt>
      <trkpt lat="53.692631" lon="10.866103">
        <ele>44.611193</ele>
        <time>2026-07-22T09:24:45.234Z</time>
      </trkpt>
      <trkpt lat="53.692298" lon="10.866458">
        <ele>44.441625</ele>
        <time>2026-07-22T09:24:49.328Z</time>
      </trkpt>
      <trkpt lat="53.690799" lon="10.868338">
        <ele>43.925878</ele>
        <time>2026-07-22T09:25:10.123Z</time>
      </trkpt>
      <trkpt lat="53.690614" lon="10.868617">
        <ele>43.539165</ele>
        <time>2026-07-22T09:25:12.397Z</time>
      </trkpt>
      <trkpt lat="53.690027" lon="10.869855">
        <ele>41.274150</ele>
        <time>2026-07-22T09:25:20.176Z</time>
      </trkpt>
      <trkpt lat="53.689731" lon="10.870453">
        <ele>44.491307</ele>
        <time>2026-07-22T09:25:37.379Z</time>
      </trkpt>
      <trkpt lat="53.689596" lon="10.870660">
        <ele>45.062654</ele>
        <time>2026-07-22T09:25:42.283Z</time>
      </trkpt>
      <trkpt lat="53.689005" lon="10.871027">
        <ele>43.662905</ele>
        <time>2026-07-22T09:25:47.522Z</time>
      </trkpt>
      <trkpt lat="53.688772" lon="10.871246">
        <ele>42.906372</ele>
        <time>2026-07-22T09:25:49.668Z</time>
      </trkpt>
      <trkpt lat="53.688478" lon="10.871659">
        <ele>42.837508</ele>
        <time>2026-07-22T09:25:53.464Z</time>
      </trkpt>
      <trkpt lat="53.687851" lon="10.872672">
        <ele>45.528240</ele>
        <time>2026-07-22T09:26:14.164Z</time>
      </trkpt>
      <trkpt lat="53.687241" lon="10.873774">
        <ele>46.882422</ele>
        <time>2026-07-22T09:26:28.722Z</time>
      </trkpt>
      <trkpt lat="53.686491" lon="10.875537">
        <ele>48.202363</ele>
        <time>2026-07-22T09:26:48.413Z</time>
      </trkpt>
      <trkpt lat="53.686390" lon="10.875982">
        <ele>47.802624</ele>
        <time>2026-07-22T09:26:50.866Z</time>
      </trkpt>
      <trkpt lat="53.686382" lon="10.876111">
        <ele>47.758095</ele>
        <time>2026-07-22T09:26:51.613Z</time>
      </trkpt>
      <trkpt lat="53.686371" lon="10.876274">
        <ele>47.729988</ele>
        <time>2026-07-22T09:26:52.958Z</time>
      </trkpt>
      <trkpt lat="53.686396" lon="10.876637">
        <ele>48.085383</ele>
        <time>2026-07-22T09:26:56.866Z</time>
      </trkpt>
      <trkpt lat="53.686472" lon="10.877373">
        <ele>48.704122</ele>
        <time>2026-07-22T09:27:03.981Z</time>
      </trkpt>
      <trkpt lat="53.686805" lon="10.879206">
        <ele>50.338525</ele>
        <time>2026-07-22T09:27:22.918Z</time>
      </trkpt>
      <trkpt lat="53.686986" lon="10.879853">
        <ele>50.137142</ele>
        <time>2026-07-22T09:27:27.492Z</time>
      </trkpt>
      <trkpt lat="53.687191" lon="10.880588">
        <ele>49.095840</ele>
        <time>2026-07-22T09:27:31.614Z</time>
      </trkpt>
      <trkpt lat="53.687227" lon="10.880866">
        <ele>48.682917</ele>
        <time>2026-07-22T09:27:33.030Z</time>
      </trkpt>
      <trkpt lat="53.687250" lon="10.881170">
        <ele>48.229619</ele>
        <time>2026-07-22T09:27:34.564Z</time>
      </trkpt>
      <trkpt lat="53.687223" lon="10.882410">
        <ele>46.604560</ele>
        <time>2026-07-22T09:27:40.884Z</time>
      </trkpt>
      <trkpt lat="53.687243" lon="10.882984">
        <ele>45.985667</ele>
        <time>2026-07-22T09:27:43.915Z</time>
      </trkpt>
      <trkpt lat="53.687331" lon="10.884190">
        <ele>45.264125</ele>
        <time>2026-07-22T09:27:50.938Z</time>
      </trkpt>
      <trkpt lat="53.687304" lon="10.884393">
        <ele>45.244249</ele>
        <time>2026-07-22T09:27:52.525Z</time>
      </trkpt>
      <trkpt lat="53.687230" lon="10.884614">
        <ele>45.354824</ele>
        <time>2026-07-22T09:27:54.714Z</time>
      </trkpt>
      <trkpt lat="53.687086" lon="10.884896">
        <ele>45.457087</ele>
        <time>2026-07-22T09:27:57.499Z</time>
      </trkpt>
      <trkpt lat="53.686916" lon="10.885132">
        <ele>45.712942</ele>
        <time>2026-07-22T09:28:00.992Z</time>
      </trkpt>
      <trkpt lat="53.686875" lon="10.885173">
        <ele>45.777682</ele>
        <time>2026-07-22T09:28:01.809Z</time>
      </trkpt>
      <trkpt lat="53.686783" lon="10.885221">
        <ele>45.851002</ele>
        <time>2026-07-22T09:28:03.440Z</time>
      </trkpt>
      <trkpt lat="53.686732" lon="10.885248">
        <ele>45.890948</ele>
        <time>2026-07-22T09:28:04.186Z</time>
      </trkpt>
      <trkpt lat="53.686389" lon="10.885336">
        <ele>45.865805</ele>
        <time>2026-07-22T09:28:07.770Z</time>
      </trkpt>
      <trkpt lat="53.685733" lon="10.885508">
        <ele>46.256809</ele>
        <time>2026-07-22T09:28:17.490Z</time>
      </trkpt>
      <trkpt lat="53.685448" lon="10.885753">
        <ele>46.174701</ele>
        <time>2026-07-22T09:28:20.948Z</time>
      </trkpt>
      <trkpt lat="53.685420" lon="10.885777">
        <ele>46.158731</ele>
        <time>2026-07-22T09:28:21.261Z</time>
      </trkpt>
      <trkpt lat="53.685098" lon="10.886100">
        <ele>45.799228</ele>
        <time>2026-07-22T09:28:24.910Z</time>
      </trkpt>
      <trkpt lat="53.684740" lon="10.886255">
        <ele>45.475570</ele>
        <time>2026-07-22T09:28:28.527Z</time>
      </trkpt>
      <trkpt lat="53.683677" lon="10.886619">
        <ele>46.890933</ele>
        <time>2026-07-22T09:28:46.281Z</time>
      </trkpt>
      <trkpt lat="53.683517" lon="10.886728">
        <ele>47.151187</ele>
        <time>2026-07-22T09:28:48.840Z</time>
      </trkpt>
      <trkpt lat="53.683476" lon="10.886756">
        <ele>47.219790</ele>
        <time>2026-07-22T09:28:49.645Z</time>
      </trkpt>
      <trkpt lat="53.683314" lon="10.886943">
        <ele>47.355973</ele>
        <time>2026-07-22T09:28:53.328Z</time>
      </trkpt>
      <trkpt lat="53.682862" lon="10.887472">
        <ele>46.202678</ele>
        <time>2026-07-22T09:28:57.882Z</time>
      </trkpt>
      <trkpt lat="53.682255" lon="10.888164">
        <ele>46.028668</ele>
        <time>2026-07-22T09:29:06.027Z</time>
      </trkpt>
      <trkpt lat="53.681633" lon="10.888987">
        <ele>46.851226</ele>
        <time>2026-07-22T09:29:18.980Z</time>
      </trkpt>
      <trkpt lat="53.681383" lon="10.889247">
        <ele>46.338415</ele>
        <time>2026-07-22T09:29:21.416Z</time>
      </trkpt>
      <trkpt lat="53.681220" lon="10.889367">
        <ele>46.299589</ele>
        <time>2026-07-22T09:29:23.313Z</time>
      </trkpt>
      <trkpt lat="53.680935" lon="10.889556">
        <ele>48.096473</ele>
        <time>2026-07-22T09:29:33.390Z</time>
      </trkpt>
      <trkpt lat="53.680756" lon="10.889675">
        <ele>49.469811</ele>
        <time>2026-07-22T09:29:39.448Z</time>
      </trkpt>
      <trkpt lat="53.680467" lon="10.889979">
        <ele>52.465980</ele>
        <time>2026-07-22T09:29:54.498Z</time>
      </trkpt>
      <trkpt lat="53.680279" lon="10.890262">
        <ele>53.893315</ele>
        <time>2026-07-22T09:30:01.576Z</time>
      </trkpt>
      <trkpt lat="53.680003" lon="10.890961">
        <ele>55.262170</ele>
        <time>2026-07-22T09:30:11.616Z</time>
      </trkpt>
      <trkpt lat="53.679770" lon="10.891876">
        <ele>56.248979</ele>
        <time>2026-07-22T09:30:21.482Z</time>
      </trkpt>
      <trkpt lat="53.679609" lon="10.892346">
        <ele>57.025029</ele>
        <time>2026-07-22T09:30:27.997Z</time>
      </trkpt>
      <trkpt lat="53.679256" lon="10.893053">
        <ele>58.651891</ele>
        <time>2026-07-22T09:30:39.883Z</time>
      </trkpt>
      <trkpt lat="53.679089" lon="10.893303">
        <ele>59.069838</ele>
        <time>2026-07-22T09:30:44.073Z</time>
      </trkpt>
      <trkpt lat="53.677286" lon="10.895559">
        <ele>59.030599</ele>
        <time>2026-07-22T09:31:10.264Z</time>
      </trkpt>
      <trkpt lat="53.677118" lon="10.895796">
        <ele>59.106381</ele>
        <time>2026-07-22T09:31:13.132Z</time>
      </trkpt>
      <trkpt lat="53.676879" lon="10.896230">
        <ele>59.220330</ele>
        <time>2026-07-22T09:31:17.834Z</time>
      </trkpt>
      <trkpt lat="53.676195" lon="10.898238">
        <ele>56.921295</ele>
        <time>2026-07-22T09:31:30.274Z</time>
      </trkpt>
      <trkpt lat="53.676074" lon="10.898666">
        <ele>55.953944</ele>
        <time>2026-07-22T09:31:32.522Z</time>
      </trkpt>
      <trkpt lat="53.675914" lon="10.899556">
        <ele>53.728611</ele>
        <time>2026-07-22T09:31:36.777Z</time>
      </trkpt>
      <trkpt lat="53.675400" lon="10.903334">
        <ele>45.891949</ele>
        <time>2026-07-22T09:31:55.185Z</time>
      </trkpt>
      <trkpt lat="53.675283" lon="10.903932">
        <ele>45.497557</ele>
        <time>2026-07-22T09:31:58.866Z</time>
      </trkpt>
      <trkpt lat="53.675147" lon="10.904478">
        <ele>45.184870</ele>
        <time>2026-07-22T09:32:02.400Z</time>
      </trkpt>
      <trkpt lat="53.674947" lon="10.905126">
        <ele>44.672568</ele>
        <time>2026-07-22T09:32:06.548Z</time>
      </trkpt>
      <trkpt lat="53.674623" lon="10.905971">
        <ele>43.724186</ele>
        <time>2026-07-22T09:32:11.949Z</time>
      </trkpt>
      <trkpt lat="53.674391" lon="10.906486">
        <ele>43.341507</ele>
        <time>2026-07-22T09:32:15.679Z</time>
      </trkpt>
      <trkpt lat="53.673913" lon="10.907322">
        <ele>43.173495</ele>
        <time>2026-07-22T09:32:23.318Z</time>
      </trkpt>
      <trkpt lat="53.673498" lon="10.907926">
        <ele>43.718622</ele>
        <time>2026-07-22T09:32:31.744Z</time>
      </trkpt>
      <trkpt lat="53.673049" lon="10.908492">
        <ele>44.592845</ele>
        <time>2026-07-22T09:32:41.252Z</time>
      </trkpt>
      <trkpt lat="53.672531" lon="10.909034">
        <ele>45.485136</ele>
        <time>2026-07-22T09:32:51.377Z</time>
      </trkpt>
      <trkpt lat="53.672142" lon="10.909323">
        <ele>45.967555</ele>
        <time>2026-07-22T09:32:57.827Z</time>
      </trkpt>
      <trkpt lat="53.669854" lon="10.910790">
        <ele>47.253758</ele>
        <time>2026-07-22T09:33:31.144Z</time>
      </trkpt>
      <trkpt lat="53.669350" lon="10.911373">
        <ele>46.894555</ele>
        <time>2026-07-22T09:33:37.364Z</time>
      </trkpt>
      <trkpt lat="53.666875" lon="10.914753">
        <ele>50.758212</ele>
        <time>2026-07-22T09:34:27.649Z</time>
      </trkpt>
      <trkpt lat="53.666607" lon="10.915119">
        <ele>50.782900</ele>
        <time>2026-07-22T09:34:31.819Z</time>
      </trkpt>
      <trkpt lat="53.665265" lon="10.916981">
        <ele>50.537753</ele>
        <time>2026-07-22T09:34:51.530Z</time>
      </trkpt>
      <trkpt lat="53.664690" lon="10.917584">
        <ele>50.945147</ele>
        <time>2026-07-22T09:35:00.831Z</time>
      </trkpt>
      <trkpt lat="53.664371" lon="10.917917">
        <ele>51.438935</ele>
        <time>2026-07-22T09:35:07.324Z</time>
      </trkpt>
      <trkpt lat="53.664124" lon="10.918239">
        <ele>51.199372</ele>
        <time>2026-07-22T09:35:11.082Z</time>
      </trkpt>
      <trkpt lat="53.663743" lon="10.918784">
        <ele>48.379526</ele>
        <time>2026-07-22T09:35:14.733Z</time>
      </trkpt>
      <trkpt lat="53.663376" lon="10.919307">
        <ele>45.299963</ele>
        <time>2026-07-22T09:35:18.211Z</time>
      </trkpt>
      <trkpt lat="53.663057" lon="10.919575">
        <ele>43.056844</ele>
        <time>2026-07-22T09:35:20.814Z</time>
      </trkpt>
      <trkpt lat="53.662759" lon="10.919711">
        <ele>41.552984</ele>
        <time>2026-07-22T09:35:23.117Z</time>
      </trkpt>
      <trkpt lat="53.662604" lon="10.919701">
        <ele>41.161874</ele>
        <time>2026-07-22T09:35:24.416Z</time>
      </trkpt>
      <trkpt lat="53.662075" lon="10.919604">
        <ele>41.058105</ele>
        <time>2026-07-22T09:35:31.071Z</time>
      </trkpt>
      <trkpt lat="53.661920" lon="10.919593">
        <ele>41.065916</ele>
        <time>2026-07-22T09:35:32.729Z</time>
      </trkpt>
      <trkpt lat="53.661729" lon="10.919644">
        <ele>41.183639</ele>
        <time>2026-07-22T09:35:35.284Z</time>
      </trkpt>
      <trkpt lat="53.661421" lon="10.919827">
        <ele>41.911736</ele>
        <time>2026-07-22T09:35:41.698Z</time>
      </trkpt>
      <trkpt lat="53.658214" lon="10.922964">
        <ele>51.684830</ele>
        <time>2026-07-22T09:36:57.351Z</time>
      </trkpt>
      <trkpt lat="53.656087" lon="10.924700">
        <ele>51.812039</ele>
        <time>2026-07-22T09:37:25.731Z</time>
      </trkpt>
      <trkpt lat="53.653772" lon="10.926507">
        <ele>47.677585</ele>
        <time>2026-07-22T09:37:48.966Z</time>
      </trkpt>
      <trkpt lat="53.653525" lon="10.926650">
        <ele>46.230684</ele>
        <time>2026-07-22T09:37:50.902Z</time>
      </trkpt>
      <trkpt lat="53.653302" lon="10.926692">
        <ele>44.681324</ele>
        <time>2026-07-22T09:37:52.493Z</time>
      </trkpt>
      <trkpt lat="53.652104" lon="10.926617">
        <ele>38.091549</ele>
        <time>2026-07-22T09:38:01.347Z</time>
      </trkpt>
      <trkpt lat="53.651859" lon="10.926621">
        <ele>38.038149</ele>
        <time>2026-07-22T09:38:05.167Z</time>
      </trkpt>
      <trkpt lat="53.651716" lon="10.926666">
        <ele>38.227851</ele>
        <time>2026-07-22T09:38:07.684Z</time>
      </trkpt>
      <trkpt lat="53.651525" lon="10.926809">
        <ele>38.381044</ele>
        <time>2026-07-22T09:38:10.616Z</time>
      </trkpt>
      <trkpt lat="53.651378" lon="10.927007">
        <ele>38.399488</ele>
        <time>2026-07-22T09:38:12.994Z</time>
      </trkpt>
      <trkpt lat="53.650973" lon="10.927703">
        <ele>38.400000</ele>
        <time>2026-07-22T09:38:19.648Z</time>
      </trkpt>
      <trkpt lat="53.650757" lon="10.927960">
        <ele>38.418623</ele>
        <time>2026-07-22T09:38:22.819Z</time>
      </trkpt>
      <trkpt lat="53.650519" lon="10.928150">
        <ele>38.517140</ele>
        <time>2026-07-22T09:38:26.373Z</time>
      </trkpt>
      <trkpt lat="53.650290" lon="10.928262">
        <ele>38.719589</ele>
        <time>2026-07-22T09:38:29.783Z</time>
      </trkpt>
      <trkpt lat="53.650015" lon="10.928323">
        <ele>39.116066</ele>
        <time>2026-07-22T09:38:34.277Z</time>
      </trkpt>
      <trkpt lat="53.649739" lon="10.928310">
        <ele>39.641594</ele>
        <time>2026-07-22T09:38:39.278Z</time>
      </trkpt>
      <trkpt lat="53.649431" lon="10.928228">
        <ele>40.429943</ele>
        <time>2026-07-22T09:38:45.507Z</time>
      </trkpt>
      <trkpt lat="53.648785" lon="10.927886">
        <ele>42.596719</ele>
        <time>2026-07-22T09:39:00.631Z</time>
      </trkpt>
      <trkpt lat="53.648152" lon="10.927560">
        <ele>44.498099</ele>
        <time>2026-07-22T09:39:15.007Z</time>
      </trkpt>
      <trkpt lat="53.647982" lon="10.927483">
        <ele>44.575626</ele>
        <time>2026-07-22T09:39:16.780Z</time>
      </trkpt>
      <trkpt lat="53.647155" lon="10.927376">
        <ele>44.862635</ele>
        <time>2026-07-22T09:39:27.948Z</time>
      </trkpt>
      <trkpt lat="53.646849" lon="10.927392">
        <ele>44.768824</ele>
        <time>2026-07-22T09:39:31.302Z</time>
      </trkpt>
      <trkpt lat="53.644839" lon="10.927504">
        <ele>43.050100</ele>
        <time>2026-07-22T09:39:51.176Z</time>
      </trkpt>
      <trkpt lat="53.643980" lon="10.927480">
        <ele>43.083280</ele>
        <time>2026-07-22T09:40:01.346Z</time>
      </trkpt>
      <trkpt lat="53.640784" lon="10.927178">
        <ele>46.352675</ele>
        <time>2026-07-22T09:40:50.010Z</time>
      </trkpt>
      <trkpt lat="53.640333" lon="10.927216">
        <ele>47.091400</ele>
        <time>2026-07-22T09:40:58.353Z</time>
      </trkpt>
      <trkpt lat="53.640004" lon="10.927272">
        <ele>47.200000</ele>
        <time>2026-07-22T09:41:02.053Z</time>
      </trkpt>
      <trkpt lat="53.639684" lon="10.927435">
        <ele>47.225815</ele>
        <time>2026-07-22T09:41:06.195Z</time>
      </trkpt>
      <trkpt lat="53.638687" lon="10.928120">
        <ele>47.668854</ele>
        <time>2026-07-22T09:41:20.533Z</time>
      </trkpt>
      <trkpt lat="53.638164" lon="10.928308">
        <ele>47.748527</ele>
        <time>2026-07-22T09:41:27.002Z</time>
      </trkpt>
      <trkpt lat="53.637763" lon="10.928345">
        <ele>48.122192</ele>
        <time>2026-07-22T09:41:32.854Z</time>
      </trkpt>
      <trkpt lat="53.637338" lon="10.928221">
        <ele>48.707637</ele>
        <time>2026-07-22T09:41:39.815Z</time>
      </trkpt>
      <trkpt lat="53.636965" lon="10.928015">
        <ele>49.266232</ele>
        <time>2026-07-22T09:41:46.394Z</time>
      </trkpt>
      <trkpt lat="53.636617" lon="10.927656">
        <ele>49.580139</ele>
        <time>2026-07-22T09:41:52.174Z</time>
      </trkpt>
      <trkpt lat="53.631362" lon="10.919495">
        <ele>49.857383</ele>
        <time>2026-07-22T09:43:17.901Z</time>
      </trkpt>
      <trkpt lat="53.631061" lon="10.918918">
        <ele>49.489353</ele>
        <time>2026-07-22T09:43:22.468Z</time>
      </trkpt>
      <trkpt lat="53.630967" lon="10.918661">
        <ele>49.333423</ele>
        <time>2026-07-22T09:43:24.191Z</time>
      </trkpt>
      <trkpt lat="53.630882" lon="10.918349">
        <ele>49.389004</ele>
        <time>2026-07-22T09:43:26.437Z</time>
      </trkpt>
      <trkpt lat="53.630802" lon="10.917837">
        <ele>50.182262</ele>
        <time>2026-07-22T09:43:33.058Z</time>
      </trkpt>
      <trkpt lat="53.630770" lon="10.917276">
        <ele>51.693411</ele>
        <time>2026-07-22T09:43:42.387Z</time>
      </trkpt>
      <trkpt lat="53.630810" lon="10.916738">
        <ele>52.749484</ele>
        <time>2026-07-22T09:43:49.310Z</time>
      </trkpt>
      <trkpt lat="53.631597" lon="10.911804">
        <ele>58.618815</ele>
        <time>2026-07-22T09:44:44.264Z</time>
      </trkpt>
      <trkpt lat="53.631714" lon="10.911292">
        <ele>58.785077</ele>
        <time>2026-07-22T09:44:48.481Z</time>
      </trkpt>
      <trkpt lat="53.631851" lon="10.910861">
        <ele>58.830152</ele>
        <time>2026-07-22T09:44:51.840Z</time>
      </trkpt>
      <trkpt lat="53.633218" lon="10.907273">
        <ele>61.286026</ele>
        <time>2026-07-22T09:45:29.801Z</time>
      </trkpt>
      <trkpt lat="53.633685" lon="10.905929">
        <ele>61.796137</ele>
        <time>2026-07-22T09:45:43.170Z</time>
      </trkpt>
      <trkpt lat="53.634183" lon="10.903930">
        <ele>59.656662</ele>
        <time>2026-07-22T09:45:54.610Z</time>
      </trkpt>
      <trkpt lat="53.634303" lon="10.903284">
        <ele>58.558885</ele>
        <time>2026-07-22T09:45:57.928Z</time>
      </trkpt>
      <trkpt lat="53.635300" lon="10.897051">
        <ele>52.847985</ele>
        <time>2026-07-22T09:46:33.450Z</time>
      </trkpt>
      <trkpt lat="53.635408" lon="10.896548">
        <ele>51.182411</ele>
        <time>2026-07-22T09:46:35.787Z</time>
      </trkpt>
      <trkpt lat="53.635556" lon="10.896015">
        <ele>49.220922</ele>
        <time>2026-07-22T09:46:38.350Z</time>
      </trkpt>
      <trkpt lat="53.636386" lon="10.894089">
        <ele>45.083482</ele>
        <time>2026-07-22T09:46:49.975Z</time>
      </trkpt>
      <trkpt lat="53.636826" lon="10.893168">
        <ele>44.408927</ele>
        <time>2026-07-22T09:46:56.836Z</time>
      </trkpt>
      <trkpt lat="53.638237" lon="10.890066">
        <ele>45.936170</ele>
        <time>2026-07-22T09:47:29.467Z</time>
      </trkpt>
      <trkpt lat="53.638384" lon="10.889630">
        <ele>46.261611</ele>
        <time>2026-07-22T09:47:34.262Z</time>
      </trkpt>
      <trkpt lat="53.638517" lon="10.889089">
        <ele>46.405584</ele>
        <time>2026-07-22T09:47:38.565Z</time>
      </trkpt>
      <trkpt lat="53.638799" lon="10.887738">
        <ele>46.731820</ele>
        <time>2026-07-22T09:47:49.715Z</time>
      </trkpt>
      <trkpt lat="53.638985" lon="10.887178">
        <ele>47.106731</ele>
        <time>2026-07-22T09:47:55.566Z</time>
      </trkpt>
      <trkpt lat="53.639184" lon="10.886751">
        <ele>47.483070</ele>
        <time>2026-07-22T09:48:00.721Z</time>
      </trkpt>
      <trkpt lat="53.639718" lon="10.885966">
        <ele>48.212093</ele>
        <time>2026-07-22T09:48:11.163Z</time>
      </trkpt>
      <trkpt lat="53.639792" lon="10.885862">
        <ele>48.317691</ele>
        <time>2026-07-22T09:48:12.695Z</time>
      </trkpt>
      <trkpt lat="53.639942" lon="10.885653">
        <ele>48.642524</ele>
        <time>2026-07-22T09:48:15.971Z</time>
      </trkpt>
      <trkpt lat="53.640060" lon="10.885462">
        <ele>49.037996</ele>
        <time>2026-07-22T09:48:19.101Z</time>
      </trkpt>
      <trkpt lat="53.640321" lon="10.884965">
        <ele>50.100264</ele>
        <time>2026-07-22T09:48:27.857Z</time>
      </trkpt>
      <trkpt lat="53.640629" lon="10.883936">
        <ele>51.001868</ele>
        <time>2026-07-22T09:48:38.723Z</time>
      </trkpt>
      <trkpt lat="53.640828" lon="10.883182">
        <ele>50.773656</ele>
        <time>2026-07-22T09:48:43.773Z</time>
      </trkpt>
      <trkpt lat="53.640996" lon="10.882810">
        <ele>50.553381</ele>
        <time>2026-07-22T09:48:46.542Z</time>
      </trkpt>
      <trkpt lat="53.641140" lon="10.882618">
        <ele>50.572680</ele>
        <time>2026-07-22T09:48:48.606Z</time>
      </trkpt>
      <trkpt lat="53.641239" lon="10.882484">
        <ele>50.627508</ele>
        <time>2026-07-22T09:48:50.871Z</time>
      </trkpt>
      <trkpt lat="53.641740" lon="10.881843">
        <ele>50.478057</ele>
        <time>2026-07-22T09:48:57.584Z</time>
      </trkpt>
      <trkpt lat="53.641901" lon="10.881594">
        <ele>50.354289</ele>
        <time>2026-07-22T09:48:59.888Z</time>
      </trkpt>
      <trkpt lat="53.642262" lon="10.880817">
        <ele>50.591348</ele>
        <time>2026-07-22T09:49:07.589Z</time>
      </trkpt>
      <trkpt lat="53.642608" lon="10.880225">
        <ele>50.786792</ele>
        <time>2026-07-22T09:49:14.189Z</time>
      </trkpt>
      <trkpt lat="53.643124" lon="10.879547">
        <ele>50.837540</ele>
        <time>2026-07-22T09:49:22.118Z</time>
      </trkpt>
      <trkpt lat="53.643243" lon="10.879265">
        <ele>50.616107</ele>
        <time>2026-07-22T09:49:24.145Z</time>
      </trkpt>
      <trkpt lat="53.643333" lon="10.878883">
        <ele>50.088968</ele>
        <time>2026-07-22T09:49:26.210Z</time>
      </trkpt>
      <trkpt lat="53.643348" lon="10.878440">
        <ele>49.448882</ele>
        <time>2026-07-22T09:49:28.446Z</time>
      </trkpt>
      <trkpt lat="53.643017" lon="10.874895">
        <ele>45.912948</ele>
        <time>2026-07-22T09:49:47.705Z</time>
      </trkpt>
      <trkpt lat="53.642916" lon="10.873331">
        <ele>44.708475</ele>
        <time>2026-07-22T09:49:56.373Z</time>
      </trkpt>
      <trkpt lat="53.642941" lon="10.871935">
        <ele>44.726481</ele>
        <time>2026-07-22T09:50:06.541Z</time>
      </trkpt>
      <trkpt lat="53.642998" lon="10.871081">
        <ele>45.166967</ele>
        <time>2026-07-22T09:50:14.240Z</time>
      </trkpt>
      <trkpt lat="53.643142" lon="10.869662">
        <ele>45.570941</ele>
        <time>2026-07-22T09:50:25.698Z</time>
      </trkpt>
      <trkpt lat="53.643294" lon="10.868571">
        <ele>45.395697</ele>
        <time>2026-07-22T09:50:32.930Z</time>
      </trkpt>
      <trkpt lat="53.643589" lon="10.867084">
        <ele>44.943682</ele>
        <time>2026-07-22T09:50:43.071Z</time>
      </trkpt>
      <trkpt lat="53.643973" lon="10.865358">
        <ele>43.270423</ele>
        <time>2026-07-22T09:50:53.026Z</time>
      </trkpt>
      <trkpt lat="53.644194" lon="10.864634">
        <ele>42.055803</ele>
        <time>2026-07-22T09:50:57.149Z</time>
      </trkpt>
      <trkpt lat="53.644348" lon="10.864229">
        <ele>41.270707</ele>
        <time>2026-07-22T09:50:59.405Z</time>
      </trkpt>
      <trkpt lat="53.644625" lon="10.863652">
        <ele>41.083597</ele>
        <time>2026-07-22T09:51:04.233Z</time>
      </trkpt>
      <trkpt lat="53.644899" lon="10.863202">
        <ele>42.006412</ele>
        <time>2026-07-22T09:51:12.277Z</time>
      </trkpt>
      <trkpt lat="53.645380" lon="10.862363">
        <ele>44.041666</ele>
        <time>2026-07-22T09:51:27.035Z</time>
      </trkpt>
      <trkpt lat="53.645565" lon="10.861978">
        <ele>44.547611</ele>
        <time>2026-07-22T09:51:32.020Z</time>
      </trkpt>
      <trkpt lat="53.645707" lon="10.861611">
        <ele>44.791581</ele>
        <time>2026-07-22T09:51:35.910Z</time>
      </trkpt>
      <trkpt lat="53.644741" lon="10.861289">
        <ele>45.393738</ele>
        <time>2026-07-22T09:51:49.362Z</time>
      </trkpt>
      <trkpt lat="53.642842" lon="10.860757">
        <ele>46.016306</ele>
        <time>2026-07-22T09:52:14.969Z</time>
      </trkpt>
      <trkpt lat="53.642349" lon="10.860542">
        <ele>44.380914</ele>
        <time>2026-07-22T09:52:19.135Z</time>
      </trkpt>
      <trkpt lat="53.642053" lon="10.860355">
        <ele>41.612337</ele>
        <time>2026-07-22T09:52:21.296Z</time>
      </trkpt>
      <trkpt lat="53.641623" lon="10.859925">
        <ele>40.012652</ele>
        <time>2026-07-22T09:52:25.493Z</time>
      </trkpt>
      <trkpt lat="53.641506" lon="10.859774">
        <ele>39.827350</ele>
        <time>2026-07-22T09:52:26.925Z</time>
      </trkpt>
      <trkpt lat="53.641296" lon="10.859413">
        <ele>39.881725</ele>
        <time>2026-07-22T09:52:30.645Z</time>
      </trkpt>
      <trkpt lat="53.641017" lon="10.858901">
        <ele>40.386066</ele>
        <time>2026-07-22T09:52:37.501Z</time>
      </trkpt>
      <trkpt lat="53.640990" lon="10.858848">
        <ele>40.436113</ele>
        <time>2026-07-22T09:52:38.102Z</time>
      </trkpt>
      <trkpt lat="53.640871" lon="10.858618">
        <ele>40.715874</ele>
        <time>2026-07-22T09:52:40.655Z</time>
      </trkpt>
      <trkpt lat="53.640627" lon="10.858277">
        <ele>41.421677</ele>
        <time>2026-07-22T09:52:47.260Z</time>
      </trkpt>
      <trkpt lat="53.640497" lon="10.858134">
        <ele>41.582731</ele>
        <time>2026-07-22T09:52:49.782Z</time>
      </trkpt>
      <trkpt lat="53.640371" lon="10.858027">
        <ele>41.597143</ele>
        <time>2026-07-22T09:52:51.310Z</time>
      </trkpt>
      <trkpt lat="53.640183" lon="10.857928">
        <ele>41.583625</ele>
        <time>2026-07-22T09:52:53.183Z</time>
      </trkpt>
      <trkpt lat="53.638971" lon="10.857388">
        <ele>46.713820</ele>
        <time>2026-07-22T09:53:24.760Z</time>
      </trkpt>
      <trkpt lat="53.638650" lon="10.857315">
        <ele>48.513446</ele>
        <time>2026-07-22T09:53:34.887Z</time>
      </trkpt>
      <trkpt lat="53.638486" lon="10.857314">
        <ele>49.164667</ele>
        <time>2026-07-22T09:53:38.761Z</time>
      </trkpt>
      <trkpt lat="53.638308" lon="10.857365">
        <ele>49.781171</ele>
        <time>2026-07-22T09:53:42.810Z</time>
      </trkpt>
      <trkpt lat="53.637960" lon="10.857563">
        <ele>50.837593</ele>
        <time>2026-07-22T09:53:50.872Z</time>
      </trkpt>
      <trkpt lat="53.636932" lon="10.858208">
        <ele>52.392353</ele>
        <time>2026-07-22T09:54:08.623Z</time>
      </trkpt>
      <trkpt lat="53.636244" lon="10.858538">
        <ele>53.197499</ele>
        <time>2026-07-22T09:54:19.663Z</time>
      </trkpt>
      <trkpt lat="53.634934" lon="10.858740">
        <ele>54.556958</ele>
        <time>2026-07-22T09:54:39.585Z</time>
      </trkpt>
      <trkpt lat="53.632102" lon="10.859079">
        <ele>53.292388</ele>
        <time>2026-07-22T09:55:10.101Z</time>
      </trkpt>
      <trkpt lat="53.629272" lon="10.859338">
        <ele>51.552943</ele>
        <time>2026-07-22T09:55:39.608Z</time>
      </trkpt>
      <trkpt lat="53.628510" lon="10.859427">
        <ele>50.341046</ele>
        <time>2026-07-22T09:55:46.658Z</time>
      </trkpt>
      <trkpt lat="53.628080" lon="10.859470">
        <ele>48.702065</ele>
        <time>2026-07-22T09:55:49.974Z</time>
      </trkpt>
      <trkpt lat="53.626455" lon="10.859580">
        <ele>44.489382</ele>
        <time>2026-07-22T09:56:03.632Z</time>
      </trkpt>
      <trkpt lat="53.625636" lon="10.859552">
        <ele>43.975958</ele>
        <time>2026-07-22T09:56:12.100Z</time>
      </trkpt>
      <trkpt lat="53.623899" lon="10.859328">
        <ele>44.309626</ele>
        <time>2026-07-22T09:56:34.115Z</time>
      </trkpt>
      <trkpt lat="53.623701" lon="10.859352">
        <ele>44.383442</ele>
        <time>2026-07-22T09:56:36.896Z</time>
      </trkpt>
      <trkpt lat="53.623381" lon="10.859518">
        <ele>44.371553</ele>
        <time>2026-07-22T09:56:40.901Z</time>
      </trkpt>
      <trkpt lat="53.622527" lon="10.860335">
        <ele>43.918001</ele>
        <time>2026-07-22T09:56:51.234Z</time>
      </trkpt>
      <trkpt lat="53.622457" lon="10.860366">
        <ele>43.890451</ele>
        <time>2026-07-22T09:56:52.018Z</time>
      </trkpt>
      <trkpt lat="53.622388" lon="10.860344">
        <ele>43.864779</ele>
        <time>2026-07-22T09:56:52.787Z</time>
      </trkpt>
      <trkpt lat="53.622301" lon="10.860252">
        <ele>43.827479</ele>
        <time>2026-07-22T09:56:53.953Z</time>
      </trkpt>
      <trkpt lat="53.622137" lon="10.860641">
        <ele>43.823187</ele>
        <time>2026-07-22T09:56:57.314Z</time>
      </trkpt>
      <trkpt lat="53.622010" lon="10.860873">
        <ele>43.879353</ele>
        <time>2026-07-22T09:56:59.887Z</time>
      </trkpt>
      <trkpt lat="53.621261" lon="10.861892">
        <ele>43.838233</ele>
        <time>2026-07-22T09:57:11.120Z</time>
      </trkpt>
      <trkpt lat="53.620036" lon="10.863557">
        <ele>42.805740</ele>
        <time>2026-07-22T09:57:27.013Z</time>
      </trkpt>
      <trkpt lat="53.619906" lon="10.863750">
        <ele>42.917819</ele>
        <time>2026-07-22T09:57:29.951Z</time>
      </trkpt>
      <trkpt lat="53.619808" lon="10.864010">
        <ele>43.189803</ele>
        <time>2026-07-22T09:57:32.918Z</time>
      </trkpt>
      <trkpt lat="53.619465" lon="10.865469">
        <ele>44.447478</ele>
        <time>2026-07-22T09:57:47.733Z</time>
      </trkpt>
      <trkpt lat="53.619157" lon="10.866625">
        <ele>46.304493</ele>
        <time>2026-07-22T09:58:02.971Z</time>
      </trkpt>
      <trkpt lat="53.619000" lon="10.867143">
        <ele>47.254797</ele>
        <time>2026-07-22T09:58:09.934Z</time>
      </trkpt>
      <trkpt lat="53.618761" lon="10.867743">
        <ele>49.011783</ele>
        <time>2026-07-22T09:58:21.115Z</time>
      </trkpt>
      <trkpt lat="53.618440" lon="10.868339">
        <ele>50.072312</ele>
        <time>2026-07-22T09:58:29.908Z</time>
      </trkpt>
      <trkpt lat="53.617947" lon="10.869189">
        <ele>50.893439</ele>
        <time>2026-07-22T09:58:40.765Z</time>
      </trkpt>
      <trkpt lat="53.617547" lon="10.869737">
        <ele>51.346106</ele>
        <time>2026-07-22T09:58:48.337Z</time>
      </trkpt>
      <trkpt lat="53.617340" lon="10.869952">
        <ele>51.289806</ele>
        <time>2026-07-22T09:58:51.463Z</time>
      </trkpt>
      <trkpt lat="53.616392" lon="10.870789">
        <ele>49.396367</ele>
        <time>2026-07-22T09:59:00.872Z</time>
      </trkpt>
      <trkpt lat="53.616124" lon="10.871170">
        <ele>49.274145</ele>
        <time>2026-07-22T09:59:05.155Z</time>
      </trkpt>
      <trkpt lat="53.615806" lon="10.871776">
        <ele>48.997975</ele>
        <time>2026-07-22T09:59:10.005Z</time>
      </trkpt>
      <trkpt lat="53.615592" lon="10.872104">
        <ele>48.789415</ele>
        <time>2026-07-22T09:59:13.024Z</time>
      </trkpt>
      <trkpt lat="53.614702" lon="10.873342">
        <ele>47.664816</ele>
        <time>2026-07-22T09:59:24.559Z</time>
      </trkpt>
      <trkpt lat="53.614128" lon="10.874382">
        <ele>45.645389</ele>
        <time>2026-07-22T09:59:31.625Z</time>
      </trkpt>
      <trkpt lat="53.613662" lon="10.875138">
        <ele>44.631003</ele>
        <time>2026-07-22T09:59:37.551Z</time>
      </trkpt>
      <trkpt lat="53.613087" lon="10.876072">
        <ele>44.194589</ele>
        <time>2026-07-22T09:59:46.012Z</time>
      </trkpt>
      <trkpt lat="53.612817" lon="10.876784">
        <ele>43.867347</ele>
        <time>2026-07-22T09:59:51.255Z</time>
      </trkpt>
      <trkpt lat="53.612656" lon="10.877354">
        <ele>43.394054</ele>
        <time>2026-07-22T09:59:54.813Z</time>
      </trkpt>
      <trkpt lat="53.612540" lon="10.877779">
        <ele>42.952154</ele>
        <time>2026-07-22T09:59:57.378Z</time>
      </trkpt>
      <trkpt lat="53.612227" lon="10.878935">
        <ele>41.238506</ele>
        <time>2026-07-22T10:00:03.758Z</time>
      </trkpt>
      <trkpt lat="53.612032" lon="10.879841">
        <ele>40.600166</ele>
        <time>2026-07-22T10:00:09.252Z</time>
      </trkpt>
      <trkpt lat="53.611848" lon="10.880622">
        <ele>40.747541</ele>
        <time>2026-07-22T10:00:16.119Z</time>
      </trkpt>
      <trkpt lat="53.611566" lon="10.882216">
        <ele>40.294727</ele>
        <time>2026-07-22T10:00:26.279Z</time>
      </trkpt>
      <trkpt lat="53.611147" lon="10.884548">
        <ele>41.763949</ele>
        <time>2026-07-22T10:00:48.836Z</time>
      </trkpt>
      <trkpt lat="53.611004" lon="10.885252">
        <ele>41.402140</ele>
        <time>2026-07-22T10:00:52.969Z</time>
      </trkpt>
      <trkpt lat="53.610115" lon="10.888625">
        <ele>42.198581</ele>
        <time>2026-07-22T10:01:22.456Z</time>
      </trkpt>
      <trkpt lat="53.609878" lon="10.889365">
        <ele>41.161104</ele>
        <time>2026-07-22T10:01:26.662Z</time>
      </trkpt>
      <trkpt lat="53.609575" lon="10.889956">
        <ele>40.430361</ele>
        <time>2026-07-22T10:01:30.925Z</time>
      </trkpt>
      <trkpt lat="53.609014" lon="10.890759">
        <ele>39.753571</ele>
        <time>2026-07-22T10:01:38.251Z</time>
      </trkpt>
      <trkpt lat="53.608873" lon="10.891025">
        <ele>39.843680</ele>
        <time>2026-07-22T10:01:40.867Z</time>
      </trkpt>
      <trkpt lat="53.607860" lon="10.893178">
        <ele>42.097073</ele>
        <time>2026-07-22T10:02:07.544Z</time>
      </trkpt>
      <trkpt lat="53.606090" lon="10.897108">
        <ele>46.019426</ele>
        <time>2026-07-22T10:02:54.871Z</time>
      </trkpt>
      <trkpt lat="53.605922" lon="10.897457">
        <ele>46.456313</ele>
        <time>2026-07-22T10:02:59.670Z</time>
      </trkpt>
      <trkpt lat="53.605807" lon="10.897613">
        <ele>46.638484</ele>
        <time>2026-07-22T10:03:02.126Z</time>
      </trkpt>
      <trkpt lat="53.605586" lon="10.897699">
        <ele>46.558085</ele>
        <time>2026-07-22T10:03:04.509Z</time>
      </trkpt>
      <trkpt lat="53.605348" lon="10.897729">
        <ele>46.243789</ele>
        <time>2026-07-22T10:03:06.629Z</time>
      </trkpt>
      <trkpt lat="53.602626" lon="10.897612">
        <ele>45.723449</ele>
        <time>2026-07-22T10:03:37.556Z</time>
      </trkpt>
      <trkpt lat="53.600704" lon="10.897476">
        <ele>46.451735</ele>
        <time>2026-07-22T10:04:02.763Z</time>
      </trkpt>
      <trkpt lat="53.593473" lon="10.897163">
        <ele>56.228216</ele>
        <time>2026-07-22T10:06:00.185Z</time>
      </trkpt>
      <trkpt lat="53.591291" lon="10.897043">
        <ele>55.328102</ele>
        <time>2026-07-22T10:06:23.736Z</time>
      </trkpt>
      <trkpt lat="53.588421" lon="10.896807">
        <ele>50.476923</ele>
        <time>2026-07-22T10:06:49.630Z</time>
      </trkpt>
      <trkpt lat="53.588233" lon="10.896781">
        <ele>50.085776</ele>
        <time>2026-07-22T10:06:51.244Z</time>
      </trkpt>
      <trkpt lat="53.588036" lon="10.896694">
        <ele>49.602472</ele>
        <time>2026-07-22T10:06:52.986Z</time>
      </trkpt>
      <trkpt lat="53.587847" lon="10.896561">
        <ele>49.122858</ele>
        <time>2026-07-22T10:06:54.745Z</time>
      </trkpt>
      <trkpt lat="53.587318" lon="10.896043">
        <ele>48.169699</ele>
        <time>2026-07-22T10:07:00.285Z</time>
      </trkpt>
      <trkpt lat="53.586919" lon="10.895683">
        <ele>48.029079</ele>
        <time>2026-07-22T10:07:05.442Z</time>
      </trkpt>
      <trkpt lat="53.586196" lon="10.895133">
        <ele>48.236803</ele>
        <time>2026-07-22T10:07:15.825Z</time>
      </trkpt>
      <trkpt lat="53.585718" lon="10.894707">
        <ele>47.792268</ele>
        <time>2026-07-22T10:07:21.299Z</time>
      </trkpt>
      <trkpt lat="53.585082" lon="10.894044">
        <ele>45.801903</ele>
        <time>2026-07-22T10:07:27.498Z</time>
      </trkpt>
      <trkpt lat="53.584120" lon="10.893043">
        <ele>42.861729</ele>
        <time>2026-07-22T10:07:36.906Z</time>
      </trkpt>
      <trkpt lat="53.583688" lon="10.892661">
        <ele>43.956186</ele>
        <time>2026-07-22T10:07:46.996Z</time>
      </trkpt>
      <trkpt lat="53.583229" lon="10.892408">
        <ele>44.730535</ele>
        <time>2026-07-22T10:07:55.156Z</time>
      </trkpt>
      <trkpt lat="53.582936" lon="10.892273">
        <ele>44.835176</ele>
        <time>2026-07-22T10:07:59.147Z</time>
      </trkpt>
      <trkpt lat="53.582101" lon="10.892043">
        <ele>43.528559</ele>
        <time>2026-07-22T10:08:07.450Z</time>
      </trkpt>
      <trkpt lat="53.581518" lon="10.891730">
        <ele>39.377710</ele>
        <time>2026-07-22T10:08:11.766Z</time>
      </trkpt>
      <trkpt lat="53.581228" lon="10.891539">
        <ele>38.670389</ele>
        <time>2026-07-22T10:08:14.621Z</time>
      </trkpt>
      <trkpt lat="53.580675" lon="10.891202">
        <ele>38.509733</ele>
        <time>2026-07-22T10:08:21.068Z</time>
      </trkpt>
      <trkpt lat="53.580327" lon="10.891081">
        <ele>39.287968</ele>
        <time>2026-07-22T10:08:27.631Z</time>
      </trkpt>
      <trkpt lat="53.580133" lon="10.891075">
        <ele>39.856987</ele>
        <time>2026-07-22T10:08:32.484Z</time>
      </trkpt>
      <trkpt lat="53.579931" lon="10.891213">
        <ele>40.189170</ele>
        <time>2026-07-22T10:08:36.079Z</time>
      </trkpt>
      <trkpt lat="53.578877" lon="10.892541">
        <ele>39.492149</ele>
        <time>2026-07-22T10:08:49.811Z</time>
      </trkpt>
      <trkpt lat="53.578760" lon="10.892636">
        <ele>39.402997</ele>
        <time>2026-07-22T10:08:51.166Z</time>
      </trkpt>
      <trkpt lat="53.578612" lon="10.892677">
        <ele>39.298127</ele>
        <time>2026-07-22T10:08:52.691Z</time>
      </trkpt>
      <trkpt lat="53.578488" lon="10.892662">
        <ele>39.243229</ele>
        <time>2026-07-22T10:08:53.967Z</time>
      </trkpt>
      <trkpt lat="53.577923" lon="10.892464">
        <ele>39.248830</ele>
        <time>2026-07-22T10:09:00.616Z</time>
      </trkpt>
      <trkpt lat="53.577745" lon="10.892456">
        <ele>39.483503</ele>
        <time>2026-07-22T10:09:03.422Z</time>
      </trkpt>
      <trkpt lat="53.577279" lon="10.892529">
        <ele>40.685902</ele>
        <time>2026-07-22T10:09:12.883Z</time>
      </trkpt>
      <trkpt lat="53.577212" lon="10.892586">
        <ele>40.925783</ele>
        <time>2026-07-22T10:09:14.703Z</time>
      </trkpt>
      <trkpt lat="53.577105" lon="10.892810">
        <ele>41.717033</ele>
        <time>2026-07-22T10:09:19.277Z</time>
      </trkpt>
      <trkpt lat="53.577037" lon="10.893239">
        <ele>42.994122</ele>
        <time>2026-07-22T10:09:26.551Z</time>
      </trkpt>
      <trkpt lat="53.576946" lon="10.893559">
        <ele>44.051622</ele>
        <time>2026-07-22T10:09:32.405Z</time>
      </trkpt>
      <trkpt lat="53.576860" lon="10.893724">
        <ele>44.688897</ele>
        <time>2026-07-22T10:09:36.306Z</time>
      </trkpt>
      <trkpt lat="53.576719" lon="10.893878">
        <ele>45.357312</ele>
        <time>2026-07-22T10:09:40.799Z</time>
      </trkpt>
      <trkpt lat="53.576556" lon="10.893982">
        <ele>45.664300</ele>
        <time>2026-07-22T10:09:43.460Z</time>
      </trkpt>
      <trkpt lat="53.576372" lon="10.894048">
        <ele>45.676515</ele>
        <time>2026-07-22T10:09:45.575Z</time>
      </trkpt>
      <trkpt lat="53.575906" lon="10.894120">
        <ele>45.505445</ele>
        <time>2026-07-22T10:09:50.682Z</time>
      </trkpt>
      <trkpt lat="53.575550" lon="10.894232">
        <ele>45.432914</ele>
        <time>2026-07-22T10:09:54.732Z</time>
      </trkpt>
      <trkpt lat="53.575242" lon="10.894394">
        <ele>45.497312</ele>
        <time>2026-07-22T10:09:58.697Z</time>
      </trkpt>
      <trkpt lat="53.574835" lon="10.894683">
        <ele>45.615537</ele>
        <time>2026-07-22T10:10:04.306Z</time>
      </trkpt>
      <trkpt lat="53.574162" lon="10.895232">
        <ele>46.113520</ele>
        <time>2026-07-22T10:10:14.635Z</time>
      </trkpt>
      <trkpt lat="53.573900" lon="10.895522">
        <ele>46.417966</ele>
        <time>2026-07-22T10:10:19.336Z</time>
      </trkpt>
      <trkpt lat="53.573676" lon="10.895881">
        <ele>46.802053</ele>
        <time>2026-07-22T10:10:24.316Z</time>
      </trkpt>
      <trkpt lat="53.573266" lon="10.897051">
        <ele>47.788111</ele>
        <time>2026-07-22T10:10:37.463Z</time>
      </trkpt>
      <trkpt lat="53.572996" lon="10.897633">
        <ele>47.567600</ele>
        <time>2026-07-22T10:10:42.047Z</time>
      </trkpt>
      <trkpt lat="53.572828" lon="10.897915">
        <ele>47.234938</ele>
        <time>2026-07-22T10:10:44.214Z</time>
      </trkpt>
      <trkpt lat="53.572542" lon="10.898300">
        <ele>46.443598</ele>
        <time>2026-07-22T10:10:47.335Z</time>
      </trkpt>
      <trkpt lat="53.572514" lon="10.898336">
        <ele>46.387001</ele>
        <time>2026-07-22T10:10:47.636Z</time>
      </trkpt>
      <trkpt lat="53.571860" lon="10.899177">
        <ele>45.122573</ele>
        <time>2026-07-22T10:10:55.256Z</time>
      </trkpt>
      <trkpt lat="53.571551" lon="10.899590">
        <ele>44.833233</ele>
        <time>2026-07-22T10:10:59.169Z</time>
      </trkpt>
      <trkpt lat="53.571307" lon="10.899859">
        <ele>44.822695</ele>
        <time>2026-07-22T10:11:02.692Z</time>
      </trkpt>
      <trkpt lat="53.571011" lon="10.900075">
        <ele>45.032845</ele>
        <time>2026-07-22T10:11:07.236Z</time>
      </trkpt>
      <trkpt lat="53.570305" lon="10.900480">
        <ele>45.829831</ele>
        <time>2026-07-22T10:11:18.969Z</time>
      </trkpt>
      <trkpt lat="53.567700" lon="10.901941">
        <ele>44.396426</ele>
        <time>2026-07-22T10:11:47.853Z</time>
      </trkpt>
      <trkpt lat="53.567413" lon="10.902122">
        <ele>44.210382</ele>
        <time>2026-07-22T10:11:51.047Z</time>
      </trkpt>
      <trkpt lat="53.567225" lon="10.902297">
        <ele>44.101622</ele>
        <time>2026-07-22T10:11:53.291Z</time>
      </trkpt>
      <trkpt lat="53.567035" lon="10.902504">
        <ele>44.036716</ele>
        <time>2026-07-22T10:11:55.767Z</time>
      </trkpt>
      <trkpt lat="53.566699" lon="10.902952">
        <ele>44.097161</ele>
        <time>2026-07-22T10:12:00.973Z</time>
      </trkpt>
      <trkpt lat="53.566293" lon="10.903540">
        <ele>44.184534</ele>
        <time>2026-07-22T10:12:07.651Z</time>
      </trkpt>
      <trkpt lat="53.564232" lon="10.906286">
        <ele>43.830537</ele>
        <time>2026-07-22T10:12:38.001Z</time>
      </trkpt>
      <trkpt lat="53.563446" lon="10.907288">
        <ele>42.793057</ele>
        <time>2026-07-22T10:12:47.638Z</time>
      </trkpt>
      <trkpt lat="53.563102" lon="10.907618">
        <ele>41.603456</ele>
        <time>2026-07-22T10:12:50.841Z</time>
      </trkpt>
      <trkpt lat="53.562995" lon="10.907702">
        <ele>41.251030</ele>
        <time>2026-07-22T10:12:51.781Z</time>
      </trkpt>
      <trkpt lat="53.563021" lon="10.907797">
        <ele>41.263960</ele>
        <time>2026-07-22T10:12:56.880Z</time>
      </trkpt>
      <trkpt lat="53.562142" lon="10.908399">
        <ele>41.570512</ele>
        <time>2026-07-22T10:13:09.725Z</time>
      </trkpt>
      <trkpt lat="53.561709" lon="10.908591">
        <ele>42.291017</ele>
        <time>2026-07-22T10:13:17.462Z</time>
      </trkpt>
      <trkpt lat="53.561536" lon="10.908667">
        <ele>42.489280</ele>
        <time>2026-07-22T10:13:20.588Z</time>
      </trkpt>
      <trkpt lat="53.560552" lon="10.908755">
        <ele>42.665725</ele>
        <time>2026-07-22T10:13:32.621Z</time>
      </trkpt>
      <trkpt lat="53.559699" lon="10.908861">
        <ele>42.215192</ele>
        <time>2026-07-22T10:13:41.435Z</time>
      </trkpt>
      <trkpt lat="53.559383" lon="10.908925">
        <ele>42.091832</ele>
        <time>2026-07-22T10:13:45.132Z</time>
      </trkpt>
      <trkpt lat="53.558480" lon="10.908997">
        <ele>41.586582</ele>
        <time>2026-07-22T10:13:54.562Z</time>
      </trkpt>
      <trkpt lat="53.558474" lon="10.908834">
        <ele>41.586627</ele>
        <time>2026-07-22T10:13:55.951Z</time>
      </trkpt>
      <trkpt lat="53.557854" lon="10.908863">
        <ele>41.681395</ele>
        <time>2026-07-22T10:14:03.726Z</time>
      </trkpt>
      <trkpt lat="53.556837" lon="10.908817">
        <ele>41.588035</ele>
        <time>2026-07-22T10:14:15.660Z</time>
      </trkpt>
      <trkpt lat="53.556228" lon="10.908893">
        <ele>41.417525</ele>
        <time>2026-07-22T10:14:22.267Z</time>
      </trkpt>
      <trkpt lat="53.556095" lon="10.908938">
        <ele>41.400108</ele>
        <time>2026-07-22T10:14:24.012Z</time>
      </trkpt>
      <trkpt lat="53.556026" lon="10.909064">
        <ele>41.376106</ele>
        <time>2026-07-22T10:14:25.081Z</time>
      </trkpt>
      <trkpt lat="53.555985" lon="10.909255">
        <ele>41.347152</ele>
        <time>2026-07-22T10:14:26.292Z</time>
      </trkpt>
      <trkpt lat="53.555788" lon="10.911133">
        <ele>42.181007</ele>
        <time>2026-07-22T10:14:42.678Z</time>
      </trkpt>
      <trkpt lat="53.555597" lon="10.912258">
        <ele>42.294330</ele>
        <time>2026-07-22T10:14:51.373Z</time>
      </trkpt>
      <trkpt lat="53.555329" lon="10.913654">
        <ele>42.312607</ele>
        <time>2026-07-22T10:15:01.765Z</time>
      </trkpt>
      <trkpt lat="53.555006" lon="10.915155">
        <ele>42.702255</ele>
        <time>2026-07-22T10:15:14.237Z</time>
      </trkpt>
      <trkpt lat="53.554367" lon="10.915252">
        <ele>42.983798</ele>
        <time>2026-07-22T10:15:25.378Z</time>
      </trkpt>
      <trkpt lat="53.554187" lon="10.915283">
        <ele>42.979580</ele>
        <time>2026-07-22T10:15:28.371Z</time>
      </trkpt>
      <trkpt lat="53.553528" lon="10.915383">
        <ele>42.720032</ele>
        <time>2026-07-22T10:15:38.365Z</time>
      </trkpt>
      <trkpt lat="53.553310" lon="10.915418">
        <ele>42.713182</ele>
        <time>2026-07-22T10:15:41.845Z</time>
      </trkpt>
      <trkpt lat="53.553257" lon="10.915426">
        <ele>42.716760</ele>
        <time>2026-07-22T10:15:42.739Z</time>
      </trkpt>
      <trkpt lat="53.552914" lon="10.915480">
        <ele>42.868208</ele>
        <time>2026-07-22T10:15:48.817Z</time>
      </trkpt>
      <trkpt lat="53.552764" lon="10.915500">
        <ele>42.906911</ele>
        <time>2026-07-22T10:15:50.583Z</time>
      </trkpt>
      <trkpt lat="53.552016" lon="10.915637">
        <ele>43.067831</ele>
        <time>2026-07-22T10:15:59.945Z</time>
      </trkpt>
      <trkpt lat="53.551000" lon="10.915979">
        <ele>44.370664</ele>
        <time>2026-07-22T10:16:16.553Z</time>
      </trkpt>
      <trkpt lat="53.549937" lon="10.916352">
        <ele>45.144633</ele>
        <time>2026-07-22T10:16:32.288Z</time>
      </trkpt>
      <trkpt lat="53.548555" lon="10.916821">
        <ele>43.430033</ele>
        <time>2026-07-22T10:16:45.635Z</time>
      </trkpt>
      <trkpt lat="53.548152" lon="10.916987">
        <ele>42.452253</ele>
        <time>2026-07-22T10:16:49.114Z</time>
      </trkpt>
      <trkpt lat="53.548050" lon="10.917155">
        <ele>42.250917</ele>
        <time>2026-07-22T10:16:50.515Z</time>
      </trkpt>
      <trkpt lat="53.547864" lon="10.917606">
        <ele>41.983343</ele>
        <time>2026-07-22T10:16:53.766Z</time>
      </trkpt>
      <trkpt lat="53.547494" lon="10.918676">
        <ele>41.334926</ele>
        <time>2026-07-22T10:17:01.110Z</time>
      </trkpt>
      <trkpt lat="53.547342" lon="10.919120">
        <ele>41.254405</ele>
        <time>2026-07-22T10:17:04.405Z</time>
      </trkpt>
      <trkpt lat="53.547244" lon="10.919623">
        <ele>41.545901</ele>
        <time>2026-07-22T10:17:09.149Z</time>
      </trkpt>
      <trkpt lat="53.547177" lon="10.919622">
        <ele>41.665233</ele>
        <time>2026-07-22T10:17:10.568Z</time>
      </trkpt>
      <trkpt lat="53.546245" lon="10.920040">
        <ele>43.796555</ele>
        <time>2026-07-22T10:17:33.466Z</time>
      </trkpt>
      <trkpt lat="53.546096" lon="10.920108">
        <ele>43.897302</ele>
        <time>2026-07-22T10:17:35.799Z</time>
      </trkpt>
      <trkpt lat="53.545614" lon="10.920360">
        <ele>44.009622</ele>
        <time>2026-07-22T10:17:44.366Z</time>
      </trkpt>
      <trkpt lat="53.545378" lon="10.920503">
        <ele>44.078587</ele>
        <time>2026-07-22T10:17:48.708Z</time>
      </trkpt>
      <trkpt lat="53.545350" lon="10.920539">
        <ele>44.087040</ele>
        <time>2026-07-22T10:17:49.299Z</time>
      </trkpt>
      <trkpt lat="53.545226" lon="10.921177">
        <ele>44.060663</ele>
        <time>2026-07-22T10:17:55.595Z</time>
      </trkpt>
      <trkpt lat="53.545128" lon="10.921435">
        <ele>44.256825</ele>
        <time>2026-07-22T10:17:58.984Z</time>
      </trkpt>
      <trkpt lat="53.545056" lon="10.921478">
        <ele>44.366014</ele>
        <time>2026-07-22T10:18:00.807Z</time>
      </trkpt>
      <trkpt lat="53.544875" lon="10.921396">
        <ele>44.804654</ele>
        <time>2026-07-22T10:18:05.753Z</time>
      </trkpt>
      <trkpt lat="53.544822" lon="10.921370">
        <ele>44.929806</ele>
        <time>2026-07-22T10:18:06.942Z</time>
      </trkpt>
      <trkpt lat="53.544317" lon="10.921140">
        <ele>44.862878</ele>
        <time>2026-07-22T10:18:14.999Z</time>
      </trkpt>
      <trkpt lat="53.544098" lon="10.921143">
        <ele>44.742968</ele>
        <time>2026-07-22T10:18:18.124Z</time>
      </trkpt>
      <trkpt lat="53.542286" lon="10.922069">
        <ele>44.115229</ele>
        <time>2026-07-22T10:18:46.885Z</time>
      </trkpt>
      <trkpt lat="53.542020" lon="10.922197">
        <ele>44.081584</ele>
        <time>2026-07-22T10:18:51.630Z</time>
      </trkpt>
      <trkpt lat="53.541545" lon="10.922443">
        <ele>43.805225</ele>
        <time>2026-07-22T10:18:58.716Z</time>
      </trkpt>
      <trkpt lat="53.540207" lon="10.923143">
        <ele>43.190323</ele>
        <time>2026-07-22T10:19:19.552Z</time>
      </trkpt>
      <trkpt lat="53.539670" lon="10.923405">
        <ele>43.483464</ele>
        <time>2026-07-22T10:19:30.004Z</time>
      </trkpt>
      <trkpt lat="53.539302" lon="10.923578">
        <ele>43.551141</ele>
        <time>2026-07-22T10:19:36.386Z</time>
      </trkpt>
      <trkpt lat="53.539250" lon="10.923623">
        <ele>43.545236</ele>
        <time>2026-07-22T10:19:37.297Z</time>
      </trkpt>
      <trkpt lat="53.539156" lon="10.923841">
        <ele>43.461318</ele>
        <time>2026-07-22T10:19:39.573Z</time>
      </trkpt>
      <trkpt lat="53.539053" lon="10.923793">
        <ele>43.401272</ele>
        <time>2026-07-22T10:19:40.660Z</time>
      </trkpt>
      <trkpt lat="53.538844" lon="10.923825">
        <ele>43.412514</ele>
        <time>2026-07-22T10:19:43.307Z</time>
      </trkpt>
      <trkpt lat="53.536564" lon="10.924994">
        <ele>44.426452</ele>
        <time>2026-07-22T10:20:14.609Z</time>
      </trkpt>
      <trkpt lat="53.536231" lon="10.925029">
        <ele>44.722810</ele>
        <time>2026-07-22T10:20:19.731Z</time>
      </trkpt>
      <trkpt lat="53.535990" lon="10.924914">
        <ele>45.049213</ele>
        <time>2026-07-22T10:20:23.967Z</time>
      </trkpt>
      <trkpt lat="53.535878" lon="10.924811">
        <ele>45.122078</ele>
        <time>2026-07-22T10:20:25.662Z</time>
      </trkpt>
      <trkpt lat="53.535756" lon="10.924638">
        <ele>45.058849</ele>
        <time>2026-07-22T10:20:27.358Z</time>
      </trkpt>
      <trkpt lat="53.535658" lon="10.924456">
        <ele>44.926098</ele>
        <time>2026-07-22T10:20:28.769Z</time>
      </trkpt>
      <trkpt lat="53.535584" lon="10.924233">
        <ele>44.805255</ele>
        <time>2026-07-22T10:20:30.244Z</time>
      </trkpt>
      <trkpt lat="53.535421" lon="10.923289">
        <ele>44.426234</ele>
        <time>2026-07-22T10:20:36.211Z</time>
      </trkpt>
      <trkpt lat="53.535259" lon="10.921827">
        <ele>44.186629</ele>
        <time>2026-07-22T10:20:45.972Z</time>
      </trkpt>
      <trkpt lat="53.534716" lon="10.917041">
        <ele>46.593475</ele>
        <time>2026-07-22T10:21:28.282Z</time>
      </trkpt>
      <trkpt lat="53.534563" lon="10.915689">
        <ele>47.135946</ele>
        <time>2026-07-22T10:21:40.103Z</time>
      </trkpt>
      <trkpt lat="53.534238" lon="10.912989">
        <ele>45.950085</ele>
        <time>2026-07-22T10:21:56.608Z</time>
      </trkpt>
      <trkpt lat="53.534009" lon="10.911075">
        <ele>46.219495</ele>
        <time>2026-07-22T10:22:11.882Z</time>
      </trkpt>
      <trkpt lat="53.533957" lon="10.910463">
        <ele>45.369120</ele>
        <time>2026-07-22T10:22:14.831Z</time>
      </trkpt>
      <trkpt lat="53.533834" lon="10.908622">
        <ele>46.748340</ele>
        <time>2026-07-22T10:22:33.250Z</time>
      </trkpt>
      <trkpt lat="53.533795" lon="10.908007">
        <ele>46.817775</ele>
        <time>2026-07-22T10:22:37.892Z</time>
      </trkpt>
      <trkpt lat="53.533496" lon="10.903766">
        <ele>45.360732</ele>
        <time>2026-07-22T10:23:04.334Z</time>
      </trkpt>
      <trkpt lat="53.533260" lon="10.899934">
        <ele>42.193178</ele>
        <time>2026-07-22T10:23:25.632Z</time>
      </trkpt>
      <trkpt lat="53.533227" lon="10.899730">
        <ele>42.018496</ele>
        <time>2026-07-22T10:23:26.805Z</time>
      </trkpt>
      <trkpt lat="53.533078" lon="10.899242">
        <ele>41.576494</ele>
        <time>2026-07-22T10:23:29.832Z</time>
      </trkpt>
      <trkpt lat="53.533007" lon="10.898910">
        <ele>41.199668</ele>
        <time>2026-07-22T10:23:31.762Z</time>
      </trkpt>
      <trkpt lat="53.533032" lon="10.898190">
        <ele>40.419944</ele>
        <time>2026-07-22T10:23:35.571Z</time>
      </trkpt>
      <trkpt lat="53.533063" lon="10.897843">
        <ele>40.075494</ele>
        <time>2026-07-22T10:23:37.476Z</time>
      </trkpt>
      <trkpt lat="53.533061" lon="10.897236">
        <ele>39.579984</ele>
        <time>2026-07-22T10:23:40.668Z</time>
      </trkpt>
      <trkpt lat="53.532974" lon="10.895006">
        <ele>40.314026</ele>
        <time>2026-07-22T10:23:59.446Z</time>
      </trkpt>
      <trkpt lat="53.532930" lon="10.894585">
        <ele>40.068069</ele>
        <time>2026-07-22T10:24:01.968Z</time>
      </trkpt>
      <trkpt lat="53.532852" lon="10.894135">
        <ele>39.663975</ele>
        <time>2026-07-22T10:24:04.464Z</time>
      </trkpt>
      <trkpt lat="53.532623" lon="10.893446">
        <ele>39.344025</ele>
        <time>2026-07-22T10:24:09.171Z</time>
      </trkpt>
      <trkpt lat="53.531782" lon="10.891367">
        <ele>39.570831</ele>
        <time>2026-07-22T10:24:28.061Z</time>
      </trkpt>
      <trkpt lat="53.531631" lon="10.890996">
        <ele>39.459616</ele>
        <time>2026-07-22T10:24:30.858Z</time>
      </trkpt>
      <trkpt lat="53.531502" lon="10.890778">
        <ele>39.302119</ele>
        <time>2026-07-22T10:24:32.732Z</time>
      </trkpt>
      <trkpt lat="53.530862" lon="10.890109">
        <ele>38.655256</ele>
        <time>2026-07-22T10:24:39.983Z</time>
      </trkpt>
      <trkpt lat="53.530709" lon="10.889867">
        <ele>38.824090</ele>
        <time>2026-07-22T10:24:43.855Z</time>
      </trkpt>
      <trkpt lat="53.530644" lon="10.889679">
        <ele>38.889177</ele>
        <time>2026-07-22T10:24:45.513Z</time>
      </trkpt>
      <trkpt lat="53.530519" lon="10.888654">
        <ele>38.003214</ele>
        <time>2026-07-22T10:24:51.235Z</time>
      </trkpt>
      <trkpt lat="53.530522" lon="10.888549">
        <ele>37.916012</ele>
        <time>2026-07-22T10:24:51.827Z</time>
      </trkpt>
      <trkpt lat="53.530596" lon="10.888312">
        <ele>37.703383</ele>
        <time>2026-07-22T10:24:53.328Z</time>
      </trkpt>
      <trkpt lat="53.530912" lon="10.887664">
        <ele>37.115505</ele>
        <time>2026-07-22T10:24:58.024Z</time>
      </trkpt>
      <trkpt lat="53.531005" lon="10.887288">
        <ele>36.921905</ele>
        <time>2026-07-22T10:25:00.483Z</time>
      </trkpt>
      <trkpt lat="53.531047" lon="10.886798">
        <ele>36.800206</ele>
        <time>2026-07-22T10:25:03.663Z</time>
      </trkpt>
      <trkpt lat="53.531138" lon="10.884802">
        <ele>36.362220</ele>
        <time>2026-07-22T10:25:16.828Z</time>
      </trkpt>
      <trkpt lat="53.531276" lon="10.883437">
        <ele>35.478828</ele>
        <time>2026-07-22T10:25:24.657Z</time>
      </trkpt>
      <trkpt lat="53.532064" lon="10.875877">
        <ele>33.283292</ele>
        <time>2026-07-22T10:26:13.197Z</time>
      </trkpt>
      <trkpt lat="53.532127" lon="10.875481">
        <ele>33.111868</ele>
        <time>2026-07-22T10:26:15.757Z</time>
      </trkpt>
      <trkpt lat="53.532203" lon="10.875181">
        <ele>33.026877</ele>
        <time>2026-07-22T10:26:17.821Z</time>
      </trkpt>
      <trkpt lat="53.532308" lon="10.874963">
        <ele>33.028670</ele>
        <time>2026-07-22T10:26:19.673Z</time>
      </trkpt>
      <trkpt lat="53.537561" lon="10.866310">
        <ele>34.960965</ele>
        <time>2026-07-22T10:27:53.149Z</time>
      </trkpt>
      <trkpt lat="53.537882" lon="10.865771">
        <ele>35.650416</ele>
        <time>2026-07-22T10:28:00.913Z</time>
      </trkpt>
      <trkpt lat="53.537959" lon="10.865687">
        <ele>35.712406</ele>
        <time>2026-07-22T10:28:02.257Z</time>
      </trkpt>
      <trkpt lat="53.538048" lon="10.865654">
        <ele>35.773970</ele>
        <time>2026-07-22T10:28:03.351Z</time>
      </trkpt>
      <trkpt lat="53.538315" lon="10.865650">
        <ele>35.575853</ele>
        <time>2026-07-22T10:28:06.064Z</time>
      </trkpt>
      <trkpt lat="53.538764" lon="10.865555">
        <ele>34.995078</ele>
        <time>2026-07-22T10:28:10.295Z</time>
      </trkpt>
      <trkpt lat="53.538949" lon="10.865453">
        <ele>34.734077</ele>
        <time>2026-07-22T10:28:12.176Z</time>
      </trkpt>
      <trkpt lat="53.539674" lon="10.864373">
        <ele>34.253584</ele>
        <time>2026-07-22T10:28:22.320Z</time>
      </trkpt>
      <trkpt lat="53.539779" lon="10.864254">
        <ele>34.271261</ele>
        <time>2026-07-22T10:28:23.971Z</time>
      </trkpt>
      <trkpt lat="53.539923" lon="10.864159">
        <ele>34.470337</ele>
        <time>2026-07-22T10:28:26.490Z</time>
      </trkpt>
      <trkpt lat="53.540092" lon="10.864113">
        <ele>34.572929</ele>
        <time>2026-07-22T10:28:29.181Z</time>
      </trkpt>
      <trkpt lat="53.540268" lon="10.864010">
        <ele>34.411422</ele>
        <time>2026-07-22T10:28:30.964Z</time>
      </trkpt>
      <trkpt lat="53.541244" lon="10.863239">
        <ele>31.536865</ele>
        <time>2026-07-22T10:28:39.953Z</time>
      </trkpt>
      <trkpt lat="53.541814" lon="10.862928">
        <ele>30.671291</ele>
        <time>2026-07-22T10:28:45.417Z</time>
      </trkpt>
      <trkpt lat="53.543821" lon="10.861957">
        <ele>30.294268</ele>
        <time>2026-07-22T10:29:09.293Z</time>
      </trkpt>
      <trkpt lat="53.544398" lon="10.861544">
        <ele>30.112214</ele>
        <time>2026-07-22T10:29:16.186Z</time>
      </trkpt>
      <trkpt lat="53.545816" lon="10.860718">
        <ele>29.927245</ele>
        <time>2026-07-22T10:29:33.835Z</time>
      </trkpt>
      <trkpt lat="53.546232" lon="10.860529">
        <ele>29.615501</ele>
        <time>2026-07-22T10:29:37.854Z</time>
      </trkpt>
      <trkpt lat="53.550216" lon="10.860361">
        <ele>35.299766</ele>
        <time>2026-07-22T10:30:43.865Z</time>
      </trkpt>
      <trkpt lat="53.551098" lon="10.860324">
        <ele>36.589389</ele>
        <time>2026-07-22T10:30:58.447Z</time>
      </trkpt>
      <trkpt lat="53.551809" lon="10.860404">
        <ele>37.418676</ele>
        <time>2026-07-22T10:31:09.503Z</time>
      </trkpt>
      <trkpt lat="53.552388" lon="10.860412">
        <ele>38.318128</ele>
        <time>2026-07-22T10:31:19.444Z</time>
      </trkpt>
      <trkpt lat="53.552745" lon="10.860533">
        <ele>38.880061</ele>
        <time>2026-07-22T10:31:25.867Z</time>
      </trkpt>
      <trkpt lat="53.552751" lon="10.860079">
        <ele>38.812027</ele>
        <time>2026-07-22T10:31:28.720Z</time>
      </trkpt>
      <trkpt lat="53.552782" lon="10.859829">
        <ele>38.620444</ele>
        <time>2026-07-22T10:31:30.118Z</time>
      </trkpt>
      <trkpt lat="53.553074" lon="10.858656">
        <ele>37.382795</ele>
        <time>2026-07-22T10:31:37.021Z</time>
      </trkpt>
      <trkpt lat="53.553293" lon="10.857850">
        <ele>36.412288</ele>
        <time>2026-07-22T10:31:41.640Z</time>
      </trkpt>
      <trkpt lat="53.553397" lon="10.857575">
        <ele>36.099876</ele>
        <time>2026-07-22T10:31:43.448Z</time>
      </trkpt>
      <trkpt lat="53.553531" lon="10.857350">
        <ele>35.827039</ele>
        <time>2026-07-22T10:31:45.194Z</time>
      </trkpt>
      <trkpt lat="53.553685" lon="10.857177">
        <ele>35.567277</ele>
        <time>2026-07-22T10:31:46.903Z</time>
      </trkpt>
      <trkpt lat="53.554272" lon="10.856659">
        <ele>34.650144</ele>
        <time>2026-07-22T10:31:53.078Z</time>
      </trkpt>
      <trkpt lat="53.554818" lon="10.856175">
        <ele>34.120821</ele>
        <time>2026-07-22T10:31:59.282Z</time>
      </trkpt>
      <trkpt lat="53.556115" lon="10.855025">
        <ele>33.618143</ele>
        <time>2026-07-22T10:32:15.134Z</time>
      </trkpt>
      <trkpt lat="53.556268" lon="10.854864">
        <ele>33.695492</ele>
        <time>2026-07-22T10:32:17.572Z</time>
      </trkpt>
      <trkpt lat="53.556481" lon="10.854522">
        <ele>33.924161</ele>
        <time>2026-07-22T10:32:22.683Z</time>
      </trkpt>
      <trkpt lat="53.556654" lon="10.854042">
        <ele>33.430900</ele>
        <time>2026-07-22T10:32:25.583Z</time>
      </trkpt>
      <trkpt lat="53.556715" lon="10.853741">
        <ele>33.154794</ele>
        <time>2026-07-22T10:32:27.305Z</time>
      </trkpt>
      <trkpt lat="53.557275" lon="10.850084">
        <ele>32.652297</ele>
        <time>2026-07-22T10:32:52.643Z</time>
      </trkpt>
      <trkpt lat="53.557609" lon="10.847922">
        <ele>30.716143</ele>
        <time>2026-07-22T10:33:04.882Z</time>
      </trkpt>
      <trkpt lat="53.557869" lon="10.846258">
        <ele>29.794617</ele>
        <time>2026-07-22T10:33:14.894Z</time>
      </trkpt>
      <trkpt lat="53.558695" lon="10.840956">
        <ele>31.972534</ele>
        <time>2026-07-22T10:34:00.823Z</time>
      </trkpt>
      <trkpt lat="53.558978" lon="10.839129">
        <ele>31.701819</ele>
        <time>2026-07-22T10:34:13.199Z</time>
      </trkpt>
      <trkpt lat="53.559063" lon="10.838321">
        <ele>31.557723</ele>
        <time>2026-07-22T10:34:18.849Z</time>
      </trkpt>
      <trkpt lat="53.559104" lon="10.837647">
        <ele>31.105377</ele>
        <time>2026-07-22T10:34:22.673Z</time>
      </trkpt>
      <trkpt lat="53.559126" lon="10.836242">
        <ele>30.227942</ele>
        <time>2026-07-22T10:34:30.657Z</time>
      </trkpt>
      <trkpt lat="53.559131" lon="10.835934">
        <ele>30.169034</ele>
        <time>2026-07-22T10:34:32.581Z</time>
      </trkpt>
      <trkpt lat="53.559139" lon="10.835432">
        <ele>30.282608</ele>
        <time>2026-07-22T10:34:36.875Z</time>
      </trkpt>
      <trkpt lat="53.559260" lon="10.828735">
        <ele>31.364976</ele>
        <time>2026-07-22T10:35:27.783Z</time>
      </trkpt>
      <trkpt lat="53.559286" lon="10.827279">
        <ele>31.166628</ele>
        <time>2026-07-22T10:35:37.031Z</time>
      </trkpt>
      <trkpt lat="53.559281" lon="10.826728">
        <ele>31.435352</ele>
        <time>2026-07-22T10:35:41.963Z</time>
      </trkpt>
      <trkpt lat="53.559280" lon="10.826624">
        <ele>31.516855</ele>
        <time>2026-07-22T10:35:42.952Z</time>
      </trkpt>
      <trkpt lat="53.559271" lon="10.826007">
        <ele>32.127526</ele>
        <time>2026-07-22T10:35:49.693Z</time>
      </trkpt>
      <trkpt lat="53.559223" lon="10.823785">
        <ele>32.802640</ele>
        <time>2026-07-22T10:36:07.353Z</time>
      </trkpt>
      <trkpt lat="53.559168" lon="10.823121">
        <ele>32.935185</ele>
        <time>2026-07-22T10:36:12.476Z</time>
      </trkpt>
      <trkpt lat="53.559068" lon="10.822440">
        <ele>32.662678</ele>
        <time>2026-07-22T10:36:16.879Z</time>
      </trkpt>
      <trkpt lat="53.558923" lon="10.821838">
        <ele>32.051433</ele>
        <time>2026-07-22T10:36:20.357Z</time>
      </trkpt>
      <trkpt lat="53.558747" lon="10.821289">
        <ele>31.086078</ele>
        <time>2026-07-22T10:36:23.434Z</time>
      </trkpt>
      <trkpt lat="53.558246" lon="10.819990">
        <ele>29.909347</ele>
        <time>2026-07-22T10:36:31.953Z</time>
      </trkpt>
      <trkpt lat="53.558109" lon="10.819456">
        <ele>30.704009</ele>
        <time>2026-07-22T10:36:38.857Z</time>
      </trkpt>
      <trkpt lat="53.558006" lon="10.818941">
        <ele>32.045041</ele>
        <time>2026-07-22T10:36:47.766Z</time>
      </trkpt>
      <trkpt lat="53.557931" lon="10.818380">
        <ele>32.872473</ele>
        <time>2026-07-22T10:36:54.224Z</time>
      </trkpt>
      <trkpt lat="53.557879" lon="10.817327">
        <ele>33.793280</ele>
        <time>2026-07-22T10:37:04.595Z</time>
      </trkpt>
      <trkpt lat="53.557928" lon="10.814034">
        <ele>36.135339</ele>
        <time>2026-07-22T10:37:35.205Z</time>
      </trkpt>
      <trkpt lat="53.557886" lon="10.813453">
        <ele>36.181701</ele>
        <time>2026-07-22T10:37:39.480Z</time>
      </trkpt>
      <trkpt lat="53.557864" lon="10.813130">
        <ele>36.138107</ele>
        <time>2026-07-22T10:37:41.509Z</time>
      </trkpt>
      <trkpt lat="53.557854" lon="10.812794">
        <ele>36.278409</ele>
        <time>2026-07-22T10:37:44.075Z</time>
      </trkpt>
      <trkpt lat="53.557862" lon="10.812439">
        <ele>36.734743</ele>
        <time>2026-07-22T10:37:48.647Z</time>
      </trkpt>
      <trkpt lat="53.558052" lon="10.809801">
        <ele>38.265791</ele>
        <time>2026-07-22T10:38:12.250Z</time>
      </trkpt>
      <trkpt lat="53.558218" lon="10.805493">
        <ele>38.038462</ele>
        <time>2026-07-22T10:38:42.517Z</time>
      </trkpt>
      <trkpt lat="53.558265" lon="10.804572">
        <ele>36.166350</ele>
        <time>2026-07-22T10:38:46.787Z</time>
      </trkpt>
      <trkpt lat="53.558371" lon="10.802811">
        <ele>35.300192</ele>
        <time>2026-07-22T10:38:57.506Z</time>
      </trkpt>
      <trkpt lat="53.558551" lon="10.801842">
        <ele>34.908254</ele>
        <time>2026-07-22T10:39:03.727Z</time>
      </trkpt>
      <trkpt lat="53.558779" lon="10.801185">
        <ele>34.718087</ele>
        <time>2026-07-22T10:39:08.639Z</time>
      </trkpt>
      <trkpt lat="53.559084" lon="10.800117">
        <ele>34.718629</ele>
        <time>2026-07-22T10:39:17.035Z</time>
      </trkpt>
      <trkpt lat="53.559591" lon="10.798741">
        <ele>34.951908</ele>
        <time>2026-07-22T10:39:29.303Z</time>
      </trkpt>
      <trkpt lat="53.559845" lon="10.797921">
        <ele>34.672418</ele>
        <time>2026-07-22T10:39:35.107Z</time>
      </trkpt>
      <trkpt lat="53.559941" lon="10.797247">
        <ele>34.080299</ele>
        <time>2026-07-22T10:39:38.911Z</time>
      </trkpt>
      <trkpt lat="53.560012" lon="10.796284">
        <ele>33.069912</ele>
        <time>2026-07-22T10:39:44.062Z</time>
      </trkpt>
      <trkpt lat="53.560556" lon="10.793028">
        <ele>30.950748</ele>
        <time>2026-07-22T10:40:03.571Z</time>
      </trkpt>
      <trkpt lat="53.560690" lon="10.791800">
        <ele>30.760261</ele>
        <time>2026-07-22T10:40:11.645Z</time>
      </trkpt>
      <trkpt lat="53.561308" lon="10.788536">
        <ele>32.377468</ele>
        <time>2026-07-22T10:40:41.282Z</time>
      </trkpt>
      <trkpt lat="53.561360" lon="10.788132">
        <ele>32.480292</ele>
        <time>2026-07-22T10:40:44.705Z</time>
      </trkpt>
      <trkpt lat="53.561353" lon="10.787600">
        <ele>32.531342</ele>
        <time>2026-07-22T10:40:48.276Z</time>
      </trkpt>
      <trkpt lat="53.561304" lon="10.787342">
        <ele>32.639164</ele>
        <time>2026-07-22T10:40:50.492Z</time>
      </trkpt>
      <trkpt lat="53.561052" lon="10.786443">
        <ele>33.469673</ele>
        <time>2026-07-22T10:41:00.346Z</time>
      </trkpt>
      <trkpt lat="53.560857" lon="10.785843">
        <ele>33.867865</ele>
        <time>2026-07-22T10:41:06.479Z</time>
      </trkpt>
      <trkpt lat="53.560687" lon="10.785451">
        <ele>33.949516</ele>
        <time>2026-07-22T10:41:10.165Z</time>
      </trkpt>
      <trkpt lat="53.560344" lon="10.784777">
        <ele>33.652803</ele>
        <time>2026-07-22T10:41:15.809Z</time>
      </trkpt>
      <trkpt lat="53.559916" lon="10.783208">
        <ele>31.868251</ele>
        <time>2026-07-22T10:41:24.872Z</time>
      </trkpt>
      <trkpt lat="53.559738" lon="10.782637">
        <ele>32.019728</ele>
        <time>2026-07-22T10:41:30.469Z</time>
      </trkpt>
      <trkpt lat="53.559139" lon="10.780976">
        <ele>31.456042</ele>
        <time>2026-07-22T10:41:42.658Z</time>
      </trkpt>
      <trkpt lat="53.558548" lon="10.779341">
        <ele>30.262895</ele>
        <time>2026-07-22T10:41:53.646Z</time>
      </trkpt>
      <trkpt lat="53.558431" lon="10.779015">
        <ele>30.304896</ele>
        <time>2026-07-22T10:41:56.216Z</time>
      </trkpt>
      <trkpt lat="53.558363" lon="10.778700">
        <ele>30.484753</ele>
        <time>2026-07-22T10:41:59.795Z</time>
      </trkpt>
      <trkpt lat="53.557738" lon="10.777919">
        <ele>30.724642</ele>
        <time>2026-07-22T10:42:09.505Z</time>
      </trkpt>
      <trkpt lat="53.557501" lon="10.777575">
        <ele>30.895005</ele>
        <time>2026-07-22T10:42:13.790Z</time>
      </trkpt>
      <trkpt lat="53.557204" lon="10.777144">
        <ele>31.080302</ele>
        <time>2026-07-22T10:42:19.047Z</time>
      </trkpt>
      <trkpt lat="53.556837" lon="10.776499">
        <ele>31.138678</ele>
        <time>2026-07-22T10:42:25.417Z</time>
      </trkpt>
      <trkpt lat="53.556506" lon="10.775917">
        <ele>31.438716</ele>
        <time>2026-07-22T10:42:32.448Z</time>
      </trkpt>
      <trkpt lat="53.555990" lon="10.774989">
        <ele>31.605819</ele>
        <time>2026-07-22T10:42:41.213Z</time>
      </trkpt>
      <trkpt lat="53.555762" lon="10.774597">
        <ele>32.247967</ele>
        <time>2026-07-22T10:42:47.515Z</time>
      </trkpt>
      <trkpt lat="53.555689" lon="10.774471">
        <ele>32.547649</ele>
        <time>2026-07-22T10:42:49.890Z</time>
      </trkpt>
      <trkpt lat="53.555382" lon="10.773839">
        <ele>33.734338</ele>
        <time>2026-07-22T10:42:59.339Z</time>
      </trkpt>
      <trkpt lat="53.555305" lon="10.773594">
        <ele>34.170342</ele>
        <time>2026-07-22T10:43:02.673Z</time>
      </trkpt>
      <trkpt lat="53.555249" lon="10.773265">
        <ele>34.562195</ele>
        <time>2026-07-22T10:43:06.727Z</time>
      </trkpt>
      <trkpt lat="53.555249" lon="10.772900">
        <ele>34.543648</ele>
        <time>2026-07-22T10:43:09.230Z</time>
      </trkpt>
      <trkpt lat="53.555300" lon="10.772380">
        <ele>33.799033</ele>
        <time>2026-07-22T10:43:11.839Z</time>
      </trkpt>
      <trkpt lat="53.555358" lon="10.771985">
        <ele>32.986700</ele>
        <time>2026-07-22T10:43:13.809Z</time>
      </trkpt>
      <trkpt lat="53.555397" lon="10.771700">
        <ele>32.292976</ele>
        <time>2026-07-22T10:43:15.110Z</time>
      </trkpt>
      <trkpt lat="53.555465" lon="10.771263">
        <ele>31.642809</ele>
        <time>2026-07-22T10:43:17.448Z</time>
      </trkpt>
      <trkpt lat="53.555492" lon="10.771087">
        <ele>31.536312</ele>
        <time>2026-07-22T10:43:18.477Z</time>
      </trkpt>
      <trkpt lat="53.555560" lon="10.770638">
        <ele>31.390545</ele>
        <time>2026-07-22T10:43:21.558Z</time>
      </trkpt>
      <trkpt lat="53.555658" lon="10.770027">
        <ele>31.049842</ele>
        <time>2026-07-22T10:43:25.485Z</time>
      </trkpt>
      <trkpt lat="53.555731" lon="10.769527">
        <ele>30.137375</ele>
        <time>2026-07-22T10:43:27.887Z</time>
      </trkpt>
      <trkpt lat="53.555827" lon="10.768731">
        <ele>29.335675</ele>
        <time>2026-07-22T10:43:32.346Z</time>
      </trkpt>
      <trkpt lat="53.555829" lon="10.768690">
        <ele>29.305687</ele>
        <time>2026-07-22T10:43:32.591Z</time>
      </trkpt>
      <trkpt lat="53.555841" lon="10.768513">
        <ele>29.166980</ele>
        <time>2026-07-22T10:43:33.673Z</time>
      </trkpt>
      <trkpt lat="53.555909" lon="10.766464">
        <ele>27.696026</ele>
        <time>2026-07-22T10:43:45.043Z</time>
      </trkpt>
      <trkpt lat="53.555966" lon="10.764946">
        <ele>29.856294</ele>
        <time>2026-07-22T10:44:03.243Z</time>
      </trkpt>
      <trkpt lat="53.555982" lon="10.764219">
        <ele>31.158591</ele>
        <time>2026-07-22T10:44:13.450Z</time>
      </trkpt>
      <trkpt lat="53.555985" lon="10.764106">
        <ele>31.296711</ele>
        <time>2026-07-22T10:44:14.338Z</time>
      </trkpt>
      <trkpt lat="53.555996" lon="10.763624">
        <ele>31.042647</ele>
        <time>2026-07-22T10:44:16.788Z</time>
      </trkpt>
      <trkpt lat="53.555979" lon="10.763304">
        <ele>31.427358</ele>
        <time>2026-07-22T10:44:21.042Z</time>
      </trkpt>
      <trkpt lat="53.555974" lon="10.763250">
        <ele>31.559635</ele>
        <time>2026-07-22T10:44:21.917Z</time>
      </trkpt>
      <trkpt lat="53.555909" lon="10.762897">
        <ele>32.383713</ele>
        <time>2026-07-22T10:44:27.705Z</time>
      </trkpt>
      <trkpt lat="53.555550" lon="10.761821">
        <ele>33.978025</ele>
        <time>2026-07-22T10:44:41.325Z</time>
      </trkpt>
      <trkpt lat="53.555422" lon="10.761472">
        <ele>34.056652</ele>
        <time>2026-07-22T10:44:44.286Z</time>
      </trkpt>
      <trkpt lat="53.555217" lon="10.760919">
        <ele>33.784788</ele>
        <time>2026-07-22T10:44:48.238Z</time>
      </trkpt>
      <trkpt lat="53.555024" lon="10.760394">
        <ele>33.399140</ele>
        <time>2026-07-22T10:44:51.702Z</time>
      </trkpt>
      <trkpt lat="53.554835" lon="10.759880">
        <ele>33.042567</ele>
        <time>2026-07-22T10:44:55.277Z</time>
      </trkpt>
      <trkpt lat="53.554308" lon="10.758373">
        <ele>32.372697</ele>
        <time>2026-07-22T10:45:05.932Z</time>
      </trkpt>
      <trkpt lat="53.554270" lon="10.758263">
        <ele>32.439472</ele>
        <time>2026-07-22T10:45:07.083Z</time>
      </trkpt>
      <trkpt lat="53.553965" lon="10.757389">
        <ele>32.959515</ele>
        <time>2026-07-22T10:45:16.156Z</time>
      </trkpt>
      <trkpt lat="53.553833" lon="10.757091">
        <ele>32.962979</ele>
        <time>2026-07-22T10:45:18.612Z</time>
      </trkpt>
      <trkpt lat="53.553471" lon="10.756510">
        <ele>32.442303</ele>
        <time>2026-07-22T10:45:23.596Z</time>
      </trkpt>
      <trkpt lat="53.553231" lon="10.756253">
        <ele>31.855123</ele>
        <time>2026-07-22T10:45:26.049Z</time>
      </trkpt>
      <trkpt lat="53.552950" lon="10.756044">
        <ele>30.995863</ele>
        <time>2026-07-22T10:45:28.591Z</time>
      </trkpt>
      <trkpt lat="53.552667" lon="10.755910">
        <ele>30.146060</ele>
        <time>2026-07-22T10:45:30.993Z</time>
      </trkpt>
      <trkpt lat="53.551526" lon="10.755536">
        <ele>27.627859</ele>
        <time>2026-07-22T10:45:40.930Z</time>
      </trkpt>
      <trkpt lat="53.551066" lon="10.755247">
        <ele>27.787668</ele>
        <time>2026-07-22T10:45:47.935Z</time>
      </trkpt>
      <trkpt lat="53.550614" lon="10.754764">
        <ele>28.938349</ele>
        <time>2026-07-22T10:45:58.076Z</time>
      </trkpt>
      <trkpt lat="53.549580" lon="10.753175">
        <ele>33.722660</ele>
        <time>2026-07-22T10:46:30.582Z</time>
      </trkpt>
      <trkpt lat="53.549247" lon="10.752799">
        <ele>33.807385</ele>
        <time>2026-07-22T10:46:35.149Z</time>
      </trkpt>
      <trkpt lat="53.548901" lon="10.752476">
        <ele>33.809695</ele>
        <time>2026-07-22T10:46:39.837Z</time>
      </trkpt>
      <trkpt lat="53.548022" lon="10.751911">
        <ele>33.993360</ele>
        <time>2026-07-22T10:46:51.413Z</time>
      </trkpt>
      <trkpt lat="53.547641" lon="10.751681">
        <ele>34.000520</ele>
        <time>2026-07-22T10:46:56.200Z</time>
      </trkpt>
      <trkpt lat="53.547514" lon="10.751563">
        <ele>34.026896</ele>
        <time>2026-07-22T10:46:58.196Z</time>
      </trkpt>
      <trkpt lat="53.547407" lon="10.751414">
        <ele>34.060562</ele>
        <time>2026-07-22T10:46:59.929Z</time>
      </trkpt>
      <trkpt lat="53.547395" lon="10.751388">
        <ele>34.046066</ele>
        <time>2026-07-22T10:47:00.145Z</time>
      </trkpt>
      <trkpt lat="53.544939" lon="10.745853">
        <ele>31.165990</ele>
        <time>2026-07-22T10:47:41.836Z</time>
      </trkpt>
      <trkpt lat="53.544848" lon="10.745646">
        <ele>31.341423</ele>
        <time>2026-07-22T10:47:44.953Z</time>
      </trkpt>
      <trkpt lat="53.543537" lon="10.742770">
        <ele>33.222309</ele>
        <time>2026-07-22T10:48:16.656Z</time>
      </trkpt>
      <trkpt lat="53.542544" lon="10.740687">
        <ele>32.289525</ele>
        <time>2026-07-22T10:48:33.282Z</time>
      </trkpt>
      <trkpt lat="53.541540" lon="10.738649">
        <ele>28.304865</ele>
        <time>2026-07-22T10:48:46.373Z</time>
      </trkpt>
      <trkpt lat="53.538868" lon="10.733262">
        <ele>33.291558</ele>
        <time>2026-07-22T10:49:52.728Z</time>
      </trkpt>
      <trkpt lat="53.538570" lon="10.732661">
        <ele>32.989894</ele>
        <time>2026-07-22T10:49:57.298Z</time>
      </trkpt>
      <trkpt lat="53.538298" lon="10.732116">
        <ele>33.259048</ele>
        <time>2026-07-22T10:50:03.221Z</time>
      </trkpt>
      <trkpt lat="53.538086" lon="10.731680">
        <ele>33.788684</ele>
        <time>2026-07-22T10:50:09.441Z</time>
      </trkpt>
      <trkpt lat="53.536931" lon="10.729369">
        <ele>33.882481</ele>
        <time>2026-07-22T10:50:30.310Z</time>
      </trkpt>
      <trkpt lat="53.536761" lon="10.729027">
        <ele>34.234530</ele>
        <time>2026-07-22T10:50:34.759Z</time>
      </trkpt>
      <trkpt lat="53.536512" lon="10.728526">
        <ele>34.907467</ele>
        <time>2026-07-22T10:50:42.353Z</time>
      </trkpt>
      <trkpt lat="53.536291" lon="10.728067">
        <ele>34.757800</ele>
        <time>2026-07-22T10:50:45.656Z</time>
      </trkpt>
      <trkpt lat="53.535157" lon="10.725794">
        <ele>35.092932</ele>
        <time>2026-07-22T10:51:07.842Z</time>
      </trkpt>
      <trkpt lat="53.534987" lon="10.725494">
        <ele>35.107504</ele>
        <time>2026-07-22T10:51:10.808Z</time>
      </trkpt>
      <trkpt lat="53.534656" lon="10.725004">
        <ele>35.194178</ele>
        <time>2026-07-22T10:51:16.306Z</time>
      </trkpt>
      <trkpt lat="53.534526" lon="10.724807">
        <ele>35.235621</ele>
        <time>2026-07-22T10:51:18.613Z</time>
      </trkpt>
      <trkpt lat="53.534543" lon="10.724675">
        <ele>35.232926</ele>
        <time>2026-07-22T10:51:19.797Z</time>
      </trkpt>
      <trkpt lat="53.534477" lon="10.722413">
        <ele>34.725686</ele>
        <time>2026-07-22T10:51:34.203Z</time>
      </trkpt>
      <trkpt lat="53.534154" lon="10.714942">
        <ele>35.180937</ele>
        <time>2026-07-22T10:52:28.611Z</time>
      </trkpt>
      <trkpt lat="53.533909" lon="10.708497">
        <ele>33.347311</ele>
        <time>2026-07-22T10:53:09.579Z</time>
      </trkpt>
      <trkpt lat="53.533779" lon="10.704881">
        <ele>28.983210</ele>
        <time>2026-07-22T10:53:28.151Z</time>
      </trkpt>
      <trkpt lat="53.533726" lon="10.703966">
        <ele>31.111669</ele>
        <time>2026-07-22T10:53:42.722Z</time>
      </trkpt>
      <trkpt lat="53.533741" lon="10.703412">
        <ele>31.760860</ele>
        <time>2026-07-22T10:53:48.774Z</time>
      </trkpt>
      <trkpt lat="53.533798" lon="10.703212">
        <ele>31.914541</ele>
        <time>2026-07-22T10:53:50.808Z</time>
      </trkpt>
      <trkpt lat="53.533891" lon="10.703036">
        <ele>31.795402</ele>
        <time>2026-07-22T10:53:52.287Z</time>
      </trkpt>
      <trkpt lat="53.534579" lon="10.702256">
        <ele>29.886146</ele>
        <time>2026-07-22T10:53:59.384Z</time>
      </trkpt>
      <trkpt lat="53.534734" lon="10.701877">
        <ele>28.664699</ele>
        <time>2026-07-22T10:54:01.507Z</time>
      </trkpt>
      <trkpt lat="53.534850" lon="10.701271">
        <ele>26.085212</ele>
        <time>2026-07-22T10:54:04.226Z</time>
      </trkpt>
      <trkpt lat="53.534913" lon="10.700964">
        <ele>24.494720</ele>
        <time>2026-07-22T10:54:05.567Z</time>
      </trkpt>
      <trkpt lat="53.534986" lon="10.700753">
        <ele>23.451912</ele>
        <time>2026-07-22T10:54:06.600Z</time>
      </trkpt>
      <trkpt lat="53.535230" lon="10.700440">
        <ele>21.952426</ele>
        <time>2026-07-22T10:54:08.936Z</time>
      </trkpt>
      <trkpt lat="53.535445" lon="10.700278">
        <ele>21.237847</ele>
        <time>2026-07-22T10:54:10.861Z</time>
      </trkpt>
      <trkpt lat="53.535782" lon="10.700125">
        <ele>21.020335</ele>
        <time>2026-07-22T10:54:14.649Z</time>
      </trkpt>
      <trkpt lat="53.538482" lon="10.699329">
        <ele>21.351581</ele>
        <time>2026-07-22T10:54:48.495Z</time>
      </trkpt>
      <trkpt lat="53.538990" lon="10.699142">
        <ele>20.762147</ele>
        <time>2026-07-22T10:54:53.366Z</time>
      </trkpt>
      <trkpt lat="53.539013" lon="10.699133">
        <ele>20.752208</ele>
        <time>2026-07-22T10:54:53.597Z</time>
      </trkpt>
      <trkpt lat="53.541841" lon="10.697546">
        <ele>19.550008</ele>
        <time>2026-07-22T10:55:25.794Z</time>
      </trkpt>
      <trkpt lat="53.542006" lon="10.697396">
        <ele>19.462712</ele>
        <time>2026-07-22T10:55:28.300Z</time>
      </trkpt>
      <trkpt lat="53.542011" lon="10.697164">
        <ele>19.351999</ele>
        <time>2026-07-22T10:55:29.487Z</time>
      </trkpt>
      <trkpt lat="53.541205" lon="10.689775">
        <ele>15.919629</ele>
        <time>2026-07-22T10:56:14.788Z</time>
      </trkpt>
      <trkpt lat="53.541112" lon="10.688879">
        <ele>15.774868</ele>
        <time>2026-07-22T10:56:20.726Z</time>
      </trkpt>
      <trkpt lat="53.541010" lon="10.688143">
        <ele>15.308097</ele>
        <time>2026-07-22T10:56:25.432Z</time>
      </trkpt>
      <trkpt lat="53.540853" lon="10.687352">
        <ele>13.648099</ele>
        <time>2026-07-22T10:56:29.382Z</time>
      </trkpt>
      <trkpt lat="53.540719" lon="10.686727">
        <ele>12.169837</ele>
        <time>2026-07-22T10:56:32.402Z</time>
      </trkpt>
      <trkpt lat="53.540671" lon="10.686511">
        <ele>12.070840</ele>
        <time>2026-07-22T10:56:33.796Z</time>
      </trkpt>
      <trkpt lat="53.540538" lon="10.685844">
        <ele>14.158187</ele>
        <time>2026-07-22T10:56:46.549Z</time>
      </trkpt>
      <trkpt lat="53.540483" lon="10.685574">
        <ele>14.961137</ele>
        <time>2026-07-22T10:56:50.404Z</time>
      </trkpt>
      <trkpt lat="53.540375" lon="10.685165">
        <ele>16.288771</ele>
        <time>2026-07-22T10:56:58.616Z</time>
      </trkpt>
      <trkpt lat="53.539981" lon="10.684283">
        <ele>19.029116</ele>
        <time>2026-07-22T10:57:14.355Z</time>
      </trkpt>
      <trkpt lat="53.539655" lon="10.683441">
        <ele>22.344367</ele>
        <time>2026-07-22T10:57:33.193Z</time>
      </trkpt>
      <trkpt lat="53.539507" lon="10.682967">
        <ele>22.934880</ele>
        <time>2026-07-22T10:57:38.172Z</time>
      </trkpt>
      <trkpt lat="53.539526" lon="10.682658">
        <ele>23.170887</ele>
        <time>2026-07-22T10:57:41.062Z</time>
      </trkpt>
      <trkpt lat="53.539535" lon="10.682500">
        <ele>23.297874</ele>
        <time>2026-07-22T10:57:42.601Z</time>
      </trkpt>
      <trkpt lat="53.539555" lon="10.682055">
        <ele>23.576476</ele>
        <time>2026-07-22T10:57:46.808Z</time>
      </trkpt>
      <trkpt lat="53.539534" lon="10.681755">
        <ele>23.677626</ele>
        <time>2026-07-22T10:57:49.155Z</time>
      </trkpt>
      <trkpt lat="53.539475" lon="10.681505">
        <ele>23.670231</ele>
        <time>2026-07-22T10:57:51.083Z</time>
      </trkpt>
      <trkpt lat="53.539395" lon="10.681179">
        <ele>23.591470</ele>
        <time>2026-07-22T10:57:53.414Z</time>
      </trkpt>
      <trkpt lat="53.539168" lon="10.680466">
        <ele>23.236946</ele>
        <time>2026-07-22T10:57:58.315Z</time>
      </trkpt>
      <trkpt lat="53.538803" lon="10.680624">
        <ele>22.697608</ele>
        <time>2026-07-22T10:58:01.690Z</time>
      </trkpt>
      <trkpt lat="53.537667" lon="10.681116">
        <ele>21.946656</ele>
        <time>2026-07-22T10:58:13.862Z</time>
      </trkpt>
      <trkpt lat="53.537145" lon="10.678552">
        <ele>22.247298</ele>
        <time>2026-07-22T10:58:34.209Z</time>
      </trkpt>
      <trkpt lat="53.536836" lon="10.677062">
        <ele>21.466238</ele>
        <time>2026-07-22T10:58:43.653Z</time>
      </trkpt>
      <trkpt lat="53.536520" lon="10.675379">
        <ele>19.680766</ele>
        <time>2026-07-22T10:58:53.002Z</time>
      </trkpt>
      <trkpt lat="53.536243" lon="10.674004">
        <ele>19.516144</ele>
        <time>2026-07-22T10:59:02.312Z</time>
      </trkpt>
      <trkpt lat="53.535850" lon="10.671989">
        <ele>21.858044</ele>
        <time>2026-07-22T10:59:26.172Z</time>
      </trkpt>
      <trkpt lat="53.535587" lon="10.670644">
        <ele>20.004757</ele>
        <time>2026-07-22T10:59:33.286Z</time>
      </trkpt>
      <trkpt lat="53.535321" lon="10.669283">
        <ele>19.713091</ele>
        <time>2026-07-22T10:59:42.739Z</time>
      </trkpt>
      <trkpt lat="53.535003" lon="10.667692">
        <ele>19.708655</ele>
        <time>2026-07-22T10:59:58.889Z</time>
      </trkpt>
      <trkpt lat="53.534158" lon="10.663438">
        <ele>20.483412</ele>
        <time>2026-07-22T11:00:44.681Z</time>
      </trkpt>
      <trkpt lat="53.533867" lon="10.661979">
        <ele>20.483939</ele>
        <time>2026-07-22T11:00:58.951Z</time>
      </trkpt>
      <trkpt lat="53.533039" lon="10.658016">
        <ele>26.007927</ele>
        <time>2026-07-22T11:01:57.516Z</time>
      </trkpt>
      <trkpt lat="53.532218" lon="10.654396">
        <ele>24.431728</ele>
        <time>2026-07-22T11:02:30.742Z</time>
      </trkpt>
      <trkpt lat="53.531345" lon="10.650488">
        <ele>23.906926</ele>
        <time>2026-07-22T11:03:09.080Z</time>
      </trkpt>
      <trkpt lat="53.530940" lon="10.648590">
        <ele>25.352508</ele>
        <time>2026-07-22T11:03:33.329Z</time>
      </trkpt>
      <trkpt lat="53.530710" lon="10.647136">
        <ele>25.766988</ele>
        <time>2026-07-22T11:03:49.085Z</time>
      </trkpt>
      <trkpt lat="53.530677" lon="10.647152">
        <ele>25.774085</ele>
        <time>2026-07-22T11:03:49.524Z</time>
      </trkpt>
      <trkpt lat="53.530462" lon="10.645761">
        <ele>25.567324</ele>
        <time>2026-07-22T11:04:02.946Z</time>
      </trkpt>
      <trkpt lat="53.530423" lon="10.645631">
        <ele>25.524709</ele>
        <time>2026-07-22T11:04:04.172Z</time>
      </trkpt>
      <trkpt lat="53.530447" lon="10.645490">
        <ele>25.292862</ele>
        <time>2026-07-22T11:04:05.280Z</time>
      </trkpt>
      <trkpt lat="53.530349" lon="10.643560">
        <ele>21.910522</ele>
        <time>2026-07-22T11:04:18.741Z</time>
      </trkpt>
      <trkpt lat="53.530353" lon="10.643121">
        <ele>21.635510</ele>
        <time>2026-07-22T11:04:22.443Z</time>
      </trkpt>
      <trkpt lat="53.530419" lon="10.642511">
        <ele>22.036699</ele>
        <time>2026-07-22T11:04:29.759Z</time>
      </trkpt>
      <trkpt lat="53.530596" lon="10.641777">
        <ele>22.976031</ele>
        <time>2026-07-22T11:04:40.759Z</time>
      </trkpt>
      <trkpt lat="53.530624" lon="10.641730">
        <ele>23.047505</ele>
        <time>2026-07-22T11:04:41.623Z</time>
      </trkpt>
      <trkpt lat="53.530629" lon="10.641647">
        <ele>23.137110</ele>
        <time>2026-07-22T11:04:42.685Z</time>
      </trkpt>
      <trkpt lat="53.532259" lon="10.635882">
        <ele>26.381566</ele>
        <time>2026-07-22T11:05:54.282Z</time>
      </trkpt>
      <trkpt lat="53.533297" lon="10.632248">
        <ele>27.636114</ele>
        <time>2026-07-22T11:06:37.065Z</time>
      </trkpt>
      <trkpt lat="53.533312" lon="10.632281">
        <ele>27.662886</ele>
        <time>2026-07-22T11:06:38.645Z</time>
      </trkpt>
      <trkpt lat="53.533550" lon="10.631435">
        <ele>28.273687</ele>
        <time>2026-07-22T11:06:49.630Z</time>
      </trkpt>
      <trkpt lat="53.534154" lon="10.629367">
        <ele>29.116431</ele>
        <time>2026-07-22T11:07:14.373Z</time>
      </trkpt>
      <trkpt lat="53.534190" lon="10.629225">
        <ele>29.228032</ele>
        <time>2026-07-22T11:07:16.215Z</time>
      </trkpt>
      <trkpt lat="53.534617" lon="10.628029">
        <ele>30.313487</ele>
        <time>2026-07-22T11:07:29.674Z</time>
      </trkpt>
      <trkpt lat="53.535092" lon="10.626687">
        <ele>31.811777</ele>
        <time>2026-07-22T11:07:49.598Z</time>
      </trkpt>
      <trkpt lat="53.536005" lon="10.624233">
        <ele>31.871248</ele>
        <time>2026-07-22T11:08:17.456Z</time>
      </trkpt>
      <trkpt lat="53.536146" lon="10.624280">
        <ele>31.833432</ele>
        <time>2026-07-22T11:08:19.572Z</time>
      </trkpt>
      <trkpt lat="53.539914" lon="10.624714">
        <ele>30.725239</ele>
        <time>2026-07-22T11:09:17.616Z</time>
      </trkpt>
      <trkpt lat="53.548073" lon="10.625740">
        <ele>31.319292</ele>
        <time>2026-07-22T11:11:32.007Z</time>
      </trkpt>
      <trkpt lat="53.548482" lon="10.625786">
        <ele>30.968955</ele>
        <time>2026-07-22T11:11:37.494Z</time>
      </trkpt>
      <trkpt lat="53.549909" lon="10.625625">
        <ele>31.141852</ele>
        <time>2026-07-22T11:12:01.579Z</time>
      </trkpt>
      <trkpt lat="53.550309" lon="10.625675">
        <ele>31.533375</ele>
        <time>2026-07-22T11:12:09.610Z</time>
      </trkpt>
      <trkpt lat="53.551033" lon="10.625765">
        <ele>31.606965</ele>
        <time>2026-07-22T11:12:21.312Z</time>
      </trkpt>
      <trkpt lat="53.551598" lon="10.625785">
        <ele>31.666271</ele>
        <time>2026-07-22T11:12:30.669Z</time>
      </trkpt>
      <trkpt lat="53.552043" lon="10.625798">
        <ele>31.635751</ele>
        <time>2026-07-22T11:12:37.482Z</time>
      </trkpt>
      <trkpt lat="53.552373" lon="10.625739">
        <ele>32.190875</ele>
        <time>2026-07-22T11:12:45.167Z</time>
      </trkpt>
      <trkpt lat="53.552726" lon="10.625551">
        <ele>32.685587</ele>
        <time>2026-07-22T11:12:53.356Z</time>
      </trkpt>
      <trkpt lat="53.556965" lon="10.622047">
        <ele>32.201804</ele>
        <time>2026-07-22T11:14:07.519Z</time>
      </trkpt>
      <trkpt lat="53.557668" lon="10.621484">
        <ele>32.104189</ele>
        <time>2026-07-22T11:14:16.336Z</time>
      </trkpt>
      <trkpt lat="53.557825" lon="10.621403">
        <ele>32.101402</ele>
        <time>2026-07-22T11:14:18.423Z</time>
      </trkpt>
      <trkpt lat="53.557967" lon="10.621368">
        <ele>32.111396</ele>
        <time>2026-07-22T11:14:20.279Z</time>
      </trkpt>
      <trkpt lat="53.558512" lon="10.621516">
        <ele>32.182162</ele>
        <time>2026-07-22T11:14:26.861Z</time>
      </trkpt>
      <trkpt lat="53.558563" lon="10.621530">
        <ele>32.186181</ele>
        <time>2026-07-22T11:14:27.460Z</time>
      </trkpt>
      <trkpt lat="53.558791" lon="10.621535">
        <ele>32.113394</ele>
        <time>2026-07-22T11:14:30.083Z</time>
      </trkpt>
      <trkpt lat="53.559001" lon="10.621477">
        <ele>32.136328</ele>
        <time>2026-07-22T11:14:32.664Z</time>
      </trkpt>
      <trkpt lat="53.560638" lon="10.620422">
        <ele>34.129973</ele>
        <time>2026-07-22T11:14:59.864Z</time>
      </trkpt>
      <trkpt lat="53.561731" lon="10.619672">
        <ele>36.237097</ele>
        <time>2026-07-22T11:15:20.305Z</time>
      </trkpt>
      <trkpt lat="53.562758" lon="10.618967">
        <ele>39.595358</ele>
        <time>2026-07-22T11:15:44.402Z</time>
      </trkpt>
      <trkpt lat="53.562948" lon="10.618837">
        <ele>40.131015</ele>
        <time>2026-07-22T11:15:48.960Z</time>
      </trkpt>
      <trkpt lat="53.563555" lon="10.618422">
        <ele>41.061540</ele>
        <time>2026-07-22T11:15:59.231Z</time>
      </trkpt>
      <trkpt lat="53.563313" lon="10.617375">
        <ele>42.623576</ele>
        <time>2026-07-22T11:16:12.512Z</time>
      </trkpt>
      <trkpt lat="53.563343" lon="10.616334">
        <ele>43.206928</ele>
        <time>2026-07-22T11:16:21.748Z</time>
      </trkpt>
      <trkpt lat="53.563357" lon="10.616169">
        <ele>43.218796</ele>
        <time>2026-07-22T11:16:22.794Z</time>
      </trkpt>
      <trkpt lat="53.563412" lon="10.615967">
        <ele>43.262156</ele>
        <time>2026-07-22T11:16:24.217Z</time>
      </trkpt>
      <trkpt lat="53.563606" lon="10.615531">
        <ele>43.430623</ele>
        <time>2026-07-22T11:16:29.182Z</time>
      </trkpt>
      <trkpt lat="53.563656" lon="10.615273">
        <ele>43.229197</ele>
        <time>2026-07-22T11:16:30.722Z</time>
      </trkpt>
      <trkpt lat="53.563682" lon="10.614612">
        <ele>42.279021</ele>
        <time>2026-07-22T11:16:34.075Z</time>
      </trkpt>
      <trkpt lat="53.563626" lon="10.614018">
        <ele>40.753922</ele>
        <time>2026-07-22T11:16:36.810Z</time>
      </trkpt>
      <trkpt lat="53.563643" lon="10.613831">
        <ele>40.320739</ele>
        <time>2026-07-22T11:16:37.633Z</time>
      </trkpt>
      <trkpt lat="53.563758" lon="10.613524">
        <ele>39.685104</ele>
        <time>2026-07-22T11:16:39.570Z</time>
      </trkpt>
      <trkpt lat="53.564019" lon="10.612961">
        <ele>38.866926</ele>
        <time>2026-07-22T11:16:43.220Z</time>
      </trkpt>
      <trkpt lat="53.564120" lon="10.612614">
        <ele>38.658765</ele>
        <time>2026-07-22T11:16:45.541Z</time>
      </trkpt>
      <trkpt lat="53.564209" lon="10.611866">
        <ele>38.810790</ele>
        <time>2026-07-22T11:16:51.162Z</time>
      </trkpt>
      <trkpt lat="53.564168" lon="10.611349">
        <ele>39.387083</ele>
        <time>2026-07-22T11:16:57.276Z</time>
      </trkpt>
      <trkpt lat="53.564178" lon="10.611180">
        <ele>39.598080</ele>
        <time>2026-07-22T11:16:59.082Z</time>
      </trkpt>
      <trkpt lat="53.564234" lon="10.611037">
        <ele>39.800777</ele>
        <time>2026-07-22T11:17:00.865Z</time>
      </trkpt>
      <trkpt lat="53.564538" lon="10.610600">
        <ele>40.573847</ele>
        <time>2026-07-22T11:17:08.121Z</time>
      </trkpt>
      <trkpt lat="53.564569" lon="10.610513">
        <ele>40.678843</ele>
        <time>2026-07-22T11:17:09.193Z</time>
      </trkpt>
      <trkpt lat="53.564576" lon="10.610294">
        <ele>40.822647</ele>
        <time>2026-07-22T11:17:11.305Z</time>
      </trkpt>
      <trkpt lat="53.564529" lon="10.609851">
        <ele>40.881214</ele>
        <time>2026-07-22T11:17:14.735Z</time>
      </trkpt>
      <trkpt lat="53.564541" lon="10.609715">
        <ele>40.867105</ele>
        <time>2026-07-22T11:17:15.590Z</time>
      </trkpt>
      <trkpt lat="53.564594" lon="10.609575">
        <ele>40.883946</ele>
        <time>2026-07-22T11:17:16.621Z</time>
      </trkpt>
      <trkpt lat="53.564838" lon="10.609172">
        <ele>41.192333</ele>
        <time>2026-07-22T11:17:21.547Z</time>
      </trkpt>
      <trkpt lat="53.565010" lon="10.608905">
        <ele>41.811753</ele>
        <time>2026-07-22T11:17:26.628Z</time>
      </trkpt>
      <trkpt lat="53.565914" lon="10.607526">
        <ele>45.643084</ele>
        <time>2026-07-22T11:17:53.402Z</time>
      </trkpt>
      <trkpt lat="53.566095" lon="10.607249">
        <ele>46.137216</ele>
        <time>2026-07-22T11:17:57.922Z</time>
      </trkpt>
      <trkpt lat="53.566265" lon="10.606991">
        <ele>46.386767</ele>
        <time>2026-07-22T11:18:01.243Z</time>
      </trkpt>
      <trkpt lat="53.566305" lon="10.606929">
        <ele>46.426746</ele>
        <time>2026-07-22T11:18:02.000Z</time>
      </trkpt>
      <trkpt lat="53.566593" lon="10.606489">
        <ele>46.945077</ele>
        <time>2026-07-22T11:18:07.826Z</time>
      </trkpt>
      <trkpt lat="53.567918" lon="10.604475">
        <ele>51.882157</ele>
        <time>2026-07-22T11:18:45.818Z</time>
      </trkpt>
      <trkpt lat="53.568021" lon="10.604257">
        <ele>52.093643</ele>
        <time>2026-07-22T11:18:47.950Z</time>
      </trkpt>
      <trkpt lat="53.568078" lon="10.604194">
        <ele>52.188739</ele>
        <time>2026-07-22T11:18:48.831Z</time>
      </trkpt>
      <trkpt lat="53.570296" lon="10.598694">
        <ele>57.721373</ele>
        <time>2026-07-22T11:19:53.611Z</time>
      </trkpt>
      <trkpt lat="53.570409" lon="10.598414">
        <ele>58.168324</ele>
        <time>2026-07-22T11:19:57.108Z</time>
      </trkpt>
      <trkpt lat="53.573543" lon="10.590436">
        <ele>77.675989</ele>
        <time>2026-07-22T11:22:07.450Z</time>
      </trkpt>
      <trkpt lat="53.573681" lon="10.590150">
        <ele>78.266757</ele>
        <time>2026-07-22T11:22:11.775Z</time>
      </trkpt>
      <trkpt lat="53.574152" lon="10.588951">
        <ele>79.641603</ele>
        <time>2026-07-22T11:22:26.364Z</time>
      </trkpt>
      <trkpt lat="53.574303" lon="10.588401">
        <ele>79.784684</ele>
        <time>2026-07-22T11:22:31.127Z</time>
      </trkpt>
      <trkpt lat="53.574364" lon="10.588025">
        <ele>79.784915</ele>
        <time>2026-07-22T11:22:33.793Z</time>
      </trkpt>
      <trkpt lat="53.574436" lon="10.588061">
        <ele>79.773625</ele>
        <time>2026-07-22T11:22:34.987Z</time>
      </trkpt>
      <trkpt lat="53.574604" lon="10.587997">
        <ele>79.687750</ele>
        <time>2026-07-22T11:22:37.638Z</time>
      </trkpt>
      <trkpt lat="53.575015" lon="10.587440">
        <ele>79.299322</ele>
        <time>2026-07-22T11:22:52.103Z</time>
      </trkpt>
      <trkpt lat="53.575143" lon="10.587455">
        <ele>79.245639</ele>
        <time>2026-07-22T11:22:55.691Z</time>
      </trkpt>
      <trkpt lat="53.575249" lon="10.587548">
        <ele>79.205108</ele>
        <time>2026-07-22T11:22:59.264Z</time>
      </trkpt>
      <trkpt lat="53.575675" lon="10.588269">
        <ele>79.331672</ele>
        <time>2026-07-22T11:23:06.514Z</time>
      </trkpt>
      <trkpt lat="53.576369" lon="10.589533">
        <ele>80.020942</ele>
        <time>2026-07-22T11:23:21.433Z</time>
      </trkpt>
      <trkpt lat="53.578914" lon="10.594924">
        <ele>77.806349</ele>
        <time>2026-07-22T11:24:04.148Z</time>
      </trkpt>
      <trkpt lat="53.581999" lon="10.602108">
        <ele>75.211494</ele>
        <time>2026-07-22T11:25:00.030Z</time>
      </trkpt>
      <trkpt lat="53.582503" lon="10.603382">
        <ele>75.083636</ele>
        <time>2026-07-22T11:25:10.335Z</time>
      </trkpt>
      <trkpt lat="53.582522" lon="10.603438">
        <ele>75.102232</ele>
        <time>2026-07-22T11:25:10.956Z</time>
      </trkpt>
      <trkpt lat="53.582931" lon="10.604626">
        <ele>76.201377</ele>
        <time>2026-07-22T11:25:24.309Z</time>
      </trkpt>
      <trkpt lat="53.583301" lon="10.605820">
        <ele>77.396157</ele>
        <time>2026-07-22T11:25:37.348Z</time>
      </trkpt>
      <trkpt lat="53.583386" lon="10.606227">
        <ele>78.002938</ele>
        <time>2026-07-22T11:25:43.276Z</time>
      </trkpt>
      <trkpt lat="53.583425" lon="10.606556">
        <ele>77.978798</ele>
        <time>2026-07-22T11:25:45.455Z</time>
      </trkpt>
      <trkpt lat="53.583629" lon="10.608280">
        <ele>74.345234</ele>
        <time>2026-07-22T11:25:53.704Z</time>
      </trkpt>
      <trkpt lat="53.583781" lon="10.610067">
        <ele>71.554341</ele>
        <time>2026-07-22T11:26:02.754Z</time>
      </trkpt>
      <trkpt lat="53.583844" lon="10.610228">
        <ele>71.225537</ele>
        <time>2026-07-22T11:26:03.683Z</time>
      </trkpt>
      <trkpt lat="53.584162" lon="10.610255">
        <ele>70.386778</ele>
        <time>2026-07-22T11:26:06.348Z</time>
      </trkpt>
      <trkpt lat="53.584265" lon="10.610223">
        <ele>70.161837</ele>
        <time>2026-07-22T11:26:07.297Z</time>
      </trkpt>
      <trkpt lat="53.584579" lon="10.610113">
        <ele>69.617881</ele>
        <time>2026-07-22T11:26:10.093Z</time>
      </trkpt>
      <trkpt lat="53.585092" lon="10.609813">
        <ele>69.017044</ele>
        <time>2026-07-22T11:26:15.544Z</time>
      </trkpt>
      <trkpt lat="53.585217" lon="10.609728">
        <ele>68.551629</ele>
        <time>2026-07-22T11:26:16.644Z</time>
      </trkpt>
      <trkpt lat="53.585483" lon="10.609555">
        <ele>67.145567</ele>
        <time>2026-07-22T11:26:18.780Z</time>
      </trkpt>
      <trkpt lat="53.586067" lon="10.609190">
        <ele>63.336772</ele>
        <time>2026-07-22T11:26:23.320Z</time>
      </trkpt>
      <trkpt lat="53.586211" lon="10.609167">
        <ele>62.661411</ele>
        <time>2026-07-22T11:26:24.432Z</time>
      </trkpt>
      <trkpt lat="53.586514" lon="10.609529">
        <ele>61.636271</ele>
        <time>2026-07-22T11:26:27.580Z</time>
      </trkpt>
      <trkpt lat="53.586674" lon="10.609586">
        <ele>61.341853</ele>
        <time>2026-07-22T11:26:29.025Z</time>
      </trkpt>
      <trkpt lat="53.587171" lon="10.609360">
        <ele>60.649429</ele>
        <time>2026-07-22T11:26:33.903Z</time>
      </trkpt>
      <trkpt lat="53.587311" lon="10.609870">
        <ele>59.737572</ele>
        <time>2026-07-22T11:26:36.744Z</time>
      </trkpt>
      <trkpt lat="53.587663" lon="10.611265">
        <ele>55.767892</ele>
        <time>2026-07-22T11:26:43.579Z</time>
      </trkpt>
      <trkpt lat="53.588023" lon="10.612658">
        <ele>53.592995</ele>
        <time>2026-07-22T11:26:51.280Z</time>
      </trkpt>
      <trkpt lat="53.588125" lon="10.612841">
        <ele>53.419037</ele>
        <time>2026-07-22T11:26:52.810Z</time>
      </trkpt>
      <trkpt lat="53.588278" lon="10.612983">
        <ele>53.490767</ele>
        <time>2026-07-22T11:26:55.112Z</time>
      </trkpt>
      <trkpt lat="53.588897" lon="10.613198">
        <ele>54.559913</ele>
        <time>2026-07-22T11:27:06.437Z</time>
      </trkpt>
      <trkpt lat="53.589006" lon="10.613267">
        <ele>54.677913</ele>
        <time>2026-07-22T11:27:08.438Z</time>
      </trkpt>
      <trkpt lat="53.589158" lon="10.613365">
        <ele>54.478681</ele>
        <time>2026-07-22T11:27:09.926Z</time>
      </trkpt>
      <trkpt lat="53.589373" lon="10.613654">
        <ele>53.679341</ele>
        <time>2026-07-22T11:27:12.123Z</time>
      </trkpt>
      <trkpt lat="53.589588" lon="10.614251">
        <ele>53.061712</ele>
        <time>2026-07-22T11:27:16.092Z</time>
      </trkpt>
      <trkpt lat="53.590997" lon="10.619744">
        <ele>45.125104</ele>
        <time>2026-07-22T11:27:46.653Z</time>
      </trkpt>
      <trkpt lat="53.591262" lon="10.620483">
        <ele>44.217412</ele>
        <time>2026-07-22T11:27:51.224Z</time>
      </trkpt>
      <trkpt lat="53.591602" lon="10.621120">
        <ele>43.562792</ele>
        <time>2026-07-22T11:27:56.132Z</time>
      </trkpt>
      <trkpt lat="53.591825" lon="10.621466">
        <ele>43.047104</ele>
        <time>2026-07-22T11:27:58.765Z</time>
      </trkpt>
      <trkpt lat="53.595824" lon="10.625956">
        <ele>37.644843</ele>
        <time>2026-07-22T11:28:45.096Z</time>
      </trkpt>
      <trkpt lat="53.599459" lon="10.630038">
        <ele>38.788160</ele>
        <time>2026-07-22T11:29:40.994Z</time>
      </trkpt>
      <trkpt lat="53.602205" lon="10.633125">
        <ele>35.567229</ele>
        <time>2026-07-22T11:30:13.214Z</time>
      </trkpt>
      <trkpt lat="53.602354" lon="10.633330">
        <ele>35.248738</ele>
        <time>2026-07-22T11:30:14.910Z</time>
      </trkpt>
      <trkpt lat="53.602573" lon="10.633786">
        <ele>35.044657</ele>
        <time>2026-07-22T11:30:18.643Z</time>
      </trkpt>
      <trkpt lat="53.602580" lon="10.633802">
        <ele>35.042820</ele>
        <time>2026-07-22T11:30:18.781Z</time>
      </trkpt>
      <trkpt lat="53.603072" lon="10.634892">
        <ele>35.197285</ele>
        <time>2026-07-22T11:30:28.877Z</time>
      </trkpt>
      <trkpt lat="53.603482" lon="10.635502">
        <ele>35.275633</ele>
        <time>2026-07-22T11:30:35.706Z</time>
      </trkpt>
      <trkpt lat="53.603808" lon="10.635858">
        <ele>35.171904</ele>
        <time>2026-07-22T11:30:40.013Z</time>
      </trkpt>
      <trkpt lat="53.604132" lon="10.636153">
        <ele>34.875346</ele>
        <time>2026-07-22T11:30:43.680Z</time>
      </trkpt>
      <trkpt lat="53.604428" lon="10.636363">
        <ele>34.434581</ele>
        <time>2026-07-22T11:30:46.716Z</time>
      </trkpt>
      <trkpt lat="53.604641" lon="10.636472">
        <ele>34.178831</ele>
        <time>2026-07-22T11:30:48.855Z</time>
      </trkpt>
      <trkpt lat="53.604760" lon="10.636491">
        <ele>34.042588</ele>
        <time>2026-07-22T11:30:49.993Z</time>
      </trkpt>
      <trkpt lat="53.605037" lon="10.636654">
        <ele>33.877513</ele>
        <time>2026-07-22T11:30:53.133Z</time>
      </trkpt>
      <trkpt lat="53.605332" lon="10.636973">
        <ele>33.472586</ele>
        <time>2026-07-22T11:30:56.618Z</time>
      </trkpt>
      <trkpt lat="53.605472" lon="10.637132">
        <ele>32.989395</ele>
        <time>2026-07-22T11:30:57.950Z</time>
      </trkpt>
      <trkpt lat="53.605825" lon="10.637597">
        <ele>31.715948</ele>
        <time>2026-07-22T11:31:01.543Z</time>
      </trkpt>
      <trkpt lat="53.606132" lon="10.638003">
        <ele>32.253933</ele>
        <time>2026-07-22T11:31:08.662Z</time>
      </trkpt>
      <trkpt lat="53.606515" lon="10.638452">
        <ele>33.696804</ele>
        <time>2026-07-22T11:31:18.949Z</time>
      </trkpt>
      <trkpt lat="53.606631" lon="10.638560">
        <ele>34.118327</ele>
        <time>2026-07-22T11:31:21.949Z</time>
      </trkpt>
      <trkpt lat="53.606949" lon="10.638863">
        <ele>35.307436</ele>
        <time>2026-07-22T11:31:30.312Z</time>
      </trkpt>
      <trkpt lat="53.607017" lon="10.638932">
        <ele>35.527272</ele>
        <time>2026-07-22T11:31:31.917Z</time>
      </trkpt>
      <trkpt lat="53.607269" lon="10.639182">
        <ele>35.868934</ele>
        <time>2026-07-22T11:31:36.361Z</time>
      </trkpt>
      <trkpt lat="53.607721" lon="10.639718">
        <ele>36.033202</ele>
        <time>2026-07-22T11:31:43.496Z</time>
      </trkpt>
      <trkpt lat="53.608182" lon="10.640264">
        <ele>35.700931</ele>
        <time>2026-07-22T11:31:49.163Z</time>
      </trkpt>
      <trkpt lat="53.608337" lon="10.640463">
        <ele>35.884211</ele>
        <time>2026-07-22T11:31:52.595Z</time>
      </trkpt>
      <trkpt lat="53.607982" lon="10.641878">
        <ele>34.275322</ele>
        <time>2026-07-22T11:32:00.652Z</time>
      </trkpt>
      <trkpt lat="53.607972" lon="10.641956">
        <ele>34.287464</ele>
        <time>2026-07-22T11:32:01.105Z</time>
      </trkpt>
      <trkpt lat="53.607739" lon="10.643783">
        <ele>34.677715</ele>
        <time>2026-07-22T11:32:15.604Z</time>
      </trkpt>
      <trkpt lat="53.607552" lon="10.645288">
        <ele>36.287645</ele>
        <time>2026-07-22T11:32:31.758Z</time>
      </trkpt>
      <trkpt lat="53.607496" lon="10.645699">
        <ele>36.689244</ele>
        <time>2026-07-22T11:32:36.248Z</time>
      </trkpt>
      <trkpt lat="53.607486" lon="10.645768">
        <ele>36.750507</ele>
        <time>2026-07-22T11:32:36.987Z</time>
      </trkpt>
      <trkpt lat="53.607412" lon="10.646460">
        <ele>36.932260</ele>
        <time>2026-07-22T11:32:43.061Z</time>
      </trkpt>
      <trkpt lat="53.606743" lon="10.650889">
        <ele>31.932387</ele>
        <time>2026-07-22T11:33:06.945Z</time>
      </trkpt>
      <trkpt lat="53.606754" lon="10.651009">
        <ele>31.877811</ele>
        <time>2026-07-22T11:33:07.753Z</time>
      </trkpt>
      <trkpt lat="53.607200" lon="10.651437">
        <ele>32.252074</ele>
        <time>2026-07-22T11:33:15.204Z</time>
      </trkpt>
      <trkpt lat="53.607641" lon="10.651770">
        <ele>33.331466</ele>
        <time>2026-07-22T11:33:24.164Z</time>
      </trkpt>
      <trkpt lat="53.608395" lon="10.652260">
        <ele>35.544690</ele>
        <time>2026-07-22T11:33:41.344Z</time>
      </trkpt>
      <trkpt lat="53.610720" lon="10.654660">
        <ele>39.739962</ele>
        <time>2026-07-22T11:34:26.957Z</time>
      </trkpt>
      <trkpt lat="53.610962" lon="10.655000">
        <ele>39.525697</ele>
        <time>2026-07-22T11:34:30.503Z</time>
      </trkpt>
      <trkpt lat="53.612033" lon="10.656783">
        <ele>35.747334</ele>
        <time>2026-07-22T11:34:43.161Z</time>
      </trkpt>
      <trkpt lat="53.612483" lon="10.657295">
        <ele>33.450968</ele>
        <time>2026-07-22T11:34:47.367Z</time>
      </trkpt>
      <trkpt lat="53.612933" lon="10.657642">
        <ele>31.133570</ele>
        <time>2026-07-22T11:34:51.109Z</time>
      </trkpt>
      <trkpt lat="53.613994" lon="10.658231">
        <ele>26.484103</ele>
        <time>2026-07-22T11:34:59.764Z</time>
      </trkpt>
      <trkpt lat="53.614335" lon="10.658212">
        <ele>25.483012</ele>
        <time>2026-07-22T11:35:02.623Z</time>
      </trkpt>
      <trkpt lat="53.615368" lon="10.657792">
        <ele>22.363794</ele>
        <time>2026-07-22T11:35:11.327Z</time>
      </trkpt>
      <trkpt lat="53.615800" lon="10.657623">
        <ele>21.736288</ele>
        <time>2026-07-22T11:35:15.531Z</time>
      </trkpt>
      <trkpt lat="53.616865" lon="10.657241">
        <ele>21.268016</ele>
        <time>2026-07-22T11:35:27.191Z</time>
      </trkpt>
      <trkpt lat="53.617435" lon="10.657247">
        <ele>21.698540</ele>
        <time>2026-07-22T11:35:35.554Z</time>
      </trkpt>
      <trkpt lat="53.617619" lon="10.657276">
        <ele>21.882943</ele>
        <time>2026-07-22T11:35:38.039Z</time>
      </trkpt>
      <trkpt lat="53.617833" lon="10.657337">
        <ele>22.427338</ele>
        <time>2026-07-22T11:35:42.606Z</time>
      </trkpt>
      <trkpt lat="53.618103" lon="10.657374">
        <ele>22.626034</ele>
        <time>2026-07-22T11:35:46.685Z</time>
      </trkpt>
      <trkpt lat="53.619996" lon="10.657801">
        <ele>21.628622</ele>
        <time>2026-07-22T11:36:06.575Z</time>
      </trkpt>
      <trkpt lat="53.620436" lon="10.657976">
        <ele>21.600000</ele>
        <time>2026-07-22T11:36:12.105Z</time>
      </trkpt>
      <trkpt lat="53.620651" lon="10.658026">
        <ele>21.482401</ele>
        <time>2026-07-22T11:36:14.650Z</time>
      </trkpt>
      <trkpt lat="53.620784" lon="10.658054">
        <ele>21.257761</ele>
        <time>2026-07-22T11:36:15.783Z</time>
      </trkpt>
      <trkpt lat="53.620877" lon="10.658072">
        <ele>21.006827</ele>
        <time>2026-07-22T11:36:16.532Z</time>
      </trkpt>
      <trkpt lat="53.621408" lon="10.658177">
        <ele>19.652510</ele>
        <time>2026-07-22T11:36:21.028Z</time>
      </trkpt>
      <trkpt lat="53.621479" lon="10.658383">
        <ele>19.510203</ele>
        <time>2026-07-22T11:36:22.333Z</time>
      </trkpt>
      <trkpt lat="53.621558" lon="10.658327">
        <ele>19.475266</ele>
        <time>2026-07-22T11:36:23.537Z</time>
      </trkpt>
      <trkpt lat="53.622071" lon="10.658376">
        <ele>20.368718</ele>
        <time>2026-07-22T11:36:32.681Z</time>
      </trkpt>
      <trkpt lat="53.622182" lon="10.658387">
        <ele>20.544072</ele>
        <time>2026-07-22T11:36:34.505Z</time>
      </trkpt>
      <trkpt lat="53.622426" lon="10.658328">
        <ele>20.723953</ele>
        <time>2026-07-22T11:36:37.865Z</time>
      </trkpt>
      <trkpt lat="53.622665" lon="10.658205">
        <ele>21.009233</ele>
        <time>2026-07-22T11:36:41.868Z</time>
      </trkpt>
      <trkpt lat="53.623024" lon="10.657876">
        <ele>21.550684</ele>
        <time>2026-07-22T11:36:48.517Z</time>
      </trkpt>
      <trkpt lat="53.623086" lon="10.657818">
        <ele>21.601962</ele>
        <time>2026-07-22T11:36:49.547Z</time>
      </trkpt>
      <trkpt lat="53.623245" lon="10.657706">
        <ele>21.682660</ele>
        <time>2026-07-22T11:36:51.773Z</time>
      </trkpt>
      <trkpt lat="53.623362" lon="10.657622">
        <ele>21.709017</ele>
        <time>2026-07-22T11:36:53.309Z</time>
      </trkpt>
      <trkpt lat="53.623711" lon="10.657518">
        <ele>21.806118</ele>
        <time>2026-07-22T11:36:57.897Z</time>
      </trkpt>
      <trkpt lat="53.624161" lon="10.657552">
        <ele>22.024870</ele>
        <time>2026-07-22T11:37:03.762Z</time>
      </trkpt>
      <trkpt lat="53.624254" lon="10.657559">
        <ele>22.116547</ele>
        <time>2026-07-22T11:37:05.162Z</time>
      </trkpt>
      <trkpt lat="53.624412" lon="10.657570">
        <ele>22.210706</ele>
        <time>2026-07-22T11:37:07.886Z</time>
      </trkpt>
      <trkpt lat="53.624924" lon="10.657577">
        <ele>22.016260</ele>
        <time>2026-07-22T11:37:13.257Z</time>
      </trkpt>
      <trkpt lat="53.624966" lon="10.657575">
        <ele>21.969489</ele>
        <time>2026-07-22T11:37:13.643Z</time>
      </trkpt>
      <trkpt lat="53.625089" lon="10.657572">
        <ele>21.805113</ele>
        <time>2026-07-22T11:37:14.734Z</time>
      </trkpt>
      <trkpt lat="53.625534" lon="10.657546">
        <ele>21.117296</ele>
        <time>2026-07-22T11:37:18.829Z</time>
      </trkpt>
      <trkpt lat="53.625770" lon="10.657522">
        <ele>20.958308</ele>
        <time>2026-07-22T11:37:21.089Z</time>
      </trkpt>
      <trkpt lat="53.626406" lon="10.657557">
        <ele>21.743920</ele>
        <time>2026-07-22T11:37:31.465Z</time>
      </trkpt>
      <trkpt lat="53.626520" lon="10.657569">
        <ele>21.944368</ele>
        <time>2026-07-22T11:37:34.210Z</time>
      </trkpt>
      <trkpt lat="53.627039" lon="10.657636">
        <ele>22.072459</ele>
        <time>2026-07-22T11:37:40.436Z</time>
      </trkpt>
      <trkpt lat="53.627647" lon="10.657697">
        <ele>21.430988</ele>
        <time>2026-07-22T11:37:46.500Z</time>
      </trkpt>
      <trkpt lat="53.627921" lon="10.657725">
        <ele>20.656109</ele>
        <time>2026-07-22T11:37:48.638Z</time>
      </trkpt>
      <trkpt lat="53.628378" lon="10.657773">
        <ele>20.478164</ele>
        <time>2026-07-22T11:37:54.174Z</time>
      </trkpt>
      <trkpt lat="53.629540" lon="10.657870">
        <ele>19.807547</ele>
        <time>2026-07-22T11:38:06.183Z</time>
      </trkpt>
      <trkpt lat="53.630061" lon="10.657805">
        <ele>19.502912</ele>
        <time>2026-07-22T11:38:11.864Z</time>
      </trkpt>
      <trkpt lat="53.631493" lon="10.657516">
        <ele>17.480579</ele>
        <time>2026-07-22T11:38:25.159Z</time>
      </trkpt>
      <trkpt lat="53.632355" lon="10.657454">
        <ele>17.617366</ele>
        <time>2026-07-22T11:38:36.447Z</time>
      </trkpt>
      <trkpt lat="53.632758" lon="10.657579">
        <ele>17.131603</ele>
        <time>2026-07-22T11:38:40.272Z</time>
      </trkpt>
      <trkpt lat="53.633094" lon="10.657836">
        <ele>16.333071</ele>
        <time>2026-07-22T11:38:43.412Z</time>
      </trkpt>
      <trkpt lat="53.633539" lon="10.658264">
        <ele>15.653928</ele>
        <time>2026-07-22T11:38:48.103Z</time>
      </trkpt>
      <trkpt lat="53.633745" lon="10.658462">
        <ele>15.800654</ele>
        <time>2026-07-22T11:38:51.930Z</time>
      </trkpt>
      <trkpt lat="53.634017" lon="10.658724">
        <ele>16.215244</ele>
        <time>2026-07-22T11:38:56.819Z</time>
      </trkpt>
      <trkpt lat="53.634418" lon="10.658959">
        <ele>16.917694</ele>
        <time>2026-07-22T11:39:04.212Z</time>
      </trkpt>
      <trkpt lat="53.634716" lon="10.658973">
        <ele>17.509202</ele>
        <time>2026-07-22T11:39:09.598Z</time>
      </trkpt>
      <trkpt lat="53.635055" lon="10.658834">
        <ele>18.257294</ele>
        <time>2026-07-22T11:39:16.295Z</time>
      </trkpt>
      <trkpt lat="53.635341" lon="10.658551">
        <ele>18.763057</ele>
        <time>2026-07-22T11:39:21.923Z</time>
      </trkpt>
      <trkpt lat="53.635677" lon="10.658067">
        <ele>18.987983</ele>
        <time>2026-07-22T11:39:27.614Z</time>
      </trkpt>
      <trkpt lat="53.637144" lon="10.655494">
        <ele>19.288519</ele>
        <time>2026-07-22T11:39:53.494Z</time>
      </trkpt>
      <trkpt lat="53.637772" lon="10.654301">
        <ele>20.130503</ele>
        <time>2026-07-22T11:40:07.961Z</time>
      </trkpt>
      <trkpt lat="53.638809" lon="10.651856">
        <ele>19.685971</ele>
        <time>2026-07-22T11:40:27.738Z</time>
      </trkpt>
      <trkpt lat="53.639653" lon="10.649784">
        <ele>18.954010</ele>
        <time>2026-07-22T11:40:43.354Z</time>
      </trkpt>
      <trkpt lat="53.641418" lon="10.645045">
        <ele>20.183126</ele>
        <time>2026-07-22T11:41:27.024Z</time>
      </trkpt>
      <trkpt lat="53.641811" lon="10.644374">
        <ele>20.114465</ele>
        <time>2026-07-22T11:41:33.384Z</time>
      </trkpt>
      <trkpt lat="53.642372" lon="10.643802">
        <ele>20.082069</ele>
        <time>2026-07-22T11:41:40.937Z</time>
      </trkpt>
      <trkpt lat="53.643981" lon="10.642191">
        <ele>19.744495</ele>
        <time>2026-07-22T11:42:02.104Z</time>
      </trkpt>
      <trkpt lat="53.645068" lon="10.640504">
        <ele>20.605195</ele>
        <time>2026-07-22T11:42:22.808Z</time>
      </trkpt>
      <trkpt lat="53.645094" lon="10.640464">
        <ele>20.577873</ele>
        <time>2026-07-22T11:42:23.184Z</time>
      </trkpt>
      <trkpt lat="53.645897" lon="10.639254">
        <ele>19.617490</ele>
        <time>2026-07-22T11:42:33.776Z</time>
      </trkpt>
      <trkpt lat="53.646138" lon="10.638975">
        <ele>18.862518</ele>
        <time>2026-07-22T11:42:36.241Z</time>
      </trkpt>
      <trkpt lat="53.646376" lon="10.638781">
        <ele>17.985760</ele>
        <time>2026-07-22T11:42:38.351Z</time>
      </trkpt>
      <trkpt lat="53.646695" lon="10.638672">
        <ele>16.833328</ele>
        <time>2026-07-22T11:42:40.940Z</time>
      </trkpt>
      <trkpt lat="53.646892" lon="10.638661">
        <ele>16.261747</ele>
        <time>2026-07-22T11:42:42.558Z</time>
      </trkpt>
      <trkpt lat="53.647673" lon="10.638810">
        <ele>15.557865</ele>
        <time>2026-07-22T11:42:50.127Z</time>
      </trkpt>
      <trkpt lat="53.647896" lon="10.638806">
        <ele>16.078836</ele>
        <time>2026-07-22T11:42:54.228Z</time>
      </trkpt>
      <trkpt lat="53.647981" lon="10.638805">
        <ele>16.437751</ele>
        <time>2026-07-22T11:42:56.787Z</time>
      </trkpt>
      <trkpt lat="53.648244" lon="10.638707">
        <ele>18.486775</ele>
        <time>2026-07-22T11:43:06.985Z</time>
      </trkpt>
      <trkpt lat="53.648461" lon="10.638517">
        <ele>20.433212</ele>
        <time>2026-07-22T11:43:16.230Z</time>
      </trkpt>
      <trkpt lat="53.648648" lon="10.638247">
        <ele>22.552191</ele>
        <time>2026-07-22T11:43:25.683Z</time>
      </trkpt>
      <trkpt lat="53.648817" lon="10.637914">
        <ele>24.772609</ele>
        <time>2026-07-22T11:43:36.715Z</time>
      </trkpt>
      <trkpt lat="53.648962" lon="10.637386">
        <ele>26.708456</ele>
        <time>2026-07-22T11:43:46.947Z</time>
      </trkpt>
      <trkpt lat="53.648996" lon="10.637087">
        <ele>26.695167</ele>
        <time>2026-07-22T11:43:48.903Z</time>
      </trkpt>
      <trkpt lat="53.648997" lon="10.636597">
        <ele>26.108224</ele>
        <time>2026-07-22T11:43:51.446Z</time>
      </trkpt>
      <trkpt lat="53.648850" lon="10.635770">
        <ele>23.708428</ele>
        <time>2026-07-22T11:43:55.315Z</time>
      </trkpt>
      <trkpt lat="53.650207" lon="10.635552">
        <ele>17.280238</ele>
        <time>2026-07-22T11:44:05.669Z</time>
      </trkpt>
      <trkpt lat="53.650362" lon="10.635501">
        <ele>16.736691</ele>
        <time>2026-07-22T11:44:06.917Z</time>
      </trkpt>
      <trkpt lat="53.650861" lon="10.635334">
        <ele>16.821779</ele>
        <time>2026-07-22T11:44:12.953Z</time>
      </trkpt>
      <trkpt lat="53.651074" lon="10.635411">
        <ele>17.546624</ele>
        <time>2026-07-22T11:44:18.337Z</time>
      </trkpt>
      <trkpt lat="53.651150" lon="10.635462">
        <ele>17.929047</ele>
        <time>2026-07-22T11:44:20.995Z</time>
      </trkpt>
      <trkpt lat="53.651234" lon="10.635537">
        <ele>18.236018</ele>
        <time>2026-07-22T11:44:23.637Z</time>
      </trkpt>
      <trkpt lat="53.652034" lon="10.636399">
        <ele>17.311399</ele>
        <time>2026-07-22T11:44:32.780Z</time>
      </trkpt>
      <trkpt lat="53.652180" lon="10.636520">
        <ele>16.956329</ele>
        <time>2026-07-22T11:44:34.100Z</time>
      </trkpt>
      <trkpt lat="53.652364" lon="10.636619">
        <ele>16.702332</ele>
        <time>2026-07-22T11:44:35.851Z</time>
      </trkpt>
      <trkpt lat="53.652604" lon="10.636667">
        <ele>16.901893</ele>
        <time>2026-07-22T11:44:39.756Z</time>
      </trkpt>
      <trkpt lat="53.653378" lon="10.636689">
        <ele>17.861821</ele>
        <time>2026-07-22T11:44:52.167Z</time>
      </trkpt>
      <trkpt lat="53.653706" lon="10.636614">
        <ele>18.072688</ele>
        <time>2026-07-22T11:44:56.655Z</time>
      </trkpt>
      <trkpt lat="53.654315" lon="10.636322">
        <ele>18.020798</ele>
        <time>2026-07-22T11:45:03.946Z</time>
      </trkpt>
      <trkpt lat="53.657190" lon="10.634833">
        <ele>18.737562</ele>
        <time>2026-07-22T11:45:42.139Z</time>
      </trkpt>
      <trkpt lat="53.658281" lon="10.634293">
        <ele>17.298251</ele>
        <time>2026-07-22T11:45:52.820Z</time>
      </trkpt>
      <trkpt lat="53.659625" lon="10.633628">
        <ele>15.471761</ele>
        <time>2026-07-22T11:46:05.940Z</time>
      </trkpt>
      <trkpt lat="53.662060" lon="10.632462">
        <ele>14.045741</ele>
        <time>2026-07-22T11:46:32.631Z</time>
      </trkpt>
      <trkpt lat="53.662778" lon="10.631943">
        <ele>12.945253</ele>
        <time>2026-07-22T11:46:39.808Z</time>
      </trkpt>
      <trkpt lat="53.664326" lon="10.630663">
        <ele>12.120933</ele>
        <time>2026-07-22T11:46:58.255Z</time>
      </trkpt>
      <trkpt lat="53.664405" lon="10.630466">
        <ele>12.131026</ele>
        <time>2026-07-22T11:46:59.795Z</time>
      </trkpt>
      <trkpt lat="53.664425" lon="10.630322">
        <ele>12.156365</ele>
        <time>2026-07-22T11:47:00.889Z</time>
      </trkpt>
      <trkpt lat="53.664374" lon="10.629257">
        <ele>12.979776</ele>
        <time>2026-07-22T11:47:11.012Z</time>
      </trkpt>
      <trkpt lat="53.664390" lon="10.628210">
        <ele>14.486304</ele>
        <time>2026-07-22T11:47:23.865Z</time>
      </trkpt>
      <trkpt lat="53.664503" lon="10.626044">
        <ele>16.300768</ele>
        <time>2026-07-22T11:47:44.639Z</time>
      </trkpt>
      <trkpt lat="53.664582" lon="10.624537">
        <ele>17.518066</ele>
        <time>2026-07-22T11:47:58.958Z</time>
      </trkpt>
      <trkpt lat="53.664613" lon="10.624349">
        <ele>17.731562</ele>
        <time>2026-07-22T11:48:01.016Z</time>
      </trkpt>
      <trkpt lat="53.664696" lon="10.624167">
        <ele>18.009933</ele>
        <time>2026-07-22T11:48:03.575Z</time>
      </trkpt>
      <trkpt lat="53.664844" lon="10.623976">
        <ele>18.475885</ele>
        <time>2026-07-22T11:48:07.219Z</time>
      </trkpt>
      <trkpt lat="53.665354" lon="10.623624">
        <ele>20.851012</ele>
        <time>2026-07-22T11:48:21.534Z</time>
      </trkpt>
      <trkpt lat="53.665801" lon="10.623325">
        <ele>22.483762</ele>
        <time>2026-07-22T11:48:33.339Z</time>
      </trkpt>
      <trkpt lat="53.667344" lon="10.629238">
        <ele>15.250198</ele>
        <time>2026-07-22T11:49:07.115Z</time>
      </trkpt>
      <trkpt lat="53.667488" lon="10.629700">
        <ele>14.388953</ele>
        <time>2026-07-22T11:49:09.687Z</time>
      </trkpt>
      <trkpt lat="53.667641" lon="10.630087">
        <ele>13.495361</ele>
        <time>2026-07-22T11:49:11.907Z</time>
      </trkpt>
      <trkpt lat="53.667850" lon="10.630512">
        <ele>12.386657</ele>
        <time>2026-07-22T11:49:14.509Z</time>
      </trkpt>
      <trkpt lat="53.668068" lon="10.630867">
        <ele>11.399559</ele>
        <time>2026-07-22T11:49:16.928Z</time>
      </trkpt>
      <trkpt lat="53.668228" lon="10.631070">
        <ele>11.276674</ele>
        <time>2026-07-22T11:49:18.952Z</time>
      </trkpt>
      <trkpt lat="53.668337" lon="10.631209">
        <ele>11.745504</ele>
        <time>2026-07-22T11:49:22.339Z</time>
      </trkpt>
      <trkpt lat="53.668500" lon="10.631369">
        <ele>12.379192</ele>
        <time>2026-07-22T11:49:27.331Z</time>
      </trkpt>
      <trkpt lat="53.669178" lon="10.631857">
        <ele>14.448156</ele>
        <time>2026-07-22T11:49:42.409Z</time>
      </trkpt>
      <trkpt lat="53.671421" lon="10.633009">
        <ele>18.465944</ele>
        <time>2026-07-22T11:50:22.813Z</time>
      </trkpt>
      <trkpt lat="53.671899" lon="10.633308">
        <ele>18.813869</ele>
        <time>2026-07-22T11:50:30.111Z</time>
      </trkpt>
      <trkpt lat="53.672217" lon="10.633617">
        <ele>18.589965</ele>
        <time>2026-07-22T11:50:33.941Z</time>
      </trkpt>
      <trkpt lat="53.672523" lon="10.634122">
        <ele>18.056819</ele>
        <time>2026-07-22T11:50:37.959Z</time>
      </trkpt>
      <trkpt lat="53.672723" lon="10.634746">
        <ele>16.837312</ele>
        <time>2026-07-22T11:50:41.542Z</time>
      </trkpt>
      <trkpt lat="53.672756" lon="10.634913">
        <ele>16.099305</ele>
        <time>2026-07-22T11:50:42.290Z</time>
      </trkpt>
      <trkpt lat="53.672822" lon="10.635250">
        <ele>14.051143</ele>
        <time>2026-07-22T11:50:43.721Z</time>
      </trkpt>
      <trkpt lat="53.672862" lon="10.635783">
        <ele>11.890583</ele>
        <time>2026-07-22T11:50:45.971Z</time>
      </trkpt>
      <trkpt lat="53.672882" lon="10.636036">
        <ele>11.439629</ele>
        <time>2026-07-22T11:50:48.256Z</time>
      </trkpt>
      <trkpt lat="53.672943" lon="10.636743">
        <ele>10.911747</ele>
        <time>2026-07-22T11:50:51.990Z</time>
      </trkpt>
      <trkpt lat="53.672944" lon="10.637058">
        <ele>11.283875</ele>
        <time>2026-07-22T11:50:56.015Z</time>
      </trkpt>
      <trkpt lat="53.672902" lon="10.637731">
        <ele>12.468922</ele>
        <time>2026-07-22T11:51:03.964Z</time>
      </trkpt>
      <trkpt lat="53.672860" lon="10.638223">
        <ele>14.051193</ele>
        <time>2026-07-22T11:51:13.126Z</time>
      </trkpt>
      <trkpt lat="53.672674" lon="10.639573">
        <ele>17.708349</ele>
        <time>2026-07-22T11:51:35.406Z</time>
      </trkpt>
      <trkpt lat="53.672598" lon="10.640123">
        <ele>17.596202</ele>
        <time>2026-07-22T11:51:38.607Z</time>
      </trkpt>
      <trkpt lat="53.672462" lon="10.640741">
        <ele>17.186225</ele>
        <time>2026-07-22T11:51:42.375Z</time>
      </trkpt>
      <trkpt lat="53.672279" lon="10.641270">
        <ele>17.728543</ele>
        <time>2026-07-22T11:51:48.040Z</time>
      </trkpt>
      <trkpt lat="53.672099" lon="10.641671">
        <ele>18.747328</ele>
        <time>2026-07-22T11:51:55.238Z</time>
      </trkpt>
      <trkpt lat="53.671864" lon="10.642045">
        <ele>20.512255</ele>
        <time>2026-07-22T11:52:04.103Z</time>
      </trkpt>
      <trkpt lat="53.670932" lon="10.643042">
        <ele>29.001193</ele>
        <time>2026-07-22T11:52:45.583Z</time>
      </trkpt>
      <trkpt lat="53.670477" lon="10.643671">
        <ele>32.592107</ele>
        <time>2026-07-22T11:53:04.090Z</time>
      </trkpt>
      <trkpt lat="53.670174" lon="10.644195">
        <ele>34.166581</ele>
        <time>2026-07-22T11:53:14.122Z</time>
      </trkpt>
      <trkpt lat="53.669894" lon="10.644922">
        <ele>35.549023</ele>
        <time>2026-07-22T11:53:24.619Z</time>
      </trkpt>
      <trkpt lat="53.669742" lon="10.645579">
        <ele>36.058474</ele>
        <time>2026-07-22T11:53:30.969Z</time>
      </trkpt>
      <trkpt lat="53.669482" lon="10.646983">
        <ele>36.117105</ele>
        <time>2026-07-22T11:53:41.393Z</time>
      </trkpt>
      <trkpt lat="53.669174" lon="10.648651">
        <ele>36.111335</ele>
        <time>2026-07-22T11:53:54.889Z</time>
      </trkpt>
      <trkpt lat="53.668782" lon="10.650778">
        <ele>30.970373</ele>
        <time>2026-07-22T11:54:05.105Z</time>
      </trkpt>
      <trkpt lat="53.668719" lon="10.651112">
        <ele>30.381076</ele>
        <time>2026-07-22T11:54:06.851Z</time>
      </trkpt>
      <trkpt lat="53.668355" lon="10.653042">
        <ele>28.774723</ele>
        <time>2026-07-22T11:54:18.033Z</time>
      </trkpt>
      <trkpt lat="53.668291" lon="10.653689">
        <ele>28.874309</ele>
        <time>2026-07-22T11:54:22.849Z</time>
      </trkpt>
      <trkpt lat="53.668269" lon="10.655240">
        <ele>31.483487</ele>
        <time>2026-07-22T11:54:42.455Z</time>
      </trkpt>
      <trkpt lat="53.668322" lon="10.655755">
        <ele>32.814566</ele>
        <time>2026-07-22T11:54:50.537Z</time>
      </trkpt>
      <trkpt lat="53.668559" lon="10.656612">
        <ele>35.691664</ele>
        <time>2026-07-22T11:55:05.664Z</time>
      </trkpt>
      <trkpt lat="53.668604" lon="10.656775">
        <ele>36.550954</ele>
        <time>2026-07-22T11:55:10.075Z</time>
      </trkpt>
      <trkpt lat="53.668657" lon="10.657283">
        <ele>39.235666</ele>
        <time>2026-07-22T11:55:23.612Z</time>
      </trkpt>
      <trkpt lat="53.668615" lon="10.657784">
        <ele>39.655056</ele>
        <time>2026-07-22T11:55:28.890Z</time>
      </trkpt>
      <trkpt lat="53.667967" lon="10.660010">
        <ele>35.092927</ele>
        <time>2026-07-22T11:55:40.683Z</time>
      </trkpt>
      <trkpt lat="53.667895" lon="10.660462">
        <ele>34.232712</ele>
        <time>2026-07-22T11:55:42.911Z</time>
      </trkpt>
      <trkpt lat="53.667906" lon="10.661921">
        <ele>33.595422</ele>
        <time>2026-07-22T11:55:51.674Z</time>
      </trkpt>
      <trkpt lat="53.667933" lon="10.662295">
        <ele>34.176532</ele>
        <time>2026-07-22T11:55:56.494Z</time>
      </trkpt>
      <trkpt lat="53.667991" lon="10.662696">
        <ele>35.359747</ele>
        <time>2026-07-22T11:56:03.431Z</time>
      </trkpt>
      <trkpt lat="53.668123" lon="10.663219">
        <ele>36.694494</ele>
        <time>2026-07-22T11:56:12.006Z</time>
      </trkpt>
      <trkpt lat="53.668228" lon="10.663714">
        <ele>37.779284</ele>
        <time>2026-07-22T11:56:17.856Z</time>
      </trkpt>
      <trkpt lat="53.668237" lon="10.664121">
        <ele>40.195897</ele>
        <time>2026-07-22T11:56:29.443Z</time>
      </trkpt>
      <trkpt lat="53.668191" lon="10.664381">
        <ele>41.909759</ele>
        <time>2026-07-22T11:56:37.002Z</time>
      </trkpt>
      <trkpt lat="53.668028" lon="10.664765">
        <ele>44.591296</ele>
        <time>2026-07-22T11:56:48.846Z</time>
      </trkpt>
      <trkpt lat="53.667941" lon="10.664936">
        <ele>45.557918</ele>
        <time>2026-07-22T11:56:54.179Z</time>
      </trkpt>
      <trkpt lat="53.667843" lon="10.665168">
        <ele>46.410204</ele>
        <time>2026-07-22T11:56:58.708Z</time>
      </trkpt>
      <trkpt lat="53.667812" lon="10.665378">
        <ele>46.721744</ele>
        <time>2026-07-22T11:57:00.937Z</time>
      </trkpt>
      <trkpt lat="53.667867" lon="10.665729">
        <ele>46.707926</ele>
        <time>2026-07-22T11:57:03.377Z</time>
      </trkpt>
      <trkpt lat="53.667967" lon="10.666062">
        <ele>46.221446</ele>
        <time>2026-07-22T11:57:05.307Z</time>
      </trkpt>
      <trkpt lat="53.668445" lon="10.666707">
        <ele>43.988759</ele>
        <time>2026-07-22T11:57:10.066Z</time>
      </trkpt>
      <trkpt lat="53.668480" lon="10.666755">
        <ele>43.870558</ele>
        <time>2026-07-22T11:57:10.482Z</time>
      </trkpt>
      <trkpt lat="53.668742" lon="10.667115">
        <ele>43.901135</ele>
        <time>2026-07-22T11:57:14.786Z</time>
      </trkpt>
      <trkpt lat="53.668822" lon="10.667239">
        <ele>44.094758</ele>
        <time>2026-07-22T11:57:16.800Z</time>
      </trkpt>
      <trkpt lat="53.669030" lon="10.667605">
        <ele>44.922271</ele>
        <time>2026-07-22T11:57:23.550Z</time>
      </trkpt>
      <trkpt lat="53.669157" lon="10.667832">
        <ele>45.225303</ele>
        <time>2026-07-22T11:57:26.409Z</time>
      </trkpt>
      <trkpt lat="53.669259" lon="10.668015">
        <ele>45.409867</ele>
        <time>2026-07-22T11:57:29.057Z</time>
      </trkpt>
      <trkpt lat="53.669543" lon="10.668524">
        <ele>45.648139</ele>
        <time>2026-07-22T11:57:34.266Z</time>
      </trkpt>
      <trkpt lat="53.669636" lon="10.668799">
        <ele>45.843899</ele>
        <time>2026-07-22T11:57:37.240Z</time>
      </trkpt>
      <trkpt lat="53.669812" lon="10.669412">
        <ele>46.550753</ele>
        <time>2026-07-22T11:57:44.530Z</time>
      </trkpt>
      <trkpt lat="53.669910" lon="10.669650">
        <ele>46.633990</ele>
        <time>2026-07-22T11:57:46.842Z</time>
      </trkpt>
      <trkpt lat="53.670011" lon="10.669795">
        <ele>46.599281</ele>
        <time>2026-07-22T11:57:48.231Z</time>
      </trkpt>
      <trkpt lat="53.671059" lon="10.670663">
        <ele>45.876050</ele>
        <time>2026-07-22T11:58:00.271Z</time>
      </trkpt>
      <trkpt lat="53.671216" lon="10.670852">
        <ele>45.714502</ele>
        <time>2026-07-22T11:58:02.161Z</time>
      </trkpt>
      <trkpt lat="53.671274" lon="10.670946">
        <ele>45.642888</ele>
        <time>2026-07-22T11:58:02.909Z</time>
      </trkpt>
      <trkpt lat="53.671631" lon="10.671859">
        <ele>45.512789</ele>
        <time>2026-07-22T11:58:10.381Z</time>
      </trkpt>
      <trkpt lat="53.672189" lon="10.673288">
        <ele>45.737972</ele>
        <time>2026-07-22T11:58:22.798Z</time>
      </trkpt>
      <trkpt lat="53.673121" lon="10.675453">
        <ele>49.688373</ele>
        <time>2026-07-22T11:58:55.051Z</time>
      </trkpt>
      <trkpt lat="53.673572" lon="10.676555">
        <ele>50.417535</ele>
        <time>2026-07-22T11:59:06.231Z</time>
      </trkpt>
      <trkpt lat="53.674826" lon="10.679569">
        <ele>53.018563</ele>
        <time>2026-07-22T11:59:40.238Z</time>
      </trkpt>
      <trkpt lat="53.675139" lon="10.680240">
        <ele>53.979591</ele>
        <time>2026-07-22T11:59:50.457Z</time>
      </trkpt>
      <trkpt lat="53.676439" lon="10.679734">
        <ele>51.551316</ele>
        <time>2026-07-22T12:00:02.170Z</time>
      </trkpt>
      <trkpt lat="53.677856" lon="10.679170">
        <ele>50.013593</ele>
        <time>2026-07-22T12:00:16.338Z</time>
      </trkpt>
      <trkpt lat="53.678265" lon="10.678933">
        <ele>49.676798</ele>
        <time>2026-07-22T12:00:20.668Z</time>
      </trkpt>
      <trkpt lat="53.680011" lon="10.677744">
        <ele>47.299726</ele>
        <time>2026-07-22T12:00:38.374Z</time>
      </trkpt>
      <trkpt lat="53.680426" lon="10.677529">
        <ele>47.444191</ele>
        <time>2026-07-22T12:00:44.077Z</time>
      </trkpt>
      <trkpt lat="53.680964" lon="10.677330">
        <ele>47.987543</ele>
        <time>2026-07-22T12:00:52.747Z</time>
      </trkpt>
      <trkpt lat="53.681323" lon="10.677129">
        <ele>48.183787</ele>
        <time>2026-07-22T12:00:58.059Z</time>
      </trkpt>
      <trkpt lat="53.682293" lon="10.676005">
        <ele>46.771678</ele>
        <time>2026-07-22T12:01:09.174Z</time>
      </trkpt>
      <trkpt lat="53.682368" lon="10.675886">
        <ele>46.618153</ele>
        <time>2026-07-22T12:01:10.109Z</time>
      </trkpt>
      <trkpt lat="53.682530" lon="10.675510">
        <ele>46.229595</ele>
        <time>2026-07-22T12:01:12.620Z</time>
      </trkpt>
      <trkpt lat="53.682715" lon="10.674779">
        <ele>45.724897</ele>
        <time>2026-07-22T12:01:17.178Z</time>
      </trkpt>
      <trkpt lat="53.682836" lon="10.673986">
        <ele>45.431900</ele>
        <time>2026-07-22T12:01:22.239Z</time>
      </trkpt>
      <trkpt lat="53.682922" lon="10.673118">
        <ele>45.421184</ele>
        <time>2026-07-22T12:01:28.546Z</time>
      </trkpt>
      <trkpt lat="53.683047" lon="10.672469">
        <ele>45.686791</ele>
        <time>2026-07-22T12:01:34.195Z</time>
      </trkpt>
      <trkpt lat="53.683887" lon="10.669793">
        <ele>46.479443</ele>
        <time>2026-07-22T12:01:58.142Z</time>
      </trkpt>
      <trkpt lat="53.683957" lon="10.669608">
        <ele>46.495932</ele>
        <time>2026-07-22T12:01:59.677Z</time>
      </trkpt>
      <trkpt lat="53.684090" lon="10.669369">
        <ele>46.476687</ele>
        <time>2026-07-22T12:02:01.853Z</time>
      </trkpt>
      <trkpt lat="53.684449" lon="10.669131">
        <ele>46.313208</ele>
        <time>2026-07-22T12:02:05.996Z</time>
      </trkpt>
      <trkpt lat="53.684505" lon="10.669064">
        <ele>46.297395</ele>
        <time>2026-07-22T12:02:06.702Z</time>
      </trkpt>
      <trkpt lat="53.684663" lon="10.669146">
        <ele>46.270756</ele>
        <time>2026-07-22T12:02:08.521Z</time>
      </trkpt>
      <trkpt lat="53.684889" lon="10.669056">
        <ele>46.599719</ele>
        <time>2026-07-22T12:02:12.424Z</time>
      </trkpt>
      <trkpt lat="53.685325" lon="10.668773">
        <ele>47.363931</ele>
        <time>2026-07-22T12:02:20.547Z</time>
      </trkpt>
      <trkpt lat="53.686914" lon="10.667551">
        <ele>48.669655</ele>
        <time>2026-07-22T12:02:45.546Z</time>
      </trkpt>
      <trkpt lat="53.687231" lon="10.667408">
        <ele>48.700000</ele>
        <time>2026-07-22T12:02:49.257Z</time>
      </trkpt>
      <trkpt lat="53.687540" lon="10.667340">
        <ele>48.701917</ele>
        <time>2026-07-22T12:02:52.973Z</time>
      </trkpt>
      <trkpt lat="53.690172" lon="10.666761">
        <ele>48.778560</ele>
        <time>2026-07-22T12:03:24.887Z</time>
      </trkpt>
      <trkpt lat="53.691309" lon="10.666696">
        <ele>48.558411</ele>
        <time>2026-07-22T12:03:37.699Z</time>
      </trkpt>
      <trkpt lat="53.692391" lon="10.666809">
        <ele>47.625723</ele>
        <time>2026-07-22T12:03:48.432Z</time>
      </trkpt>
      <trkpt lat="53.693244" lon="10.666969">
        <ele>47.125462</ele>
        <time>2026-07-22T12:03:57.410Z</time>
      </trkpt>
      <trkpt lat="53.693441" lon="10.666951">
        <ele>47.100394</ele>
        <time>2026-07-22T12:03:59.722Z</time>
      </trkpt>
      <trkpt lat="53.693682" lon="10.666835">
        <ele>47.123758</ele>
        <time>2026-07-22T12:04:02.860Z</time>
      </trkpt>
      <trkpt lat="53.694241" lon="10.666434">
        <ele>47.386287</ele>
        <time>2026-07-22T12:04:10.757Z</time>
      </trkpt>
      <trkpt lat="53.694924" lon="10.665771">
        <ele>47.477765</ele>
        <time>2026-07-22T12:04:20.417Z</time>
      </trkpt>
      <trkpt lat="53.695262" lon="10.665589">
        <ele>47.445135</ele>
        <time>2026-07-22T12:04:24.581Z</time>
      </trkpt>
      <trkpt lat="53.696341" lon="10.665321">
        <ele>48.758473</ele>
        <time>2026-07-22T12:04:41.538Z</time>
      </trkpt>
      <trkpt lat="53.696612" lon="10.665268">
        <ele>49.385995</ele>
        <time>2026-07-22T12:04:46.908Z</time>
      </trkpt>
      <trkpt lat="53.696795" lon="10.665337">
        <ele>49.782995</ele>
        <time>2026-07-22T12:04:50.366Z</time>
      </trkpt>
      <trkpt lat="53.697711" lon="10.666141">
        <ele>51.617505</ele>
        <time>2026-07-22T12:05:08.613Z</time>
      </trkpt>
      <trkpt lat="53.697961" lon="10.666395">
        <ele>52.132007</ele>
        <time>2026-07-22T12:05:13.788Z</time>
      </trkpt>
      <trkpt lat="53.698391" lon="10.666802">
        <ele>52.448375</ele>
        <time>2026-07-22T12:05:20.789Z</time>
      </trkpt>
      <trkpt lat="53.698572" lon="10.666955">
        <ele>52.327323</ele>
        <time>2026-07-22T12:05:22.759Z</time>
      </trkpt>
      <trkpt lat="53.699072" lon="10.667405">
        <ele>52.209460</ele>
        <time>2026-07-22T12:05:29.198Z</time>
      </trkpt>
      <trkpt lat="53.699201" lon="10.667623">
        <ele>52.233683</ele>
        <time>2026-07-22T12:05:31.235Z</time>
      </trkpt>
      <trkpt lat="53.699294" lon="10.667715">
        <ele>52.322671</ele>
        <time>2026-07-22T12:05:32.693Z</time>
      </trkpt>
      <trkpt lat="53.699346" lon="10.667709">
        <ele>52.365707</ele>
        <time>2026-07-22T12:05:33.567Z</time>
      </trkpt>
      <trkpt lat="53.699447" lon="10.667530">
        <ele>52.703131</ele>
        <time>2026-07-22T12:05:36.505Z</time>
      </trkpt>
      <trkpt lat="53.699713" lon="10.666903">
        <ele>53.835690</ele>
        <time>2026-07-22T12:05:45.694Z</time>
      </trkpt>
      <trkpt lat="53.700179" lon="10.665363">
        <ele>55.353126</ele>
        <time>2026-07-22T12:06:02.846Z</time>
      </trkpt>
      <trkpt lat="53.700455" lon="10.664480">
        <ele>55.553473</ele>
        <time>2026-07-22T12:06:10.540Z</time>
      </trkpt>
      <trkpt lat="53.700648" lon="10.664079">
        <ele>55.399512</ele>
        <time>2026-07-22T12:06:13.667Z</time>
      </trkpt>
      <trkpt lat="53.701075" lon="10.663365">
        <ele>54.934795</ele>
        <time>2026-07-22T12:06:19.742Z</time>
      </trkpt>
      <trkpt lat="53.701899" lon="10.662180">
        <ele>52.645117</ele>
        <time>2026-07-22T12:06:29.215Z</time>
      </trkpt>
      <trkpt lat="53.702334" lon="10.661466">
        <ele>50.789396</ele>
        <time>2026-07-22T12:06:34.108Z</time>
      </trkpt>
      <trkpt lat="53.702734" lon="10.660699">
        <ele>48.829433</ele>
        <time>2026-07-22T12:06:39.003Z</time>
      </trkpt>
      <trkpt lat="53.702748" lon="10.660663">
        <ele>48.778792</ele>
        <time>2026-07-22T12:06:39.238Z</time>
      </trkpt>
      <trkpt lat="53.702794" lon="10.660544">
        <ele>48.617490</ele>
        <time>2026-07-22T12:06:40.048Z</time>
      </trkpt>
      <trkpt lat="53.703462" lon="10.658629">
        <ele>46.155500</ele>
        <time>2026-07-22T12:06:51.682Z</time>
      </trkpt>
      <trkpt lat="53.704998" lon="10.653808">
        <ele>42.482694</ele>
        <time>2026-07-22T12:07:22.675Z</time>
      </trkpt>
      <trkpt lat="53.705410" lon="10.652753">
        <ele>44.275879</ele>
        <time>2026-07-22T12:07:37.951Z</time>
      </trkpt>
      <trkpt lat="53.705745" lon="10.652111">
        <ele>45.163834</ele>
        <time>2026-07-22T12:07:47.014Z</time>
      </trkpt>
      <trkpt lat="53.705979" lon="10.651775">
        <ele>45.027445</ele>
        <time>2026-07-22T12:07:50.278Z</time>
      </trkpt>
      <trkpt lat="53.706556" lon="10.651195">
        <ele>43.601223</ele>
        <time>2026-07-22T12:07:56.094Z</time>
      </trkpt>
      <trkpt lat="53.707028" lon="10.650923">
        <ele>41.727579</ele>
        <time>2026-07-22T12:07:59.988Z</time>
      </trkpt>
      <trkpt lat="53.707801" lon="10.650580">
        <ele>39.219304</ele>
        <time>2026-07-22T12:08:06.465Z</time>
      </trkpt>
      <trkpt lat="53.708239" lon="10.650427">
        <ele>38.630886</ele>
        <time>2026-07-22T12:08:10.835Z</time>
      </trkpt>
      <trkpt lat="53.708417" lon="10.650366">
        <ele>38.486459</ele>
        <time>2026-07-22T12:08:12.713Z</time>
      </trkpt>
      <trkpt lat="53.709168" lon="10.650110">
        <ele>37.557284</ele>
        <time>2026-07-22T12:08:20.393Z</time>
      </trkpt>
      <trkpt lat="53.711675" lon="10.649302">
        <ele>19.206388</ele>
        <time>2026-07-22T12:08:38.620Z</time>
      </trkpt>
      <trkpt lat="53.712143" lon="10.649043">
        <ele>15.759798</ele>
        <time>2026-07-22T12:08:42.158Z</time>
      </trkpt>
      <trkpt lat="53.712606" lon="10.648625">
        <ele>12.856473</ele>
        <time>2026-07-22T12:08:46.013Z</time>
      </trkpt>
      <trkpt lat="53.712798" lon="10.648422">
        <ele>12.373930</ele>
        <time>2026-07-22T12:08:48.215Z</time>
      </trkpt>
      <trkpt lat="53.712968" lon="10.648256">
        <ele>12.226161</ele>
        <time>2026-07-22T12:08:50.512Z</time>
      </trkpt>
      <trkpt lat="53.713510" lon="10.647797">
        <ele>11.733153</ele>
        <time>2026-07-22T12:08:56.373Z</time>
      </trkpt>
      <trkpt lat="53.714106" lon="10.647467">
        <ele>11.634886</ele>
        <time>2026-07-22T12:09:03.566Z</time>
      </trkpt>
      <trkpt lat="53.714226" lon="10.647403">
        <ele>11.865530</ele>
        <time>2026-07-22T12:09:05.570Z</time>
      </trkpt>
      <trkpt lat="53.714441" lon="10.647303">
        <ele>12.402210</ele>
        <time>2026-07-22T12:09:10.507Z</time>
      </trkpt>
      <trkpt lat="53.714795" lon="10.647065">
        <ele>13.079866</ele>
        <time>2026-07-22T12:09:17.319Z</time>
      </trkpt>
      <trkpt lat="53.715103" lon="10.646783">
        <ele>12.711188</ele>
        <time>2026-07-22T12:09:20.659Z</time>
      </trkpt>
      <trkpt lat="53.715361" lon="10.646498">
        <ele>11.913357</ele>
        <time>2026-07-22T12:09:23.242Z</time>
      </trkpt>
      <trkpt lat="53.715427" lon="10.646376">
        <ele>11.604876</ele>
        <time>2026-07-22T12:09:24.051Z</time>
      </trkpt>
      <trkpt lat="53.715529" lon="10.646200">
        <ele>11.132574</ele>
        <time>2026-07-22T12:09:25.205Z</time>
      </trkpt>
      <trkpt lat="53.715780" lon="10.645762">
        <ele>9.915106</ele>
        <time>2026-07-22T12:09:28.087Z</time>
      </trkpt>
      <trkpt lat="53.715947" lon="10.645576">
        <ele>9.392305</ele>
        <time>2026-07-22T12:09:29.731Z</time>
      </trkpt>
      <trkpt lat="53.716051" lon="10.645506">
        <ele>9.253652</ele>
        <time>2026-07-22T12:09:30.801Z</time>
      </trkpt>
      <trkpt lat="53.716122" lon="10.645471">
        <ele>9.351955</ele>
        <time>2026-07-22T12:09:31.837Z</time>
      </trkpt>
      <trkpt lat="53.716422" lon="10.645395">
        <ele>10.062170</ele>
        <time>2026-07-22T12:09:38.062Z</time>
      </trkpt>
      <trkpt lat="53.716640" lon="10.645398">
        <ele>10.926750</ele>
        <time>2026-07-22T12:09:43.595Z</time>
      </trkpt>
      <trkpt lat="53.716960" lon="10.645463">
        <ele>12.323844</ele>
        <time>2026-07-22T12:09:52.053Z</time>
      </trkpt>
      <trkpt lat="53.717451" lon="10.645596">
        <ele>13.899640</ele>
        <time>2026-07-22T12:10:05.040Z</time>
      </trkpt>
      <trkpt lat="53.717768" lon="10.645764">
        <ele>14.896892</ele>
        <time>2026-07-22T12:10:13.517Z</time>
      </trkpt>
      <trkpt lat="53.718116" lon="10.646008">
        <ele>15.984780</ele>
        <time>2026-07-22T12:10:23.178Z</time>
      </trkpt>
      <trkpt lat="53.719097" lon="10.646976">
        <ele>18.890092</ele>
        <time>2026-07-22T12:10:51.247Z</time>
      </trkpt>
      <trkpt lat="53.721104" lon="10.649047">
        <ele>20.249617</ele>
        <time>2026-07-22T12:11:33.190Z</time>
      </trkpt>
      <trkpt lat="53.721427" lon="10.649381">
        <ele>20.046635</ele>
        <time>2026-07-22T12:11:38.760Z</time>
      </trkpt>
      <trkpt lat="53.723706" lon="10.651767">
        <ele>20.632659</ele>
        <time>2026-07-22T12:12:12.721Z</time>
      </trkpt>
      <trkpt lat="53.724548" lon="10.652656">
        <ele>19.579073</ele>
        <time>2026-07-22T12:12:22.301Z</time>
      </trkpt>
      <trkpt lat="53.724829" lon="10.652856">
        <ele>19.110855</ele>
        <time>2026-07-22T12:12:25.034Z</time>
      </trkpt>
      <trkpt lat="53.725098" lon="10.652964">
        <ele>18.750117</ele>
        <time>2026-07-22T12:12:27.654Z</time>
      </trkpt>
      <trkpt lat="53.725567" lon="10.653006">
        <ele>18.506610</ele>
        <time>2026-07-22T12:12:32.609Z</time>
      </trkpt>
      <trkpt lat="53.727757" lon="10.652688">
        <ele>17.915007</ele>
        <time>2026-07-22T12:12:56.965Z</time>
      </trkpt>
      <trkpt lat="53.727968" lon="10.652692">
        <ele>17.948160</ele>
        <time>2026-07-22T12:12:59.608Z</time>
      </trkpt>
      <trkpt lat="53.728105" lon="10.652695">
        <ele>18.035668</ele>
        <time>2026-07-22T12:13:01.497Z</time>
      </trkpt>
      <trkpt lat="53.728409" lon="10.652747">
        <ele>18.406987</ele>
        <time>2026-07-22T12:13:06.617Z</time>
      </trkpt>
      <trkpt lat="53.728957" lon="10.653015">
        <ele>18.791440</ele>
        <time>2026-07-22T12:13:14.567Z</time>
      </trkpt>
      <trkpt lat="53.729318" lon="10.653317">
        <ele>18.964342</ele>
        <time>2026-07-22T12:13:19.515Z</time>
      </trkpt>
      <trkpt lat="53.729545" lon="10.653602">
        <ele>19.301813</ele>
        <time>2026-07-22T12:13:24.374Z</time>
      </trkpt>
      <trkpt lat="53.729737" lon="10.653251">
        <ele>19.274093</ele>
        <time>2026-07-22T12:13:27.202Z</time>
      </trkpt>
      <trkpt lat="53.730255" lon="10.652471">
        <ele>20.109235</ele>
        <time>2026-07-22T12:13:38.831Z</time>
      </trkpt>
      <trkpt lat="53.730371" lon="10.652297">
        <ele>20.183528</ele>
        <time>2026-07-22T12:13:40.878Z</time>
      </trkpt>
      <trkpt lat="53.730495" lon="10.651967">
        <ele>20.094582</ele>
        <time>2026-07-22T12:13:43.304Z</time>
      </trkpt>
      <trkpt lat="53.730639" lon="10.651091">
        <ele>19.636152</ele>
        <time>2026-07-22T12:13:48.965Z</time>
      </trkpt>
      <trkpt lat="53.730791" lon="10.650005">
        <ele>17.489595</ele>
        <time>2026-07-22T12:13:54.228Z</time>
      </trkpt>
      <trkpt lat="53.730887" lon="10.649734">
        <ele>16.899629</ele>
        <time>2026-07-22T12:13:55.720Z</time>
      </trkpt>
      <trkpt lat="53.730942" lon="10.649691">
        <ele>16.753043</ele>
        <time>2026-07-22T12:13:56.217Z</time>
      </trkpt>
      <trkpt lat="53.731075" lon="10.649673">
        <ele>16.529144</ele>
        <time>2026-07-22T12:13:57.414Z</time>
      </trkpt>
      <trkpt lat="53.731206" lon="10.649760">
        <ele>16.560656</ele>
        <time>2026-07-22T12:13:59.436Z</time>
      </trkpt>
      <trkpt lat="53.731702" lon="10.650261">
        <ele>17.137501</ele>
        <time>2026-07-22T12:14:08.821Z</time>
      </trkpt>
      <trkpt lat="53.732331" lon="10.650874">
        <ele>16.659781</ele>
        <time>2026-07-22T12:14:16.044Z</time>
      </trkpt>
      <trkpt lat="53.732558" lon="10.651076">
        <ele>16.295733</ele>
        <time>2026-07-22T12:14:18.412Z</time>
      </trkpt>
      <trkpt lat="53.732729" lon="10.651184">
        <ele>15.988465</ele>
        <time>2026-07-22T12:14:20.050Z</time>
      </trkpt>
      <trkpt lat="53.733045" lon="10.651313">
        <ele>15.413589</ele>
        <time>2026-07-22T12:14:22.990Z</time>
      </trkpt>
      <trkpt lat="53.733683" lon="10.651558">
        <ele>14.511828</ele>
        <time>2026-07-22T12:14:29.104Z</time>
      </trkpt>
      <trkpt lat="53.733751" lon="10.651491">
        <ele>14.481712</ele>
        <time>2026-07-22T12:14:29.835Z</time>
      </trkpt>
      <trkpt lat="53.733826" lon="10.651533">
        <ele>14.480824</ele>
        <time>2026-07-22T12:14:30.660Z</time>
      </trkpt>
      <trkpt lat="53.734280" lon="10.651564">
        <ele>14.901153</ele>
        <time>2026-07-22T12:14:37.531Z</time>
      </trkpt>
      <trkpt lat="53.734860" lon="10.651544">
        <ele>16.402870</ele>
        <time>2026-07-22T12:14:49.533Z</time>
      </trkpt>
      <trkpt lat="53.735280" lon="10.651655">
        <ele>17.618524</ele>
        <time>2026-07-22T12:14:58.279Z</time>
      </trkpt>
      <trkpt lat="53.735542" lon="10.651757">
        <ele>18.465307</ele>
        <time>2026-07-22T12:15:04.208Z</time>
      </trkpt>
      <trkpt lat="53.735864" lon="10.651939">
        <ele>19.230230</ele>
        <time>2026-07-22T12:15:11.254Z</time>
      </trkpt>
      <trkpt lat="53.735838" lon="10.652119">
        <ele>19.119175</ele>
        <time>2026-07-22T12:15:12.383Z</time>
      </trkpt>
      <trkpt lat="53.736193" lon="10.652417">
        <ele>17.816687</ele>
        <time>2026-07-22T12:15:15.464Z</time>
      </trkpt>
      <trkpt lat="53.736946" lon="10.653280">
        <ele>17.301175</ele>
        <time>2026-07-22T12:15:24.982Z</time>
      </trkpt>
      <trkpt lat="53.737226" lon="10.653509">
        <ele>17.838222</ele>
        <time>2026-07-22T12:15:31.133Z</time>
      </trkpt>
      <trkpt lat="53.737679" lon="10.653704">
        <ele>18.664857</ele>
        <time>2026-07-22T12:15:38.949Z</time>
      </trkpt>
      <trkpt lat="53.738663" lon="10.654117">
        <ele>21.222062</ele>
        <time>2026-07-22T12:15:59.334Z</time>
      </trkpt>
      <trkpt lat="53.738903" lon="10.654127">
        <ele>21.359775</ele>
        <time>2026-07-22T12:16:02.505Z</time>
      </trkpt>
      <trkpt lat="53.738908" lon="10.654016">
        <ele>21.360623</ele>
        <time>2026-07-22T12:16:03.487Z</time>
      </trkpt>
      <trkpt lat="53.739736" lon="10.654335">
        <ele>21.394825</ele>
        <time>2026-07-22T12:16:13.828Z</time>
      </trkpt>
      <trkpt lat="53.740013" lon="10.654408">
        <ele>21.464142</ele>
        <time>2026-07-22T12:16:17.090Z</time>
      </trkpt>
      <trkpt lat="53.740165" lon="10.654432">
        <ele>21.542463</ele>
        <time>2026-07-22T12:16:19.464Z</time>
      </trkpt>
      <trkpt lat="53.740366" lon="10.654409">
        <ele>21.539391</ele>
        <time>2026-07-22T12:16:21.840Z</time>
      </trkpt>
      <trkpt lat="53.741159" lon="10.654053">
        <ele>20.074755</ele>
        <time>2026-07-22T12:16:29.133Z</time>
      </trkpt>
      <trkpt lat="53.741191" lon="10.654039">
        <ele>20.026516</ele>
        <time>2026-07-22T12:16:29.438Z</time>
      </trkpt>
      <trkpt lat="53.741596" lon="10.654007">
        <ele>19.839502</ele>
        <time>2026-07-22T12:16:33.651Z</time>
      </trkpt>
      <trkpt lat="53.743041" lon="10.654258">
        <ele>22.299518</ele>
        <time>2026-07-22T12:16:59.520Z</time>
      </trkpt>
      <trkpt lat="53.743630" lon="10.654412">
        <ele>22.006566</ele>
        <time>2026-07-22T12:17:05.458Z</time>
      </trkpt>
      <trkpt lat="53.743614" lon="10.654616">
        <ele>21.908230</ele>
        <time>2026-07-22T12:17:08.101Z</time>
      </trkpt>
      <trkpt lat="53.744819" lon="10.654970">
        <ele>20.302806</ele>
        <time>2026-07-22T12:17:19.268Z</time>
      </trkpt>
      <trkpt lat="53.746443" lon="10.655681">
        <ele>21.078000</ele>
        <time>2026-07-22T12:17:42.106Z</time>
      </trkpt>
      <trkpt lat="53.747457" lon="10.656079">
        <ele>21.219179</ele>
        <time>2026-07-22T12:17:54.836Z</time>
      </trkpt>
      <trkpt lat="53.748561" lon="10.656286">
        <ele>21.664041</ele>
        <time>2026-07-22T12:18:09.850Z</time>
      </trkpt>
      <trkpt lat="53.749568" lon="10.656626">
        <ele>19.596939</ele>
        <time>2026-07-22T12:18:18.670Z</time>
      </trkpt>
      <trkpt lat="53.750960" lon="10.657295">
        <ele>19.915208</ele>
        <time>2026-07-22T12:18:37.626Z</time>
      </trkpt>
      <trkpt lat="53.751529" lon="10.657445">
        <ele>19.235478</ele>
        <time>2026-07-22T12:18:43.034Z</time>
      </trkpt>
      <trkpt lat="53.753417" lon="10.657206">
        <ele>17.527584</ele>
        <time>2026-07-22T12:19:01.700Z</time>
      </trkpt>
      <trkpt lat="53.753725" lon="10.657205">
        <ele>17.424102</ele>
        <time>2026-07-22T12:19:05.108Z</time>
      </trkpt>
      <trkpt lat="53.757151" lon="10.658307">
        <ele>18.286071</ele>
        <time>2026-07-22T12:19:49.593Z</time>
      </trkpt>
      <trkpt lat="53.757501" lon="10.658355">
        <ele>18.300000</ele>
        <time>2026-07-22T12:19:53.550Z</time>
      </trkpt>
      <trkpt lat="53.757855" lon="10.658277">
        <ele>18.279114</ele>
        <time>2026-07-22T12:19:57.756Z</time>
      </trkpt>
      <trkpt lat="53.758069" lon="10.658184">
        <ele>18.208631</ele>
        <time>2026-07-22T12:20:00.173Z</time>
      </trkpt>
      <trkpt lat="53.759185" lon="10.657452">
        <ele>17.908643</ele>
        <time>2026-07-22T12:20:13.588Z</time>
      </trkpt>
      <trkpt lat="53.759569" lon="10.657183">
        <ele>17.851044</ele>
        <time>2026-07-22T12:20:18.467Z</time>
      </trkpt>
      <trkpt lat="53.760563" lon="10.656592">
        <ele>16.476613</ele>
        <time>2026-07-22T12:20:28.257Z</time>
      </trkpt>
      <trkpt lat="53.760738" lon="10.656550">
        <ele>16.351378</ele>
        <time>2026-07-22T12:20:30.413Z</time>
      </trkpt>
      <trkpt lat="53.761062" lon="10.656642">
        <ele>16.118601</ele>
        <time>2026-07-22T12:20:33.690Z</time>
      </trkpt>
      <trkpt lat="53.761266" lon="10.656802">
        <ele>15.979186</ele>
        <time>2026-07-22T12:20:35.950Z</time>
      </trkpt>
      <trkpt lat="53.761674" lon="10.657301">
        <ele>15.509008</ele>
        <time>2026-07-22T12:20:40.900Z</time>
      </trkpt>
      <trkpt lat="53.761794" lon="10.657323">
        <ele>15.422090</ele>
        <time>2026-07-22T12:20:42.086Z</time>
      </trkpt>
      <trkpt lat="53.761944" lon="10.657589">
        <ele>15.287166</ele>
        <time>2026-07-22T12:20:44.486Z</time>
      </trkpt>
      <trkpt lat="53.762261" lon="10.658392">
        <ele>14.895241</ele>
        <time>2026-07-22T12:20:50.261Z</time>
      </trkpt>
      <trkpt lat="53.762300" lon="10.658537">
        <ele>14.830726</ele>
        <time>2026-07-22T12:20:51.310Z</time>
      </trkpt>
      <trkpt lat="53.762409" lon="10.658945">
        <ele>14.764399</ele>
        <time>2026-07-22T12:20:54.192Z</time>
      </trkpt>
      <trkpt lat="53.762755" lon="10.660236">
        <ele>15.490915</ele>
        <time>2026-07-22T12:21:06.605Z</time>
      </trkpt>
      <trkpt lat="53.762859" lon="10.660625">
        <ele>15.753665</ele>
        <time>2026-07-22T12:21:10.362Z</time>
      </trkpt>
      <trkpt lat="53.762928" lon="10.660881">
        <ele>15.949135</ele>
        <time>2026-07-22T12:21:13.150Z</time>
      </trkpt>
      <trkpt lat="53.763098" lon="10.661439">
        <ele>16.275644</ele>
        <time>2026-07-22T12:21:18.646Z</time>
      </trkpt>
      <trkpt lat="53.763267" lon="10.661995">
        <ele>16.278393</ele>
        <time>2026-07-22T12:21:22.881Z</time>
      </trkpt>
      <trkpt lat="53.763417" lon="10.662333">
        <ele>16.240659</ele>
        <time>2026-07-22T12:21:25.620Z</time>
      </trkpt>
      <trkpt lat="53.763574" lon="10.662611">
        <ele>16.280210</ele>
        <time>2026-07-22T12:21:28.575Z</time>
      </trkpt>
      <trkpt lat="53.763811" lon="10.662967">
        <ele>16.279364</ele>
        <time>2026-07-22T12:21:32.411Z</time>
      </trkpt>
      <trkpt lat="53.764129" lon="10.663356">
        <ele>16.139005</ele>
        <time>2026-07-22T12:21:36.477Z</time>
      </trkpt>
      <trkpt lat="53.764444" lon="10.663654">
        <ele>16.333080</ele>
        <time>2026-07-22T12:21:41.351Z</time>
      </trkpt>
      <trkpt lat="53.764603" lon="10.663797">
        <ele>16.536973</ele>
        <time>2026-07-22T12:21:44.271Z</time>
      </trkpt>
      <trkpt lat="53.764726" lon="10.663957">
        <ele>16.785307</ele>
        <time>2026-07-22T12:21:46.982Z</time>
      </trkpt>
      <trkpt lat="53.764875" lon="10.664215">
        <ele>17.008289</ele>
        <time>2026-07-22T12:21:50.577Z</time>
      </trkpt>
      <trkpt lat="53.765143" lon="10.664969">
        <ele>16.427790</ele>
        <time>2026-07-22T12:21:55.406Z</time>
      </trkpt>
      <trkpt lat="53.765246" lon="10.665275">
        <ele>16.337351</ele>
        <time>2026-07-22T12:21:57.499Z</time>
      </trkpt>
      <trkpt lat="53.765429" lon="10.665788">
        <ele>17.018038</ele>
        <time>2026-07-22T12:22:04.355Z</time>
      </trkpt>
      <trkpt lat="53.765507" lon="10.665913">
        <ele>17.216527</ele>
        <time>2026-07-22T12:22:06.582Z</time>
      </trkpt>
      <trkpt lat="53.765622" lon="10.665989">
        <ele>17.377835</ele>
        <time>2026-07-22T12:22:08.528Z</time>
      </trkpt>
      <trkpt lat="53.765603" lon="10.666213">
        <ele>17.366910</ele>
        <time>2026-07-22T12:22:09.936Z</time>
      </trkpt>
      <trkpt lat="53.765695" lon="10.666225">
        <ele>17.285711</ele>
        <time>2026-07-22T12:22:10.826Z</time>
      </trkpt>
      <trkpt lat="53.765825" lon="10.666035">
        <ele>17.105908</ele>
        <time>2026-07-22T12:22:12.435Z</time>
      </trkpt>
      <trkpt lat="53.766647" lon="10.665228">
        <ele>16.131416</ele>
        <time>2026-07-22T12:22:21.759Z</time>
      </trkpt>
      <trkpt lat="53.769273" lon="10.662635">
        <ele>14.997331</ele>
        <time>2026-07-22T12:22:54.751Z</time>
      </trkpt>
      <trkpt lat="53.769493" lon="10.662481">
        <ele>14.930844</ele>
        <time>2026-07-22T12:22:57.360Z</time>
      </trkpt>
      <trkpt lat="53.770241" lon="10.661806">
        <ele>14.917198</ele>
        <time>2026-07-22T12:23:07.392Z</time>
      </trkpt>
      <trkpt lat="53.771617" lon="10.660658">
        <ele>15.518894</ele>
        <time>2026-07-22T12:23:27.576Z</time>
      </trkpt>
      <trkpt lat="53.771794" lon="10.660490">
        <ele>15.688210</ele>
        <time>2026-07-22T12:23:30.527Z</time>
      </trkpt>
      <trkpt lat="53.772140" lon="10.659953">
        <ele>16.009007</ele>
        <time>2026-07-22T12:23:37.272Z</time>
      </trkpt>
      <trkpt lat="53.772453" lon="10.659196">
        <ele>16.450718</ele>
        <time>2026-07-22T12:23:45.098Z</time>
      </trkpt>
      <trkpt lat="53.772540" lon="10.659138">
        <ele>16.483548</ele>
        <time>2026-07-22T12:23:46.285Z</time>
      </trkpt>
      <trkpt lat="53.772973" lon="10.657853">
        <ele>16.505785</ele>
        <time>2026-07-22T12:23:56.680Z</time>
      </trkpt>
      <trkpt lat="53.773473" lon="10.656610">
        <ele>16.563659</ele>
        <time>2026-07-22T12:24:07.681Z</time>
      </trkpt>
      <trkpt lat="53.774773" lon="10.654169">
        <ele>15.636275</ele>
        <time>2026-07-22T12:24:27.942Z</time>
      </trkpt>
      <trkpt lat="53.774803" lon="10.654048">
        <ele>15.742772</ele>
        <time>2026-07-22T12:24:29.447Z</time>
      </trkpt>
      <trkpt lat="53.774845" lon="10.653907">
        <ele>15.869951</ele>
        <time>2026-07-22T12:24:31.385Z</time>
      </trkpt>
      <trkpt lat="53.774891" lon="10.653493">
        <ele>16.123095</ele>
        <time>2026-07-22T12:24:35.118Z</time>
      </trkpt>
      <trkpt lat="53.775814" lon="10.650996">
        <ele>15.322079</ele>
        <time>2026-07-22T12:24:53.524Z</time>
      </trkpt>
      <trkpt lat="53.776685" lon="10.648646">
        <ele>15.334204</ele>
        <time>2026-07-22T12:25:13.355Z</time>
      </trkpt>
      <trkpt lat="53.777161" lon="10.647342">
        <ele>14.251355</ele>
        <time>2026-07-22T12:25:21.849Z</time>
      </trkpt>
      <trkpt lat="53.777218" lon="10.647131">
        <ele>14.209354</ele>
        <time>2026-07-22T12:25:23.279Z</time>
      </trkpt>
      <trkpt lat="53.777549" lon="10.645910">
        <ele>15.446868</ele>
        <time>2026-07-22T12:25:36.826Z</time>
      </trkpt>
      <trkpt lat="53.777640" lon="10.645698">
        <ele>15.785465</ele>
        <time>2026-07-22T12:25:39.963Z</time>
      </trkpt>
      <trkpt lat="53.777724" lon="10.645527">
        <ele>15.972439</ele>
        <time>2026-07-22T12:25:42.273Z</time>
      </trkpt>
      <trkpt lat="53.777899" lon="10.645273">
        <ele>16.098847</ele>
        <time>2026-07-22T12:25:46.069Z</time>
      </trkpt>
      <trkpt lat="53.777954" lon="10.645194">
        <ele>16.099865</ele>
        <time>2026-07-22T12:25:47.314Z</time>
      </trkpt>
      <trkpt lat="53.778311" lon="10.644711">
        <ele>16.101170</ele>
        <time>2026-07-22T12:25:52.729Z</time>
      </trkpt>
      <trkpt lat="53.778383" lon="10.644612">
        <ele>16.192162</ele>
        <time>2026-07-22T12:25:53.859Z</time>
      </trkpt>
      <trkpt lat="53.779157" lon="10.643584">
        <ele>17.149125</ele>
        <time>2026-07-22T12:26:08.965Z</time>
      </trkpt>
      <trkpt lat="53.779174" lon="10.643673">
        <ele>17.189277</ele>
        <time>2026-07-22T12:26:09.759Z</time>
      </trkpt>
      <trkpt lat="53.779237" lon="10.644013">
        <ele>17.154837</ele>
        <time>2026-07-22T12:26:12.324Z</time>
      </trkpt>
      <trkpt lat="53.779408" lon="10.645283">
        <ele>16.107611</ele>
        <time>2026-07-22T12:26:19.419Z</time>
      </trkpt>
      <trkpt lat="53.779480" lon="10.645794">
        <ele>15.759817</ele>
        <time>2026-07-22T12:26:23.635Z</time>
      </trkpt>
      <trkpt lat="53.779592" lon="10.646527">
        <ele>15.684910</ele>
        <time>2026-07-22T12:26:30.773Z</time>
      </trkpt>
      <trkpt lat="53.779854" lon="10.648592">
        <ele>15.293607</ele>
        <time>2026-07-22T12:26:49.842Z</time>
      </trkpt>
      <trkpt lat="53.779910" lon="10.648957">
        <ele>15.203889</ele>
        <time>2026-07-22T12:26:53.190Z</time>
      </trkpt>
      <trkpt lat="53.780020" lon="10.649373">
        <ele>15.084505</ele>
        <time>2026-07-22T12:26:57.209Z</time>
      </trkpt>
      <trkpt lat="53.780113" lon="10.649629">
        <ele>14.909331</ele>
        <time>2026-07-22T12:26:59.825Z</time>
      </trkpt>
      <trkpt lat="53.780298" lon="10.650100">
        <ele>14.230621</ele>
        <time>2026-07-22T12:27:03.919Z</time>
      </trkpt>
      <trkpt lat="53.780355" lon="10.650230">
        <ele>14.093671</ele>
        <time>2026-07-22T12:27:05.167Z</time>
      </trkpt>
      <trkpt lat="53.780575" lon="10.650748">
        <ele>14.015030</ele>
        <time>2026-07-22T12:27:11.042Z</time>
      </trkpt>
      <trkpt lat="53.780736" lon="10.651086">
        <ele>14.112009</ele>
        <time>2026-07-22T12:27:15.492Z</time>
      </trkpt>
      <trkpt lat="53.781138" lon="10.652164">
        <ele>14.676503</ele>
        <time>2026-07-22T12:27:26.420Z</time>
      </trkpt>
      <trkpt lat="53.781411" lon="10.653181">
        <ele>14.965666</ele>
        <time>2026-07-22T12:27:35.211Z</time>
      </trkpt>
      <trkpt lat="53.782476" lon="10.657689">
        <ele>14.903740</ele>
        <time>2026-07-22T12:28:08.967Z</time>
      </trkpt>
      <trkpt lat="53.782515" lon="10.657855">
        <ele>14.923720</ele>
        <time>2026-07-22T12:28:10.345Z</time>
      </trkpt>
      <trkpt lat="53.783832" lon="10.663588">
        <ele>16.332015</ele>
        <time>2026-07-22T12:28:58.111Z</time>
      </trkpt>
      <trkpt lat="53.784571" lon="10.666821">
        <ele>14.516149</ele>
        <time>2026-07-22T12:29:18.301Z</time>
      </trkpt>
      <trkpt lat="53.785368" lon="10.669186">
        <ele>13.593735</ele>
        <time>2026-07-22T12:29:35.247Z</time>
      </trkpt>
      <trkpt lat="53.786074" lon="10.671587">
        <ele>12.448227</ele>
        <time>2026-07-22T12:29:51.298Z</time>
      </trkpt>
      <trkpt lat="53.786245" lon="10.672253">
        <ele>12.813357</ele>
        <time>2026-07-22T12:29:57.785Z</time>
      </trkpt>
      <trkpt lat="53.786329" lon="10.672883">
        <ele>13.228847</ele>
        <time>2026-07-22T12:30:03.728Z</time>
      </trkpt>
      <trkpt lat="53.786350" lon="10.673237">
        <ele>13.186691</ele>
        <time>2026-07-22T12:30:06.361Z</time>
      </trkpt>
      <trkpt lat="53.786306" lon="10.674580">
        <ele>11.670101</ele>
        <time>2026-07-22T12:30:13.334Z</time>
      </trkpt>
      <trkpt lat="53.786302" lon="10.674695">
        <ele>11.607004</ele>
        <time>2026-07-22T12:30:13.845Z</time>
      </trkpt>
      <trkpt lat="53.786337" lon="10.674704">
        <ele>11.574184</ele>
        <time>2026-07-22T12:30:14.414Z</time>
      </trkpt>
      <trkpt lat="53.786387" lon="10.673379">
        <ele>13.218230</ele>
        <time>2026-07-22T12:30:30.513Z</time>
      </trkpt>
      <trkpt lat="53.786344" lon="10.672708">
        <ele>13.273966</ele>
        <time>2026-07-22T12:30:35.043Z</time>
      </trkpt>
      <trkpt lat="53.786306" lon="10.672430">
        <ele>13.261981</ele>
        <time>2026-07-22T12:30:36.805Z</time>
      </trkpt>
      <trkpt lat="53.786344" lon="10.672708">
        <ele>13.270312</ele>
        <time>2026-07-22T12:30:39.110Z</time>
      </trkpt>
      <trkpt lat="53.786387" lon="10.673379">
        <ele>13.193507</ele>
        <time>2026-07-22T12:30:44.064Z</time>
      </trkpt>
      <trkpt lat="53.786337" lon="10.674704">
        <ele>11.357365</ele>
        <time>2026-07-22T12:30:50.504Z</time>
      </trkpt>
      <trkpt lat="53.786338" lon="10.674792">
        <ele>11.351293</ele>
        <time>2026-07-22T12:30:51.318Z</time>
      </trkpt>
      <trkpt lat="53.786347" lon="10.675043">
        <ele>11.804311</ele>
        <time>2026-07-22T12:30:55.269Z</time>
      </trkpt>
      <trkpt lat="53.786420" lon="10.675398">
        <ele>12.742400</ele>
        <time>2026-07-22T12:31:01.352Z</time>
      </trkpt>
      <trkpt lat="53.786543" lon="10.675728">
        <ele>13.502489</ele>
        <time>2026-07-22T12:31:06.682Z</time>
      </trkpt>
      <trkpt lat="53.786692" lon="10.676027">
        <ele>13.981497</ele>
        <time>2026-07-22T12:31:10.580Z</time>
      </trkpt>
      <trkpt lat="53.786829" lon="10.676304">
        <ele>14.221638</ele>
        <time>2026-07-22T12:31:14.082Z</time>
      </trkpt>
      <trkpt lat="53.787102" lon="10.676756">
        <ele>14.321729</ele>
        <time>2026-07-22T12:31:18.463Z</time>
      </trkpt>
      <trkpt lat="53.787398" lon="10.677127">
        <ele>14.491007</ele>
        <time>2026-07-22T12:31:23.708Z</time>
      </trkpt>
      <trkpt lat="53.787650" lon="10.677372">
        <ele>14.572056</ele>
        <time>2026-07-22T12:31:27.445Z</time>
      </trkpt>
      <trkpt lat="53.787691" lon="10.677411">
        <ele>14.544009</ele>
        <time>2026-07-22T12:31:27.963Z</time>
      </trkpt>
      <trkpt lat="53.788064" lon="10.677750">
        <ele>14.149152</ele>
        <time>2026-07-22T12:31:32.177Z</time>
      </trkpt>
      <trkpt lat="53.788361" lon="10.677968">
        <ele>13.559054</ele>
        <time>2026-07-22T12:31:34.987Z</time>
      </trkpt>
      <trkpt lat="53.788623" lon="10.678129">
        <ele>13.243838</ele>
        <time>2026-07-22T12:31:37.583Z</time>
      </trkpt>
      <trkpt lat="53.788819" lon="10.678184">
        <ele>13.196533</ele>
        <time>2026-07-22T12:31:40.003Z</time>
      </trkpt>
      <trkpt lat="53.788923" lon="10.678167">
        <ele>13.152044</ele>
        <time>2026-07-22T12:31:41.262Z</time>
      </trkpt>
      <trkpt lat="53.789598" lon="10.677755">
        <ele>12.560060</ele>
        <time>2026-07-22T12:31:48.360Z</time>
      </trkpt>
      <trkpt lat="53.789655" lon="10.677720">
        <ele>12.541715</ele>
        <time>2026-07-22T12:31:49.002Z</time>
      </trkpt>
      <trkpt lat="53.790072" lon="10.677521">
        <ele>12.651964</ele>
        <time>2026-07-22T12:31:54.629Z</time>
      </trkpt>
      <trkpt lat="53.790326" lon="10.677567">
        <ele>12.911455</ele>
        <time>2026-07-22T12:31:58.352Z</time>
      </trkpt>
      <trkpt lat="53.790871" lon="10.677851">
        <ele>13.698224</ele>
        <time>2026-07-22T12:32:07.739Z</time>
      </trkpt>
      <trkpt lat="53.791235" lon="10.677917">
        <ele>14.155787</ele>
        <time>2026-07-22T12:32:13.784Z</time>
      </trkpt>
      <trkpt lat="53.793864" lon="10.677803">
        <ele>14.680845</ele>
        <time>2026-07-22T12:32:46.396Z</time>
      </trkpt>
      <trkpt lat="53.795113" lon="10.677404">
        <ele>14.493447</ele>
        <time>2026-07-22T12:33:01.039Z</time>
      </trkpt>
      <trkpt lat="53.795437" lon="10.677258">
        <ele>14.418471</ele>
        <time>2026-07-22T12:33:04.842Z</time>
      </trkpt>
      <trkpt lat="53.796608" lon="10.676516">
        <ele>14.494951</ele>
        <time>2026-07-22T12:33:19.952Z</time>
      </trkpt>
      <trkpt lat="53.797339" lon="10.675848">
        <ele>14.445364</ele>
        <time>2026-07-22T12:33:29.720Z</time>
      </trkpt>
      <trkpt lat="53.798182" lon="10.675024">
        <ele>12.784139</ele>
        <time>2026-07-22T12:33:38.359Z</time>
      </trkpt>
      <trkpt lat="53.798711" lon="10.674567">
        <ele>12.495471</ele>
        <time>2026-07-22T12:33:44.782Z</time>
      </trkpt>
      <trkpt lat="53.799146" lon="10.674420">
        <ele>13.532682</ele>
        <time>2026-07-22T12:33:53.367Z</time>
      </trkpt>
      <trkpt lat="53.799408" lon="10.674412">
        <ele>14.203590</ele>
        <time>2026-07-22T12:33:59.523Z</time>
      </trkpt>
      <trkpt lat="53.799746" lon="10.674490">
        <ele>13.689296</ele>
        <time>2026-07-22T12:34:02.514Z</time>
      </trkpt>
      <trkpt lat="53.800120" lon="10.674731">
        <ele>12.867222</ele>
        <time>2026-07-22T12:34:05.917Z</time>
      </trkpt>
      <trkpt lat="53.800381" lon="10.674970">
        <ele>12.515681</ele>
        <time>2026-07-22T12:34:08.908Z</time>
      </trkpt>
      <trkpt lat="53.800876" lon="10.675463">
        <ele>12.184605</ele>
        <time>2026-07-22T12:34:14.718Z</time>
      </trkpt>
      <trkpt lat="53.801425" lon="10.675995">
        <ele>12.586817</ele>
        <time>2026-07-22T12:34:24.009Z</time>
      </trkpt>
      <trkpt lat="53.801603" lon="10.676127">
        <ele>12.654684</ele>
        <time>2026-07-22T12:34:26.321Z</time>
      </trkpt>
      <trkpt lat="53.802399" lon="10.676551">
        <ele>12.057237</ele>
        <time>2026-07-22T12:34:34.746Z</time>
      </trkpt>
      <trkpt lat="53.803173" lon="10.676939">
        <ele>12.188212</ele>
        <time>2026-07-22T12:34:44.959Z</time>
      </trkpt>
      <trkpt lat="53.803401" lon="10.677086">
        <ele>12.186542</ele>
        <time>2026-07-22T12:34:47.913Z</time>
      </trkpt>
      <trkpt lat="53.804747" lon="10.678667">
        <ele>11.895383</ele>
        <time>2026-07-22T12:35:06.519Z</time>
      </trkpt>
      <trkpt lat="53.806645" lon="10.680668">
        <ele>11.372396</ele>
        <time>2026-07-22T12:35:31.325Z</time>
      </trkpt>
      <trkpt lat="53.807982" lon="10.681995">
        <ele>12.825715</ele>
        <time>2026-07-22T12:35:54.815Z</time>
      </trkpt>
      <trkpt lat="53.808053" lon="10.682054">
        <ele>12.849674</ele>
        <time>2026-07-22T12:35:55.739Z</time>
      </trkpt>
      <trkpt lat="53.808853" lon="10.682706">
        <ele>12.266574</ele>
        <time>2026-07-22T12:36:04.860Z</time>
      </trkpt>
      <trkpt lat="53.809201" lon="10.682873">
        <ele>11.831840</ele>
        <time>2026-07-22T12:36:08.227Z</time>
      </trkpt>
      <trkpt lat="53.809220" lon="10.682882">
        <ele>11.811658</ele>
        <time>2026-07-22T12:36:08.406Z</time>
      </trkpt>
      <trkpt lat="53.809392" lon="10.683015">
        <ele>11.757541</ele>
        <time>2026-07-22T12:36:10.251Z</time>
      </trkpt>
      <trkpt lat="53.809549" lon="10.682723">
        <ele>12.002798</ele>
        <time>2026-07-22T12:36:14.749Z</time>
      </trkpt>
      <trkpt lat="53.809815" lon="10.682269">
        <ele>12.244686</ele>
        <time>2026-07-22T12:36:19.376Z</time>
      </trkpt>
      <trkpt lat="53.810231" lon="10.681821">
        <ele>13.008766</ele>
        <time>2026-07-22T12:36:28.279Z</time>
      </trkpt>
      <trkpt lat="53.810600" lon="10.681548">
        <ele>12.978286</ele>
        <time>2026-07-22T12:36:32.751Z</time>
      </trkpt>
      <trkpt lat="53.811194" lon="10.681393">
        <ele>12.455351</ele>
        <time>2026-07-22T12:36:38.605Z</time>
      </trkpt>
      <trkpt lat="53.811312" lon="10.681327">
        <ele>12.409681</ele>
        <time>2026-07-22T12:36:40.231Z</time>
      </trkpt>
      <trkpt lat="53.811483" lon="10.681201">
        <ele>12.388053</ele>
        <time>2026-07-22T12:36:42.668Z</time>
      </trkpt>
      <trkpt lat="53.813637" lon="10.679262">
        <ele>5.678313</ele>
        <time>2026-07-22T12:37:02.880Z</time>
      </trkpt>
      <trkpt lat="53.813694" lon="10.679212">
        <ele>5.650338</ele>
        <time>2026-07-22T12:37:03.481Z</time>
      </trkpt>
      <trkpt lat="53.813918" lon="10.678972">
        <ele>6.065620</ele>
        <time>2026-07-22T12:37:07.666Z</time>
      </trkpt>
      <trkpt lat="53.814136" lon="10.678616">
        <ele>7.316056</ele>
        <time>2026-07-22T12:37:16.001Z</time>
      </trkpt>
      <trkpt lat="53.814251" lon="10.678377">
        <ele>8.121254</ele>
        <time>2026-07-22T12:37:20.753Z</time>
      </trkpt>
      <trkpt lat="53.814651" lon="10.677329">
        <ele>10.585030</ele>
        <time>2026-07-22T12:37:37.871Z</time>
      </trkpt>
      <trkpt lat="53.814750" lon="10.677128">
        <ele>10.513184</ele>
        <time>2026-07-22T12:37:39.355Z</time>
      </trkpt>
      <trkpt lat="53.814880" lon="10.676958">
        <ele>10.216245</ele>
        <time>2026-07-22T12:37:40.771Z</time>
      </trkpt>
      <trkpt lat="53.815478" lon="10.676313">
        <ele>8.768599</ele>
        <time>2026-07-22T12:37:46.947Z</time>
      </trkpt>
      <trkpt lat="53.815535" lon="10.676156">
        <ele>8.626255</ele>
        <time>2026-07-22T12:37:48.005Z</time>
      </trkpt>
      <trkpt lat="53.815589" lon="10.675911">
        <ele>8.551492</ele>
        <time>2026-07-22T12:37:49.507Z</time>
      </trkpt>
      <trkpt lat="53.815849" lon="10.674576">
        <ele>8.734981</ele>
        <time>2026-07-22T12:37:59.960Z</time>
      </trkpt>
      <trkpt lat="53.815999" lon="10.674138">
        <ele>8.926612</ele>
        <time>2026-07-22T12:38:04.451Z</time>
      </trkpt>
      <trkpt lat="53.816075" lon="10.674019">
        <ele>8.964126</ele>
        <time>2026-07-22T12:38:05.680Z</time>
      </trkpt>
      <trkpt lat="53.816728" lon="10.673385">
        <ele>8.098290</ele>
        <time>2026-07-22T12:38:12.874Z</time>
      </trkpt>
      <trkpt lat="53.817183" lon="10.673070">
        <ele>7.543151</ele>
        <time>2026-07-22T12:38:17.562Z</time>
      </trkpt>
      <trkpt lat="53.817400" lon="10.672979">
        <ele>7.487963</ele>
        <time>2026-07-22T12:38:20.038Z</time>
      </trkpt>
      <trkpt lat="53.818376" lon="10.672877">
        <ele>8.472514</ele>
        <time>2026-07-22T12:38:35.113Z</time>
      </trkpt>
      <trkpt lat="53.819156" lon="10.672684">
        <ele>8.818206</ele>
        <time>2026-07-22T12:38:45.379Z</time>
      </trkpt>
      <trkpt lat="53.819623" lon="10.672530">
        <ele>9.113892</ele>
        <time>2026-07-22T12:38:51.931Z</time>
      </trkpt>
      <trkpt lat="53.820191" lon="10.672459">
        <ele>9.580446</ele>
        <time>2026-07-22T12:39:00.274Z</time>
      </trkpt>
      <trkpt lat="53.820864" lon="10.672147">
        <ele>9.788371</ele>
        <time>2026-07-22T12:39:09.177Z</time>
      </trkpt>
      <trkpt lat="53.821332" lon="10.671990">
        <ele>9.812426</ele>
        <time>2026-07-22T12:39:14.953Z</time>
      </trkpt>
      <trkpt lat="53.821691" lon="10.671716">
        <ele>9.892384</ele>
        <time>2026-07-22T12:39:19.851Z</time>
      </trkpt>
      <trkpt lat="53.821859" lon="10.671647">
        <ele>9.900731</ele>
        <time>2026-07-22T12:39:22.053Z</time>
      </trkpt>
      <trkpt lat="53.823743" lon="10.671890">
        <ele>9.971773</ele>
        <time>2026-07-22T12:39:44.841Z</time>
      </trkpt>
      <trkpt lat="53.824243" lon="10.672055">
        <ele>9.629904</ele>
        <time>2026-07-22T12:39:50.001Z</time>
      </trkpt>
      <trkpt lat="53.824493" lon="10.672235">
        <ele>9.186117</ele>
        <time>2026-07-22T12:39:52.431Z</time>
      </trkpt>
      <trkpt lat="53.824887" lon="10.672682">
        <ele>8.247172</ele>
        <time>2026-07-22T12:39:56.617Z</time>
      </trkpt>
      <trkpt lat="53.825288" lon="10.673348">
        <ele>7.681320</ele>
        <time>2026-07-22T12:40:02.028Z</time>
      </trkpt>
      <trkpt lat="53.825581" lon="10.673648">
        <ele>7.859677</ele>
        <time>2026-07-22T12:40:06.749Z</time>
      </trkpt>
      <trkpt lat="53.825682" lon="10.673710">
        <ele>8.066300</ele>
        <time>2026-07-22T12:40:08.616Z</time>
      </trkpt>
      <trkpt lat="53.825792" lon="10.673746">
        <ele>8.361683</ele>
        <time>2026-07-22T12:40:10.892Z</time>
      </trkpt>
      <trkpt lat="53.825981" lon="10.673725">
        <ele>9.075413</ele>
        <time>2026-07-22T12:40:15.309Z</time>
      </trkpt>
      <trkpt lat="53.826918" lon="10.673164">
        <ele>13.941815</ele>
        <time>2026-07-22T12:40:43.115Z</time>
      </trkpt>
      <trkpt lat="53.827042" lon="10.673161">
        <ele>14.357723</ele>
        <time>2026-07-22T12:40:46.081Z</time>
      </trkpt>
      <trkpt lat="53.827270" lon="10.673297">
        <ele>15.014697</ele>
        <time>2026-07-22T12:40:50.907Z</time>
      </trkpt>
      <trkpt lat="53.827448" lon="10.673566">
        <ele>15.335454</ele>
        <time>2026-07-22T12:40:54.698Z</time>
      </trkpt>
      <trkpt lat="53.827494" lon="10.673699">
        <ele>15.386170</ele>
        <time>2026-07-22T12:40:55.910Z</time>
      </trkpt>
      <trkpt lat="53.827683" lon="10.674673">
        <ele>15.290414</ele>
        <time>2026-07-22T12:41:02.804Z</time>
      </trkpt>
      <trkpt lat="53.827788" lon="10.675067">
        <ele>15.198121</ele>
        <time>2026-07-22T12:41:05.583Z</time>
      </trkpt>
      <trkpt lat="53.827936" lon="10.675350">
        <ele>15.147085</ele>
        <time>2026-07-22T12:41:07.985Z</time>
      </trkpt>
      <trkpt lat="53.828109" lon="10.675507">
        <ele>15.305605</ele>
        <time>2026-07-22T12:41:10.755Z</time>
      </trkpt>
      <trkpt lat="53.828299" lon="10.675599">
        <ele>15.444576</ele>
        <time>2026-07-22T12:41:13.891Z</time>
      </trkpt>
      <trkpt lat="53.829363" lon="10.675924">
        <ele>15.385647</ele>
        <time>2026-07-22T12:41:26.341Z</time>
      </trkpt>
      <trkpt lat="53.830777" lon="10.676357">
        <ele>14.896303</ele>
        <time>2026-07-22T12:41:42.157Z</time>
      </trkpt>
      <trkpt lat="53.830998" lon="10.676394">
        <ele>14.809519</ele>
        <time>2026-07-22T12:41:44.463Z</time>
      </trkpt>
      <trkpt lat="53.832058" lon="10.676289">
        <ele>14.532192</ele>
        <time>2026-07-22T12:41:56.489Z</time>
      </trkpt>
      <trkpt lat="53.832405" lon="10.676267">
        <ele>14.162459</ele>
        <time>2026-07-22T12:41:59.700Z</time>
      </trkpt>
      <trkpt lat="53.834006" lon="10.676575">
        <ele>13.861551</ele>
        <time>2026-07-22T12:42:18.187Z</time>
      </trkpt>
      <trkpt lat="53.834729" lon="10.676710">
        <ele>13.376478</ele>
        <time>2026-07-22T12:42:25.618Z</time>
      </trkpt>
      <trkpt lat="53.836788" lon="10.677094">
        <ele>11.166397</ele>
        <time>2026-07-22T12:42:45.638Z</time>
      </trkpt>
      <trkpt lat="53.836849" lon="10.677122">
        <ele>11.138183</ele>
        <time>2026-07-22T12:42:46.377Z</time>
      </trkpt>
      <trkpt lat="53.837243" lon="10.677476">
        <ele>11.549014</ele>
        <time>2026-07-22T12:42:52.946Z</time>
      </trkpt>
      <trkpt lat="53.837760" lon="10.678047">
        <ele>12.876265</ele>
        <time>2026-07-22T12:43:05.080Z</time>
      </trkpt>
      <trkpt lat="53.838034" lon="10.678355">
        <ele>12.914337</ele>
        <time>2026-07-22T12:43:08.662Z</time>
      </trkpt>
      <trkpt lat="53.838309" lon="10.678573">
        <ele>12.904610</ele>
        <time>2026-07-22T12:43:12.338Z</time>
      </trkpt>
      <trkpt lat="53.839440" lon="10.679188">
        <ele>12.983364</ele>
        <time>2026-07-22T12:43:26.675Z</time>
      </trkpt>
    </trkseg>
  </trk>
</gpx>